<author lang="es">
	<documents>
		<document><![CDATA[To resd! #URL#]]></document>
		<document><![CDATA[El poema de Frida Kahlo que todas las mujeres deberían de leer #URL#]]></document>
		<document><![CDATA[El cáncer llegando a su fin. Científica de Uruguay descubre modo de frenar la metástasis de modo natural #URL#]]></document>
		<document><![CDATA[El final del secreto bancario en Andorra dispara las regularizaciones #URL#]]></document>
		<document><![CDATA[China: "América Latina no pertenece a ningún país y no es el patio trasero de nadie" #URL#]]></document>
		<document><![CDATA[Obama expulsó a 2 millones de mexicanos en su mandato #URL#]]></document>
		<document><![CDATA[IU-MpG exige acabar con el turismo de bajo coste #URL#]]></document>
		<document><![CDATA[Adiós implantes dentales: ¡Haz crecer a tus dientes en tan solo 9 semanas! #URL#]]></document>
		<document><![CDATA[10 cosas normales en España que son muy raras para los extranjeros - RT #URL#]]></document>
		<document><![CDATA[PERTURBADORAS IMÁGENES: Una destructiva droga deja a los que la prueban como muertos vivientes #URL#]]></document>
		<document><![CDATA[Nobel de la Paz: "Venezuela es blanco de agresiones del imperio norteamericano" #URL#]]></document>
		<document><![CDATA[Estudios confirman que los maridos estresan a las mujeres el doble que los hijos. #URL#]]></document>
		<document><![CDATA["El porro no hace nada (y yo me la creí)": la carta que es furor en las redes #URL#]]></document>
		<document><![CDATA[Profecías de los Gaddafi: "Libia se convertirá en otro Afganistán y los terroristas llenarán Europa" #URL#]]></document>
		<document><![CDATA[El Gobierno venezolano da 72 horas al personal diplomático estadounidense para abandonar el territorio #URL#]]></document>
		<document><![CDATA["La marihuana no hace nada y yo me la creí" La carta que todos los jóvenes deben leer. - #URL#]]></document>
		<document><![CDATA[La Fuerza Aérea rusa elimina a más de 200 terroristas del EI en dirección a Deir ez Zor #URL#]]></document>
		<document><![CDATA[Portugal multará con 250 euros por tirar colillas al suelo #URL#]]></document>
		<document><![CDATA[Vergüenza o la derrota de Rajoy, en la prensa internacional #URL#]]></document>
		<document><![CDATA[¡Adiós Quimioterapia! Españoles Desarrollan Generador Que Destruye Tumores ¡COMPÁRTELO! | Guía... #URL#]]></document>
		<document><![CDATA[Familia surfera que cree que viajar por el mundo es la mejor educación para sus hijos. #URL#]]></document>
		<document><![CDATA[Chicfy, la empresa malagueña que empezó con sólo 5.000 euros #URL#]]></document>
		<document><![CDATA[El juez de Menores de Granada pide "que vuelva la mili para ellos y ellas y para los ninis dos años" - 20minutos.es #URL#]]></document>
		<document><![CDATA['The Washington Times': Alguien en EE.UU. trabaja para que la Casa Blanca declare la guerra a Rusia #URL#]]></document>
		<document><![CDATA[Primeras Jornadas nacionales sobre retinoblastoma en La Paz #URL#]]></document>
		<document><![CDATA[Homeopatía oficialmente reconocida por el Gobierno Suizo como medicina legítima para coexistir con la medicina... #URL#]]></document>
		<document><![CDATA["Basta de alimentar a EE.UU.": político austriaco pide acabar con la dependencia militar de la OTAN #URL#]]></document>
		<document><![CDATA[Un truco brillante está dando la vuelta al monopolio eléctrico #URL#]]></document>
		<document><![CDATA[La Tierra ha alcanzado hoy niveles de CO2 nunca vistos en varios millones de años #URL#]]></document>
		<document><![CDATA[Las 10 ciudades con mayor poder adquisitivo de España en 2017 #URL#]]></document>
		<document><![CDATA[Una comunidad de vecinos que se autoabastece de electricidad en Málaga #URL#]]></document>
		<document><![CDATA[Las farmacéuticas: Así se inventan enfermedades para obtener ganancias astronómicas #URL#]]></document>
		<document><![CDATA[18 Usos Increibles del Aloe Vera que te Dejaran con la Boca Abierta. De ahora en mas no volverás... #URL#]]></document>
		<document><![CDATA[La Unesco declaró al yoga Patrimonio de la Humanidad #URL#]]></document>
		<document><![CDATA[Carrete y Luisa Chicano en obioba #URL#]]></document>
		<document><![CDATA['Le Monde' destaca en un artículo la oferta cultural de la ciudad de Málaga #URL#]]></document>
		<document><![CDATA[El Gobierno de Zapatero intentó establecer un registro de imanes y el PP lo rechazó #URL#]]></document>
		<document><![CDATA[El Gobierno, obligado a pedir un crédito urgente de 10.000 millones para pagar a los pensionistas #URL#]]></document>
		<document><![CDATA[Me parecio muuuuy interesante! Que lo lean solo los que realmente se preguntan , porque estan tan deseosos de... #URL#]]></document>
		<document><![CDATA["La verdadera razón por la que existe ese odio a Rusia" #URL#]]></document>
		<document><![CDATA[La “Trampa” que está haciendo que pagues más en el recibo de la luz ¡COMPÁRTELO! #URL#]]></document>
		<document><![CDATA[No Más Pildorás Contra El Colesterol Malo O La Alta Presion, Prueba Esto Durante 7 Días... #URL#]]></document>
		<document><![CDATA[EN VIVO: Los 'chalecos amarillos' toman las calles de París en su 16ª semana de protesta #URL#]]></document>
		<document><![CDATA[Científicos piden que se suspenda el uso de transgénicos en todo el Mundo - Ecocosas #URL#]]></document>
		<document><![CDATA[¿Por qué se disolvió la Gran Colombia? #URL#]]></document>
		<document><![CDATA[Starlite se plantea abandonar Marbella ante la falta de apoyo del Ayuntamiento #URL#]]></document>
		<document><![CDATA[La revista Forbes advierte que Argentina está "a un paso del colapso económico" #URL#]]></document>
		<document><![CDATA[La revolución de las huertas urbanas. Comida gratis y saludable para todos. #URL#]]></document>
		<document><![CDATA[Casa de empleada doméstica gana premio internacional de arquitectura #URL#]]></document>
		<document><![CDATA[20 Medicamentos Que Causan Pérdida De La Memoria #URL#]]></document>
		<document><![CDATA[Alcohol y cáncer: así es como la industria oculta el peligroso vínculo entre ambos #URL#]]></document>
		<document><![CDATA[5 Razones por las que no hay que ignorar las canas prematuras #URL#]]></document>
		<document><![CDATA[Jugo para limpiar el hígado naturalmente. Ideal como postre o como merienda. #URL#]]></document>
		<document><![CDATA[La neurociencia descubre por qué no conseguimos nuestros objetivos financieros #URL#]]></document>
		<document><![CDATA[ELIMINA las MANCHAS de tu CARA para siempre en tan solo 3 NOCHES!!! #URL#]]></document>
		<document><![CDATA[Se extiende por Galicia el reto viral de limpiar basura #URL#]]></document>
		<document><![CDATA[Columna | No llores por Barcelona #URL#]]></document>
		<document><![CDATA[Todos los países votan en la ONU contra el bloqueo de Cuba, excepto 2 #URL#]]></document>
		<document><![CDATA[El ‘Cohousing’: la revolución ‘viejenial’ contra la soledad #URL#]]></document>
		<document><![CDATA[Hungría quema todos los cultivos transgénicos de Monsanto #URL#]]></document>
		<document><![CDATA[Así es la desigualdad en Latinoamérica: hasta 18 años menos de esperanza de vida #URL#]]></document>
		<document><![CDATA[En Escocia los médicos recetan viajes y naturaleza para sanar pacientes #URL#]]></document>
		<document><![CDATA[Dos imputados del PP por el caso Cursach asistían a bacanales de sexo y cocaína - 20minutos.es #URL#]]></document>
		<document><![CDATA[El experimento viral que te quitará las ganas de fumar para siempre #URL#]]></document>
		<document><![CDATA[VIDEO: Ridiculizan a un presentador que 'lucha por su vida' cubriendo el huracán Florence en vivo #URL#]]></document>
		<document><![CDATA[Feliz cumple Cris! Pasalo divino y divertido! #URL#]]></document>
		<document><![CDATA[Desde hoy los Hospitales permiten que las mascotas visiten a sus dueños ¡COMPÁRTELO! | #URL# #URL#]]></document>
		<document><![CDATA[No lograban tener hijos y deciden adoptar. Pero al ver con quién está el niño al que van a adoptar, cambian de... #URL#]]></document>
		<document><![CDATA[El Papa Francisco toma una polémica decisión que desata la ira de algunos dentro del vaticano… #URL#]]></document>
		<document><![CDATA[La deuda 'astronómica' de EE.UU.: ¿Cuánto y a quién debe? #URL#]]></document>
		<document><![CDATA[De cuando Ana Pastor decía que el rescate de las autopistas tendría un coste 0 para el contribuyente #URL#]]></document>
		<document><![CDATA[El primer burdel de muñecas sexuales de Europa abre sus puertas en Barcelona #URL#]]></document>
		<document><![CDATA[Qué le sucede al cuerpo después de comer plátanos con manchas negras INCREIBLE! #URL#]]></document>
		<document><![CDATA[Financiación para este prometedor proyecto de investigación contra el cáncer ¡YA! #URL#]]></document>
		<document><![CDATA[Montero dice que PP y Cs "caminan" con la extrema derecha y "empujan a Cataluña fuera de España" #URL#]]></document>
		<document><![CDATA[Nobel de Economía: "El PP es uno de los causantes de que España esté en bancarrota" - RT #URL#]]></document>
		<document><![CDATA[Desviado a París un vuelo de Dublín a Ibiza por 20 pasajeros borrachos #URL#]]></document>
		<document><![CDATA[Esta bebida deja tu hígado nuevo, elimina piedras en riñones, adelgaza y hará sentir más joven #URL#]]></document>
		<document><![CDATA["La esclerosis está creciendo y la única explicación son el estilo de vida y los tóxicos ambientales" #URL#]]></document>
		<document><![CDATA["El 'espionaje' a Trump podría ser el mayor escándalo en la historia de EE.UU." - RT #URL#]]></document>
		<document><![CDATA[Los laboratorios farmacéuticos se inventan enfermedades #URL#]]></document>
		<document><![CDATA[Suscríbete y recibe todos los días en tu correo sabias reflexiones, pensamientos interesantes y contenido de sabiduría #URL#]]></document>
		<document><![CDATA["No es bienvenido": La CUP catalana no irá a la manifestación antiterrorista si la encabeza el rey #URL#]]></document>
		<document><![CDATA[Poner límites a un niño de 2 años, formará adultos responsables. #URL#]]></document>
		<document><![CDATA[WikiLeaks filtra la mayor colección de documentos confidenciales sobre la CIA #URL#]]></document>
		<document><![CDATA[Los papeles clasificados del 23F salen a la luz: 'El Rey Juan Carlos organizó el Golpe de Estado' #URL#]]></document>
		<document><![CDATA[La neurociencia recomienda visitar el mar con frecuencia - Cultura Inquieta #URL#]]></document>
		<document><![CDATA[Infórmate directamente en el 91.038.20.57 #URL#]]></document>
		<document><![CDATA[FUERTES IMÁGENES: Opositores prenden fuego a un hombre en Venezuela #URL#]]></document>
		<document><![CDATA[Puerto Banús se blinda contra el turismo de borrachera #URL#]]></document>
		<document><![CDATA[La dieta antiinflamatoria: consejos, alimentos y recetas #URL#]]></document>
		<document><![CDATA[Admiraban un carrito de limpieza en el Guggenheim creyendo que era una obra de arte #URL#]]></document>
		<document><![CDATA[El Gobierno de Rajoy dio a FAES casi seis millones en los años de mayores recortes #URL#]]></document>
		<document><![CDATA[Guardiola dice basta: “¡Le han roto los dedos a una chica por querer votar!” #URL#]]></document>
		<document><![CDATA[En Francia los que vayan en bici a trabajar tendrán sueldo extra #URL#]]></document>
		<document><![CDATA[La guerra entre Huawei y Washington #URL#]]></document>
		<document><![CDATA[Revelan el banco que entregó los 200 millones a Lilian Tintori #URL#]]></document>
		<document><![CDATA[FUERTES VIDEOS: La brutal represión de la Policía contra los votantes del referéndum catalán #URL#]]></document>
		<document><![CDATA[Presidenta de la Constituyente a RT: "Ninguna sanción de EE.UU. nos va a amedrentar" #URL#]]></document>
		<document><![CDATA[El infierno fiscal español: las empresas pagan casi la mitad de sus beneficios en impuestos #URL#]]></document>
	</documents>
</author>