<author lang="es">
	<documents>
		<document><![CDATA[Me ha gustado un vídeo de #USER# (#URL# - Putin y su Rutina Diaria madrugar, nadar, dominar el mundo, domesticar]]></document>
		<document><![CDATA[Me ha gustado un vídeo de #USER# (#URL# - El hombre mas rico de Babilonia - 7 Maneras de tener dinero / resumen]]></document>
		<document><![CDATA[me encanta esta canción #URL#]]></document>
		<document><![CDATA[Estas son las horas que debe dormir una persona según su edad. Estudio de la Fundación Nacional del Sueño. #URL#]]></document>
		<document><![CDATA[Donde esta el amor #URL# #HASHTAG#]]></document>
		<document><![CDATA[DOS POTENCIAS mundiales que NO aceptan la ideología de género [+2 genial... #URL# vía #USER#]]></document>
		<document><![CDATA[Como hacer palitos de papa rellenos de queso muy deliciosos - Comidas Caseras #URL#]]></document>
		<document><![CDATA[Me ha gustado un vídeo de #USER# (#URL# - Bruce Lee ¿Fue el mejor en artes marciales? 11 Maestros opinan de su]]></document>
		<document><![CDATA[Si Alguien Te Tira Piedras #URL#]]></document>
		<document><![CDATA[Me ha gustado un vídeo de #USER# (#URL# - LoLa &amp; Hauser - Moonlight Sonata).]]></document>
		<document><![CDATA[“Bailar previene mejor la osteoporosis que la natación” #URL#]]></document>
		<document><![CDATA[Manual de estrategias de enseñanza/aprendizaje #URL#]]></document>
		<document><![CDATA[A las personas interesadas aviso que a partir de la fecha se dará atención a Domicilio previa coordinación. #URL#]]></document>
		<document><![CDATA[Mazamorra de quinua con manzana, ideal para controlar el colesterol #URL#]]></document>
		<document><![CDATA[Mazamorra de quinua | Postre peruano fácil | Sabores del Perú #URL#]]></document>
		<document><![CDATA[los vecinos de La Molina Urb Santa Felicia NO TENEMOS AGUA HACE 24 HORAS NI PARA TOMAR NI PARA EL BAÑO URGENTE SEDAPAL TOMAR EN CUENTA]]></document>
		<document><![CDATA[Orientación vocacional completa #URL#]]></document>
		<document><![CDATA[¿Tienes 1 minuto para ayudar a Valeria Huayanca Ore? #URL#]]></document>
		<document><![CDATA[Consultorio Psicológico Niños #URL#]]></document>
		<document><![CDATA[Cómo enseñar a nuestros hijos que nadie puede tocar su cuerpo #URL#]]></document>
		<document><![CDATA[3 recetas para Marinar carne, pollo y verduras - Cocina Vital #URL#]]></document>
		<document><![CDATA[Garbanzos, el mejor antidepresivo natural, con el mismo aminoácido del Prozac #URL#]]></document>
		<document><![CDATA[En lo mas profundo del ser humano abriga una esperanza #URL#]]></document>
		<document><![CDATA[El perdón del amor y el regalo de tu niña #URL#]]></document>
		<document><![CDATA[me encantó #URL#]]></document>
		<document><![CDATA[Me ha gustado un vídeo de #USER# (#URL# - conmigo estas Hillsong letra).]]></document>
		<document><![CDATA[el cerebro de un niño necesita 12 abrazos al día - Imagenes Educativas #URL#]]></document>
		<document><![CDATA[Me ha gustado un vídeo de #USER# (#URL# - 8 Hábitos de Pobreza que Heredaste de Tus Padres y Te Llevan o]]></document>
		<document><![CDATA[Sanky, la fruta olvidada de los incas #URL#]]></document>
		<document><![CDATA[Papa Francisco: Puedes tener fe, pero si no haces obras tu fe está muerta #URL#]]></document>
		<document><![CDATA[Psicólogo especializado en niños en La Molina: página web #URL#]]></document>
		<document><![CDATA[El alma no es el cuerpo - Mario Benedetti #URL#]]></document>
		<document><![CDATA[Pobladores llevan aislados 4 días por intensos huaicos en Yauca del Rosario, Ica #URL#]]></document>
		<document><![CDATA[Donde esta el amor #URL# #HASHTAG#]]></document>
		<document><![CDATA[NOTICIAS: Periodista noruega califica al Perú como el “mejor país de la Tierra” #URL#]]></document>
		<document><![CDATA[Calendario de siembra, Descarga gratuita #URL#]]></document>
		<document><![CDATA[Buen tema #URL#]]></document>
		<document><![CDATA[Me ha gustado un vídeo de #USER# (#URL# - Felices los 4 - Electric Harp (Arpa Eléctrica)).]]></document>
		<document><![CDATA[VIVIR ES ESO - El blog de Reflexiones y poemas #URL#]]></document>
		<document><![CDATA[Qué son las terapias holísticas #URL# vía #USER#]]></document>
		<document><![CDATA[NI UNA MÁS - CRUEL Y DESPIADADO - El blog de Reflexiones y poemas #URL#]]></document>
		<document><![CDATA[15 recetas de carnes adobadas que necesitas esta Navidad #URL#]]></document>
		<document><![CDATA[Como Tratar el Higado Graso con Estos 5 Alimentos Naturales #URL#]]></document>
		<document><![CDATA[Me ha gustado un vídeo de #USER# (#URL# - Jesse &amp; Joy - Perfecta).]]></document>
		<document><![CDATA[Aprende a preparar pastel de arroz, lleva sólo 5 ingredientes. - Bien Sabroso #URL#]]></document>
		<document><![CDATA[Gelatina de queso crema 3 leches rellena de frutas naturales - Bien Sabroso #URL#]]></document>
		<document><![CDATA[Me gustó un video de #USER# #URL# Ensamble de caja y espiga con fresadora. Fácil | Assemble mortise and tenon]]></document>
		<document><![CDATA[Richard Clayderman Y Raul Di Blasio En Concierto #URL# vía #USER#]]></document>
		<document><![CDATA[Hacer ejercicio es más importante que tener dinero para ser feliz (ESTUDIO) #URL#]]></document>
		<document><![CDATA[Donde esta el amor #URL# #HASHTAG#]]></document>
		<document><![CDATA[El secreto de 9 pasos para motivarte al instante y conseguir tus objetivos fácilmente #URL#]]></document>
		<document><![CDATA[Yuquitas caseras: conoce la receta para un delicioso antojo - Caretas #URL#]]></document>
		<document><![CDATA[He añadido un vídeo a una lista de reproducción de #USER# (#URL# - COMO HACER PIE DE LIMON - FACIL Y EXPLICADO]]></document>
		<document><![CDATA[EDUCACIÓN INCLUSIVA Manual de Adaptaciones Curriculares - Portal de Educación #URL#]]></document>
		<document><![CDATA[Las razones por las que nunca debes rellenar de agua tus botellas de plástico #URL# via #USER#]]></document>
		<document><![CDATA[Me gustó un video de #USER# #URL# "La kaída del fujimorismo"]]></document>
		<document><![CDATA[He añadido un vídeo a una lista de reproducción de #USER# (#URL# - Paul Mauriat Franck Pourcel Billy Vaughn]]></document>
		<document><![CDATA[He añadido un vídeo a una lista de reproducción de #USER# (#URL# - Enamorados o Esclavisados Audiolibro]]></document>
		<document><![CDATA[Me ha gustado un vídeo de #USER# (#URL# - La canción más triste del mundo (piano)).]]></document>
		<document><![CDATA[PSICOLOGO DE NIÑOS LA MOLINA Lima - anuncios.pe | anuncios gratis en peru | avisos gratis en peru #URL#]]></document>
		<document><![CDATA[▷ Anuncios Gratis en Perú | Anuncios Clasificados en Perú | ANUNTICO ® Perú #URL#]]></document>
		<document><![CDATA[Me ha gustado un vídeo de #USER# (#URL# - Despacito - Electric Harp (Arpa Eléctrica)).]]></document>
		<document><![CDATA[Me ha gustado un vídeo de #USER# (#URL# - El pero más trabajador).]]></document>
		<document><![CDATA["La ideología de género es la educación de la mentira" #URL#]]></document>
		<document><![CDATA[Me ha gustado un vídeo de #USER# (#URL# - Se rieron cuando Krisia dijo que cantaría "Listen" de Beyoncé: Los]]></document>
		<document><![CDATA[9 hábitos que necesita adoptar hoy para detener la demencia o el mal de Alzheimer antes de que comience #URL#]]></document>
		<document><![CDATA[Psicologo de niños la molina #URL# vía #USER#]]></document>
		<document><![CDATA[3 Platos carretilleros, recetas sencillas | Sabores del Perú #URL#]]></document>
		<document><![CDATA[El secreto de 9 pasos para motivarte al instante y conseguir tus objetivos fácilmente #URL#]]></document>
		<document><![CDATA[Un riego por goteo eficaz, simple y con materiales reciclados - #URL# #URL#]]></document>
		<document><![CDATA[Cómo quitar los pesticidas a tus alimentos de forma fácil, barata y sana #URL#]]></document>
		<document><![CDATA[Me ha gustado un vídeo de #USER# (#URL# - "Qué saben LOS RUSOS de...?" | PERÚ).]]></document>
		<document><![CDATA[Cómo hacer papas al ajillo y limón muy deliciosas - Bien Sabroso #URL#]]></document>
		<document><![CDATA[Receta de Sopa de habas y nopales - Cocina Vital #URL#]]></document>
		<document><![CDATA[San Juan de Lucanas #URL#]]></document>
		<document><![CDATA[Papa Francisco: Un hijo es un milagro que cambia la vida. #URL#]]></document>
		<document><![CDATA[Bruce Lee ¿Fue el mejor en artes marciales? 11 Maestros opinan de su exp... #URL# vía #USER#]]></document>
		<document><![CDATA[Un lindo poema me encanta #URL#]]></document>
		<document><![CDATA[EXCELENTE #URL#]]></document>
		<document><![CDATA[Antes de suicidarse, este chico de 13 años dejó esta nota. Sus padres sólo quieren que su historia sea contada. #URL#]]></document>
		<document><![CDATA[Garbanzos, el mejor antidepresivo natural, con el mismo aminoácido del Prozac #URL#]]></document>
		<document><![CDATA[Es el colmo que quieran obligar a los usuarios del 209,202 y 201 de la línea rojaañ a que compren tarjetas de 4.5 soles que no les aporta saldo]]></document>
		<document><![CDATA[Programa Online de Nutrición y Estados de Ánimo #URL#]]></document>
		<document><![CDATA[ES HERMOSO, PERO DUELE - El blog de Reflexiones y poemas #URL#]]></document>
		<document><![CDATA[Bill Gates apuesta por la contratación basada en habilidades y no en títulos #URL#]]></document>
		<document><![CDATA[Lasaña de ají de gallina #URL#]]></document>
		<document><![CDATA[Aprende a preparar menestrón y olvídate del frío #URL#]]></document>
		<document><![CDATA[Agregué un video a una lista de reproducción de #USER# #URL# COMO HACER UN BANCO DE MADERA ENTARUGADO / Juan]]></document>
		<document><![CDATA[Me ha gustado un vídeo de #USER# (#URL# - Estas 6 Pruebas te Indican la Inteligencia de tu Perro).]]></document>
		<document><![CDATA[Me ha gustado un vídeo de #USER# (#URL# - PERÚ ¿Una nueva POTENCIA en Latinoamérica? - VisualPolitik).]]></document>
		<document><![CDATA[ME ENCANTO #URL#]]></document>
		<document><![CDATA[Me ha gustado un vídeo de #USER# (#URL# - Chile vs Peru Military Power Comparison 2016).]]></document>
		<document><![CDATA[Me ha gustado un vídeo de #USER# (#URL# - Accion Evolutiva Presenta: Tu y el Tiempo).]]></document>
		<document><![CDATA[Me ha gustado un vídeo de #USER# (#URL# - Someone Like You Cover - Adele (Cello/Piano) - Brooklyn Duo).]]></document>
		<document><![CDATA[Mi terruño querido #URL#]]></document>
		<document><![CDATA[Me ha gustado un vídeo de #USER# (#URL# - Chica hace llorar al jurado por su voz).]]></document>
		<document><![CDATA[“El amor cura y el odio mata”, el consejo de un genio de la medicina #URL#]]></document>
		<document><![CDATA[Me ha gustado un vídeo de #USER# (#URL# - Cómo Convertir Tu Ingreso Anual En Tu Ingreso Mensual - Bob Proctor en]]></document>
		<document><![CDATA[Donde esta el amor #URL# #HASHTAG#]]></document>
		<document><![CDATA[Me ha gustado un vídeo de #USER# (#URL# - El santuario de perros más alucinante de Costa Rica).]]></document>
	</documents>
</author>