
	
		<document> #USER# Overheard
"You can't Tell me what to do"
Driver Seen entering a BMW
🤪😜 ></document>
		<document> #USER# IMHO
Too many in #HASHTAG# Need the support of
Extreme White Supremacist Patriarchal members of the
- MSM
- Judiciary
- Police
- Armed Forces
- Militias
- Healthcare Workers
- Regular Folk
They see them as the great White Fascist Hope🤨

Stand Up 2Tyranny by incompetents
NOW😐🤔😑 ></document>
		<document> #USER# Enjoy the Gold Medal game
I'm off to sleep ></document>
		<document> Exactly 
Poor journodale must be hiding in his broom closet now #URL# ></document>
		<document> #USER# What ever happened to the investigation into Kenney and his electioneering ></document>
		<document> #USER# Check out the Pope next

Then
Read my Pinned Tweet Thread 
Thanks ></document>
		<document> #USER# I can only base my opinion of GOP on the fact that the Overwhelming majority of my white Uber fundaMENTAList Roman Catholic GOP Extended Family who live in 7 states R first generation Immigrants yet R HATEFULL as HELL😵

1 was even elected to Southern State Legislature as a GOP😣 ></document>
		<document> #USER# #USER# I am willing to bet good money that Those so called "Christians" are Ideological Descendants of that most "christlike" (#HASHTAG#) of religious leadersnPope Urban II ></document>
		<document> #USER# I didn't know that I introduced you to the Uber fundaMENTAList Roman Catholic GOP Extended members of my familynI'm glad you met onen😈😈😈😈n#HASHTAG# ></document>
		<document> Delete your account and go become a hermit #URL# ></document>
		<document> #USER# #USER# nNonRWRFNJrs are not a terrorist threatnFACT!!!nnJust ask Justin Bourquenn#HASHTAG# ></document>
		<document> #USER# I'll tell you my story
When a teenager I asked my father why he didn't pay his staff better
 to which he replied
They wouldn't know what to do with the money 
WTAF???? ></document>
		<document> During the last election the MinimePET SWOONERS (they get very excited when he cuts his hair shaves his beard and takes his shirt off) swarmed my account and had it suspended
That viking gal was the ring leader #URL# ></document>
		<document> Are you and JT going to open Russian Internment Camps?
FFS #URL# ></document>
		<document> Don't ever forget that "Liberals " and Kathleen Wynne Advised people to vote for Ford #URL# ></document>
		<document> #USER# I have 3 sets of friends who are in Mexico, Honduras and a Cruise Ship ></document>
		<document> #USER# Correct
Ever since Emperor Constantine kidnapped and defile the original Church it has not been the "Church" of Christ ></document>
		<document> Yes
I would love to go back in time and ask my father that
🤔 #URL# ></document>
		<document> #USER# Go to West Shore Town Centre across from the Winners ></document>
		<document> #USER# Gotta LOVE that 401 eh ></document>
		<document> #USER# Our local pharmacy here in #HASHTAG# #HASHTAG# has them on sale for under $3 each
Yet
BC has a stock pile of FREE TESTS ></document>
		<document> #USER# The 90% of Canadians who don't support these #HASHTAG#
Should setup up protection for ALL journalists ></document>
		<document> #USER# I get the impression that anyone old enough can book in BC ></document>
		<document> #USER# Wtf
Had it playing
Then I accidentally shut youtube
Now it refuses to go to link
Wtf ></document>
		<document> #USER# nCmon TomnJudeo Christians dont want to hear about Muslim Countries problemsnn#HASHTAG# ></document>
		<document> Hey didn't Mr smith play cops &amp; robbers when he was a pre teen 😣😕😑😮n#HASHTAG# #URL# ></document>
		<document> #USER# No wonder the Corporatocracy hates you 
😁😁
Love ALL you point out ></document>
		<document> #USER# As Bob &amp; Doug would say
"Take Off, Eh" ></document>
		<document> YesterYear: Cops were trained to Serve and Protect
Today: cops are trained to Murder!! #URL# ></document>
		<document> #USER# Exactly 
Go home you trucking Brownshirts ></document>
		<document> #USER# #USER# Hey .#USER# 
Buy a heated blanket and lay on top of pipe outside covered with old blankets ></document>
		<document> #USER# Return ALL Crown Land
This "Nation" is changing ></document>
		<document> All he will suggest is that you get a parent to start a sticker company which has its HQ in the U S of Eh #URL# ></document>
		<document> #USER# Vince full of $hit talk today ></document>
		<document> Its been since 2017

Why Is This Canadian Foreign Minister ‘Proud’ of Her Family’s Nazi Past?
#URL# #URL# ></document>
		<document> #USER# Our youngest shared a photo of their street by Jubilee showing recycling everywhere ></document>
		<document> military junta??nSinBellisimo 😕😕nn#HASHTAG# #URL# ></document>
		<document> #USER# Litigation seems the only way when we have Right Wing Governments ></document>
		<document> #USER# I don't understand why they don't hand them our
My local pharmacy charges for test kits ></document>
		<document> #USER# As of today people in BC over 70 can get 5 RATs ></document>
		<document> #USER# Hey George 
You have to read up on Preston Manning Jason Kenney Stephen Harper and Justin Trudeau (the later Talks REAL SWEET but votes with the Right Wing Politicians)
#URL# ></document>
		<document> #USER# What you doing tweeting?
You better set off now!
.
.
Jk 😁😁😁😁 ></document>
		<document> Unfortunately 
 here are the Facts
The Adherents of the Roman Catholic Church WILL NEVER ALLOW that Organization to be held responsible for ANY CRIME that they are Guilty of
They WILL IGNORE the laws of the land!!!
See how they treated Children in England 
#URL# #URL# ></document>
		<document> #USER# #USER# And Bird Feeders

Now we have one of these instead of a bird feeder #URL# ></document>
		<document> #USER# That book was Banned in her school district 🤨😐😑🤔 ></document>
		<document> #USER# Its a misprint
Should be
"Revoke Preferred Nation Status"
Dimwitted at the NP ></document>
		<document> #USER# Hey Canada 
We are Racist POS
This is my Proof ></document>
		<document> #USER#'ll just bring in un documented immigrants to work for peanutsnWhat wrong with thatn😕😕n#HASHTAG# ></document>
		<document> #USER# #USER# Can't have police "spending" their time to diffuse a volitile situation😣😕nLaw &amp; order conservatives want a return on investment nSo take action NOW!!!nEven if at the expense of someone, who is you know "mad", losing their lifenThey're not a productive member of societyn#HASHTAG# ></document>
		<document> #USER# Sounds like something my
Extreme Religious fundaMENTAList Roman Catholic sibling would say ></document>
		<document> #USER# We all have to change how we vote

I believe what ALL
Right Wing Politicians, like
JT
JK
DF
EO &amp;
Many PMs  B4,
want is destruction of our current
Social Programs &amp;
Communities🤔
(&amp; 2many Canadians also want 2B like Americans)

Who here remembers this dude
#URL# ></document>
		<document> Honestly?
You really need serious professional help with your Cranial Rectal Inversion #URL# ></document>
		<document> Sikh - muslimnWhats the difference nBrown is brownn#HASHTAG# 😕 😕 #URL# ></document>
		<document> #USER# Ok
Take the next 4 days off
I hear there's something going on 
🤔🤔
.
All the best for the Season ></document>
		<document> #USER# Exactly 
Not ALL opinions are worth their weight in salt ></document>
		<document> #USER# Galen is STILL paying for those new Fridges
(Probably with kickbacks??? anybody know??) ></document>
		<document> Correct
The U S A has that ALREADY
It is just that DeSantis is going to make it a
"Well Regulated Militia" 🤔
You catch my drift? 😉 #URL# ></document>
		<document> #USER# #USER# #USER# Yeah
This was created during the lead up to the economic crisis of 1737
$200 was a lot of money back then
#URL# ></document>
		<document> The Fascist era
#URL# ></document>
		<document> #USER# It's just like that saying
"Ask a rightwinger/conservative what they don't like about socialism and they will explain Capitalism" ></document>
		<document> #USER# Too many Tankers sailing by east of Cattle Point ></document>
		<document> Not only is the Holy See the largest Pedophile Organization and the largest Death Cult in the World 
There are also Thieves!!!!
Well goody for them #URL# ></document>
		<document> #USER# There are many people tweeting that they have been attacked either verbally or physically which harkens back to the days of the
Brownshirts in Nazi Germany ></document>
		<document> #USER# Could someone get a screenshot of the tweet that you quoted
Thanks ></document>
		<document> He must be suffering from PTSD after having to getnFIVE Military Deferments n😕 😣 😮 😑 n#HASHTAG# #URL# ></document>
		<document> #USER# There was a blatant face mask on QB which was not called ></document>
		<document> #USER# Sounds like my Extreme religious fundaMENTAList Roman Catholic sibling who says vaccines contain stem cells of aborted fetuses 
WOW ></document>
		<document> Unfortunately
Too many People take their life skills guidance from the
ideology spread around the world by the Roman Catholic Church
Too much
Hatred
Misogyny
Bullying &amp;
Inhumanity
being spread by Church ideology, Nurturing such vile behavior
&gt;Please read my Pinned Tweet Thread&lt; #URL# ></document>
		<document> #USER# #USER# YOU R ALL Heros
My Family and I would like to Thank You and All of Your Colleagues
EMTs
Cleaners
Food services
Porters
Nurses
Patient care assistants
EKG
Lab
ultrasound techs
Radiologists
ER docs
Cardiologists
Students
Residents
Et al.
🙏 #HASHTAG#
Much Appreciated indeed👍 ></document>
		<document> #USER# Didn't that already happen with star bucks ></document>
		<document> #USER# What is wrong with the "mother country" exporting their
Soccer Hooligan 
Culture???
🤔🤣🤔🤣 ></document>
		<document> Always been there
Always
Finally those who have benefited from it are now waking up to its destructive force on common society #URL# ></document>
		<document> Many more people need to read my Pinned Tweet Thread #URL# ></document>
		<document> #USER# #USER# #USER# #USER# #USER# Thanks for reply
I was confused as they also mentioned being in Chicago
Did trains go from Montreal to Chicago ></document>
		<document> #USER# The Ghosts of Benghazi appeared to him in a dream and told him to Steal Money from Wounded Veteransn😣😕😑😮n#HASHTAG# ></document>
		<document> #USER# Let's start here
Canada's richest people and families 2020, by total net worth
AKA Oligarchs 
#URL# ></document>
		<document> #USER# When we lived in #HASHTAG# it was all the summer activities and camping
In winter it was skiing at sunshine ></document>
		<document> #USER# #USER# Here in Canada when it first broke we were told to not buy up all N95 masks so that essential workers could buy them.
Then we were told that plain masks  😷 were good  and some institutions forced people to take off their N95 mask and switch to a plain mask
Now it's back to N95?? ></document>
		<document> #USER# Similar diets around the world are called
Blue Zone Diets
#URL# ></document>
		<document> Would you like me to call a professional to help you with your Cranial Rectal Inversion #URL# ></document>
		<document> AND 
STOP LISTENING TO "LIBERAL" POLITICIANS WHO TOLD YOU TO VOTE CONservative #URL# ></document>
		<document> You people just dont understand how much courage it takes to request FIVE Military Deferments nn#HASHTAG# 😏😔😌😞 #URL# ></document>
		<document> The Roman Catholic Church has TOO MANY Adherents in ALL Walks of Life which affords them the ability, ever since 1095, to treat PoC, Arabs, Indigenous People and CHILDREN with the utmost disrespect and cruelty AND SUFFER NO CONSEQUENCES
》Please read my Pinned Tweet Thread Thanks #URL# ></document>
		<document> #USER# #USER# Thank you very much
I am sure our
Billionaires 
Will thank you for taking that burden off the taxes that they should be paying ></document>
		<document> #USER# Hey Lady
It's your party that has been in power.
Collectively you all don't give a damn.
It's ALL about using jurisdiction to heap blame on Provincial Governments

Either P☆SS or get off the pot

Aaaaaaaaaaaaaaye #URL# ></document>
		<document> Too many in #HASHTAG#, like
JT
EO
JK
Are members of The RC “Church”, which has treated the World’s
Muslims
Blacks &amp;
Indigenous Peoples inhumanly ever since 1095
1) #URL#
2) #URL#
3) #URL#
4) #URL# #URL# ></document>
		<document> BTW
JT IS RC
Quebec being a Roman Catholic majority province,even though the church at 1st SUBJUGATED the Quebecois, I totally expected this as the Roman Catholic Church has been trying to annihilate Muslims ever since the first of NINE Crusades In 1095
#URL# #URL# ></document>
		<document> #USER# Interesting ></document>
		<document> This is already happening in the Jewish community
We know a Jewish family and they told us that their adopted child would never be considered Jewish as only Jewish Women's children were considered jewish #URL# ></document>
		<document> #USER# “Pension?”

Aaaaye

(R C M P pension is heavily invested in pipeline) #URL# ></document>
		<document> #USER# You never know when you'll need to borrow their car🤪😜 ></document>
		<document> #USER# My RC sibling here in Canada is anti vax and anti medical
When I sent this this article they responded by saying they are coming after Pope as well
#URL# ></document>
		<document> #USER# Never
Ever
Include the Roman Catholic Church in anything related to Children ></document>
		<document> #USER# #USER# #USER# I have a habit of looking in both directions after light goes green ></document>
		<document> #USER# #USER# Yall gotta think of the dirt the Russians have on gop politicians nThese poor poor peoplen.n.n#HASHTAG# ></document>
		<document> Every single politician who did nothing to prevent a situation like this from happening should be so ashamed that they should crawl up into their own @$$€$ and the voters should never ever elect any of them to public office anywhere #URL# ></document>
		<document> He most probably has me blocked because of my Pinned Tweet Thread #URL# ></document>
		<document> #USER# #USER# Pure catholic support is a fallacy as the whole organization underwent massive changes after Emperor Constantine kidnapped the church &amp; turned it into a department of his government 
The LEADERS do Inhumane things while pockets of adherents try to follow Christ's teachings
RMPTT ></document>
		<document> #USER# Cpc version is
#HASHTAG#
Pause after murphy ></document>
		<document> Will they now join her
Murphy Brownshirts🤔😑😐🤨 #URL# ></document>
		<document> #USER# Here in #HASHTAG# #HASHTAG# we have to pay for home test kits and we have an ndp government 🙄 
Why doesn't BC not have free test kits ></document>
		<document> #USER# Zoom and the art of safe river valley bicycling
Thanks ></document>
		<document> HATRED in Canada has to STOP Now!!!
Our Current Politicians, like
JT
EO
JK
Are members of The RC “Church”, which has treated the World’s
Muslims
POC &amp;
Indigenous Peoples inhumanly ever since 1095
1) #URL#
2) #URL#
3) #URL# #URL# ></document>
		<document> #USER# #USER# nHey nHeynHeynAll those church leaders who aided abetted &amp; harboured pedo priests are doing Jesus work😕😕#HASHTAG# ></document>
		<document> #USER# #USER# AND
Here is the Origin Story of White Supremacy
These 4 Papal Bulls by the Roman Catholic Church did it
1) ) The 9 Crusades
#URL#
2) The Slave Trade
#URL#
3) Doctrine of Discovery #URL#
4) Dum Diversas
#URL# ></document>
		<document> There is NO Greater HATE
Than Christian Love
They just can't resist Bullying vulnerable people
From Indigenous People to children to the Handicapped #URL# ></document>
		<document> #USER# Wtf white Supremacist cops 
WOW ></document>
		<document> #USER# #USER# #USER# #USER# #USER# nJobsnJobsnJobsnEh politiciansnGreat move!!!nn #HASHTAG# #URL# ></document>
		<document> #USER# Nice photos
.
Here are some Cattle Point photos #URL# ></document>
		<document> Considering all the subtle messages 😉that Mother Nature has recently sent our way this Action is a slap in the face of Land Defenders
C'mon 
#USER# 
#USER# 
#USER# 
#USER# 
#USER# 
It's TIME you stopped this
NOW
It really is not a good look
Honestly #URL# ></document>
		<document> #USER# #USER# Ian
Please ask ALL Premiers where are all the free test kits
Here in #HASHTAG# #HASHTAG# our local pharmacy charges for them ></document>
		<document> #USER# You could do a swan using same twisting technique as Moose head ></document>
		<document> #USER# RIP Frank
Here is the Best Zappa Tune ever
#URL# ></document>
		<document> Everybody who sees this can you retweet to get larger exposure 
Thanks #URL# ></document>
		<document> #USER# #USER# Hey #USER#
That Account #USER# is much more HONEST in their presentation of the Facts than #HASHTAG# ></document>
		<document> #USER# The Far Right in Canada are following the Nazi playback to a T
See link below 
We who are Socialist minded have to now start countering their propaganda by giving our compatriots a Choice and hope of a better future
#URL# ></document>
		<document> #USER# Well
America is DEFINITELY Screwed

I know that because my Democratic voting sibling in California LOVES that the GOP Majority of Justices on SCOTUS are Roman Catholic 
🤨😐😑🤔
Someone in the Democratic Party has to WAKE up and change strategy 
NOW ></document>
		<document> #USER# My American step sibling also says that
Wtf ></document>
		<document> #USER# Raccoons ></document>
		<document> I have read that The overwhelming majority of police murders is of people with mental health issues #URL# ></document>
		<document> #USER# Apartheid is Heavy Work ></document>
		<document> #USER# There is a terrible cold going around
I know a few here in #HASHTAG# have it ></document>
		<document> #USER# Hey @ Pontifex 
A Moral leader would throw in Jail ALL Church leaders who aided abetted &amp; harboured Those who are still alive who worked in IRS where Children were Murdered
Do it
Now 

Also sign a Papal Bull condeming ALL of these
#URL# ></document>
		<document> #USER# #USER# Have you seen the gear they wear
They are probably warmer than me in my TV room 😁😁 ></document>
		<document> #USER# nMaaaaaannThose Niqabs look real sweet on all those white mennn#HASHTAG# ></document>
		<document> #USER# Both my spouse and offspring are sicker than anything and both tested negative ></document>
		<document> #USER# Ask them about
Dirty tricks in Alberta
I wouldn't trust the RC M P to guard our areas landfill 
#URL# ></document>
		<document> #USER# Your advocacy WILL eventually spread across Canada as more &amp; more people realize that For profit LTC does NOT have the wellbeing of Seniors at the forefront 
We had a meal at an Atria facility here in #HASHTAG# #HASHTAG# and it was masss produced main with frozen veggies
The salad was good ></document>
		<document> #USER# #USER# "Effective November 30, 2021, fully vaccinated individuals with right of entry to Canada, who depart and re-enter the country within 72 hours of leaving Canada are exempt from providing a pre-entry COVID-19 molecular test result." ></document>
		<document> These Evangelical Christians are the Bees Knees😣😮😑😕nn#HASHTAG# #URL# ></document>
		<document> It really takes much courage to apply for FIVE Military Deferments nn#HASHTAG# #URL# ></document>
		<document> Cmon
My FellowCanadians 
Please Realize that
There is no such thing as
"Strategic Voting"
in Canada
Here are the Facts
The "Liberals" will NEVER act the same as the CONservatives outside the HOC but they WILL Vote JUST LIKE the CONservatives INSIDE the HOC
#URL# #URL# ></document>
		<document> #USER# These yahoo complained about empty shelves to find out that there were NO EMPTY SHELVES so they took it upon themselves to block trade so that there would be empty shelves???
Am I right?
Wow The #HASHTAG# is staggering ></document>
		<document> #USER# Is Josh a More On 🤔🤨 ></document>
		<document> I am willing to bet BIG money that if those protestors were Indigenous the PM would not hesitate to send in the head crackers #URL# ></document>
		<document> ButnButnButn"Judges" arent a racen(a la Halperin)nn#HASHTAG# #URL# ></document>
		<document> Does he not know about all those different areas, where Occupiers are Congregating, south of Ottawa?? #URL# ></document>
		<document> #USER# Yeah
That is total BS
Ill pass on seeing it ></document>
		<document> My ONLY wish is that the over than 90% of Canadians who do not support these FASCISTS vote EVERY single one of these Politicians who are cowards out of office in the next Election,
From federal to municipal politicians on down #URL# ></document>
		<document> #USER# #USER# #USER# #USER# #USER# #USER# #USER# #USER# Same
But
The daycare our grand goes to announced 2 covid cases 😏😒
Anyone have ideas about setting up in daycare in Grandparents home? 😉 ></document>
		<document> #USER# #USER# "You remove all those rights from those uppity Young women, OK Sonny"n😈😇😆😂n#HASHTAG# ></document>
		<document> #USER# Try to break the Guinness World record for largest group dancing ></document>
		<document> #USER# nHeynAs TF saysnLets do like the mother countrynhttp://t.co/HCx0IyGWF0n#HASHTAG# ></document>
		<document> #USER# Thanks
This coming summer I'm Going to move fence up to where photo was taken from
On the other side of fence is our side yard ></document>
		<document> #USER# Many MORE people need to listen to 
Dr Gabor Mate 

And/Or
do as Portugal did in 2001
#URL# ></document>
		<document> #USER# What??n this so called n" Christian Organization " nNevern#HASHTAG# n😣 😕 😑 😮 n1) #URL#) #URL#) #URL# ></document>
		<document> Just Wait till the Successor to O'Toole is chosen
Probably be Jason Kenney 😐😑😒😒
To get re elected
The "Liberals" will have to utter lies to the centre and then institute a palatable version of Facism to appease the Far Right
And
Presto
They get back into power. #URL# ></document>
		<document> #USER# We have Black friends who are Roman Catholic and I have told them that the Roman Catholic Church is the largest White Supremacist Organization in the world 
See this
#URL# ></document>
		<document> #USER# nButnButnFemale!!!nGay!!!!nDont you seenn#HASHTAG#(Being F&amp;G precludes comments on ability?) ></document>
		<document> #USER# What a wonderful bunch of 'christlike people'n#HASHTAG# #URL# ></document>
		<document> #USER# I really feel sorry for those who don't have the intestinal fortitude to do what you have the strength to do
They will become a hollow represention of themselves by the time they retire
Start their career as Lions &amp; finish their career as Cowards
Their bosses r BULLIES
Sad times ></document>
		<document> #USER# This is more apropos 
"Our current manifestation of White Supremacy  got its Resurgence when Manning Harper came on the scene" ></document>
		<document> #USER# Sneaky ></document>
		<document> It's working for Ignorant people like my Extreme religious fundaMENTAList Roman Catholic sibling #URL# ></document>
		<document> #USER# Oh I know
Read my Pinned Tweet Thread ></document>
		<document> #USER# #USER# Can anyone figure out why the War in Yemen doesn't make the news like the war in Ukraine 
Maybe here's why #URL# ></document>
		<document> #USER# #USER# #USER# Here is More proof of How Christlike they Really are n#HASHTAG# n#URL# ></document>
		<document> DamnnHe got a Military Deferment for that as wellnn😈n#HASHTAG# #URL# ></document>
		<document> #USER# Just like the overwhelming majority of my Roman Catholic extended GOP family 
One says faux newz is a legitimate news organization without conspiracy stories😔🙃😠😔😉 ></document>
		<document> #USER# #USER# one dee ten tee
😁😁 ></document>
		<document> #USER# nCause the perpetrator wasn't muslim???nn#HASHTAG# ></document>
		<document> #USER# Maybe juniors can now have long course speed skating instead ></document>
		<document> #USER# Here is what IS being used

I have seen these being used in West Kelowna 

#URL# ></document>
		<document> #USER# #USER# Those 1 use weapons cost £20,000 each
Holy shit
War is expensive ></document>
		<document> If the arsonist turns out to be a POC I bet they will change it to Terrorist Attacknn#HASHTAG# 😕😣😮😑 #URL# ></document>
		<document> #USER# Yes
Time to expose those in the
Panama Papers ></document>
		<document> Only for white immigrants after the second world War nApparently nn#HASHTAG# #URL# ></document>
		<document> #USER# #USER# My youngest is wanting to buy but is worried about the inflated RE
I really don't know what to say except to keep renting? ></document>
		<document> #USER# Kids,eh? 😁😁 ></document>
		<document> #USER# If an act is a known Trigger for anyone then that act IS TERRORISM ></document>
		<document> #USER# When is Bobby going to send out a warning to all women about the greasy male sexual assault chauvinistic pigs working in his organization 
You know
Like the warning the Metropolitan Police in London England sent out ></document>
		<document> #USER# Still sounds suspect that he picked that particular location🤔🤨 ></document>
		<document> #USER# That is so cool 😎 ></document>
		<document> #USER# If that doctor is Roman Catholic then they are programmed from early to be cruel Hateful Misogynistic Bullies 
I know as I dragged up in a Roman Catholic Family attended RC Church and 3 RC Schools and I can count on 3 fingers how many were christlike 
🤨😐😑🤔 ></document>
		<document> #USER# #USER# Police do that to themselves ALL THE TIMEnThat's why there is such a high conviction rate of cops who murder black peoplen#HASHTAG# ></document>
		<document> #USER# If you don't mind
I'm just going to live vicariously through your adventures from the comfort of my WARM living room😁😁😅😅 ></document>
		<document> #USER# .#USER# .#USER# .#USER# .#USER# 
We have to fix this as we have allowed ourselves to sink to gross Inhumanity 
We are like wild animals if we don't change how we treat our own Compatriots
What another Sad SAD Day in Canada #URL# ></document>
		<document> #USER# #USER# #USER# #USER# More situations that will result in Police Murdering drivers ???? ></document>
		<document> #USER# Funny
That was exactly the reason why America was created, to not be in servitude to the Aristocracy which is what MOST Politicians qualify as
Aristocracy!!! ></document>
		<document> These so called protestors are trouble makers

As There are many people tweeting that they have been attacked either verbally or physically which harkens back to the days of the
Brownshirts in Nazi Germany
Well done, all you inactive Canadian Politicians #URL# ></document>
		<document> #USER# The main problem is that Too Many WyPyPo are TERRIFIED, just of Black Skin Colour, and it behooves Police Departments ALL ACROSS Canada to weed out these misfits during recruitment and then make sure during training the hired Officer are trained BETTER than present ></document>
		<document> #USER# Drive through the Uplands in #HASHTAG# during the summer

Very avant-garde Fascist feel ></document>
		<document> #USER# Hey MalcolmnCheck what this guy has to saynHe seems Genuinely Christliken😣😕😑😮 #HASHTAG#) #URL#) #URL# ></document>
		<document> Freeland is a Nazi
Plain and Simple
Also look at Freelands involvement with the
Lima Group
#URL# #URL# ></document>
		<document> #USER# Funny
At 14 I asked my father why he didn't pay his staff better to which he replied
They wouldn't know what to do with the money 
When things aren't going RIGHT
GO LEFT!!!
😉😉 ></document>
		<document> #USER# Pffffft to you too 🤣 ></document>
		<document> #USER# #USER# Hint. “No man is a sled.” ></document>
		<document> R C M P bombed oil site in 'dirty tricks' campaign
#URL# #URL# ></document>
		<document> If germans had encircled areas in europe that housed mostly Jewish people &amp; Bombed those areas until 6 Million Jewish People died would how Israel treats the people in Gaza be any more unforgivable?
Or is the world taking the lead from the
“Roman Catholic Church”
2 B cruel 2Arabs #URL# ></document>
		<document> #USER# It's a problem in #HASHTAG# 
We know no PrimeMinister will Allow the Truth to cascade from their lips &amp; tell the world that, with Canadas Help, the HolySee &amp; RC Church committed Genocide
They would be excommunicated so fast they'll think they went back in time 2 the 4 Inquisitions ></document>
		<document> Honestly 
You have to give Gerald enough time to coach him on what next to say
"Liberals" are a Performative Federal Party in Government #URL# ></document>
		<document> #USER# He's probably  descendant of 'Enry VIII ></document>
		<document> #USER# Yall think it's bad now
Just wait till GOP retake the White House 
America WILL BECOME a 3rd world tin pot banana Christian FundaMENTAList Republic run by Rich Dudes just like Donald, Brett and Newt
🤨😐😑🤔 ></document>
		<document> Too many Politicians in Canada take their life skills guidance from the ideology spread around the world by the Roman Catholic Church????
Please read my Pinned Tweet Thread #URL# ></document>
		<document> #USER# #USER# But Charlie nWe now own a $4.5 Billion WHITE ELEPHANTn.n.n#HASHTAG# GovernmentnDo the right thing herenNown#URL# ></document>
		<document> #USER# Best Music around that
Christmas Music ></document>
		<document> Please
Read this thread
Thanks #URL# ></document>
		<document> #USER# REITs are TOO Sweet of an investment 😀 ></document>
		<document> #USER# #USER# #USER# This is what I fear the most
The possible sabotage of Nuclear Facilities to "spoil" the country for occupation 
#URL# ></document>
		<document> Yall have to understand that a person’s upbringing &amp; who they TAKE GUIDANCE FROM has a huge bearing on how they live their lives &amp; how they expect others to live theirs
Jason Kenney is Roman Catholic
(i left@ 19)
&amp;many of his MLAs R “Christian”
&gt;Please read my pinned tweet thread #URL# ></document>
	
</author><document> #USER# overheard
"You can't tell me what to do"
Driver seen entering BMW
🤪😜 ></ document>
<document> #USER# IMHO
Too many people in #HASHTAG#
Extreme pro-White Supremacy patriarchal members
- MSM
- judgment
- Police
- Armed forces
- Militia
- Health workers
- Normal Folk
They see them as the great White Fascist Hope🤨

Stand Up by Dummies 2Tyranny
NOW😐🤔😑 ></document>
<document> Enjoy the #USER# Gold Medal game
I'm going to sleep ></ document>
<document> Absolutely
The poor logger must be hiding in the broom cupboard now #URL# ></document>
<document> #USER# What happened to the investigation into Kenney and his election propaganda ></document>
<document> #USER# Check out the Pope next

Later
Read Pinned Tweet Location
Thanks ></document>
<document> I can only base my opinion on the #USER# GOP on the fact that the overwhelming majority of my white Uber fundamentalist Roman Catholic GOP Extended Family living in 7 states are R first generation Immigrants, but HATE as HEAVEN.

One was even elected to the Southern State Legislature as GOP😣 ></document>
<document> #USER# #USER# I'm willing to bet good money that the so-called "Christians" are the Ideological Descendants of Pope Urban II, the most "christian-like" (#HASHTAG#) of religious leaders ></document>
<document> #USER# Didn't know I introduced you to the Uber fundamentalist Roman Catholic GOP Extended members of my family
<document> Delete your account and become a reclusive #URL# ></document>
<document> #USER# #USER# nRWRFNJ are not a terrorist threat FACT!!!nnJust ask Justin Bourquenn#HASHTAG# ></document>
<document> #USER# I'll tell you my story
When I was younger, I asked my father why he didn't pay his staff better.
 who answered
They don't know what to do with money
WTAF???? ></ document>
<document> In the last election, MinimePET SWOONERS (they get so excited when he cuts his hair and shaves his beard and takes off his shirt) flocked to my account and suspended my account.
She was the viking girl gang leader #URL# ></document>
<document> Will you and JT open the Russian Concentration Camps?
FFS #URL# ></ document>
<document> Never forget that "Liberals" and Kathleen Wynne advise people to vote for Ford #URL# ></document>
<document> #USER# I have 3 group of friends in Mexico, Honduras and a Cruise Ship ></document>
<document> #USER# True
This has not been the "Church" of Christ, since Emperor Constantine kidnapped and defiled the original Church ></ document>
<document> Yes
I would like to go back and ask my father
🤔 #URL# ></ document>
<document> Go to West Shore Town Center opposite #USER# Winners ></document>
<document> #USER# 401 MUST LOVE eh ></document>
<document> #USER# Available for under $3 each at our local pharmacy here at #HASHTAG# #HASHTAG#
Yet
BC has a stock of FREE TEST ></document>
<documentent> #USER# 90% of Canadians who don't support this #HASHTAG#
Must install protection for ALL journalists ></document>
<document> #USER# I'm under the impression that anyone old enough can book in BC ></document>
<document> #USER# Wtf
Did he play
Then I accidentally turned off youtube.
Now it refuses to connect
Wtf ></ document>
<document> #USER# nCmon TomnJewish Christians don't want to hear about the problems of Muslim Countriesn#HASHTAG# ></document>
<document> Hey, Mr. Smith cops &amp; pre-teen robbers 😣😕😑😮n#HASHTAG# #URL# ></document>
<document> #USER# No wonder the corporatocracy hates you
😁😁
LOVE ALL you point to ></document>
<document> #USER# As Bob &amp; Doug would say
"Departure, Well" ></ document>
<document> YesterYear: Cops Trained to Serve and Protect
Today: Cops Train to Murder!! #URL# ></ document>
<document> #USER# Absolutely
Go home, you trucker Brown Shirts ></ document>
<document> #USER# #USER# Hello .#USER#
Buy a heated blanket and lay it on top of the outside pipe covered with old blankets ></ document>
<document> #USER# Return ALL Crown Land
This "Nation" is changing ></ document>
<document> His only suggestion is for a parent to set up a sticker company headquartered in the US Eh #URL# ></document>
<document> #USER# Vince is full of $hit speech today ></document>
<document> since 2017

Why Is This Canadian Foreign Minister "Proud" of His Family's Nazi Past?
#URL# #URL# ></ document>
<document> #USER# Our youngest shared a photo by Jubilee of their street showing recycling everywhere ></document>
<document> military junta??nSinBellisimo 😕😕nn#HASHTAG# #URL# ></document>
<document> #USER# When we have Right Wing Governments, litigation seems like the only way ></document>
<document> #USER# I don't understand why they didn't give them our document.
My local pharmacy charges for test kits ></document>
<document> #USER# As of today, people over 70 in BC can get 5 RATs ></document>
<document> #USER# Hey George
Must read Preston Manning, Jason Kenney, Stephen Harper and Justin Trudeau (next Speeches are REALLY SWEET, but voting with Right Wing Politicians)
#URL# ></ document>
<document> #USER# What are you tweeting?
You'd better get going now!
.
.
Jk 😁😁😁😁 ></ document>
<document> unfortunately
 Here are the Facts
Adherents of the Roman Catholic Church will NEVER ALLOW THAT Organization to be held responsible for ANY CRIME they are guilty of.
They will NOT see the laws of the country!!!
See how they treat Children in the UK
#URL# #URL# ></ document>
<document> #USER# #USER# And Bird Feeders

Now instead of the bird feeder we have one of these #URL# ></document>
<document> #USER# That book is banned in the school district 🤨😐😑🤔 ></document>
<document> #USER# Printing error
should be
"Preferred Nation Status Cancellation"
confused in NP ></document>
<document> #USER# Hello Canada
We are the Racist POS
This is my Evidence ></ document>
<document> #USER# will only fetchundocumented immigrants will work for peanuts what's wrong with that😕😕n#HASHTAG# ></document>
<document> #USER# #USER# Police cannot be allowed to "waste" their time to spread a volatile situation😣😕nLaw &amp; order conservatives want return on investment nSo act NOW!!!nEven if someone you know "crazy" dies, they are not productive members of society#HASHTAG# ></document>
<document> #USER# Looks like something that belongs to me
His ultra-religious fundamentalist Roman Catholic brother used to say ></ document>
<document> #USER# We should all change the way we vote

I believe what ALL is
Right Wing Politicians, such as
JT
JK
DF
EO &amp;
Many PM B4,
wanting is the destruction of our present existence
Social Programs &amp;
Communities🤔
(&2many Canadians want 2D just like Americans)

Who remembers this friend here
#URL# ></ document>
<document> To be honest?
You really need serious professional help with your Cranial Rectal Inversion #URL# ></document>
<document> Sikh - muslimnWhat's the difference nBrown is brownn#HASHTAG# 😕 😕 #URL# ></document>
<document> #USER# OK
Take the next 4 days off
I hear there's something
🤔🤔
.
Best for the season ></ document>
<document> #USER# Absolutely
ALL views are not worth their weight ></document>
<document> #USER# Galen STILL pays for these new Refrigerators
(Probably by bribery??? anyone know?) ></document>
<document> True
USA ALREADY has this
Only DeSantis will do that
"Well Organized Militia" 🤔
Do you understand my drift? 😉 #URL# ></ document>
<document> #USER# #USER# #USER# Yes
It was created during the road to the economic crisis of 1737.
$200 was a lot of money back then.
#URL# ></ document>
<document> Fascist period
#URL# ></ document>
<document> #USER# Just such a word
"Ask a right-wing/conservative what they don't like about socialism and they'll tell you about Capitalism" ></document>
<document> #USER# Too many Tankers sailing east of Cattle Point ></document>
<document> The Holy See is not the largest Pedophile Organization in the world, nor the largest Death Sect.
There Are Thieves Too!!!!
Have fun with them #URL# ></document>
<document> #USER# There are many people tweeting that they have been verbally or physically assaulted, reminiscent of the early 20th century.
Brown Shirts in Nazi Germany ></ document>
<document> #USER# Can someone take a screenshot of the tweet you quoted?
Thanks ></document>
<document> Must be experiencing PTSD after obtaining FIVE Military Delay n😕 😣 😮 😑 n#HASHTAG# #URL# ></document>
There was an obvious face mask in the <document> #USER# QB that was not called ></document>.
<document> #USER# Looks like my ultra-religious fundamentalist Roman Catholic brother who says vaccines contain stem cells from aborted fetuses
</document>
<document> unfortunately
Too many human life skills guidance
Ideology spread to the world by Romecatholic church
Too much
Hatred
misogyny
Bullying &amp;
inhuman
Spread by church ideology, fostering such vile behavior
&gt;Please read my Pinned Tweet Thread&lt; #URL# ></ document>
<document> #USER# #USER# YOU ARE ALL Heroes
My Family and I Thank You and All Your Colleagues
EMTs
cleaners
Catering
porters
nurses
patient care assistants
ECG
lab
ultrasound technicians
Radiologists
emergency service documents
cardiologists
students
residents
et al.
🙏 #HASHTAG#
Really Much Appreciated👍 ></document>
<document> #USER# Didn't this already happen with star coins ></document>
<document> #USER# What is wrong with "the motherland" exporting its products?
Football Hooligan
Culture???
🤔🤣🤔🤣 ></ document>
<document> I was always there
Always
Finally, those who benefit from it are realizing its destructive power on the common society #URL# ></document>
<document> Pinned Tweet Thread #URL# ></document> a lot more people need to read
<document> #USER# #USER# #USER# #USER# #USER# Thanks for your reply
I was confused as they also mentioned being in Chicago.
Did trains go from Montreal to Chicago ></ document>
<document> #USER# The Ghosts of Benghazi appeared to him in a dream and Tell him to Steal Money from Injured Veterans😣😕😑😮n#HASHTAG# ></document>
<document> #USER# Let's start here
Canada's richest people and families by total net worth 2020
AKA the oligarchs
#URL# ></ document>
<document> #USER# There were summer activities and camps when I was living in #HASHTAG#.
He was skiing in the winter sunshine ></ document>
<document> #USER# #USER# Here, when it first broke out in Canada, we were told not to buy all N95 masks so the necessary workers could buy them.
We were then told that flat masks 😷 are fine, and some agencies have forced people to remove N95 masks and switch to flat masks.
Is it now back to the N95? ></ document>
<document> #USER# Similar diets around the world are called
Blue Zone Diets
#URL# ></ document>
<document> Would you like me to call a professional to assist you with Cranial Rectal Inversion #URL# ></document>?
<document> AND
STOP LISTENING TO "LIBERAL" POLITICIANS TOLD YOU TO VOTE Conservative #URL# ></document>
<document> You guys don't understand how brave it is to demand FIVE Military Suspensions nn#HASHTAG# 😏😔😌😞 #URL# ></document>
<document> The Roman Catholic Church has MANY Sides in ALL Sects of Life giving the PoC since 1095 the ability to treat Arabs, Indigenous Peoples and CHILDREN with the utmost disrespect and cruelty AND NOT TO BE VICTIFIED TO THE CONSEQUENCES
》Please read my Pinned Tweet Thread Thanks #URL# ></document>
<document> #USER# #USER# Thank you very much
I'm sure our
billionaires
He'll thank you for taking this burden off of the taxes they have to pay ></ document>
<document> #USER# Hey Lady
It is your party that is in power.
Collectively, you all don't care.
It's ALL about using jurisdiction to pin the blame on State Governments.

AnyoneP☆SS or exit pot

Aaaaaaaaaaaaaaaaye #URL# ></ document>
<document> too much in #HASHTAG#, like
JT
EO
JK
They are members of the RC "Church" that cures the world.
Muslims
Blacks &amp;
Indigenous Peoples inhumane since 1095
1) #URL#
2) #URL#
3) #URL#
4) #URL# #URL# ></ document>
<document> BTW
JT IS RC
Since Quebec is a Roman Catholic-dominated province, I fully expected this, even though the church in 1st had subjugated Quebecois, since the Roman Catholic Church had been trying to exterminate Muslims since the first of the NINE Crusades in 1095.
#URL# #URL# ></ document>
<document> #USER# Interesting ></document>
<document> This is already happening in the Jewish community
We know a Jewish family and they told us that since only Jewish women's children are considered Jewish, their adopted child will never be considered Jewish #URL# ></document>
<document> #USER# "Retirement?"

aaaaaa

(R C M P pension heavily invested in pipeline) #URL# ></document>
<document> #USER# You never know when you need to borrow their car🤪😜 ></document>
<document> #USER# My RC brother in Canada is anti-vaccine and anti-medicine
When I sent this letter, they replied that they were following the Pope as well.
#URL# ></ document>
<document> #USER# Never
Non-stop
Involve the Roman Catholic Church in all things children ></document>
<document> #USER# #USER# #USER# I have a habit of looking both ways after the green light is on ></document>
<document> #USER# #USER# You should consider the scum of Russians on gop politicians nThese poor poor people.n.n#HASHTAG# ></document>
<document> Any politician who does nothing to prevent such a situation from happening should be so ashamed that they should enter their own @$$€$ and voters should never elect anyone for public office anywhere #URL # ></document>
<document> Probably blocked me because of my Pinned Tweet Thread #URL# ></document>
<document> #USER# #USER# Emperor Constantine the church &amp; turned it into a department of his government
LEADERS do Inhuman things while a handful of followers try to follow the teachings of Christ
RMPTT ></ document>
<document> #USER# CPC version:
#HASHTAG#
Pause after Murphy ></document>
<document> Will they join him now?
Murphy Brownshirts🤔😑😐🤨 #URL# ></ document>
<document> #USER# Here in #HASHTAG# #HASHTAG# we need to pay for home test kits and we have a ndp government 🙄
Why BC doesn't have free test kits ></document>
<document> #USER# The art of zoom and safe river valley cycling
Thanks ></document>
<document> HATE IN Canada MUST STOP NOW!!!
Our Current Politicians,
JT
EO
JK
They are members of the RC "Church" that cures the world.
Muslims
POC &amp;
Indigenous Peoples inhumane since 1095
1) #URL#
2) #URL#
3) #URL# #URL# ></ document>
<document> #USER# #USERR# nHey nHeynHeynAll church leaders who helped harbor &amp; sheltered pedo priests doing Jesus' work😕😕#HASHTAG# ></document>
<document> #USER# #USER# AND
Here's the Origin Story of White Supremacy
These 4 Papal Bulls of the Roman Catholic Church did just that
1) ) 9 Crusades
#URL#
2) The Slave Trade
#URL#
3) Discovery Doctrine #URL#
4) Dum Diversas
#URL# ></ document>
<document> THERE IS NO BIGGER HATE
More Than Christian Love
Cannot Resist Bullying Vulnerable People
From Indigenous People to Children with Disabilities #URL# ></document>
<document> #USER# Pity white Supremacist cops
</document>
<document> #USER# #USER# #USER# #USER# #USER# nJobsnJobsnJobsnWell politiciansGreat move!!!nn #HASHTAG# #URL# ></document>
<document> #USER# Beautiful photos
.
Here are some Cattle Point photos #URL# ></document>
<document> Considering all the subtle messages Mother Nature has sent our way recently 😉, this Action is a slap in the face to the Defenders of the Land.
Come on
#USER#
#USER#
#USER#
#USER#
#USER#
It's time to stop this
NOW
Not really a good look
To be honest #URL# ></document>
<document> #USER# #USER# Ian
Please ask ALL Premiers where all their free test kits are
Here is #HASHTAG# with #HASHTAG# our local pharmacy charges for them ></document>
<document> You can make a swan using the same twisting technique as #USER# Moose head ></document>
<document> #USER# RIP Frank
Here Is The Best Zappa Melody Ever
#URL# ></ document>
<document> Can anyone who sees this retweet for more visibility?
Thanks #URL# ></ document>
<document> #USER# #USER# Hey #USER#
This Account #USER# is much HONEST than #HASHTAG# in presenting Facts ></document>
<document> #USER# Canada's Far Right follows Nazi replay up a T
See link below
We with the socialist mentality must start now against their propaganda by giving our citizens an Election and hope for a better future.
#URL# ></ document>
<document> #USER# OK
America is ABSOLUTELY Crazy

I know this because my brother who voted Democrat in California LOVES that the Majority of GOP Judges in SCOTUS are Roman Catholic
🤨😐😑🤔
Someone from the Democratic Party needs to WAKE UP and change strategy
NOW ></ document>
<document> #USER# So does my American half-brother
Wtf ></ document>
<document> #USER# Raccoons ></document>
<document> I've read that the overwhelming majority of police killings are people with mental health problems #URL# ></document>
<document> #USER# Apartheid Is Hard Work ></document>
<document> #USER# There's a terrible cold around
I know a few in the #HASHTAG# field here ></document>
<document> #USER# Hey @ Pontifex
A moral leader, abetting &amp; Those who worked at the Child Murder Tax Office and are still alive
Do it
Now

Also sign a Papal Proclamation condemning ALL of them
#URL# ></ document>
<document> #USER# #USER# Did you see the gear they're wearing?
Themprobably hotter than me in my tv room 😁😁 ></ document>
<document> #USER# nMaaaaaannThese Veils look so cute on all those white mennn#HASHTAG# ></document>
<document> #USER# Both my wife and child are sicker than anything else and they both test negative ></document>
<document> #USER# Ask them:
dirty tricks in Alberta
I wouldn't trust the RC M P to protect our landfills
#URL# ></ document>
<document> #USER# Your advocacy grows more &amp; more and more people are realizing that For-profit LTC DOES NOT prioritize Seniors' well-being
We ate at an Atria facility here at #HASHTAG# #HASHTAG# and the main was mass produced with frozen vegetables.
Salad was good ></ document>
<document> #USER# #USER# "Effective from November 30, 2021, fully vaccinated persons who are eligible to enter Canada and re-enter within 72 hours of leaving Canada are exempt from pre-entry COVID- coverage. molecular test result. ></ document>
<document> These Evangelical Christians Are Bee Knees😣😮😑😕nn#HASHTAG# #URL# ></document>
<document> It really takes a lot of courage to apply for FIVE Military Delays nn#HASHTAG# #URL# ></document>
<document> Come on
My FriendCanadians
please realize this
there is no such thing
"Strategic Voting"
in Canada
Here are the Facts
"Liberals" will NEVER act the same as Conservatives outside the HOC, BUT THEY WILL VOTE JUST LIKE Conservatives IN THE HOC
#URL# #URL# ></ document>
<document> #USER# This yahoo complained about empty racks only to find out there are NO EMPTY SHELVES so they undertook to block trade so that empty racks remain???
Am I right?
Wow #HASHTAG# amazing ></document>
<document> #USER# Is Josh More 🤔🤨 ></document>
<document> I'll bet HUGE money that if these protesters were Native, the Prime Minister wouldn't hesitate to send the head-scratching #URL# ></document>.
<document> ButnButnButn"Judges" is not a racer(a la Halperin)nn#HASHTAG# #URL# ></document>
<document> Doesn't she know all the different areas south of Ottawa where the Invaders Congregate? #URL# ></ document>
<document> #USER# Yes
This is a complete BS
></document>
<document> My ONLY wish is that more than 90% of Canadians who do not support these FASCISTS will vote for EACH of these cowardly Politicians in the upcoming Elections.
From federal to municipal politicians at #URL# ></document>
<document> #USER# #USER# #USER# #USER# #USER# #USER# #USER# #USER# Same
However
The nursery where our elders went has announced 2 covid cases 😏😒
Any ideas on how to set up a nursery at your grandparents' house? 😉 ></ document>
<document> #USER# #USER# "Remove all the rights of those arrogant young women, okay Sonny"n😈😇😆😂n#HASHTAG# ></document>
<document> #USER# Try to break the Guinness World record for largest group dance ></document>
<document> #USER# nLike HeynTF said, let's love the homelandhttp://t.co/HCx0IyGWF0n#HASHTAG# ></document>
<document> #USER# Thank you
Next summer I'll move the fence to where the photo was taken
On the other side of the fence we have a side garden ></document>
<document> #USER# MORE people need to listen
Doctor Gabor Mate

and/or
Do as Portugal did in 2001
#URL# ></ document>
<document> #USER# What is this so called "Christian Organization" nNevern#HASHTAG# n😣 😕 😑 😮 😮 n1) #URL#) #URL#) #URL# ></document>
<document> Just wait until O'Toole's Successor is selected
Probably Jason Kenney 😐😑😒😒
to be re-elected
The "Liberals" will have to lie to the center and then install a nice version of Fascism to appease the Far Right.
And
presto
They come back to power. #URL# ></ document>
<document> #USER# We have Black friends who are Roman Catholic, and I told them that the Roman Catholic Church is the largest White Supremacist Organization in the world.
see this
#URL# ></ document>
<document> #USER# nButnButnFemale!!!nGay!!!!nDidn't you see#HASHTAG#(Being F&amp;G prevents comments on ability?) ></document>
<document> #USER# What a wonderful bunch of 'Jesus-like people'n#HASHTAG# #URL# ></document>
<document> #USER# I really feel sorry for those who don't dare to do what you have the power to do
When they retire, they will become an empty representation of themselves.
Their careers at Lions &amp; end their career as a Coward
BULLY their boss
sad times ></ document>
<document> #USER# This is more appropriate
"The current manifestation of White Supremacy got its Resurrection when Manning Harper took the stage" ></document>
<document> #USER# Sneak ></document>
<document> Works for ignorant people like my ultra-religious fundamentalist Roman Catholic brother #URL# ></document>
<document> #USER# Oh I know
Read My Pinned Tweet Thread ></ document>
<document> #USER# #USER# Does anyone understand why the war in Yemen isn't in the news like the war in Ukraine?
Maybe that's why #URL# ></document>
<document> #USER# #USER# #USER# Here's More Proof of How Jesus Christ Really n#HASHTAG# n#URL# ></document>
<document> Damn, you got military suspension for this toon#HASHTAG# #URL# ></document>
<document> #USER# Just like the overwhelming majority of my Roman Catholic extended GOP family
Someone says fake news is a legitimate news organization without conspiracy stories😔🙃😠😔😉 ></document>
<document> #USER# #USER# one dee ten tee
😁😁 ></ document>
<document> #USER# nFail is not a Muslim???nn#HASHTAG# ></document>
<document> #USER# Maybe teenagers can now do long track speed skating instead ></document>
<document> #USER# Here's what is used

I've seen these used in West Kelowna.

#URL# ></ document>
<document> #USER# #USER# This 1 weapon user costs £20,000 each
Wow
War is expensive ></ document>
<document> If arsonistI bet they will change it to Terrorist Attacknn#HASHTAG# 😕😣😮😑 #URL# ></document>
<document> #USER# Yes
Time to reveal the contents
Panama Papers ></ document>
<document> Only for white immigrants after WWII nApparently nn#HASHTAG# #URL# ></document>
<document> #USER# #USER# My youngest wants to buy but is worried about the bloated RE
I really don't know what to say other than keep renting. ></ document>
<document> #USER# Kids, huh? 😁😁 ></ document>
<document> #USER# If an action is a known Trigger for anyone, that action IS TERRORISM ></document>
<document> #USER# When will Bobby send a warning to all women about the greasy male sexual assault chauvinistic pigs working in his organization?
You know
Like the warning sent by the Metropolitan Police in London UK ></ document>
<document> #USER# Still suspects that you chose that location 🤔🤨 ></document>
<document> #USER# So cool 😎 ></document>
<document> #USER# If this doctor is Roman Catholic, then he was early programmed to be cruel Hateful Misogynist Bullyers
I know as I am dragged into a Roman Catholic Family attending the RC Church and 3 RC Schools and with 3 fingers I can count how many are like Jesus
🤨😐😑🤔 ></ document>
<document> #USER# #USER# The police ALWAYS do this to themselves. This is why cops who kill black people have such a high conviction raten#HASHTAG# ></document>
<document> #USER# if you don't mind
I will indirectly experience your adventures in the comfort of my HOT living room😁😁😅😅 ></document>
<document> #USER# .#USER# .#USER# .#USER# .#USER#
We need to fix this as we allow ourselves to be put into a gross Inhuman state.
We are like wild animals if we do not change the way we treat our own Citizens.
Another Sad, Sad Day in Canada #URL# ></document>
<document> #USER# #USER# #USER# #USER# Other situations that will cause police to kill drivers ???? ></ document>
<document> #USER# Funny
That was exactly the reason America was created, not to enslave the aristocracy that MOST Politicians characterize.
Aristocracy!!! ></ document>
<document> These so-called protesters are the troublemakers

There are many people tweeting that they were verbally or physically assaulted, which reminds us of the last days of the 20th century.
Brown shirts in Nazi Germany
Well done, you inactive Canadian Politicians #URL# ></document>
<document> #USER# The real problem is that Too Many WyPyPos ARE ONLY AFRAID OF Black Skin and it is the duty of Police Departments ALL OF Canada to weed out these misfits during recruitment and then make sure that the Officer hired during training is BETTER trained. existing ></ document>
<document> #USER# Drive in the Highlands with #HAHTAG# in Summer

Very avant-garde Fascist vibe ></document>
<document> #USER# Hey MalcolmnCheck what this guy saidReally looks like Christ😣😕😑😮 #HASHTAG#)#URL#) #URL# ></ document>
<document> Freeland is a Nazi
Simple
Also Freeland's
Lima Group
#URL# #URL# ></ document>
<document> #USER# Funny
At 14, I asked my father why he didn't pay his staff better, and he replied.
They don't know what to do with money
When things don't go RIGHT
GO LEFT!!!
😉😉 ></ document>
<document> #USER# Pffffft to you too 🤣 ></document>
<document> #USER# #USER# Hint. "No one is a sled." ></ document>
<document> R C M P bombs oil field in 'dirty games' campaign
#URL# #URL# ></ document>
<document> Germans occupy mostly Jewish areas in Europe &amp; 6 Million Jews Bomb Those Areas Until Their Death Is Israel's Treatment of People In Gaza Unforgivable Anymore?
Or is it taking the world lead?
"Roman Catholic Church"
2 B cruel 2Arabs #URL# ></document>
There is a problem in <document> #USER# #HASHTAG#
No Prime Minister's lips of Truth &amp; To the world, with Canada's Help, HolySee &amp; RC Church committed Genocide
They are excommunicated so quickly that they think they've gone back in time with the 2nd and 4th Inquisitions ></document>
<document> To be honest
You should give Gerald enough time to coach him on what to say next.
"Liberals" is the Executive Federal Party at Government #URL# ></document>
<document> #USER# Probably a descendant of 'Enry VIII ></document>'.
<document> #USER# Now you think this is bad
Wait until the GOP takes back the White House
America WILL BE a 3rd tin of bananas Christian Fundamentalist Republic led by Rich Dudes just like Donald, Brett and Newt
🤨😐😑🤔 ></ document>
<document> Too many Politicians in Canada get their life skills guidance from the ideology spread around the world by the Roman Catholic Church ????
Please read my Pinned Tweet Thread #URL# ></document>
<document> #USER# #USER# But Charlie nWe now have $4.5 Billion WHITE ELEPHANS n.n.n#HASHTAG# GovernmentDo the right thing hereNown#URL# ></document>
<document> #USER# Top Music in this thread
Christmas Music ></ document>
<document> Please
read this thread
Thanks #URL# ></ document>
<document> #USER# REITs are such a sweet investment 😀 ></document>
<document> #USER# #USER# #USER# This is what I fear most
Possible sabotage of Nuclear Facilities in order to "disrupt" the country for invasion
#URL# ></ document>
<document> How a person's upbringing is &amp; Who they get guidance from has a huge impact on how they live their lives &amp; How do they expect others to experience theirs?
Jason Kenney is Catholic
(I left at 19)
& Many of his MLAs R "Christian"
>Please read my pinned tweet thread #URL# ></document>

</author>