
	
		<document> #USER# OH. EM. GEE!!! ></document>
		<document> #USER# was prepared to use the pen in his pocket to defend against the terrorists, had they breached the room Congress were barricaded in. People have looked at me like I'm crazy when I say a pen can be used as an effective weapon. I feel vindicated. :D ></document>
		<document> #USER# #USER# Guess he lied about getting career politicians out of there. Shocking. #HASHTAG# ></document>
		<document> $500? That's all? Nah, gotta make it higher so it hurts them in the wallet. #URL# ></document>
		<document> Nuke. The. Filibuster. Fuck McConnell. #URL# ></document>
		<document> #USER# Pfizer first round I didn't feel any side effects. Getting second round on Wednesday, so we'll see. ></document>
		<document> #USER# I'm not Jewish, but can I get in on said space laser for her? ></document>
		<document> #USER# I was SO disappointed with those! ></document>
		<document> O. M. G.!!! The teeny, tiny ears!!!! #URL# ></document>
		<document> #USER# #USER# Pres Biden has already declared a nat'l emergency in TX, has generators &amp; clean water on the way, &amp; is already sending FEMA in. Fed disaster aid will be separate from the COVID relief bill. Doing it this way, rather than putting it in the bill, gets help to TX now, not in weeks. ></document>
		<document> I propose a total &amp; complete shutdown of white guys just until we figure out what's going on. (Obviously not the good ones). #HASHTAG# #URL# ></document>
		<document> #USER# Must be the small business pandemic relief money the Catholic church got. #HASHTAG# Also, we need to start taxing TF out of big churches. ></document>
		<document> #USER# #USER# Do basketball player fingers even *have* any ligaments left in them after years of playing? :D ></document>
		<document> #USER# #USER# #USER# #USER# I have been kicking people out of the ATR before they even step foot in it if they aren't masked. Thankfully, the ATR I work out of is not on the main campus! ></document>
		<document> #USER# It does, however, make it easier to identify early on who is caustic &amp; who isn't, which is a handy skill to have. ></document>
		<document> "When VanDerveer found out, she did not seem mad. Instead, Williams says, their coach was “heartbroken.”  It was difficult to face—and since it sent the players back into quarantine, an even longer one this time, they had plenty of time to think about it." 2/x ></document>
		<document> Similar to what I just said to my mom in a conversation about this mess. #URL# ></document>
		<document> #USER# #USER# Who will pay it? We can start by rescinding the tax break Trump gave rich folks, start taxing rich folks at a more equitable rate, &amp; start taxing churches &amp; any other rich "non-profits" that benefitted off PPP loans for small businesses that were hurting due to Trump's pandemic. ></document>
		<document> The look on this innocent baby's face for being accused of such a crime! :D #URL# ></document>
		<document> There's a lot of things going wrong in the world right now, but this is not one of them. #URL# ></document>
		<document> #USER# #USER# Are they mad about your choice of mops? Or was there a movie/series live tweet they did not like? ></document>
		<document> #USER# #USER# #USER# In Texas...that's a good bet. ></document>
		<document> #USER# #USER# #USER# #USER# #USER# But I've been told PT clinics aren't in it for the $, but, rather, to help the athletes. #HASHTAG# ></document>
		<document> #USER# If she was a white man it wouldn't be. People suggested Michael Jordan sit out games so other teams had a chance to win. ></document>
		<document> #USER# Yep. pretty recently, but still taken off. ></document>
		<document> #USER# Wasn't he just calling for unity last week? ></document>
		<document> #USER# #USER# It's been awhile since I've had a most splendid day, &amp; to top it off with a concert on the day her new record is released was just perfect. ></document>
		<document> This is a load of crap, &amp; something needs to be done to fix it. #URL# ></document>
		<document> #USER# oof....hopefully this helps to right the ship! ></document>
		<document> Very important #HASHTAG# update. Part bags 6-11, &amp; onto instruction book number two. My fingers may have no skin left by piece number 6000. :D #URL# ></document>
		<document> #USER# Tweeting about student loan debt. ></document>
		<document> #USER# Funny thing is, it was a friend/co-worker who asked if I'd ever thought about AT -- well, no, because I had no idea it existed. She told me to call the head AT at a local JC to see if I could late add his AT intro class. ></document>
		<document> Monkeypox. WTF?! Yeah, anyone who comes at me for continuing to mask can straight sod off. #URL# ></document>
		<document> #USER# TV show, &amp; you can watch all four seasons on Netflix now. :D ></document>
		<document> Look who's home from the hospital, w/a new nose, radiator, AC core, &amp; transmission lines! #URL# ></document>
		<document> Great use of our tax $ and military resources. #HASHTAG# #URL# ></document>
		<document> #USER# Ah, there ya go! All out assault on the allergies, FTW! Good luck! ></document>
		<document> #USER# So fast they wouldn't even know I'd been there. ></document>
		<document> #USER# It totally showed that you were actually loving that moment, rather than just trying to get into the heads of the Swedes. It was fun to watch. Congratulations on the Gold! ></document>
		<document> #USER# But...but...but...I'm sure anti-vaxxers, who are also anti-maskers, will be totally, 100% honest about being vaccinated when they aren't wearing masks. #HASHTAG# ></document>
		<document> Make that a permanent position for him! #URL# ></document>
		<document> William just did the "I'm not a racist" bit, so now we know it was him who was asking about skin color. #URL# ></document>
		<document> #USER# #USER# said the same thing last night -- how it could've been an "Okay, it'll be a safe target because I won't be there" sort of thing, That hadn't occurred to me, but now I can't stop thinking about it. ></document>
		<document> How tf did I get on a call/text list for the fecking GOP? And for that traitor Dan Crenshaw?! I doubt they'll be responding to what I replied with. ></document>
		<document> #USER# The moment cheetolini stole 2016. Actually, before that, because I saw the parallels to 1930s Germany. ></document>
		<document> #USER# #USER# Uppity?! Holy crap, do you even know the history of why this is so bad for a white person to call a Black person uppity? Because, damn, this is bad. And WTF does his making $800/yr as mayor have to do with any of it? ></document>
		<document> #USER# Nah, all good. I read it as an excited "I KNOW, SO AWESOME!!!" :D ></document>
		<document> #USER# A topic that really, really needs to be addressed in healthcare. Good on you! ></document>
		<document> #USER# #USER# Um...kicking them out gives control back to McConnell, because it would give Republicans a 50-48 majority. ></document>
		<document> #USER# Nope. ></document>
		<document> #USER# #USER# #USER# The age old AT story! If one of us figures out how to mitigate this, we may win a Nobel Peace Prize! :D ></document>
		<document> #USER# #USER# Yep, looks like a terrorist group to me. #HASHTAG# ></document>
		<document> Removing military personnel just as he's escalating the war in Afghanistan. Brilliant. #HASHTAG# #URL# ></document>
		<document> #USER# #USER# #USER# #USER# #USER# #USER# #USER# Oh, Nneka wants to participate, &amp; nothing else came up. She's now awaiting FIBA approval to play for Nigeria, rather than waiting around to maybe be called up by the US if someone gets injured btwn now &amp; the start of Olympic competition. ></document>
		<document> #USER# #USER# #USER# #USER# When you join a police department out of the police academy, you still have to go through in-the-field training. You're in a probationary period during that time, &amp; are evaluated by the field training officers before you are left to go solo. Basically, on the job training. ></document>
		<document> #USER# No, he's just Ted Cruz. ></document>
		<document> Oh, so Trump got Taliban prisoners released, even though they killed US soldiers? And they were released yesterday? And he bragged about how well we're getting on with the Taliban? The day before 9/11?  Yeah, he loves our military &amp; country. #HASHTAG# ></document>
		<document> #USER# #USER# Well, I think most of it is going to slosh out when she tried to lift that container when it's full. ></document>
		<document> To this day, I keep expecting the colleges &amp; universities to call &amp; demand back the degrees that were conferred on me. We won't get into how stunned I am to have been in my profession for nearly 30 years now. #URL# ></document>
		<document> #USER# #USER# #USER# #USER# #USER# #USER# Me, when 20+ track &amp; field kids walk into the ATR at the same time, all needing some form of treatment. #HASHTAG# #URL# ></document>
		<document> #USER# 57 here. I have toast or cereal for dinner quite often. ></document>
		<document> #USER# But, remember, women's sports don't count. #HASHTAG# Double-edged sword for we Stanford WBB fans who are sick of hearing it every...single...year since 1998, ></document>
		<document> #USER# #USER# I actually wasn't really aware of N95s *without* valves, so I'll amend to say if ATs are wearing N95s, don't use the ones with the valves. They do nothing to protect others from COVID. ></document>
		<document> #USER# This is definitely happening because of the vax. :D ></document>
		<document> #USER# #USER# Please tell me  you demonstrated, on him, how it was done! :D ></document>
		<document> For SO many! 1997 team, the sisters Ogwumike, &amp; so on, &amp; so forth. #URL# ></document>
		<document> In all the years I've taken photos at concerts, this is the first time I've ever had something professionally mounted &amp; framed. #USER# at Stanford's Frost Amphitheater, a week before I started a new job. Gift to myself when I got my 1st paycheck. #HASHTAG# #URL# ></document>
		<document> #USER# #USER# Costco sometimes sells "moving kits," which is a bunch of different sized boxes, packing materials, &amp; boxes specifically for dishes/glasses/wardrobe. U-Haul sells boxes &amp; packing materials, too. ></document>
		<document> So...no spectators because of a COVID resurgence in Japan, but they're going to let unvaccinated athletes come there? Good God, it is beyond idiotic to continue with the Tokyo Olympics at this point. #URL# ></document>
		<document> #USER# Exactly what I was thinking. #HASHTAG# ></document>
		<document> #USER# Huh...camera phones cause police brutality is certainly a...take. Stupid people are stupid. ></document>
		<document> #USER# Was it as hot out at Stanford today as it was yesterday? I think it was close to 90 deg there yesterday. I nearly melted out at Frost Amphitheater. How's that for irony? :D ></document>
		<document> I want to know how she had any energy left to let out those yells like she did when she knew she was going to medal! #URL# ></document>
		<document> And that associate head coach to her left? Kate Paye. Who was a freshman player for Tara the last time Stanford won it all. :D #URL# ></document>
		<document> #USER# #USER# #USER# #USER# Why are you trying to take credit for something you voted no on? ></document>
		<document> #USER# "Everyone who declares war on The United Kingdom loses..."

The United States would like a word. ></document>
		<document> #USER# Ya know, Andras, a tweet like this actually gave me a sparkle of hope. What a weird sensation. :D Happy holidays to you &amp; yours. ></document>
		<document> #USER# #USER# Yeah, no call on that bloody nose. I thought the saying was "no blood, no foul," not "eh, blood." :D ></document>
		<document> #USER# Hell yes! ></document>
		<document> #USER# I liked when they busted the Netherlands for it a little while ago. ></document>
		<document> #USER# "Sorry, injured athlete, but I can't evaluate your injury because I have to keep wiping down the bench." Um yeah, no. ></document>
		<document> #USER# #USER# Yep, that last part. That's how Schwarzenegger got in. He didn't even get 50% of that recall vote, but he had the highest % of votes on a very split ballot. ></document>
		<document> #USER# #USER# #USER# And I see you conveniently ignored the part about how it would have a better chance in a standalone bill. ></document>
		<document> #USER# #USER# They claim to support the military but they don't know the pin that signifies military family? Shocking. #HASHTAG# ></document>
		<document> #USER# That's one of my places I want to visit. Gotta see those Northern Lights! :D ></document>
		<document> #USER# #USER# #URL# She's been livestreaming performances all pandemic. Today's concert livestream will be available to watch until April 11. Cost was $25, &amp; the $ goes to paying her band &amp; crew while they aren't touring during the pandemic. She puts on a fabulous show. :D ></document>
		<document> #USER# Well, you have a conscience, so, by default, you couldn't be them. ></document>
		<document> #USER# #USER# #USER# Well, I know the wrestling &amp; men's rowing teams were out there cleaning it up. Point is, it was chalk, &amp; at least some of the involved athletes were out there cleaning it up. ></document>
		<document> Ya know, when I saw this video earlier, I thought "that looks like woman, from the gait, &amp; just the body in general." I would not be one bit surprised if this is a woman. #URL# ></document>
		<document> #USER# Today was also my first day back after nearly 2-weeks off. I got to deal with COVID mess all day, with some conflicting information thrown in the mix just for fun. ></document>
		<document> #USER# #USER# You know I bleed Cardinal red, but Aliyah just breaking into tears like that was gut wrenching to see. She's a special player. ></document>
		<document> SNOW 

Dammit

SNOW ></document>
		<document> #USER# #USER# #USER# That's what I said happened to Dunn in that game v Sweden -- she just got left stranded on an island by her center backs. ></document>
		<document> #USER# #USER# #USER# #USER# So the trick is to convince them that ATs can provide that same care on non-sports movies. ></document>
		<document> I think this may explain my affinity for tigers. #URL# ></document>
		<document> Watching an on-demand CE presentation on concussions, &amp; the presenter is talking so fast, it's giving me a headache. #HASHTAG#! ></document>
		<document> #USER# #USER# #USER# Your keynote basically externally validated my entire career. Have been certified since 1997, &amp; have practiced AT pretty much the way you discussed. I'm guessing my background in Psychology may have something to do with it, but I also interned for an AT who had similar methods. ></document>
		<document> #USER# Gymnastics is probably my least favorite sport to cover, because it gives me mini-heart attacks seeing theirs heads so close to the beam, or falling from the high bar, or a badly missed vault. Always on the edge of my seat when I cover it. ></document>
		<document> #USER# #USER# I've seen one of those up close &amp; personal with a couple of rugby players, although with one, the foot was completely facing the opposite direction as it was supposed to be. ></document>
		<document> #USER# #USER# #USER# I'm in a union. We're still adopting the new CDC guidelines, as idiotic as they are. Oh, and I'm a healthcare professional. ></document>
		<document> #USER# #USER# #USER# #USER# #USER# #USER# #USER# #USER# #USER# #USER# Truth. ></document>
		<document> #USER# #USER# That entire CD is fabulous! Sadly, I will not be going to MT for her shows. I was talked out of it by my BFF, who reminded me about the Delta+ variant, &amp; how MT is one of those anti-mask states. ></document>
		<document> I'll always be with you...

Brandi Carlile. :D #URL# ></document>
		<document> #USER# That was my same thought. ></document>
		<document> #USER# #USER# Finally, you, sir, are a perfect example of what OG was posting about. Just had to center yourself, rather than saying nothing and just considering what she had to say. ></document>
		<document> #USER# #USER# Nah, we get to see highlights from South Carolina v Texas instead. Stanford getting no respect is nothing new. ></document>
		<document> Congratulations to all the new ATCs! Welcome to the BEST PROFESSION EVER!!! #HASHTAG# ></document>
		<document> #USER# Innocent. That looks like it just up and spontaneously exploded on its own. :D ></document>
		<document> #USER# Aw shucks. :D ></document>
		<document> #USER# #USER# I just dozed off in the middle of my second one. LOL ></document>
		<document> #USER# What a difference a little love, nurturing, &amp; the correct food can make! They are precious! ></document>
		<document> #USER# WTF?! Yet another reason to keep the feet firmly planted on land! Don't get me wrong, I love the ocean, but I do not go IN the ocean. #HASHTAG# #HASHTAG# ></document>
		<document> I've been telling y'all. pay attention to who around you isn't wearing a mask...and steer TF clear of them! #URL# ></document>
		<document> #USER# When I'd travel a lot with teams, gone anywhere from 1-3 weeks, I missed my cats horribly. Those little fur brats had me wrapped around their paws. ></document>
		<document> The problem is the assumption that the far left is on "our side." They have more in common with Trumpists/GOP than they do with me/(actual) Dems. #URL# ></document>
		<document> #USER# #USER# #USER# 1. We can integrate immigrants? How about let immigrants integrate if they want, but let's not force that. That is historically a horrific thing the US has done. ></document>
		<document> #USER# "To my surprise, my head injury was more concerning than my shoulder/arm injury." Yep, head injury w/vomiting is WAY more concerning than a shoulder/arm injury. Glad she made it to the next checkpoint, where there were ppl who could help, &amp; glad she's on the mend! ></document>
		<document> #USER#'s answer re: EBP had me yelling "Yes! Thank you!" at my computer! #HASHTAG# #HASHTAG# #USER# ></document>
		<document> #USER# Hope everything turned out okay. ></document>
		<document> #USER# #USER# Exactly. :D ></document>
		<document> Just one of the many reasons I love this show, because #HASHTAG# &amp; everyone involved with #HASHTAG# knows that, &amp; was invested in getting it right. Also, if you haven't seem Cam's edits, go check them out. #URL# ></document>
		<document> #USER# #USER# I'm DI now. This will be the first time I get more than 2 days off. High schools, clinic/outreach, etc, I only ever got Xmas day and NY day off. Xmas Eve &amp; NYE were 1/2 days. Granted, I work w/sports that are not in season, but still... ></document>
		<document> #USER# No, no he can't. Please learn about how our government works, particularly since you're a part of it. ></document>
		<document> #USER# I have it on DVD, but I haven't been able to watch it since I saw it in the theater, even though it was so well done, &amp; Hillary Swank just nailed the role. ></document>
		<document> Sure...but let's be real here, I don't put up with crap, &amp; that tends to make me single. :D #URL# ></document>
		<document> #USER# #USER# *whispers* brachial plexus nerve bundle :D ></document>
		<document> #USER# People have gotta stop putting this stuff out into the universe, yo! ></document>
		<document> #USER# #USER# Use a cat filter, &amp; you can charge more. ></document>
		<document> #USER# That's what I mostly started doing this past year. Also, I turned off RTs of some of the people I follow, because all the stuff they RT is stuff I'm hoping to mostly avoid &amp; get dragged into. ></document>
		<document> #USER# I knew it straight away when I saw this pic. ></document>
		<document> #USER# Safe travels. ></document>
		<document> #USER# Because you're an Athletic Trainer. :D ></document>
		<document> #USER# Congratulations! ></document>
		<document> #USER# #USER# We'll have one again in 10-days. That position has been vacant since 1/20/2016 at 12noon. ></document>
		<document> White folks equate privilege with money/possessions. Can't even count how many times I've told other white folks that's not what white privilege is referring to at its most basic. #URL# ></document>
		<document> Wait...Kiana gets butt checked to the ground, &amp; the foul is on her? #HASHTAG# #HASHTAG# ></document>
		<document> #USER# #USER# He has the greatest military mind you know? Knows more than the generals &amp; such. #HASHTAG# ></document>
		<document> #USER# My eyes nearly roll out of my head when I see anyone going off about trying to primary WV's Manchin with a leftist. Have these people never been to WV? Or even so much as met someone from WV? ></document>
		<document> #USER# C'mon now, you don't expect them to do something different, do you? It is the women's NCAA tourney, after all. #HASHTAG# ></document>
		<document> No. We already pay gas taxes &amp; registration fees that are supposed to pay for infrastructure things. This penalizes people who can't live close to where they work, &amp; who do not have access to other transportation. #URL# ></document>
		<document> After 3 hrs of redialing, I finally got through to the #USER#. I was on hold maybe 15 minutes before I was able to talk to an actual person. I have now been on hold for at least 1.5 hrs, waiting to be connected to someone to manually enter my extension info. 1/x ></document>
		<document> #USER# Um...please re-read what I replied. I was agreeing with her. That's what "This! SO MUCH THIS!" means. I was in no way suggesting SHE wasn't vaccinated. ></document>
		<document> #USER# Huh...who knew that a program that was created to rate women would turn out to be so scummy? #HASHTAG# ></document>
		<document> OMFG...now can the #HASHTAG# stay on sides from here on out? Pretty please? #HASHTAG# #HASHTAG# ></document>
		<document> #USER# #USER# Also, the Sparks have the Sisters Ogwumike, who know how to compete against Brittney Griner. ></document>
		<document> #USER# Congratulations on the early finish! I'm usually scrambling the last few hours. LOL #HASHTAG# ></document>
		<document> #USER# Pretty sure some may have been. ></document>
		<document> Have to say, it's a really nice feeling to wake up, &amp; not have my first thought be "well, WTF did that asshole do today, &amp; are we at war with someone new yet?" I could totally be fine living like this the rest of my life. ></document>
		<document> #USER# Yes. Paper towel stops the grease before it hits the jar. ></document>
		<document> #USER# Hey, DC residents, Mike here says you don't deserve representation. I guess that means y'all don't have to pay taxes now. Not like we went to war or anything with some country over that taxation without representation thing. ></document>
		<document> I really wish they hold off on these Federal charges until Biden's sworn in. #URL# ></document>
		<document> #USER# Bill Barr is full of shit. Trump has been fomenting insurrection long before yesterday. ></document>
		<document> Stopped listening to people telling me what I should do, &amp; started living my own damn truth. #URL# ></document>
		<document> #USER# #USER# OMG typo...another hour &amp; (now) 7 minutes. ></document>
		<document> Oh, so Trump got Taliban prisoners released, even though they killed US soldiers? Yeah, he loves our military. #HASHTAG# ></document>
		<document> "Nneka hasn't been critical of USA Basketball, but said that when she didn't make the U.S. team, she didn't want to wait on the possibility of perhaps being called on as an alternate...She's been in that position before &amp; said she doesn't see herself as a "second choice." ></document>
		<document> #USER# I was thinking allergy attack -- sneeze all over it. :D ></document>
		<document> #USER# Damn. ></document>
		<document> #USER# #USER# Bucky is living his best life! Yay Bucky! ></document>
		<document> "Just a lil strawberry...rub some dirt on it..."

OMG...I love this kid!!! #URL# ></document>
		<document> #USER# #USER# #USER# #USER# #USER# Yeah, I've been a Sports Medicine professional 25+ years, with the bulk of that covering rugby. It's mind boggling what concusses some athletes, but not others. ></document>
		<document> If you've never seen this show, your opportunity to rectify that is here! #URL# ></document>
		<document> #USER# I know how that trying to type/think pre-fully caffeinated is! ></document>
		<document> Well, we really don't need to wonder. #URL# ></document>
		<document> Yep. Way too many times to count, including some of my family. #URL# ></document>
		<document> Yep, cheetolini is really helping our military &amp; their families. #HASHTAG#  #URL# ></document>
		<document> #USER# Y'all did yourselves proud, Coach. Aari's last shot could've just as easily gone is. I thought it was going to. That it was so close w/her being guarded by 3 players, &amp; her being off balance...well, everyone knows it could've gone either way. Y'all put everyone on notice. ></document>
		<document> #USER# Someone told me "They just just pull Trump out now!" Sure, then Dems are the ones overthrowing our government, so no, that won't work. Now, if he attempts to seize power come Jan 20, then he can be pulled out. ></document>
		<document> And, no, I'm not saying that's all undocumented people do. They contribute in many different ways, &amp; they pay taxes here, too. ></document>
		<document> #USER# Yeah, no, I don't do "local" group BS. If I won't socialize with them IRL, I won't socialize with them on FB, &amp; I stay to myself here. ></document>
		<document> #USER# #USER# #USER# #USER# #USER# #USER# Yes, I know how hospitals work, thanks. Never said I resented anyone, but there's got to be a better solution. ></document>
		<document> #USER# Oh, now that is a gooooood stretch! ></document>
		<document> #USER# PRESIDENT Biden is using Executive Orders to reverse the hideous EOs that Trump signed. So it was okay for Trump to govern that way, but not for Pres Biden to? GTFOH with that, &amp; do fuck all the way off. ></document>
		<document> Raise the pay, implement protections from COVID, stop treating employees like crap, offer paid sick leave, don't undercut hours. Simple enough fixes, but business owners just want to blame something/someone else. #URL# ></document>
		<document> #USER# I absolutely love where I work now. Even with COVID hell these past 3-weeks, I wouldn't trade it for anywhere else. 

And good job on the basketball coach! #HASHTAG#! :D ></document>
		<document> It's not being alarmist if it's clearly spelled out, &amp; you just point out what's up. #URL# ></document>
		<document> #USER# #USER# When I fly R/T, I routinely check-in to my flights the day before, &amp; unless I check baggage, I skip the whole check-in line. Could've been the case, or the no-fly list was updated after they checked in. ></document>
		<document> #USER# Aaaannnnd my brain just went into "Huh, what are the factors that would go into a study like that?" Then proceeded to think of a few factors. #HASHTAG# ></document>
		<document> #USER# Anyone but white folks are lazy, remember? #HASHTAG# ></document>
		<document> There was a bomb threat at another Bay Area high school a couple hours ago, too. WTH? #URL# ></document>
		<document> #USER# Kind of like how we used to do. ></document>
		<document> #USER# #USER# #USER# No, Ford *literally* never won a national election. He wasn't even elected as Nixon's VP. He was appointed VP, via the 25th amendment, after Spiro T. Agnew resigned as VP. ></document>
		<document> #USER# #USER# It's truly mind boggling to me, but then again, I never hated myself for being queer. ></document>
		<document> #USER# Ah, I new that conservative POS was still in there. ></document>
		<document> WTF, Georgia?! #URL# ></document>
		<document> #USER# #USER# "Is the person who is supposed to be doing that job having a difficult time with it?" *adjusts halo* ></document>
		<document> #USER# #USER# #USER# No, they're not. Fractured sternum is much more serious, &amp; can take up to 8-weeks before healed enough for her to play. Her game fitness will also be affected in terms of cardio. With a knee injury, Nneka should be able to keep her cardio close to game fitness. ></document>
		<document> #USER# I hope you told whoever told you that to piss off &amp; mind their own business, that you will grieve in your own way &amp; time. There is no timeline for grieving. None. ></document>
		<document> #USER# I am so happy I can avoid people, both because not working right now due to COVID shutting down my job, &amp; because I don't live near people. ></document>
		<document> #USER# #USER# I'd move there or Ireland in a heartbeat. Pretty sure I could find work in rugby either place. ></document>
		<document> #USER# American History Month? If he doesn't like Black History Month, I really don't think he'll like American History Month. ></document>
		<document> #USER# #USER# #USER# #USER# Nah, the country definitely does not need the normalization of freaking Nazis like Gaetz. ></document>
		<document> I found a bottle of garlic powder that I'm pretty sure had become petrified. I was going to dump the contents, then clean &amp; reuse the bottle, but it was so solid, I couldn't break it up at all. ></document>
		<document> #USER# #USER# #USER# #USER# #USER# #USER# #USER# #USER# #USER# #USER# It will come as no surprise that I was the "troublemaker" at that clinic. :D ></document>
		<document> #USER# There *is* nothing quite like a well executed dump tackle. :D ></document>
		<document> #USER# #USER# My first thought was "And this teacher is still alive?" Second was "Not fired?" ></document>
		<document> #USER# #USER# #USER# #USER# #USER# #USER# #USER# #USER# It's not at all debatable if Nneka should've made the roster for Tokyo, unless she's not responding well to rehab for the injury, &amp; her athletic trainer would've been able to update USA Basketball on her progress. ></document>
		<document> #USER# #USER# Yeah, but the women got socks &amp; an umbrella. #HASHTAG# ></document>
		<document> #USER# #USER# #USER# Yeeaaahhhh...don't get me started on CA's antiquated power system. ></document>
		<document> #USER# #USER# #USER# I'm in CA, so I tend to agree, but it has to be a consideration. ></document>
	
</author><document> #USER# OH. EM. my god!!! ></ document>
<document> #USER# was ready to use the pen in his pocket to defend against terrorists if they entered the room where Congress was barricaded. People looked at me like I was crazy when I said that a pen can be used for the following purposes. an effective weapon I feel right. :D ></ document>
<document> #USER# #USER# I think he lied about getting career politicians out of there. Shocking. #HAHTAG# ></ document>
<document> $500? This much? No, I have to make them higher to hurt the wallet. #URL# ></ document>
<document> Nuclear bomb. . Bandit. Fuck McConnell. #URL# ></ document>
<document> #USER# Pfizer I didn't feel any side effects in the first round. It goes to the second round on Wednesday, let's see. ></ document>
<document> #USER# I'm not Jewish, but can I get the space laser in question for him? ></ document>
<document> #USER# I'm VERY disappointed with these! ></ document>
<document> O. M. G.!!! Teeny, tiny ears!!!! #URL# ></ document>
<document> #USER# #USER# Pres Biden has already declared a natural emergency in Texas, his generators &amp; clean water on the road, &amp; already sending FEMA. Fed disaster relief will be separate from the COVID relief bill. Doing it this way instead of putting it on the bill gives TX help now, not weeks. ></ document>
<document> Total &amp; Complete shutdown of white men until we figure out what's going on. (Obviously not the good ones). #HASHTAG# #URL# ></document>
<document> #USER# Should be the small business pandemic relief money the Catholic church receives. #HASHTAG# We should also start taxing TF from big churches. ></ document>
<document> #USER# #USER# Are there any bonds *remained* in the basketball player's fingers after years of playing? :D ></ document>
<document> #USER# #USER# #USER# #USER# I kick people out of the ATR before they step into the ATR unless they are masked. Fortunately, the ATR where I work is not on the main campus! ></ document>
<document> #USER# However, whose burning &amp; Who isn't, it's a useful skill to have. ></ document>
<document> "VanDerveer didn't look angry when he found out. Instead, Williams says his coaches were "heartbroken." Confrontation was hard and they had plenty of time to think about it, as he sent the players back into an even longer quarantine this time." 2/x ></ document>
<document> Similar to what I just told my mom in a conversation about this mess. #URL# ></ document>
<document> #USER# #USER# Who will pay? We can start by canceling Trump's tax exemption for the rich, we can start taxing the rich at a fairer rate, &amp; start taxing churches &amp; All the other wealthy "nonprofits" that are taking advantage of PPP loans for small businesses that have been hurt by Trump's pandemic. ></ document>
<document> The expression on the face of this innocent baby accused of such a crime! :D #URL# ></ document>
<documentent> There are many things going wrong in the world right now, but this is not one of them. #URL# ></ document>
<document> #USER# #USER# Angry at your choice of mat? Or did they have a live tweet of a movie/series they didn't like? ></ document>
<document> #USER# #USER# #USER# In Texas... that's a good bet. ></ document>
<document> #USER# #USER# #USER# #USER# #USER# But I was told that PT clinics exist not to make money, but to help athletes. #HAHTAG# ></ document>
<document> #USER# This wouldn't happen if he was a white man. People have suggested that Michael Jordan not appear in matches so that other teams have a chance to win. ></ document>
<document> #USER# Yes. fairly recently, but still removed. ></ document>
<document> #USER# Wasn't he calling for unity just last week? ></ document>
<document> #USER# #USER# My greatest day in a long time &amp; It was perfect to wrap it up with a concert the day your new record came out. ></ document>
<document> This is a lot of bullshit, &amp; Something needs to be done to fix it. #URL# ></ document>
<document> #USER# oof....hope this helps fix the ship! ></ document>
<document> Very important #HASHTAG# update. Parts bags 6-11, &amp; to instruction book number two. Part 6000 may be out of skin on my fingers. :D #URL# ></document>
<document> #USER# Tweeting about student loan debt. ></ document>
<document> #USER# The funny thing is that it was a friend/co-worker who asked me if I had ever considered AT -- so no, because I had no idea it existed. He told me to call the AT president at a local JC to see if I could add the AT entry class late. ></ document>
<document> Monkey flower. WTF?! Yes, anyone who attacks me because I continue to wear a mask can just go away. #URL# ></ document>
<document> #USER# TV show, &amp; You can now watch all four seasons on Netflix. :D ></ document>
<document> Look who got a new nose, radiator, air conditioner core and &amp; transmission lines! #URL# ></ document>
<document> Great use of our taxes and military resources. #HASHTAG# #URL# ></document>
<document> #USER# Ah, that's it! Total attack on allergies, FTW! Good luck! ></ document>
<document> #USER# So fast that they won't even know I'm there. ></ document>
<document> #USER# It totally showed that you really loved the moment rather than trying to get into the minds of the Swedes. It was fun to watch. Congratulations on the gold! ></ document>
<document> #USER# But...but...but...I'm sure that anti-vaccinators who are also anti-masking will be completely, 100% honest about getting vaccinated if they don't wear masks. #HAHTAG# ></ document>
<document> Make this a permanent position for him! #URL# ></ document>
<document> William just did the "I'm not a racist" part, so now we know it was him who asked about his skin color. #URL# ></ document>
<document> #USER# #USER# said the same thing last night -- how "Okay, it'll be a safe target b"because I won't be there". That hadn't occurred to me but now I can't help but think about it. ></ document>
<document> How do I enter a search/text list for the GOP? And for that traitor Dan Crenshaw?! I doubt they will respond to what I write. ></ document>
<document> #USER# The moment Cheetolini stole 2016. Actually before that, because I saw parallels with 1930s Germany. ></ document>
<document> #USER# #USER# Arrogant?! Wow, do you know the history of why it's so bad for a white to call a Black arrogant? Because, damn it, that's bad. And the fact that the WTF makes $800 a year as mayor has anything to do with it? ></ document>
<document> #USER# No, everything is fine. I excitedly read "I KNOW, SO AWESOME!!!" :D ></ document>
<document> #USER# It's an issue that really, really needs to be addressed in healthcare. well done ></ document>
<document> #USER# #USER# Um... firing them gives control back to McConnell because that gives the Republicans a 50-48 majority. ></ document>
<document> #USER# No. ></ document>
<document> #USER# #USER# #USER# Centennial AT story! If one of us figures out how to mitigate this, we could win the Nobel Peace Prize! :D ></ document>
<document> #USER# #USER# Yes, it looks like a terrorist group to me. #HAHTAG# ></ document>
<document> It is withdrawing military personnel just as it escalates the war in Afghanistan. Wonderful. #HASHTAG# #URL# ></document>
<document> #USER# #USER# #USER# #USER# #USER# #USER# #USER# Ah, Nneka wants to join &amp; nothing else came up. He is currently waiting for FIBA's approval to play for Nigeria, rather than waiting to be called up by the USA if someone is injured right now. The beginning of the Olympic competition. ></ document>
<document> #USER# #USER# #USER# #USER# When you join a police department from the police academy, you still need to go through on-site training. During this time you are on a trial period, &amp; It is evaluated by field trainers before you set off on your own. Basically, on-the-job training. ></ document>
<document> #USER# No, it's just Ted Cruz. ></ document>
<document> Oh, so Trump released Taliban prisoners despite killing US soldiers? And they were released yesterday? And did he brag about how well we got along with the Taliban? The day before 9/11? Yes, our army &amp; country. #HAHTAG# ></ document>
<document> #USER# #USER# Well, when you try to lift that container when it's full, I guess most of it will spill. ></ document>
<document> To date, universities &amp; universities to search &amp; I want my degrees back. We won't go into how surprised I am as I've been in the profession for nearly 30 years. #URL# ></ document>
<document> #USER# #USER# #USER# #USER# #USER# #USER# Me, more than 20 tracks &amp; field boys are entering ATR at the same time and they all need some kind of treatment.#HASHTAG# #URL# ></document>
<document> #USER# 57 is here. I eat toast or cereal for dinner quite often. ></ document>
<document> #USER# But remember, women's sports don't count. #HASHTAG# A double-edged sword, ></document>
<document> #USER# #USER# Actually I wasn't really aware of *valveless* N95s, so if ATs are wearing N95s, don't use valved ones. They do nothing to protect others from COVID. ></ document>
<document> #USER# This is definitely happening because of vax. :D ></ document>
<document> #USER# #USER# Please tell me you showed me how it's done on it! :D ></ document>
<document> For many! 1997 team, sisters Ogwumike, &amp; etc. &amp; blah blah #URL# ></ document>
<document> In all my years of photographing at concerts, for the first time in my life I have something professionally mounted &amp; framed. #USER# at Stanford's Frost Amphitheater a week before starting a new job. A gift to myself when I get my first salary. #HASHTAG# #URL# ></document>
<document> #USER# #USER# Costco sometimes includes a group of different sized boxes, packaging materials, &amp; special boxes for plates/glasses/wardrobe. U-Haul boxes &amp; packaging materials as well. ></ document>
<document> So...Japan has no spectators due to a resurgent COVID, but will they allow unvaccinated athletes to come there? Oh my god, it's beyond stupid to continue with the Tokyo Olympics at this point. #URL# ></ document>
<document> #USER# Exactly what I thought. #HAHTAG# ></ document>
<document> #USER# Huh...take it absolutely...that camera phones cause police brutality. Stupid people are stupid. ></ document>
<document> #USER# Was it as hot in Stanford as it was yesterday? I think it was close to 90 degrees there yesterday. I almost melted in the Frost Amphitheater. How's that for irony? :D ></ document>
<document> I want to know how much energy he has left to shout like he does when he knows he's going to get a medal! #URL# ></ document>
<document> And the assistant head coach to your left? Kate Paye. Who was a freshman for Tara the last time Stanford won. :D #URL# ></ document>
<document> #USER# #USER# #USER# #USER# Why are you trying to get credit for something you voted no for? ></ document>
<document> #USER# "Anyone who declares war on the UK loses..."

The United States wants a word. ></ document>
<document> #USER# You know, Andras, a tweet like this actually gave me a glimmer of hope. What a strange feeling. :D Happy holidays to you &amp; your. ></ document>
<document> #USER# #USER# Yes, no looking for that bloody nose. I thought the saying was "no blood, no foul", not "eh, blood". :D ></ document>
<document> #USER# Absolutely yes! ></ document>
<document> #USER# I liked it when they recently published the Netherlands for this. ></docpromise >
<document> #USER# "Sorry, injured athlete, but I cannot assess your injury because I have to keep clearing the bench." Yes No. ></ document>
<document> #USER# #USER# Yes, that last part. This is how Schwarzenegger stepped in. It didn't even get 50% of the recall votes, but it did get the highest percentage of votes in a very split vote. ></ document>
<document> #USER# #USER# #USER# I see you easily ignored the part about how to have a better chance at a standalone invoice. ></ document>
<document> #USER# #USER# They claim to support the military but don't know the badge showing the military family? Shocking. #HAHTAG# ></ document>
<document> #USER# That's one of the places I want to visit. Gotta see those Northern Lights! :D ></ document>
<document> #USER# #USER# #URL# is streaming performances live during the pandemic. The live broadcast of today's concert can be watched until April 11. Cost was $25 &amp; $group &amp; while the team was not on tour during the pandemic. He puts on an amazing show. :D ></ document>
<document> #USER# You have a conscience, so you can't be them by default. ></ document>
<document> #USER# #USER# #USER# Well, wrestling &amp; the men's rowing teams were clearing the place. I mean, it was chalk and &amp; at least some of the athletes involved were cleaning it up. ></ document>
<document> You know, when I saw this video before, I thought "she looks like this woman from her gait and her body in general". I wouldn't be surprised if it's a woman. #URL# ></ document>
<document> #USER# Today was also the first day I came back after about 2 weeks off. I had to deal with the COVID mess all day, with some conflicting information thrown into the mix just for fun. ></ document>
<document> #USER# #USER# You know the cardinal's blood is burning, but it was heartbreaking to see Aliyah just burst into tears. He is a special player. ></ document>
<document> PROFIT

damn it

PROFIT ></document>
<document> #USER# #USER# #USER# This is what happened to Dunn in the match against Sweden -- he was stranded on an island by his defenders. ></ document>
<document> #USER# #USER# #USER# #USER# So the trick is to convince them that ATs can provide the same attention to non-sports movies. ></ document>
<document> I think that might explain my affinity for tigers. #URL# ></ document>
<document> Concussion, &amp; The server speaks so fast that my head hurts. #HASHTAG#! ></ document>
<document> #USER# #USER# #USER# Your keynote basically validated my entire career externally. Certified since 1997, &amp; I implemented AT pretty much the way you discussed. I'm guessing my psychology background might have something to do with it, but I've also interned for an AT with similar methods. ></ document>
<document> #USER# Gymnastics is probably my least favorite sport because gSeeing their heads this close to the beam, falling off a high bar, or missing a safe gives me mini heart attacks. It's always on the edge of my seat when I cover it. ></ document>
<document> #USER# #USER# I saw one of these up close &amp; Personal with a few rugby players, but in one the foot was facing completely the opposite direction as it should have been. ></ document>
<document> #USER# #USER# #USER# I'm in a union. We're still adopting the new CDC guidelines, as silly as they are. Oh, and I'm a healthcare professional. ></ document>
<document> #USER# #USER# #USER# #USER# #USER# #USER# #USER# #USER# #USER# #USER# Real. ></ document>
<document> #USER# #USER# The entire CD is great! Unfortunately I won't be going to MT for his shows. Reminds me of the Delta+ variant, BFF &amp; How MT is one of those anti-mask situations. ></ document>
<document> I will always be with you...

Brandy Carlile. :D #URL# ></ document>
<document> #USER# This was my same thought. ></ document>
<document> #USER# #USER# Finally, you sir are an excellent example of what OG is posting about. Instead of saying nothing and just thinking about what he had to say, you needed to center yourself. ></ document>
<document> #USER# #USER# No, instead we're seeing highlights from South Carolina v Texas. It's nothing new that Stanford is not respected at all. ></ document>
<document> Congratulations to all new ATCs! Welcome to the BEST PROFESSION EVER!!! #HAHTAG# ></ document>
<document> #USER# Innocent. It seems that it took off on its own and exploded on its own. :D ></ document>
<document> #USER# Damn. :D ></ document>
<document> #USER# #USER# I fell asleep in the middle of my second document. LOL ></ document>
<document> #USER# A little love, attention, &amp; can cook right! They are valuable! ></ document>
<document> #USER# WTF?! One more reason to keep your feet firmly on the ground! Don't get me wrong, I love the ocean, but I would NOT go to the ocean. #HASHTAG# #HASHTAG# ></document>
<document> I'm telling you all. watch out for who isn't wearing a mask around you... and keep TF away from them! #URL# ></ document>
<document> #USER# When I traveled a lot with teams, anywhere between 1-3 weeks, I missed my cats terribly. Those little fur brats wrapped me around their paws. ></ document>
<document> The problem is the assumption that the far left is "on our side". They have more in common with the Trumpists/GOP than with me/(real) Democrats. #URL# ></ document>
<document> #USER# #USER# #USER# 1. Can we integrate immigrants? Immigrants can integrate if they want, but let's not force this. This is a terrible thing that the US has historically done. ></ document>
<document> #USER# "I was surprised that my head injury was more important than my shoulder/arm injury." Yes, head injury with vomiting is MUCH more of a concern than a shoulder/arm injury. glad you succeededo the next checkpoint with people who can help, &amp; I'm glad you're recovering! ></ document>
<document> #USER#'s response again: EBP "Yes! Thanks!" on my computer! #HASHTAG# #HASHTAG# #USER# ></document>
<document> #USER# Hope all went well. ></ document>
<document> #USER# #USER# Absolutely. :D ></ document>
<document> Just one of the many reasons I love this program, because #HASHTAG# &amp; Anyone involved with #HASHTAG# knows this, &amp; invested in doing it right. Also, if you haven't seen Cam's edits, go check it out. #URL# ></ document>
<document> #USER# #USER# I'm DI now. This is the first time I will be taking more than 2 days off. High schools, clinic/social aid etc. I only took Christmas day and NY day off. Christmas Eve &amp; NYE was 1/2 day. True, I work with non-seasonal sports, but still... ></document>
<document> #USER# No, no it can't. Please find out how our government works, especially since you are a part of it. ></ document>
<document> I have the #USER# DVD, but although it's very well made, I haven't been able to watch it since I saw it in the cinema, &amp; Hillary Swank did justice to the role. ></ document>
<document> Sure...but let's be real here, I don't take bullshit, &amp; that makes me single. :D #URL# ></ document>
<document> #USER# #USER# *whispering* brachial plexus nerve bundle :D ></ document>
<document> #USER# People should stop spreading this stuff out into the universe, yo! ></ document>
<document> #USER# #USER# Use a cat filter, &amp; You can charge more. ></ document>
<document> #USER# Last year I started doing this mostly. Also, I've turned off RTs from some people I follow because all the things they RT are mostly things I hope to avoid &amp; drift in. ></ document>
<document> #USER# When I saw this image, I immediately understood. ></ document>
<document> #USER# Safe travels. ></ document>
<document> #USER# Because you are a Fitness Coach. :D ></ document>
<document> #USER# Congratulations! ></ document>
<document> #USER# #USER# There will be another one in 10 days. This position has been vacant since 20.01.2016 at 12:00. ></ document>
<document> Whites equate privilege with money/property. I can't even count how many times I've told other whites that this isn't what white privilege basically refers to. #URL# ></ document>
<document> Wait...Kiana sticks her ass on the floor, &amp; Is that the foul? #HASHTAG# #HASHTAG# ></document>
<document> #USER# #USER# Has the greatest military intelligence you know? Knows more than generals &amp; A lot. #HAHTAG# ></ document>
<document> #USER# I almost go out of my way when I see someone trying to feature WV's Manchin with a leftist. Have these people ever been to WV? Or as much as meeting someone from WV? ></ document>
<document> #USER# Come on, you don't expect them to do anything different, do you? This is womenIt's the NCAA tournament, after all. #HAHTAG# ></ document>
<document> No. We already pay gas taxes &amp; registration fees payable for infrastructure works. This punishes people who cannot live close to where they work, &amp; those who do not have access to other means of transport. #URL# ></ document>
<document> After 3 hours of redialling, I finally reached #USER#. I was put on hold for maybe 15 minutes so I could talk to a real person. I've been on hold for at least 1.5 hours now, waiting to be connected to someone to manually enter my internal information. 1/x ></ document>
<document> #USER# Um...please reread what I answered. I agreed with him. That's "This! THIS IS TOO MUCH!" vehicle. I did not imply in any way that SHE was not vaccinated. ></ document>
<document> #USER# Hah...Who knew a program created to rate women would be so infamous? #HAHTAG# ></ document>
<document> OMFG...now #HASHTAG# can it stay side by side from here? nice please? #HASHTAG# #HASHTAG# ></document>
<document> #USER# #USER# The Sparks also have the Ogwumike Sisters who know how to compete against Brittney Griner. ></ document>
<document> #USER# Congratulations on finishing early! I've been dealing with it mostly for the last few hours. LOL #HASHTAG# ></ document>
<document> #USER# I'm pretty sure there were some. ></ document>
<document> I must say, it's a really good feeling to wake up, &amp; my first thought was "Well, what did that scumbag do today, & are we at war with someone new yet?" Living like this for the rest of my life can certainly be good. ></ document>
<document> #USER# Yes. The paper towel stops greasing before it hits the jar. ></ document>
<document> #USER# Hey, DC residents, Mike says you don't deserve representation. I guess that means you no longer have to pay taxes. It's not like we're going to war with a country or anything because of the non-representational taxation thing. ></ document>
<document> I wish they would delay these Federal charges until Biden is sworn in. #URL# ></document>
<document> #USER# Bill Barr is complete bullshit. Trump was inciting the uprising long before yesterday. ></ document>
<document> I stopped listening to people tell me what to do, &amp; I started living my own goddamn reality. #URL# ></ document>
<document> #USER# #USER# Oh my god typo...one more hour &amp; (now) 7 minutes. ></ document>
<document> Oh, so Trump released Taliban prisoners despite killing US soldiers? Yes, he loves our army. #HAHTAG# ></ document>
<document> "Nneka did not criticize USA Basketball, but said he did not want to wait for the possibility of being called up as a substitute when he failed to make the USA team... & was in that position before saying he did not see himself as a "second option". ></document>
<document> #USER# I was thinking of an allergy attack -- sneezing all over. :D ></ document>
<document> #USER# Damn it. ></ document>
<documentt> #USER# #USER# Bucky is living his best life! Long live Bucky! ></ document>
<document> "Just rub some soil on a small strawberry..."

Oh my God... I love this boy!!! #URL# ></ document>
<document> #USER# #USER# #USER# #USER# #USER# Yes, I've been a Sports Medicine specialist for over 25 years and this covers a lot of rugby. What gives some athletes a concussion is mind-blowing, but not others. ></ document>
<document> If you've never watched this show, here's your opportunity to fix it! #URL# ></ document>
<document> #USER# I know what it's like trying to type/think fully caffeinated beforehand! ></ document>
<document> Well, we really don't need to worry. #URL# ></ document>
<document> Yes. Too many times to count, including some of my family. #URL# ></ document>
<document> Yes, cheetolini is indeed our military &amp; their families. #HASHTAG# #URL# ></document>
<document> #USER# You made yourself proud, Coach. Aari's last shot could easily be wasted, too. I thought it would. Defended by 3 players, &amp; he's out of balance... well, everybody knows it can go either way. You warned everyone. ></ document>
<document> #USER# Someone told me, "Trump is out now!" said. Of course, then it's Demler who overthrew our government, so no, that won't work. Now, if he tries to seize power on January 20, then he can withdraw. ></ document>
<document> And no, I'm not saying that's the only thing undocumented people do. They contribute in many different ways, &amp; They also pay taxes here. ></ document>
<document> #USER# Yes, no, I'm not doing a "local" group BS. If I'm not going to socialize with them IRL, I'm not going to socialize with them on FB, &amp; I'm staying here by myself. ></ document>
<document> #USER# #USER# #USER# #USER# #USER# #USER# Yes, I know how hospitals work, thanks. I never said I was offended by anyone, but there must be a better solution. ></ document>
<document> #USER# Oh, that's a great extension! ></ document>
<document> #USER# PRESIDENT Biden is using Presidential Orders to reverse the disgusting EOs Trump signed. So it's okay for Trump to rule like this, isn't it okay for President Biden to do it? With that, GTFOH, &amp; fuck it all the way ></ document>
<document> Increase pay, take COVID-proof measures, stop treating employees like dirt, give paid sick leave, don't cut down on working hours. Simple enough fixes, but business owners just want to blame one thing/someone else. #URL# ></ document>
<document> #USER# I absolutely love where I currently work. Even if it's been COVID hell in the last 3 weeks, I wouldn't change it for anything else.

And good job on the basketball coach! #HASHTAG#! :D ></ document>
<document> Clearly, it's not to be alarmist, &amp; You're just pointing out what it is. #URL# ></ document>
<document> #USER# #USER# When I fly with R/T, I routinely check in to my flights the day before &amp; If I don't deliver baggage, I skip the entire check-in line. This could be the caseor no-fly list updated after check-in. ></document>
<document> #USER# Aaaannnnd my brain "Oh, what are the factors that would go into a study like this?" Then he began to consider a few factors. #HAHTAG# ></ document>
<document> #USER# Everyone is lazy except whites, remember? #HAHTAG# ></ document>
<document> A few hours ago, there was a bomb threat at another Bay Area high school. Where are you? #URL# ></ document>
<document> #USER# As we used to do. ></ document>
<document> #USER# #USER# #USER# No, Ford *literally* never won a national election. Nixon wasn't even elected Vice President. After Spiro T. Agnew stepped down as Vice President, he was appointed as Vice President with the 25th amendment. ></ document>
<document> #USER# #USER# It's really mind-blowing to me, but still, I've never hated myself for being gay. ></ document>
<document> #USER# Ah, I just found out that conservative POS is still out there. ></ document>
<document> WTF, Georgia?! #URL# ></ document>
<document> #USER# #USER# "Is the person who should be doing this job having a hard time in this job?" *sets the halo* ></document>
<document> #USER# #USER# #USER# No, they are not. Broken sternum is much more serious, &amp; It may take up to 8 weeks for him to recover enough to play. Gaming fitness will also be affected in terms of cardio. With a knee injury, Nneka must be able to keep her cardio close to playing condition. ></ document>
<document> #USER# I hope whoever told you this meant it to piss you off &amp; mind your own business so you'll feel sorry for yourself &amp; time. There is no timetable for grieving. None. ></ document>
<document> #USER# I'm so happy to be able to stay away from people because I'm currently closing my business due to COVID, &amp; because I don't live near people. ></ document>
<document> #USER# #USER# I would move there or to Ireland right away. I'm pretty sure I can get a job in rugby at either location. ></ document>
<document> #USER# American History Month? If he doesn't like Black History Month, I really don't think he'll like American History Month. ></ document>
<document> #USER# #USER# #USER# #USER# No, the country absolutely does not need the normalization of crazy Nazis like Gaetz. ></ document>
<document> I found a bottle of garlic powder that I'm pretty sure is petrified. I was going to empty the content, then clean it &amp; reuse the bottle but it was so strong I couldn't break it. ></ document>
<document> #USER# #USER# #USER# #USER# #USER# #USER# #USER# #USER# #USER# #USER# It wouldn't be surprising if I was a "nuisance" in that clinic. :D ></ document>
<document> #USER# There is *no* like a well-executed dump intervention. :D ></ document>
<document> #USER# #USER# My first thought was "And is this teacher still alive?" it happened. Second, "Isn't he fired?" ></ document>
<document> #USER# #USER# #USER# #USER# #USER# #USER# #USER# #USER# Whether Nneka does this or not is indisputable.As long as the squad for Tokyo doesn't respond well to rehab for injury, &amp; his athletic trainer could update USA Basketball about his progress. ></ document>
<document> #USER# #USER# Yes, but women's socks &amp; an umbrella. #HAHTAG# ></ document>
<document> #USER# #USER# #USER# Yeeaaahhhh...not to mention CA's outdated power system. ></ document>
<document> #USER# #USER# #USER# I'm in CA so I agree but it needs to be considered. ></ document>

</author>