
	
		<document> I was forced to have an EXORCISM because a priest was so scared of my demonic tattoos #URL# ></document>
		<document> Moon hopes for free trade deal with Mexico #URL# ></document>
		<document> Dog owners issued urgent warning to clean up after their pets as farmer loses half of cows over contaminated grass #URL# ></document>
		<document> Reddit Users Explode Over Kim Kardashian’s Latest Skims Release #URL# ></document>
		<document> (Yonhap Feature) As pandemic wipes out gatherings, alcohol industry sets eyes on at-home drinkers #URL# ></document>
		<document> ‘We’re next’: Prisoner’s secret filming appears to show torture in Cairo police station #URL# ></document>
		<document> ET Online Survey: Top talking points ahead of another pandemic Budget #URL# ></document>
		<document> Jamaica vs. Mexico: Time, TV channel, stream, lineups, betting odds for soccer World Cup qualifier #URL# ></document>
		<document> Teen Moms Briana DeJesus and Jade Cline accused of ‘mocking LGBTQ community’ as they joke about dating each other #URL# ></document>
		<document> Kyle Rittenhouse gun from Kenosha shootings to be destroyed #URL# ></document>
		<document> I tried to EAT myself to death as one of UK’s fattest men – I’d have 6 cheese toasties for breakfast but look at me now #URL# ></document>
		<document> BBC boss takes swipe at Nadine Dorries over BBC funding #URL# ></document>
		<document> Pittsburgh bridge collapses hours before Biden tour on infrastructure #URL# ></document>
		<document> Is Nuggets’ Nikola Jokic carving a clear path towards another MVP award? #URL# ></document>
		<document> Teen Mom’s Amber Portwood admits she ‘hasn’t seen’ daughter Leah, 12, in ‘quite some time &amp; it’s not right’ #URL# ></document>
		<document> Former Miss America shares Ring cam of self-proclaimed white nationalists trying to recruit in Alabama #URL# ></document>
		<document> Best laptop deals in the UK for January 2022: We’ve found discounts on big-name brands #URL# ></document>
		<document> Ukraine-Russia explained: A simple guide to what’s going on #URL# ></document>
		<document> Lee vows to push for 4 1/2-day workweek #URL# ></document>
		<document> Teenager in court over ‘hate crime’ after two men attacked in north London #URL# ></document>
		<document> (URGENT) S. Korea voices ‘strong regret’ over Japan’s decision to recommend Sado mine for World Heritage designation #URL# ></document>
		<document> How Babes in the Wood killer escaped justice for 30 years after double child murder – and only served 4 in jail #URL# ></document>
		<document> Boris Johnson news – live: Redacted Sue Gray report ‘imminent’ as Met Police denies delaying publication #URL# ></document>
		<document> French parliament backs law banning conversion therapies #URL# ></document>
		<document> Australian Open LIVE: Iga Swiatek vs Danielle Collins tennis updates after Ash Barty defeats Madison Keys #URL# ></document>
		<document> Hyosung Q4 net income up 97.6 pct to 90 bln won #URL# ></document>
		<document> China demands US halt Olympics ‘interference’ #URL# ></document>
		<document> Teen Mom’s pregnant Catelynn Lowell takes midnight soak in bathtub as she struggles to sleep at 37 weeks along #URL# ></document>
		<document> Teen Mom’s Kailyn Lowry takes a swipe at her ex Chris Lopez saying he ‘forgets to show up’ for the kids in new clip #URL# ></document>
		<document> Ocado’s court battle with AutoStore in Germany put on hold #URL# ></document>
		<document> Bruno Guimaraes set for Newcastle medical while in South America on international duty ahead of £43m move #URL# ></document>
		<document> Teen Mom’s Amber Portwood Details Strained Relationship With Daughter Leah #URL# ></document>
		<document> My house is so mouldy I have to sleep on my living room sofa – I’m too embarrassed to have friends over #URL# ></document>
		<document> The Love Island boss “wants to have an application from non-binary people” #URL# ></document>
		<document> Rivaldo, Hazard and Dybala in Tottenham’s best XI of fluffed transfers with Luis Diaz set to join star-studded team #URL# ></document>
		<document> Reddit Users Find Answers to 10 Tricky Questions That Could Keep Us Awake the Whole Night #URL# ></document>
		<document> British judges have no place in Hong Kong #URL# ></document>
		<document> Rams vs. Buccaneers final score, results: Matt Gay walk-off field goal advances Rams to NFC Championship #URL# ></document>
		<document> Reigning Olympic skeleton champion not considering self as medal contender in Beijing #URL# ></document>
		<document> Josh Allen may have jinxed Bills’ AFC championship game hopes in sideline video #URL# ></document>
		<document> Moment cruel driver dumps seven dogs – leaving them ‘confused &amp; distressed’ as RSPCA braces for surge in abandoned pets #URL# ></document>
		<document> Ben Roethlisberger retires: NFL reacts to news Steelers QB is calling it quits #URL# ></document>
		<document> I didn’t know my date was living a double life until his wife called me – he hid her stuff before I went to THEIR house #URL# ></document>
		<document> ‘A weird accident’: Police say death of teen found in rolled-up school gym mat was not a crime #URL# ></document>
		<document> (URGENT) Samsung Electronics Q4 sales up 24.4 pct on-year to 76.5 tln won #URL# ></document>
		<document> Voices: Donald Trump Jr is making jokes about Hunter Biden and SCOTUS because he knows he’s already won #URL# ></document>
		<document> Sue Gray news – live: Boris Johnson faces PMQs grilling as No 10 kept waiting on lockdown parties report #URL# ></document>
		<document> Rejected by New Zealand, reporter turns to Taliban for help #URL# ></document>
		<document> Mali vs Equatorial Guinea LIVE: Stream, score, TV channel, kick-off time and team news – AFCON latest updates #URL# ></document>
		<document> I’m a psychologist – here’s the one thing you must ask the person you’re dating about their ex-partners #URL# ></document>
		<document> We went on a Love Holidays ski trip and ended up ‘refugees’ as slopes closed after ONE HOUR – we want our £2,000 back #URL# ></document>
		<document> Fish growth slowed by high temperatures and plastic chemical BPA, research shows #URL# ></document>
		<document> Collapsed Pittsburgh bridge is one of 44,000 in poor condition in US #URL# ></document>
		<document> This Founder Wants Machine Learning Developers to Change the World #URL# ></document>
		<document> Covid live: two-thirds of people with Omicron in England had Covid before; Netherlands to reopen bars and cafes #URL# ></document>
		<document> Sue Gray report should be released NOW say MPs #URL# ></document>
		<document> Teen Mom’s Catelynn Lowell says she’s ‘so done’ with pregnancy at 37 weeks as she awaits fourth child’s arrival #URL# ></document>
		<document> Man shares tour of 100-square-foot apartment and his tips for utilising small spaces #URL# ></document>
		<document> I’m an expert – my simple trick will stop your car from smelling and you won’t have to do a single second of cleaning #URL# ></document>
		<document> Insider Shares Where Rams’ Sean McVay is at His Strongest #URL# ></document>
		<document> Steelers Star Defensive End Puts Pittsburgh Home Up For Sale #URL# ></document>
		<document> Chiefs could use Tyreek Hill at punt returner again in AFC championship game #URL# ></document>
		<document> Graduates in England face ‘tax rise by stealth’ on student loans #URL# ></document>
		<document> Highway Code changes – New major rules come into force TOMORROW; what drivers, cyclists &amp; pedestrians need to know #URL# ></document>
		<document> ‘If she has a problem, she comes to me’: the retired care worker helping to fight local loneliness #URL# ></document>
		<document> Teen Mom’s Kailyn and Ex Javi Spark Reconciliation Rumors: What We Know #URL# ></document>
		<document> Virginia Giuffre’s team blast Prince Andrew for ‘victim blaming’ and vow to expose him in court #URL# ></document>
		<document> Japan in final consultations to recommend Sado mine as UNESCO heritage site: report #URL# ></document>
		<document> Fibbing is part of Boris Johnson’s toolkit but could be his undoing #URL# ></document>
		<document> Inside the luxury life of Gunther IV – a pampered German shepherd who inherited a £280million fortune #URL# ></document>
		<document> Curt Schilling Congratulates David Ortiz On Twitter, Before Ranting About BBWAA During A Live Stream #URL# ></document>
		<document> Creating a financially-flexible business gives you confidence that you’ll be able to pivot as markets change. #USER# #URL# ></document>
		<document> Teen Mom’s Javi Marroquin praised as ‘the best dad’ after sharing video of son Lincoln, 8, crying over Christmas gift #URL# ></document>
		<document> Michael Rapaport films shoplifter walk out of Rite Aid and blames ex-mayor of New York #URL# ></document>
		<document> UK arms exports delayed ‘for up to six months’ due to Brexit #URL# ></document>
		<document> The Speed Bump sex position promises seriously intense orgasms &amp; it’s ideal for lazy girls #URL# ></document>
		<document> Avenatti trial – live: Stormy Daniels talks Trump in Cohen interview as ex-lawyer aims to cross-examine her #URL# ></document>
		<document> Teen Moms’ most elaborate holiday decorations featuring Maci Bookout’s two-story tree #URL# ></document>
		<document> Prince Harry &amp; Meghan Markle ‘asked for secret talks’ with Spiderman couple Tom Holland &amp; Zendaya despite never meeting #URL# ></document>
		<document> Judge denies media ban ahead of cop’s trial over Taylor raid #URL# ></document>
		<document> How the West is squaring up to Putin’s war machine with ‘thousands of troops’, javelin missiles &amp; F-16 fighter jets #URL# ></document>
		<document> Teen Mom’s Bristol Palin spoils son Tripp with $210 Gucci slides in belated 13th birthday present #URL# ></document>
		<document> (LEAD) S. Korea hits grim COVID-19 milestone of over 13,000 daily cases as omicron fears worsen #URL# ></document>
		<document> Florida Girl, 12, Tries to Hang herself in School’s Bathroom After ‘Gender Identity Issues’ led to Bullying #URL# ></document>
		<document> Lauren Malt: Dad, 44, appears in court after ‘murdering daughter, 19, in crash’ #URL# ></document>
		<document> S. Korea activates task force for emergency economic responses over Ukraine tension #URL# ></document>
		<document> Investment in adult literacy could play a major role in ‘levelling up’ | Letters #URL# ></document>
		<document> I face £460 fines &amp; my car was towed after parking signs were painted over – I refuse to pay #URL# ></document>
		<document> Draft Analyst Puts Lions Rookies on Significant List After Season #URL# ></document>
		<document> Ottawa police get reinforcements as anti-vax convoy arrives #URL# ></document>
		<document> Arsenal face major dilemma and fear they will make NO January transfers despite having just 20 active players in squad #URL# ></document>
		<document> Teen Mom’s Bar Smith wears sweater &amp; gold chain after starting laser treatment to remove face tattoos in major makeover #URL# ></document>
		<document> Halle Berry says she posted fake Van Hunt marriage photos after ‘copious amounts of drinks’ #URL# ></document>
		<document> The number of serving cops in YOUR area who are convicted criminals revealed as police hire thieves #URL# ></document>
		<document> Bengals QB Joe Burrow expecting Chiefs’ Arrowhead Stadium to be ‘really loud’ #URL# ></document>
		<document> ‘Take It Very Seriously’: Gov. Baker Urges Mass. Residents To Stay Off Roads During Nor’easter #URL# ></document>
		<document> S. Korea coach happy with players’ ‘performance and attitude’ in World Cup qualifying win #URL# ></document>
		<document> Wayne Stenehjem dead at 68 – North Dakota attorney general passes away ‘unexpectedly’ as ‘kind’ lawmaker is mourned #URL# ></document>
		<document> Clubhouse: Police arrest 18-year-old for creating chatroom to abuse Muslim women #URL# ></document>
		<document> Samantha Schwartz, Accused Of Hiding South Shore Plaza Shooting Suspect, Arraigned #URL# ></document>
		<document> Mysterious YouTube channel featuring masked man and ‘dead body’ shocks Reddit users #URL# ></document>
		<document> Two Pfizer or Moderna vaccines HALVE the risk of getting ‘long Covid’, official UK data shows #URL# ></document>
		<document> Lakers Sign Forward, Former Top-10 Pick to Multi-Year Contract: Report #URL# ></document>
		<document> Meet the man who won a trip to space and gave it to a friend #URL# ></document>
		<document> You’re painting your rooms all wrong – experts reveal the right way to do it to make things MUCH quicker #URL# ></document>
		<document> Spotify removes Neil Young’s music following his Joe Rogan ultimatum #URL# ></document>
		<document> Girls’ private schools could strike for the first time over pensions #URL# ></document>
		<document> Analyst Explains Lions’ Dilemma Regarding Major Wideout Addition #URL# ></document>
		<document> U.S. equally focused on N. Korea as all other threats: Pentagon spokesman #URL# ></document>
		<document> Boston Nurse Quits Job To Earn Millions as OnlyFans Stripper, Sharing Videos of ‘Having Sex With Husband’ Online #URL# ></document>
		<document> Fed to signal rate hike as it launches risky inflation fight #URL# ></document>
		<document> Edward VIII letter on how he helped George VI have affair is unearthed 103 years on #URL# ></document>
		<document> Covid news live: England drops all ‘plan B’ restrictions; Moderna begins trial of Omicron-specific booster shot #URL# ></document>
		<document> Playoff FanDuel Picks: NFL DFS lineup advice for Bengals-Chiefs AFC Championship single-game tournaments #URL# ></document>
		<document> Teen Mom’s Ryan Edwards claims he hasn’t seen son Bentley, 12, in a month &amp; ex Maci Bookout ‘POISONED’ tween against him #URL# ></document>
		<document> Sexism row over backlash at Pelosi running again: ‘The same people tell Bernie to run for president’ #URL# ></document>
		<document> Bodo/Glimt boss Kjetil Knutsen opens up on Celtic Euro tie fears as he lifts lid on Rangers manager link #URL# ></document>
		<document> Paul Pelosi Jr. Nancy Pelosi’s Son Embroiled in 6th FBI Probe for Bribing San Francisco Official to Remove Permit Violations #URL# ></document>
		<document> Government backs bill to make British Sign Language a recognised language #URL# ></document>
		<document> Teen Mom’s Jenelle Evans slammed for showing ‘favoritism’ among kids as she showers Ensley with gifts as Kaiser watches #URL# ></document>
		<document> Teen Mom’s Devoin Austin spends Christmas with daughter Nova, 9, &amp; ex Briana DeJesus’ child Stella, 4, in matching PJ’s #URL# ></document>
		<document> Dramatic images and video show Navy stealth fighter jet crashing into ocean #URL# ></document>
		<document> Ben Roethlisberger retires: Steelers QB announces end of 18-year NFL career #URL# ></document>
		<document> Landon Eastep: Friend questions why police fired so many times in interstate shooting dubbed ‘suicide by cop’ #URL# ></document>
		<document> England are ‘pumped’ ahead of crucial Ashes Test, Heather Knight says #URL# ></document>
		<document> I asked for a delicate moon tattoo – the artist messed it up so badly, people say it looks like a burnt cookie #URL# ></document>
		<document> Brooklyn Man in Traditional Jewish Dress Randomly Attacked while Walking on Street #URL# ></document>
		<document> I asked for a simple heart tattoo on my arm… the artist messed it up so badly it looks like it was done with a Sharpie #URL# ></document>
		<document> eFeed start-up plans to establish nutrition advisory centres across north-eastern districts #URL# ></document>
		<document> One in five UK councils have no climate action plan, campaigners say #URL# ></document>
		<document> Court grants Ahn’s request to stop TV debate between Lee, Yoon #URL# ></document>
		<document> Holocaust Memorial Day 2022: What time is the Light a Candle event tonight? #URL# ></document>
		<document> New song by The Long Blondes features in Kate Jackson art installation #URL# ></document>
		<document> California Woman with MS Dies of COVID After Being Denied the Vaccine 7 Times #URL# ></document>
		<document> Voices: The Conservative party does nothing to represent Muslim interests #URL# ></document>
		<document> Bank mortgage rates hit highest in 7 1/2 years in December #URL# ></document>
		<document> (LEAD) Samsung Biologics to acquire Biogen’s entire stake in Samsung Bioepis for US$2.3 bln #URL# ></document>
		<document> Teen Mom’s Mackenzie Edwards claims Maci Bookout ‘uses her own kids to make a buck’ on TV &amp; vows NEVER to return to show #URL# ></document>
		<document> ‘The Boys’ Showrunner Eric Kripke Addressed Whether ‘Diabolical’ Will Be A Bingeable Show (And If It’s Canon) #URL# ></document>
		<document> (URGENT) Supreme Court confirms 4-yr prison sentence for wife of ex-Justice Minister Cho Kuk #URL# ></document>
		<document> What is hard Mountain Dew and when will it be available to buy? #URL# ></document>
		<document> Fight Club author responds to China’s amended version: ‘Everyone gets a happy ending in China!’ #URL# ></document>
		<document> Samsung logs record sales, 4-year-high operating profit in Q4 on solid chip biz #URL# ></document>
		<document> Ukraine news – live: US says Russia could invade next month as UK warns of cyber-warfare #URL# ></document>
		<document> Chiefs Fan’s Viral Reaction Grabs Attention of Beer Company #URL# ></document>
		<document> Hunt for sex attacker targeting teenage girls #URL# ></document>
		<document> Sixers’ Joel Embiid Throws Money at Pelicans Player After Technical #URL# ></document>
		<document> British man, 70, dies inside ‘happy ending’ massage parlour’ in Thai ‘Sin City’ of Pattaya #URL# ></document>
		<document> When is the Australian Open women’s final and how can I watch it in the UK? #URL# ></document>
		<document> Teen Moms Briana DeJesus, Kayla Sessler and more stars from all franchises to film ‘crossover show for ratings boost’ #URL# ></document>
		<document> Teen Mom’s Cory Wharton shows off his huge muscles after a brutal workout in new video #URL# ></document>
		<document> Chiefs Fans Create Viral Tribute to Bills QB Josh Allen #URL# ></document>
		<document> Nowzad founder believes Boris Johnson did not intervene in animal evacuation #URL# ></document>
		<document> New poll shows Biden underwater with Wisconsin voters but still beating Trump in an election rematch #URL# ></document>
		<document> Teen Mom’s Maci Bookout Reveals Where She Stands With Ryan Edwards’ Family After Reunion Drama #URL# ></document>
		<document> Finley: GOP must shed its loose cannon #URL# ></document>
		<document> Zane Smith Lands New Partner for Front Row Motorsports #URL# ></document>
		<document> PM ‘wobbling’ on tax hike plans as No 10 awaits Sue Gray report #URL# ></document>
		<document> XRP Moves With the Market as Ripple Announces Buyout #URL# ></document>
		<document> ‘People want to put Covid behind them’: UK pubs hopeful as drinkers return #URL# ></document>
		<document> Teen Mom’s Kailyn Lowry apologizes to Demi Lovato after using their wrong pronouns and said she ‘wants to do better’ #URL# ></document>
		<document> Liverpool transfer news LIVE: £14m Brazilian targeted, Sadio Mane gets concussion then scores, Tielemans race LATEST #URL# ></document>
		<document> Bills GM Gives Answer on Cole Beasley’s Future With the Team #URL# ></document>
		<document> Alicia Silverstone gives body-shaming photo the middle finger: ‘I think I look good’ #URL# ></document>
		<document> SK Ie Technology swings to red in Q4 #URL# ></document>
		<document> Teen Mom’s Catelynn Lowell Gives Birth, Welcomes Baby Girl With Tyler Baltierra #URL# ></document>
		<document> Six Nations expectations soaring in Scotland despite scepticism from outside #URL# ></document>
		<document> Arsenal transfer news LIVE: Arthur Melo £40m loan-to-buy, Leno to Newcastle, Osimhen £60m Aubameyang replacement #URL# ></document>
		<document> Chris Whitty’s attacker Jonathan Chew faces jail after admitting to harassing health boss &amp; grabbing him in the street #URL# ></document>
		<document> Bitcoin and Ethereum Try to Recover, ENJ and SAND Rally #URL# ></document>
		<document> Teen Mom’s Lauren Comeau shares hug with son Eli, 2, in rare clip after she was accused of ‘hitting’ ex Javi Marroquin #URL# ></document>
		<document> S. Korea beat Myanmar for 2nd straight win at Women’s Asian Cup #URL# ></document>
		<document> Johnson waits to face MPs after Gray report into No 10 parties delayed #URL# ></document>
		<document> Voices: If Boris Johnson’s successor called an election now – they wouldn’t win #URL# ></document>
		<document> Arsenal ‘considering Douglas Luiz transfer swoop from Aston Villa’ after missing out on Newcastle-bound Bruno Guimaraes #URL# ></document>
		<document> (LEAD) Lee, Yoon agree to hold one-on-one debate Jan. 31: parties #URL# ></document>
		<document> Kate Middleton and Prince William ‘being careful’ about Prince George’s hobby, dad admits #URL# ></document>
		<document> One prop bet we love for each team in the conference championships #URL# ></document>
		<document> ET Online Budget Survey: What people see as the top risk to economic recovery &amp; why that matters #URL# ></document>
		<document> ‘Get a grip’: Joanna Lumley claims everyone’s on ‘the mental illness bandwagon’ #URL# ></document>
		<document> Keene State swim team turns to Paige Carey #URL# ></document>
		<document> Drew Barrymore surprises fans with ‘open relationship’ revelation about Luke Wilson #URL# ></document>
		<document> Teen Mom’s Mackenzie McKee claims she was ‘BANNED’ from TikTok for ‘no reason’ in new video #URL# ></document>
		<document> Retired cop, 65, found stabbed to death at home as woman, 54, and man, 21, arrested for murder #URL# ></document>
		<document> Climate change threatens future Winter Olympics and snow sports, research claims #URL# ></document>
		<document> How and why are indigenous people are on the front line of the climate crisis? #URL# ></document>
		<document> ‘I stand with Neil Young’: Joni Mitchell tells Spotify to remove her music over ‘lies that are costing people their lives’ #URL# ></document>
		<document> Statue toppled in Puerto Rico before Spanish king’s visit #URL# ></document>
		<document> Who is Scott Merryman? Kansas Man Wants to ‘Chop Off Joe Biden’s Head’ on ‘God’s Order’ #URL# ></document>
		<document> White Man Arrested, Accused of Purposely Ramming Stolen SUV Into Interracial Couple’s Minnesota Home #URL# ></document>
		<document> Teen Mom’s Leah Messer Introduces New Boyfriend to Her Kids Amid “Surprise” Romance #URL# ></document>
		<document> Eerie pic of demon-like ‘ghost’ lurking outside Civil War army hospital leaves Reddit users on the fence #URL# ></document>
		<document> Fifa president: more World Cups could save African migrants from death in the sea #URL# ></document>
		<document> Teen Mom’s Kailyn Lowry Is Tired of Being Asked This Javi Marroquin Question #URL# ></document>
		<document> ‘Long Overdue’: Peabody, Sudbury Plow Drivers Preparing For Saturday’s Massive Nor’easter #URL# ></document>
		<document> Teen Mom’s pregnant Catelynn Lowell reveals she’s having ‘uncomfortable’ contractions and says baby is ‘draining’ her #URL# ></document>
		<document> Teen Mom’s Kailyn Lowry Says She and Her Kids Tested Positive for Coronavirus #URL# ></document>
		<document> (3rd LD) Samsung SDI Q4 net up 14.6 pct on firm EV battery sales #URL# ></document>
		<document> Not much upstairs and a right mess downstairs (not Katie Price, her house) #URL# ></document>
		<document> Summary of domestic news in North Korea this week #URL# ></document>
	
</author><document> I had to have EXORCISM because a priest was so scared of my demonic tattoos #URL# ></document>
<document> Moon hopes to have a free trade agreement with Mexico #URL# ></document>
<document> Dog owners issue urgent warning to clean up after their pets as farmer lost half of their cows to dirty grass #URL# ></document>
<document> Reddit Users, Kim Kardashian's Latest Review Post #URL# ></document>
<document> (Yonhap Feature) As the pandemic swept through meetings, the alcohol industry keeps its eye on home drinkers #URL# ></document>
<document> "It's our turn": Secret shot of prisoner shows torture at Cairo police station #URL# ></document>
<document> ET Online Survey: Top points discussed ahead of another pandemic Budget #URL# ></document>
<document> Jamaica - Mexico: Time, TV channel, broadcast, squads, odds for World Cup qualifiers #URL# ></document>
<document> Teen Moms Briana DeJesus and Jade Cline accused of "making fun of the LGBT community" by joking about dating each other #URL# ></document>
<document> Kyle Rittenhouse weapon used in the Kenosha attacks will be destroyed #URL# ></document>
<document> As one of Britain's fattest men, I WILL EAT myself to death - I used to eat 6 cheese toasties for breakfast but now look at me #URL# ></document>
<document> BBC boss insults Nadine Dorries over BBC's #URL# funding ></document>
<document> Pittsburgh bridge collapsed hours before Biden tour on #URL# infrastructure ></document>
<document> Nuggets' Nikola Jokic charting a clear path towards another MVP award? #URL# ></ document>
<document> Teen Mom's Amber Portwood described her 12-year-old daughter Leah as "quite a long time & this is not true" #URL# ></document>
<document> Former Miss America shares her self-proclaimed white nationalist Ring cam trying to recruit in Alabama #URL# ></document>
<document> The best UK laptop deals for January 2022: We found discounts on major brands #URL# ></document>
<document> Ukraine-Russia explained: A simple guide to what's going on #URL# ></document>
<document> Lee pledges to push for a 4 1/2-day workweek #URL# ></document>
<document> A teenager in court for "hate crime" after two people attacked in North London #URL# ></document>
<document> (URGENT) S. Korea expresses "great regret" over Japan's decision to propose the Sado mine as a World Heritage document #URL# ></document>
<document> How Babes in the Wood killer escaped justice for 30 years after double child murder and only 4 people were in jail #URL# ></document>
<document> Boris Johnson news - live: Corrected Sue Gray report "soon" as Met Police denies publication of #URL# ></document has been delayed
<document> French parliament supports law banning conversion treatments #URL# ></document>
<document> Australian Open LIVE: Iga Swiatek and Danielle Collins tennis updates after Ash Barty beat Madison Keys #URL# ></document>
<document> Hyosung Q4 net income increased 97.6% to 90 billion #URL#></ document>
<document> China demands US stop 'intervention' in Olympics #URL# ></document>
<document> Young Mommy's pregnant Catelynn Lowell gets soaked in bathtub at midnight while trying to sleep at 37 weeks along #URL# ></document>
<document> Teen Mom's Kailyn Lowry tells kids she "forgot to come" in new clip of ex Chris Lopez #URL# ></document>
<document> Ocado's court battle with AutoStore in Germany suspends #URL# ></document>
<document> Bruno Guimaraes set out for Newcastle medical while on international assignment in South America prior to £43m move #URL# ></document>
<document> Teen Mom Details Amber Portwood's Tense Relationship with Daughter Leah #URL# ></document>
<document> My house is so musty I have to sleep on my living room sofa - I'm so embarrassed that I have friends via #URL# ></document>
<document> Love Island boss "want to receive a reference from non-binary people" #URL# ></document>
<document> Rivaldo, Hazard and Dybala are in Tottenham's top 11 where Luis Diaz is ready to join the star-studded team #URL# ></document>
<document> Reddit Users Find Answers To 10 Tough Questions That Could Keep Us Awake All Night #URL# ></document>
<document> British judges have no place in Hong Kong #URL# ></document>
<document> Rams - Buccaneers final score, results: Matt Gay's walk-through goal promotes Rams to NFC Championship #URL# ></document>
<document> The reigning Olympic skeleton champion in Beijing who does not consider himself a medal contender #URL# ></document>
<document> Josh Allen may have dashed Bills' hopes for AFC championship game with additional video #URL# ></document>
<document> The moment the ruthless driver abandons the seven dogs - leaving them 'confused and equally bewildered'. RSPCA is distressed as it prepares for a rise in abandoned pets' #URL# ></document>
<document> Ben Roethlisberger retires: NFL reacts to news that Steelers QB is leaving #URL# ></document>
<document> I didn't know my wife lived a double life until she called me - she hid her stuff before I went to THEIR house #URL# ></document>
<document> "Weird accident": Police say death of teenager found on school gym mat is not a crime #URL# ></document>
<document> (IMMEDIATE) Samsung Electronics Q4 sales gain $76.5, up 24.4% YoY #URL# ></document>
<document> Voices: Donald Trump Jr jokes about Hunter Biden and SCOTUS because he knows he already won #URL# ></document>
<document> Sue Gray news - live: Boris Johnson faces PMQs as Number 10 lockdown parties await report #URL# ></document>
<document> Reporter rejected by New Zealand turns to Taliban for help #URL# ></document>
<document> Mali - Equatorial Guinea LIVE: Streaming, score, TV channel, kickoff time and team news – AFCON latest updates #URL# ></document>
<document> I'm a psychologist - all you need to ask your date about their ex-partner #URL# ></document>
<document> We went to Love HoWe want our £2,000 back #URL# ></document>
<document> Research shows that high temperatures and the plastic chemical BPA slow fish growth #URL# ></document>
<document> The destroyed Pittsburgh bridge is one of 44,000 bridges in poor condition in the USA #URL# ></document>
<document> This Founder Wants Machine Learning Developers to Change the World #URL# ></document>
<document> Covid live: Two-thirds of people with Omicron in the UK have had Covid before; Netherlands will reopen bars and cafes #URL# ></document>
<document> Sue Gray report should be released NOW, lawmakers say #URL# ></document>
<document> Young Mom's Catelynn Lowell says she's "over" at 37 weeks as she waits for her fourth child to arrive #URL# ></document>
<document> Adam shares tour of the 100-square-foot apartment and tips for making use of small spaces #URL# ></document>
<document> I'm an expert. My simple trick will keep your car from smelling and you won't have to clean it for a second #URL# ></document>
<document> Insider Shares Where Rams' Sean McVay Has Strongest #URL# ></document>
<document> Steelers Star Defensive End Offers Pittsburgh #URL# ></document>
<document> Chiefs can use Tyreek Hill as the player to re-take the AFC championship game #URL# #URL# ></document>
<document> UK alumni face 'sneak tax increase' on student loans #URL# ></document>
<document> Highway Regulation changes – New main rules come into effect TOMORROW; which drivers, cyclists &amp; pedestrians need to know #URL# ></document>
<document> "Come to me if she has a problem": retired caregiver who helps fight local loneliness #URL# ></document>
<document> Teen Mom's Kailyn and Former Javi Fuel Compromise Rumors: What We Know #URL# ></document>
<document> Virginia Giuffre's team accused Prince Andrew of "blaming the victim" and vowed to expose him in court #URL# ></document>
<document> Japan holds final consultations to propose Sado mine as UNESCO heritage site: report #URL# ></document>
<document> Fibbing is part of Boris Johnson's toolkit, but it could also be that it undoes #URL# ></document>
<document> Inside the luxurious life of Gunther IV, a spoiled German shepherd who inherited a £280m fortune #URL# ></document>
<document> Curt Schilling Congrats David Ortiz on Twitter Before He Bounces About BBWAA During The Live Stream #URL# ></document>
<document> Creating a financially flexible business gives you confidence that you can change direction as markets change. #USER# #URL# ></ document>
<document> Teen Mom's Javi Marroquin praised as "best dad" after sharing video of 8-year-old son Lincoln crying over #URL# for Christmas present ></document>
<document> Michael Rapaport watches a shoplifter break out of Rite Aid and accuse the former mayor of New York #URL# ></document>
<document> UK arms exports delayed "up to six months" due to Brexit #URL# ></document>
<document> Speed ​​Bump sex positionn promises seriously intense orgasms &amp; ideal for lazy girls #URL# ></document>
<document> Avenatti case – live: Stormy Daniels talks to Trump in Cohen interview as former attorney plans to cross-examine #URL# ></
<document> Teen Moms' most elaborate holiday decorations, including Maci Bookout's two-story tree #URL# ></document>
<document> Prince Harry &amp; Meghan Markle, Spider-Man couple Tom Holland &amp; Zendaya despite never encountering 'asked for a private conversation' #URL# ></document>
<document> Judge rejects media ban ahead of police trial regarding Taylor  raid #URL# ></document>
<document> West 'thousands of soldiers' to Putin's war machine, javelin missiles &amp; F-16 fighter jet #URL# ></document>
<document> Young Mom's Bristol Palin pampers her son Tripp with $210 Gucci slides in a belated 13th birthday present #URL# ></document>
<document> (LEAD) S. Korea reaches grim milestone with over 13,000 daily cases of COVID-19 on fear of Omicron worsening #URL# ></document>
<document> 12-year-old Florida Girl Attempts to Hang Herself in School Bathroom After 'Gender Identity Issues' Leads to Bullying #URL# #URL# ></document>
<document> Lauren Malt: 44-year-old father goes to court after 'accidentally killed his 19-year-old daughter' #URL# ></document>
<document> S. Korea activates task force for urgent economic response to tension in Ukraine #URL# ></document>
<document> Investing in adult literacy can play an important role in 'leveling up' | Letters #URL# ></document>
<document> I'm facing a £460 fine &amp; My car was towed after parking signs were painted - #URL# ></document> I refuse to pay
<document> Draft Analyst Highlights Lions Rookies After #URL# Season ></document>
<document> Police in Ottawa receive reinforcements as anti-vaccine convoy arrives at #URL# ></document>
<document> Arsenal faces a major dilemma and fears they won't make their January transfers NO despite having only 20 active players on their roster #URL# ></document>
<document> My Young Mom's Bar Smith is wearing a sweater &amp; gold chain #URL# ></document> after starting laser treatment to remove facial tattoos in big makeup
<document> Halle Berry says she posted fake Van Hunt wedding photos after "heavy drinking" #URL# ></document>
<document> Number of police officers serving in your area convicted of criminals who turned out to be police hired thieves #URL# ></document>
<document> Bengals QB Joe Burrow expects Chiefs' Arrowhead Stadium to be "really noisy" #URL# ></document>
<document> "Take It Very Seriously": Governor Baker Urges Residents To Stay Off Roads During Nor'easter #URL# ></document>
<document> S. Korea coach pleased with players' "performance and attitude" in World Cup qualifying win #URL# ></document>
<document> Wayne Stenehjem dies aged 68 - North Dakota attorney general dies "unexpectedly" as he mourns the passing of a "kind" lawmaker #URL# ></document>
<document> Clubhouse: Police arrest an 18-year-old boy for creating a chat room to harass Muslim women #URL# ></document>
<documentent> Samantha Schwartz Accused of Hiding South Shore Plaza Suspect, #URL# ></document>
<document> Mysterious YouTube channel featuring masked man and "corpse" shocked Reddit users #URL# ></document>
<document> Two Pfizer or Moderna vaccines HALF the risk of contracting 'long-term Covid', according to UK official data #URL# ></document>
<document> Lakers Sign Multi-Year Contract From Former Top 10 Picks: Report #URL# ></document>
<document> Meet the man who won the space trip and gave it to a friend #URL# ></document>
<document> You're painting your rooms completely wrong - experts explain the right way to do it to make things VERY fast #URL# ></document>
<document> Spotify removes Neil Young's music after Joe Rogan ultimatum #URL# ></document>
<document> Private girls' schools may strike for first time pensions #URL# ></document>
<document> Analyst Explains Lions' Dilemma Adding Major Wideout #URL# ></document>
<document> The US is equally focused on North Korea as all other threats: Pentagon spokesperson #URL# ></document>
<document> Boston Nurse Quits Her Job To Make Millions As A Single Fan Stripper By Sharing "Having Sex With Husband" Videos Online #URL# ></document>
<document> Fed will signal interest rate hike as it starts risky inflation fight #URL# ></document>
<document> VIII on how he helped George VI have an affair. Edward letter uncovered 103 years ago in #URL# ></document>
<document> Live Covid news: UK lifts all 'plan B' restrictions; Moderna begins trial of Omicron-exclusive booster pull #URL# ></document>
<document> Playoff FanDuel Selections: NFL DFS roster recommendation for the Bengals-Chiefs AFC Championship single-game tournaments #URL# ></document>
<document> Teen Mom's Ryan Edwards claims he hasn't seen his 12-year-old son Bentley in a month &amp; ex Maci Bookout "POISONED" tween against him #URL# ></document>
<document> Sexism debate over reaction to Pelosi's re-election: "Same people are telling Bernie to run for president" #URL# ></document>
<document> Bodo/Glimt boss Kjetil Knutsen talks about Celtic Euro tie fears as Rangers manager removes link #URL# ></document>
<document> Paul Pelosi Jr. Nancy Pelosi's Son Involved in 6th FBI Investigation for Bribing San Francisco Official to Remove Permission Violations #URL# ></document>
<document> Government supports bill making British Sign Language a recognized language #URL# ></document>
<document> Teen Mom's Jenelle Evans criticized for "nepotism" among children while showering Ensley with gifts while watching Kaiser #URL# ></document>
<document> Teen Mom's Devoin Austin celebrates Noel with her daughter Nova, 9 and &amp; ex Briana DeJesus' child Stella, 4, matching PJ's #URL# ></document>
<document> Dramatic footage and video showing Navy stealth fighter jet crashing into ocean #URL# ></document>
<document> Ben Roethlisberger retires: Steelers QB announces end of 18-year NFL career #URL# ></document>
<document> Landon Eastep: Friend asks why police shoot so much#URL# ></document> multiple times in the interstate gun attack called "police suicide"
<document> Heather Knight says #URL# ></document>
<document> I wanted a delicate moon tattoo - artist messed up tattoo so bad that people say it looks like a burnt cookie #URL# ></document>
<document> Man in Traditional Jewish Dress Is Randomly Attacked While Walking on the Street in Brooklyn #URL# ></document>
<document> I wanted a simple heart tattoo on my arm... the artist messed up the tattoo so much it looks like it was made with a Sharpie #URL# ></document>.
<document> eFeed start-up plan plans to set up nutritional advice centers in northeastern regions #URL# ></document>
<document> One in five UK councils does not have a climate action plan, campaigners say #URL# ></document>
<document> Court grants Ahn's request to stop the TV discussion between Lee and Yoon #URL# ></document>
<document> 2022 Holocaust Remembrance Day: What time is the Light the Candle event tonight? #URL# ></ document>
<document> The Long Blondes' new song is featured on Kate Jackson's art installation #URL# ></document>
<document> California Woman with MS Dies from COVID after 7 Vaccine Rejections #URL# ></document>
<document> Voices: Conservative party does nothing to represent Muslim interests #URL# ></document>
<document> Bank mortgage rates hit 7 1/2-year highs in December #URL# ></document>
<document> (LEAD) Samsung Biologics to acquire Biogen's entire stake in Samsung Bioepis for $2.3 billion #URL# ></document>
<document> Teen Mom's Mackenzie Edwards, Maci Bookout's TV &amp; He swears he will NEVER come back to show #URL# ></document> .
<document> "The Boys" Series Executive Eric Kripke Discusses Whether "Diabolical" Will Be A Bingeable Series (And If It's Canon) #URL# ></document>
<document> (IMMEDIATE) High Court upholds 4-year prison sentence of former Justice Minister Cho Kuk's wife #URL# ></document>
<document> What is Hard Mountain Dew and when can it be purchased? #URL# ></ document>
<document> The Fight Club author responds to the modified version of China: "Everyone has a happy ending in China!" #URL# ></document>
<document> Samsung records record sales in Q4 and highest operating profit in 4 years in solid chip industry #URL# ></document>
<document> Ukraine news – live: US says Russia may invade next month as UK warns of cyberwar #URL# ></document>
<document> Chiefs Fan's Viral Reaction Caught Brewing Company's Attention #URL# ></document>
<document> Investigate sex offender targeting teenage girls #URL# ></document>
<document> Sixers' Joel Embiid Throws Money To Pelicans Player After Tech #URL# ></document>
<document> 70-year-old British man dies at 'happy ending' massage parlor in Pattaya, Thailand's 'Sin City' #URL# ></document>
<document> When is the Australian Open women's final and how can I watch it in the UK? #URL# ></ document>
<document> Teen Moms Briana DeJesus, Kayla Sessler and more starsfrom all franchises to the movie "cross show for rating boost" #URL# ></document>
<document> My Teen Mom's Cory Wharton shows off her massive muscles after a brutal workout in new video #URL# ></document>
<document> Chiefs Fans QB Josh Allen #URL# ></document>
<document> Nowzad founder believes Boris Johnson did not interfere with animal evacuation #URL# ></document>
<document> New poll shows Biden was inundated with Wisconsin voters but still beat Trump in an election rematch #URL# ></document>
<document> My Teen Mom's Maci Bookout Explains Where Ryan Edwards Stands With His Family After Reunion Drama #URL# ></document>
<document> Finley: GOP should throw the bum ball #URL# ></document>
<document> Zane Smith Acquires New Partner for Front Row Motorsports #URL# ></document>
<document> Prime Minister "swinging" on tax hike plans while waiting for #10 Sue Gray's report #URL# ></document>
<document> XRP Moves With The Market As Ripple Announces It Will Acquire #URL# ></document>
<document> "People want to leave Covid behind": UK bars hopeful as drinks give #URL# ></document>
<document> Teen Mom's Kailyn Lowry apologizes to Demi Lovato after using the wrong pronoun and says she "wanted to do it better" #URL# ></document>
<document> Liverpool transfer news LIVE: £14m Brazil targeted, Sadio Mane concussed and then scored, Tielemans race LAST #URL# ></document>
<document> Bono GM Responds to Cole Beasley's Future with #URL# Team ></document>
<document> Alicia Silverstone points her middle finger at the embarrassing photo: "I think I look good" #URL# ></document>
<document> SK Ie Technology Turns red in Q4 #URL# ></document>
<document> Young Mother's Catelynn Lowell Giving Birth, Welcoming Baby Girl With Tyler Baltierra #URL# ></document>
<document> Despite skepticism from outside #URL#, Six Nations expectations are rising rapidly in Scotland ></document>
<document> Arsenal transfer news LIVE: £40m to buy Arthur Melo, Leno to Newcastle, Osimhen £60m to replace Aubameyang #URL# ></document>
<document> Chris Whitty's attacker Jonathan Chew, health boss &amp; catch him on the street #URL# ></document>
<document> Bitcoin and Ethereum Trying to Heal, ENJ and SAND Rally #URL# ></document>
<document> Teen Mom Lauren Comeau shares hug with her 2-year-old son Eli after being accused of "hitting" ex Javi Marroquin #URL# ></document>
<document> S. Korea beat Myanmar for 2nd consecutive win at Women's Asian Cup #URL# ></document>
<document> After Gray's report on party #10 delayed, Johnson awaits to confront lawmakers #URL# ></document>
<document> Voices: If Boris Johnson's successor called an election now, they wouldn't win #URL# ></document>
<document> Arsenal 'contemplates Douglas Luiz's transfer raid from Aston Villa' after kidnapping Newcastle's Bruno Guimaraes' #URL# ></document>
<document> (LEAD) Lee and Yoon agreed to a one-on-one discussion on Jan. 31: parties #URL# ></document>
<document> Kate Middleton and Prince William being 'careful' about Prince George's hobby, dad admits #URL# ></document>
<document> A prop bet we love for every team in conference championships #URL# ></document>
<document> ET Online Budget Survey: What people see as the biggest risk to economic recovery &amp; why is this important #URL# ></document>
<document> "Check out": Joanna Lumley claims everyone is after the "majority of mental illness" #URL# ></document>
<document> Keene State swim team Paige Carey returns to #URL# ></document>
<document> Drew Barrymore surprises fans with 'open relationship' disclosure about Luke Wilson #URL# ></document>
<document> Teen Mom's Mackenzie McKee claims she was "banned" from TikTok "for no reason" in new video #URL# ></document>
<document> 65-year-old retired policeman found stabbed to death at home while 54-year-old woman and 21-year-old man were arrested for murder #URL# ></document>
<document> Research claims #URL# ></document>, climate change threatens future Winter Olympics and snow sports
<document> How and why are indigenous people at the forefront of the climate crisis? #URL# ></ document>
<document> "I stand by Neil Young": Joni Mitchell tells Spotify to remove her music for "lies that cost people's lives" #URL# ></document>
<document> Statue toppled before Spanish king visit in Puerto Rico #URL# ></document>
<document> Who is Scott Merryman? Kansas Man Wants to "Chop Joe Biden's Head" in "God's Order" #URL# ></document>
<document> White Man Arrested, Charged with Deliberately Crashing His Stolen SUV into Interracial Couple's Minnesota Home #URL# ></document>
<document> Teen Mom's Leah Messer Introduces New Boyfriend Amid "Surprise" Romance #URL# ></document>
<document> Creepy picture of demon-like "ghost" lurking outside Civil War army hospital leaves Reddit users in fear #URL# ></document>
<document> FIFA head: More World Cups could save African migrants from death at sea #URL# ></document>
<document> Tired of Teen Mom's Kailyn Lowry being Asked A Question by Javi Marroquin #URL# ></document>
<document> "Late Too": Peabody, Sudbury Plow Drivers Saturday's Massive Nor'easter #URL# ></document>
<document> Young mother's pregnant Catelynn Lowell says she had "disturbing" contractions and "emptied" the baby's #URL# ></document.
<document> Teen Mom's Kailyn Lowry Says She and Her Kids Test Positive for Coronavirus #URL# ></document>
<document> (3. LD) Samsung SDI Q4 net 14.6% net electric vehicle battery sales #URL# ></document>
<document> Not much upstairs and clutter downstairs (not Katie Price, her house) #URL# ></document>
<document> Summary of local news in North Korea this week #URL# ></document>

</author>