
	
		<document> unconstitutional rather than invoking the “constitutional principle” that the government “must treat citizens as individuals, and not as members of racial, ethnic, or religious groups.” ></document>
		<document> Abstract

We examined the association between psychopathy, assessed using the Hare Psychopathy Checklist-Revised: Screening Version (Hart et al., Manual for the psychopathy checklist screening version (PCL:SV), 1995), and stalking in 61 men convicted of stalking-related offenses. ></document>
		<document> #URL# Things like posterior cortical lesions or seizures can cause these disturbances. ></document>
		<document> Recalling then a recent confrontation on Morris Avenue, when an amplified speaker had been confiscated, Alps said, “We try and reason. We try and say, ‘Hey, please! It’s one o’clock in the morning, on a Sunday. It’s God’s day. Give the residents a break.” ></document>
		<document> before each election. Such registration shall not be required for town and village elections except by express provision of law. ></document>
		<document> Each city has a noise ordinance that sets specific rules for when loud noises may be played and what is considered an acceptable range of loudness (dB). ></document>
		<document> The duty may also exist in the case of "special relationships" (such as: being part of the same family, being married, working at the same company...)
Some professions (such as healthcare professional, midwives,...) have an extended duty to help ></document>
		<document> Hero Worship - Evolution Counseling#URL# › hero-worship
Nov 12, 2013 — Hero worship is about placing flesh and blood human beings up on a pedestal, instilling these people with godlike qualities. Meaning is derived ></document>
		<document> #URL# the only reason this guy making noise is not transferred to a more secure place is because of the Supreme Ct., 

On June 22, 1999, the United States Supreme Court held in Olmstead v. L.C. that unjustified segregation of persons with disabilities ></document>
		<document> Grave robbers[edit]
In the early 19th century, most states legislated against grave robbery. African Americans were powerless, voiceless, and unable to resist grave robberies to any meaningful extent.[4] ></document>
		<document> state banking departments and consumer advocates
expressed doubts about OCC's ability or inclination-as the sole regulator of national banks and their operating subsidiaries-to adequately protect consumers..." ></document>
		<document> (A) The covered development or developments are subject to consent decrees or other resident selection and admission plans mandated by court action; ></document>
		<document> What is child custody and visitation?

Custody is the legal responsibility for a child’s care. Physical custody or residency provides for where the child lives. Legal custody provides for decision making power over things like education and health care. ></document>
		<document> this guy is a continuation of a guy interfering with the 'quality-of-life,' issue and was involved in planning to harm Buster, he must go to jail. ></document>
		<document> and one fat ass Hispanic giving support. ></document>
		<document> Clinically, poikilothermia can be manifested by hypothermia (core temperature less than 35°C/95°F) or hyperthermia (core temperature &gt; 37.8°C /100°F). ></document>
		<document> Section 111 of the Medicare, Medicaid, and SCHIP Extension Act of 2007 (MMSEA) added mandatory reporting requirements with respect to Medicare beneficiaries who have coverage under group health plan (GHP) arrangements ></document>
		<document> these Dominican have a serious problem with regards to racial status in there United States were calling a black man a niggar is a taboo: With Spaniards and Amerindians, this was the third original race in this paradigm, ></document>
		<document> The Rorschach has been standardized using the Exner system and is effective in measuring depression, psychosis, and anxiety. ></document>
		<document> Participants were 189 gay, bisexual, or other men who have sex with men, who completed online surveys in 2015. Linear regression analysis found that participants with cats and participants with dogs had lower mental quality of life scores than participants without pets. ></document>
		<document> #URL# so when those cops rounded up on that bus and using the pretext that escaped prisoner was on the bus when one was not, the judge saw no problem with that stop because as far as he was concerned "keep them up there." ></document>
		<document> But they could join militias created especially for them. In contrast with the binary "one-drop rule", which evolved in the late-19th-century United States, people of mixed-Black ancestry were recognized as multiple separate groups, as noted above. ></document>
		<document> subject to fee schedule limitations established under N.Y. Ins. ></document>
		<document> CMS has a conflict of interest:

N.Y. Comp. Codes R. &amp; Regs. tit. 11, § 65-3.9(a) (2005) (Regulation 68-C) states:

All overdue mandatory and additional personal injury protection benefits due an applicant or assignee shall bear interest at a rate of two percent per month, ></document>
		<document> end-to-end-response-times - NYC.gov#URL# › resources › data-and-analytics ></document>
		<document> #URL# so if they (the City) decide to blow this neighborhood up, you'll have no one to blame but yourselves. ></document>
		<document> noise pollution and gay men with cancer seem to be off the radar for the police when it comes to stalking. ></document>
		<document> #URL# this is a picture from India but it serves as an illustration about these hillbillies from Dominican Republic. ></document>
		<document> I suggest that a true notice pleading regime might have staved off the advent of plausibility pleading in Twombly and Iqbal and conclude with suggestions for how to reincorporate the lost virtues of notice pleading into our modern pleading regime. ></document>
		<document> your fellow country man have an opinion Boyz.... ></document>
		<document> They enact laws which say that people of African descent are hereditary slaves. And they increasingly give some power to white independent white farmers and land holders ></document>
		<document> the reason behind this is quite simply: the hypocrisy.. ></document>
		<document> From his famous August 1963 "I Have a Dream" speech. "We will be able to hew out of the mountain of despair a stone of hope." ></document>
		<document> #URL# because of his middle class status he assumed blacks condition has improved so any legislation for black folks benefit is out dated and useless. ></document>
		<document> This Essay explores the real origins of notice pleading and documents the failure of courts to fully realize that doctrine in the Conley era. ></document>
		<document> First of all, this morning after a walk with little Red, returning to this Building there cops and there FDNY parked in front of the building in front of a nursing home, than a black female cop came creeping out of that building, there were a few Hispanics around too. ></document>
		<document> fined not more than $1,000,000 or imprisoned for not more than 30 years, or both.
18 U.S.C. § 1344 (emphasis added). ></document>
		<document> No, waiver clauses aren't always enforceable. Even if you have a complete non-waiver clause in your contract, a court may find that you waived your right to enforcement if you demonstrated extreme behavior. ></document>
		<document> working memory, and verbal learning and memory under three different conditions [quiet: ~ 30 dB(A); urban noise: building site noise, 68–78 dB(A); and social noise: background babble and footsteps from a crowded hall without any discernible words, 68–78 dB(A)], 7–14 days apart, ></document>
		<document> do not pretend that they did not act as ghost skin within their ranks if you do, the victims of that fire will never rest in peace. #URL# ></document>
		<document> Fixated people are of concern, not just because they create problems for public figures and their security systems, but because many are seriously mentally ill individuals in need of care, who in most cases cause harm only to their own lives and well-being. ></document>
		<document> #URL# CIVILIAN COMPLAINT REVIEW BOARD
100 CHURCH STREET 10th FLOOR
NEW YORK, NEW YORK 10007 t TELEPHONE (212) 912-7235 ></document>
		<document> Night Doctors
From Wikipedia, the free encyclopedia ></document>
		<document> How can you manage privacy on social media?
4 ways to better protect your privacy in social media apps
Hide activity status. On many social apps your friends have the ability see if you're active, offline, or the last time you were online. ... ></document>
		<document> #URL# The Hofstadter Committee repeat performance notwithstanding the Covid-19 outbreak. ></document>
		<document> Mental Health First Aid for Public Safety .....helping them better understand mental illnesses and addictions and providing them with effective response options to deescalate ...

Training | Bureau of Justice Assistance#URL# › program › pmhc › training ></document>
		<document> this criminal of a insurance company and possibly of a lawyer crossed state line through concealment of New York Consolidated Laws, Penal Law - PEN § 215.40 Tampering with physical evidence.   Buster Law [ “Buster's Law,” Agriculture and Markets Law § 353-a provides that... ></document>
		<document> Purchasing Whiteness: Pardos, Mulattos, and the Quest for ...#URL# › books › title ></document>
		<document> NYC placed us here under a HUD contract which contains a anti-discrimination provision so I had to mitigate the damages due to that breach with a DHR complaint and is taking reasonable steps to insure no more damages occur, and this city knows damn well that these people... ></document>
		<document> they turned out to killers of dogs just to intimidate Black folks....During the slavery era, slave masters dressed as ghosts, rode around black communities on horseback. Later there were patrols called patterollers. ></document>
		<document> #URL# Steel spine: Suggests a person of strong will who has the courage to stand straight up and fight overwhelming odds in confronting a thorny problem or crisis. ></document>
		<document> In 2011, DiAngelo coined the term “white fragility” to describe the disbelieving defensiveness that white people exhibit when their ideas about race and racism are challenged—and particularly when they feel implicated in white supremacy. ></document>
		<document> #URL# 'Go Back to Iowa' — Brooklyn Borough President Rails Against Gentrification in Heated Speech
By Gloria Pazmino Manhattan
PUBLISHED 10:08 PM ET Jan. 20, 2020 ></document>
		<document> New York City who are foreign-born. And so that could redound into other jurisdictions that have been considering restoring voting rights to immigrants in the country. ></document>
		<document> What Happens if the Supreme Court Strikes Down New York's ...#URL# › 2021/11/05 › nyregion › supr... ></document>
		<document> Personal injury settlements are one of the few types of lawsuits that are tax exempt. Most other lawsuit settlements are taxable, meaning the party winning the lawsuit must give a portion of their compensation to the IRS. ></document>
		<document> this  stalking/crimes went over state lines assholes...a Hospital in Brooklyn had the gull to imply that another insurance provider did not pay up and billed CMS and auto insurance company did the same notwithstanding the 30 day rule under No-fault insurance law, a duty imposed. ></document>
		<document> Using 571 survey interviews with Asian and white shopkeepers and population data from three British cities, ue test six hypotheses regarding the determinants of a shopkeeper's proportion of ethnic minority (Asian) customers. ></document>
		<document> The decision could come as soon as Monday, sources said, with former Seattle chief Carmen Best and current Philadelphia top cop Danielle Outlaw considered by many as the two leading candidates to break the gender barrier atop the nation’s largest police department. ></document>
		<document> in the thoroughly debunked claim that the correspondence might have been passed to him by the DNC staffer Seth Rich, who, Assange darkly suggested, was subsequently murdered by the Clintonistas as revenge for the presumed betrayal. ></document>
		<document> To isolate a specific gene, one often begins by constructing a DNA library—a comprehensive collection of cloned DNA fragments from a cell, tissue, or organism. This library includes (one hopes) at least one fragment that contains the gene of interest. ></document>
		<document> All overdue payments shall bear interest at the rate of two percent per month. If a valid claim or portion was overdue, the claimant shall also be entitled to recover his attorneys reasonable fee, for services necessarily performed in connection with ></document>
		<document> Subjects being obtained from the colored population in sufficient numbers for every purpose, and proper dissection carried out without offending any individuals in the community. ></document>
		<document> #URL# Originally known as the Silent Brigade, The Night Riders were a vigilante force opposed to the American Tobacco Company because it priced tobacco so low that farmers could not make any profit from their work. ></document>
		<document> ABSTRACT
“Parental alienation syndrome” (PAS) is a phrase first coined by Dr. Richard Gardner. Since its inception several scholars have reviewed and criticized this construct, and it has never been accepted by the scientific community as a legitimate scientific construct, ></document>
		<document> The House Energy and Commerce Committee will also discuss whether laws should be changed to hold tech companies more responsible for what their users post, especially when those posts are linked to real-world harm. #URL# ></document>
		<document> Mental Health First Aid for Public Safety is an eight-hour course specially designed for police officers, first responders, corrections officers and other public safety professionals, helping them better understand mental illnesses and addictions and providing them with ></document>
		<document> 1. David Walker and Peter P. Hinks. David Walker’s Appeal: To the Coloured Citizens of the World, ></document>
		<document> #URL# Power Loss and Slow Chemical Reactions
Most batteries work through an electrochemical reaction, which sends power signals to your terminal ends. This chemical reaction slows down in colder weather, weakening your battery's power. ></document>
		<document> this building management saw and knew of the FDNY bullshit around this building and saw a situation get worse and said I was complaining when they had a duty to rescue because they created a hazardous condition by watching the FDNY act like racist in this neighborhood. ></document>
		<document> as well as for Medicare beneficiaries who receive settlements, judgments, awards or other payment from liability insurance (including self-insurance), no-fault insurance, or workers’ compensation, collectively referred to as Non-Group Health Plan (NGHP) or NGHP insurance. ></document>
		<document> Any one of these factors is not by itself proof of any illegal conduct and is quite consistent with innocent travel. But we think taken together they amount to reasonable suspicion. See Florida v. Royer, 460 U. S. 491, 502 (1983) (opinion of WHITE, J.); ></document>
		<document> #URL# usually people see a police officer riding and they become objects instead of people. ></document>
		<document> this is the time for truth telling; in this neighborhood the FDNY along with it's EMS were acting with: 
mis·fea·sance

noun: misfeasance; plural noun: misfeasances
a transgression, especially the wrongful exercise of lawful authority.
Origin ></document>
		<document> where is tweeter's decency and sense of operating within.... ></document>
		<document> Neanderthal Genes Hint at Much Earlier Human Migration From Africa#URL# › 2020/01/31 › science › neand... ></document>
		<document> whereas another cop, of unknown origin (middle easterner or an Hispanic (mulattoe) (Mestizo); gave the crowd if they were looking at the scene, a wide eye look as if to indicate, 'this guy, this niggar has a problem.' ></document>
		<document> Further, the court determined the child would not be harmed by travel to the prison and thus ordered periodic four-hour visits. The Appellate Division affirmed.

The Court of Appeals rejected the mother’s argument that the family court had applied the wrong standard of law. ></document>
		<document> of a culture are passed on to succeeding generations” (Reber, 1995, p. 177). Cultural transmission is the knowledge that is learned and transmitted to later generations. ></document>
		<document> In healthy adults, environmental noise adversely affects many cognitive domains, including those known to be compromised in schizophrenia. This pilot study examined whether environmental noise causes further cognitive deterioration in a small sample of people with schizophrenia. ></document>
		<document> Cerebellar disorders have numerous causes, including congenital malformations, hereditary ataxias, and acquired conditions. ></document>
		<document> Now these homophobic freaks are tryin g to tell me how to present Red in the public....Red is suppose to look like one of their dogs.... #URL# ></document>
		<document> Companion animals and quality of life of gay and bisexual men with prostate cancerPets may be a stressor for gay and bisexual men following treatment. ></document>
		<document> Hush money is a term for an arrangement in which one person or party offers another an attractive sum of money or other enticement, in exchange for remaining silent about some illegal, stigmatized, or shameful behavior, action, or other fact about the person or party #URL# ></document>
		<document> Abstractionist Aesthetics: Artistic Form and Social Critique in African American Culture ></document>
		<document> The False Compromise Fallacy takes to distinct forms: ></document>
		<document> ABSTRACT
The coercive and punitive “therapies” recommended for children diagnosed with parental alienation constitute an ethical minefield and are especially inappropriate when used on children who have already been traumatized. ></document>
		<document> #URL# for the purpose of depriving, either directly or indirectly, any person or class of persons of the equal protection of the laws, or of equal privileges and immunities under the laws; or for the purpose ></document>
		<document> How My Damaged Ego Modified My Perception Of Reality#URL# › betterism › how-my-damaged-eg. ></document>
		<document> Paganism (from classical Latin pāgānus "rural", "rustic", later "civilian") is a term first used in the fourth century by early Christians for people in the Roman Empire who practiced polytheism or ethnic religions other than Judaism. ... ></document>
		<document> Since the sixteenth century, miscegenation between people of African and European descent has created a population of mixed-race people in all parts of the African Diaspora. In the United States, this population was produced in three ways— ></document>
		<document> #URL# 
Though dementia generally involves memory loss, memory loss has different causes. Having memory loss alone doesn't mean you have dementia, although it's often one of the early signs of the condition. ></document>
		<document> social critic Christopher Hitchens; existential philosopher Søren Kierkegaard; and Friedrich Nietzsche, author of On the Genealogy of Morality: A Polemic. ></document>
		<document> send. a notice to Buster's lawyer.....oh boy. ></document>
		<document> Because gay and bisexual men have less social support than their heterosexual peers, some have argued that pet companionship could provide emotional support, while others have argued the opposite, that having a pet is another stressor. ></document>
		<document> those punks knew were I lived and stalked me right here and they been doing that every since I arrived in this building with this management blessing because along with HPD we were set-up....why else would we be assigned next door that has a history... ></document>
		<document> A classic example of ad hominem fallacy is given below: A: “All murderers are criminals, but a thief isn't a murderer, and so can't be a criminal.” B: “Well, you're a thief and a criminal, so there goes your argument.” ></document>
		<document> #URL# Crazy, idiotic, as in Mary's nutty as a fruitcake if she thinks she can get away with that. The adjective nutty meaning “insane” was first recorded in 1821; the similarity to fruitcake, which literally contains nuts as well as fruit, ></document>
		<document> The Pinocchio paradox arises when Pinocchio says "My nose grows now" and is a version of the liar paradox. The liar paradox is defined in philosophy and logic as the statement ></document>
		<document> #URL# Quo warranto means: “by what authority”. ... The writ of quo warranto can be issued against the holder of a public office. The writ calls upon him slowly to the court under what authority he holds the office. ></document>
		<document> About the author
Judith Morrison
Judith Morrison is the Regional Director for South America and Caribbean at the Inter-American Foundation. She previously served as a senior associate at the Inter-American Dialogue ></document>
		<document> seen all this activity is done out-of-sight of the public in violation of "The Break Up Big Tech Act of 2020, introduced Wednesday by Rep. Tulsi Gabbard (D-HI) and Rep. Paul Gosar (R-AZ), ></document>
		<document> #URL# Tarring and feathering is a form of public torture and punishment used to enforce unofficial justice or revenge. It was used in feudal Europe and its colonies in the early modern period, as well as the early American frontier, ></document>
		<document> As this is the first study of pet companionship in sexual minorities, further research is needed to confirm the reliability of these findings, generalizability, and temporality of the association. ></document>
		<document> #URL#  5) staggering, wide based walking (ataxic gait ...What are the symptoms of cerebellar damage? ></document>
		<document> persons who later acquire diagnoses of mental illness (Breyer, 1987; Beck &amp; Van der Kolk, 1987; Rose, et al, 1992; Craine, et al, 1988; Stefan, 1996). ></document>
		<document> #URL# Ephebophilia is the primary sexual interest in mid-to-late adolescents, generally ages 15 to 19. The term was originally used in the late 19th to mid-20th century. ></document>
		<document> Eighteen outpatients with schizophrenia on stable doses of antipsychotics and 18 age and sex-matched healthy participants were assessed on a comprehensive cognitive battery including measures of psychomotor speed, attention, executive functioning, ></document>
		<document> Placenta accreta is a potentially life-threatening condition that may complicate a first-trimester abortion in rare occasions, and it can be difficult to recognize ></document>
		<document> I should have been able to copy, paste any public document and so should anyone else without legislators permission nor of their staff that helped draw up the legislation. ></document>
		<document> The CMS Hearing Officer conducts Medicare and Medicaid Hearings on behalf of the Secretary or the Administrator that are not within the jurisdiction of the Departmental Appeals Board (DAB), the Social Security Administration's Office of Medicare Hearings and Appeals (OMHA), ></document>
		<document> Pyrrhic Victory: Winning the Battle, Losing the War ></document>
		<document> The Hispanic growth condition pre- sented veridical information that Hispanics were currently (as of 2014) the nation’s largest ethnic/racial minority group and that ... ></document>
		<document> Is a corporation recognized under US law as a person?
A corporation is recognized under the U.S. Law as a person as a legal person, as opposed to a natural person. ></document>
		<document> Dissection of white cadavers carried far greater risks for doctors. Nevertheless, poor whites were used, especially when available in abundance.[5] ></document>
		<document> and suggesting that they stay away from the issue and/or leave the in-group. This is usually done by saying something such as, "Well, if you don't like it, then get out!" ></document>
		<document> #URL# under the circumstances there was no way HPD should have sent us here.....because they acted as if that Brooklyn affair was a delusion....so the drums will continue to beat. ></document>
		<document> #URL# Definition of not see the forest for the trees

US. : to not understand or appreciate a larger situation, problem, etc., because one is considering only a few parts of it....this community finally saw larger picture down @ the bottom ></document>
		<document> (FOX) - Clint Eastwood has made his name in Hollywood as a star who isn't afraid to speak his mind. However his latest gambit has industry sponsors seething. Clint Eastwood caused a frenzy last week when he and Dr. Phil unveiled their new Erectile Dysfunction cure on his show. ></document>
		<document> Sleep patterns
Energy level
Alcohol or drug use
Sex drive
Self-esteem
Concentration ></document>
		<document> Start reading Purchasing Whiteness | Ann Twinam - Stanford ...#URL# › books › extra
Read an excerpt from Purchasing Whiteness: Pardos, Mulattos, and the Quest ... as providing insight into race relations or identity in the Hispanic world. ></document>
		<document> watch it....Can cabin fever make you depressed?
Image result for cabin fever and mental illness
There are times you might find it difficult to leave home, such as during times of illness or bad weather. While you might feel fine at first, ></document>
		<document> It morally destroys their nature and fills them with destructive pride. However, if the person saves himself from this abuse of power, he or she is a humble person. ></document>
		<document> General Counsel Opinion 02-07-22 states in pertinent part:

The rate of interest paid by "no-fault" providers for violations of N.Y. Ins. Law § 5106 (McKinney 2000), ("No Fault," Fair Claims Settlement), is 2% per month as provided for by N.Y. Ins. Law § 5106 (a) (McKinney 2000) ></document>
		<document> rejection sensitivity is significantly predicted by bipolar depression, suggesting that this might be considered as a state marker for bipolar depression and taken into account in the clinical differentiation of bipolar and unipolar depression. #URL# ></document>
		<document> The Bystander Effect is about more than the diffusion of responsibility...what that means is this: these people saw the NYPD along with the FDNY including EMS even from neighboring hospitals go amok in the streets, so my question is, does this city have such and effect on... ></document>
		<document> #URL# Thought disorder is a disorganized way of thinking that leads to abnormal ways of expressing language when speaking and writing. It's one of the primary symptoms of schizophrenia, but it may be present in other mental disorders such as mania and depression ></document>
		<document> #URL# King Bayano, the Mandinka king who escaped slavery in the 1600s and fought off the Spanish for several years

ELIZABETH OFOSUAH JOHNSON | Staff Writer ></document>
		<document> The purpose of these laws is to promote ethical standards, prevent fraud and corruption, and by doing so engender greater public trust....🤪 ></document>
		<document> The Ku Klux Klan Act of 1871 | US House of Representatives#URL# › hh_1871_04_20_KKK_Act #URL# ></document>
		<document> Now image that Dennis could not participate in a child education..... ></document>
		<document> On January 21, 2010, the Supreme Court issued a ruling in Citizens United v. Federal Election Commission overruling an earlier decision, Austin v. Michigan State Chamber of Commerce (Austin), that allowed prohibitions on independent expenditures by corporations. ></document>
		<document> #URL# According to NYC Quiet Hours specified in Local Law 113, neighbors in all five boroughs are bound to quiet hours from 10 pm until 7 am. ></document>
		<document> Ergo decedo, Latin for "therefore leave" or "then go off", a truncation of argumentum ergo decedo, and colloquially denominated the traitorous critic fallacy,[1] denotes responding to the criticism of a critic by implying that the critic is motivated by undisclosed favorability ></document>
		<document> food for the brain: What is the cause of extrajudicial killings? ></document>
		<document> Emergency Response Times Unchanged—But Fewer NYC ...#URL# › news › emergency-response-tim... ></document>
		<document> What does the inkblot test reveal?

The Rorschach test employs a series of ten bilaterally symmetrical inkblot cards, of which some are black or gray, and others could contain applications of color. ></document>
		<document> American Heart Association Council on Clinical Cardiology., Council on Cardiovascular and Stroke Nursing.
Circulation. 2013 Jun 11; 127(23):2353-63.
[PubMed] [Ref list] ></document>
		<document> #URL# and called the cops to watch every move we made. ></document>
		<document> Mandatory Insurer Reporting for Non-Group Health Plans (NGHP) #URL# ></document>
		<document> these people I've named took advantage of Buster.....and they must...... ></document>
		<document> BIPOLAR DISORDER PRESENTING AS STALKING - A case report ></document>
		<document> Often Resentful stalkers present themselves as a victim who is justified in using stalking to fight back against an oppressing person or organisation....cf. The Influence of Companion Animals on Quality of Life of Gay and Bisexual Men Diagnosed with Prostate Cancer ></document>
		<document> As officers of the court, all attorneys are obligated to maintain the highest ethical standards. In furtherance of this obligation, attorneys are guided by a code of conduct, the NY Rules of Professional Conduct, as adopted by the Appellate Division of State Supreme Court. ></document>
		<document> is first reported, a CPN will be issued. This notice provides conditional payment information and advises the beneficiary on what actions must be taken. ></document>
		<document> was implemented. In addition, USCIS will no longer apply the separate, but related, “public benefits condition” to applications or petitions for extension of nonimmigrant stay and change of nonimmigrant status. ></document>
		<document> coming to America with a chip on the shoulder is not classy.  someone will knock it off your shoulder and quick. ></document>
		<document> Death of a Client. The privilege may be breached upon the death of a testator-client if litigation ensues between the decedent's heirs, legatees or other parties claiming under the deceased client.
Fiduciary Duty. ...
Crime or Fraud Exception. ...
Common Interest Exception. ></document>
		<document> #URL# kept calling us niggar with a damn dog. ></document>
		<document> Aligning with punks like that one that harmed Buster Black folks have negative results...In 1976, the U.S. Congress passed what was the only law in this country’s history that mandated the collection and analysis of data for a specific ethnic group: ></document>
		<document> at that location that precinct members were doing exactly what is being done in this neighborhood; view the accident report and see how two version were made, one by a creep and another by a cop.  The cop statement saved that punks ass, that occurred to at 684 Flushing. ></document>
		<document> #URL# for mom to give as a Xmas toy.... ></document>
		<document> #URL# let's start a count down....we are about to enter 2022.  where are you, there or here. ></document>
		<document> the Provider Reimbursement Review Board (PRRB), the Medicare Geographic Classification Review Board (MGCRB), or the States. ></document>
		<document> Jericho project doing GOD work by housing former homeless people because blind because it became these homeless "brotherkeep"..be (not) (one's) brother's keeper To be responsible for the actions, behavior, or whereabouts of one's close relative or friend ></document>
		<document> The petitioner, New York state prisoner Shawn G. Granger, acknowledged paternity of a child prior to his imprisonment. He sought an order under the Family Court Act allowing visitation after the mother refused to bring the child to see him in prison. #URL# ></document>
		<document> since I'm a victim of stalking, I take any and all threats very seriously so this Hector Lugo Perea character opinion in my notification on tweeter and my interpretation of it fits into: The communication in interstate commerce of threats to harm a person or property, ></document>
		<document> #URL# Earth moves at about 30 kilometres per second around the sun. If you count this as your own journey, you will have travelled about 62 billion kilometres in 66 Earth years.  

Dennis been around the block a few times. ></document>
		<document> It will come as a surprise, therefore, to learn that neither the original Constitution nor the Bill of Rights nor any other provision of the Constitution expressly guarantees the right to vote...are these guy stupid. ></document>
		<document> Resentful stalking can arise out of a severe mental illness when the perpetrator develops paranoid beliefs about the victim and uses stalking as a way of ‘getting back’ at the victim. ></document>
		<document> do CMS really want you appeal a dubious decision (?) ></document>
		<document> The Influence of Companion Animals on Quality of Life of Gay and Bisexual Men Diagnosed with Prostate Cancer.nWright MM, Schreiner P, Rosser BRS, Polter EJ, Mitteldorf D, West W, Ross MWnInt J Environ Res Public Health. 2019 Nov 13; 16(22):.n[PubMed] [Ref list] ></document>
		<document> #URL# "Don't throw the baby out with the bathwater" is an idiomatic expression for an avoidable error in which something good is eliminated when trying to get rid of something bad, or in other words, rejecting the favorable along with the unfavorable. Wikipedia ></document>
		<document> But soon after Bacon's Rebellion they increasingly distinguish between people of African descent and people of European descent. ></document>
		<document> If potential third-party payers submit a Consent to Release form, executed by the beneficiary, they too will receive CPLs and the Demand Letter. It is in the best interest of both sides to have the most accurate information available regarding the amount owed to the BCRC. ></document>
		<document> #URL# Another form of competitor derogation that is instrumental in making rivals appear less desirable is slut-shaming. ></document>
		<document> after Buster was harmed this stalking shit went over state lines.... ></document>
		<document> #URL# (L)ook, when Buster and I came this the bronx off the streets, that punk in apt 208 was already here playing loudly that boombox, knowing that by management why would you put us near him knowing he plays loud music?   If the placement wasn't a setup. ></document>
		<document> The way these white &amp; hispanics people act here and the capital isn't unlike facist.nnThe Africa #URL#: Sisi's power reinforced after passing of new law #URL# ></document>
		<document> Priorities for the internal transfer waiting list and applicant preferences for the external waiting list must be identified in the property’s Tenant Selection Plan. ></document>
		<document> to misidentify the faces of racial minorities.[91] Some ethnic groups, such as Asian-Americans and African-American, were up to 100 times more likely to be misidentified than white men.[91] ></document>
		<document> Let me tell you
The truth is in the eyes 'cause the eyes don't lie, amen
Remember, a smile is just a frown turned upside down my friend
So, hear me when I'm saying
Smiling faces, smiling faces, sometimes, yeah
They don't tell the truth ></document>
		<document> as a syndrome or as a mental disorder. Despite its general rejection as unscientific, the construct of PAS at times continues to be used in legal settings as if it has an adequate foundation within science, clinical, or forensic practice. ></document>
		<document> The family court noted that state law presumes a child’s best interest is served by visits with a non-custodial parent, and “the fact that such parent is incarcerated is not an automatic reason for blocking visitation.”v. Misercola, 21 N.Y.3d 86, 990 N.E.2d 110 (N.Y. 2013). ></document>
		<document> #URL# perfect description: these clowns do not watch the NFL, instead they are driving by this building as stalkers, as if they are in gang fight with a black man; when in fact they are...., and cannot just the hint. ></document>
		<document> #URL# Whitewashing is the act of glossing over or covering up vices, crimes or scandals or exonerating by means of a perfunctory investigation or biased presentation of data...I cannot believe that I did an investigation over the internet &amp; got it done right. ></document>
		<document> are responsible for what happened, so my alter-ego (Superman) have to be a smart cookie too besides being a Superman amongst these people in this neighborhood, In a breach of contract case, upon receiving notice that one party to a contract does not intend to perform, ></document>
		<document> a set-up...cannot tell everyone ></document>
		<document> blacks moved into.[155] A 2016 study found that industrial use zoning in Chicago tended to be allocated to neighborhoods populated by racial minorities.[156]nnA report by the federal Department of Housing and Urban Development where the department sent African-Americans and.. ></document>
		<document> no coat on, surrounded by these individuals.  As they approached Red with him in my arms, there were two short cops, one whom was an Hispanic said very low, 'move over,' and made a move with his arms as if his psychic wanted to place his hands upon me as I was holding Red... ></document>
		<document> Thus, we predict that Hispanic population growth will lead members of other racial minority groups to identify as relatively more conservative (Study 1a) and express greater support for conser- vative policies (Studies 1b-4) ></document>
		<document> #URL#  cultural enrichment."   yea, he getting culture enrichment or at lease he culturally enriching us with his boombox. ></document>
		<document> #URL# Memory loss, which is usually noticed by someone else
Difficulty communicating or finding words
Difficulty with visual and spatial abilities, such as getting lost while driving
Difficulty reasoning or problem-solving ></document>
		<document> (Amended by Constitutional Convention of 1938 and approved by vote of the people November 8, 1938; further amended by vote of the people November 2, 1943; November 6, 1945; November 6, 1961; November 8, 1966; November 7, 1995.) ></document>
		<document> Protecting prosecution: exploring the powers of law in an intervention program for domestic violence.
Römkens R.
Violence Against Women. 2006 Feb;12(2):160-86. doi: 10.1177/1077801205284922.
PMID: 16382030 Review. ></document>
		<document> Purchasing Whiteness: Race and Status in Colonial Latin ...#URL# › purchasing-whiteness-race-and...
Sep 1, 2015 — By 1795, the Spanish crown had institutionalized the purchase of whiteness through a process called the gracias al sacar. ></document>
		<document> playing the victim by. these Dominican is a pretext, pretextual for the real reason they continue with their reckless behavior is because of "Purchasing Whiteness contextualizes the history of the gracias al sacar... #URL# ></document>
		<document> Democrats argue that, in recent years, the conservative-led Supreme Court did what McConnell advised against: “fixed” what wasn’t broken. In response, they have proposed restoring and strengthening the parts of the law struck down by the court that gave the ></document>
		<document> this event was reported by the New York Post....no shit and that reporter came right to me and got a description obviously on the police radio there was talking and besides, the activities of the NYPD was notorious those reporters had a heads-up on me being stalked by cops. ></document>
		<document> It reaffirmed that “substantial proof” must be presented to overcome the presumption in favor of visitation, including when a parent is incarcerated. ></document>
		<document> Physicists Weigh In: Could We Ever Travel to a Parallel ...#URL# › physicists-weigh-in-could-we-ever-... ></document>
		<document> #URL# Over time they shrink down to nothing and simply pop away in a flash of energy. It's not exactly fast. A good size black hole — say, a few times more massive than the sun — will take about 10^100 years to eventually evaporate through this process, known as ></document>
		<document> #URL#  It does not admit there was anything wrong with the remarks made, and may imply the person took offense for hypersensitive or irrational reasons. ></document>
		<document> Hector Lugo Perea
#USER#
a veil threat.  Veiled threats are coded statements in which no explicit intentions are articulated. This gives the utterer grounds for claiming that there was no legally actionable threat of harm. ></document>
		<document> Another Hispanic is being kept out of jail by the city of New York just that insurance company..."...honest services fraud statute you must owe a duty of honest service to someone and have deprived that person of the duty owed by accepting a bribe or kickback from another person. ></document>
		<document> of gender motivated violence and to promote public  safety, health, and activities affecting interstate commerce by establishing a Federal civil rights cause of action for victims of crimes of violence motivated by gender. ></document>
		<document> After the American Civil War, the Ku Klux Klan continued the "Night Rider" tradition. It was finally taken up by the Night Doctors. ></document>
		<document> Meanwhile, there was always a white man eager to share his thoughts on race. In these sessions I typically rely on silent feedback from participants of color to make sure I am on the right track, while trying to moderate the loud centering of whiteness. ></document>
		<document> whom ever is assigned to investigate this housing matter at the Division of Human Rights (Case Reyes, J. (Lee, D) 10213088 assigned to Cleo Adebiyi./ust a note that your case (Lee, d. 10213388) has been assigned to Elena Perlongo...hopefully they understand 2 concepts. ></document>
		<document> #URL# buckle up girls because it's going to get funky in here soon. ></document>
	
</author>The <document> is unconstitutional, rather than invoking the "constitutional principle" that the government "treats citizens as individuals and not as members of racial, ethnic or religious groups". ></ document>
<document> Summary

We examined the association between psychopathy and abuse in 61 men convicted of abuse, assessed using the Hare Psychopathy Checklist-Revised: Screening Version (Hart et al., Manual for the Psychopathy Checklist Screening Version (PCL:SV), 1995). crimes. ></ document>
<document> #URL# Things like posterior cortical lesions or seizures can cause these conditions. ></ document>
<document> Recalling a recent shootout in which an empowered speaker was captured on Morris Avenue at the time, Alps said, "We're trying and reasoning. 'Hey, please! It's one o'clock on Sunday morning. It's God's day. Leave the residents alone." ></ document>
<document> before each selection. Unless there is a clear legal provision, this record is not sought in town and village elections. ></ document>
<document> Every city has a noise ordinance that sets specific rules for when loud sounds can be played and what is considered an acceptable loudness range (dB). ></ document>
<document> The assignment may also be in the case of "special relationships" (such as being a member of the same family, being married, working in the same company).
The duty of helping some professions (such as healthcare professionals, midwives,...) has been expanded ></document>
<document> Hero Worship - Evolution Consulting#URL# › hero worship
November 12, 2013 — Hero worship is about putting people of flesh and blood on a pedestal and instilling godlike qualities in them. The meaning is derived ></document>
<document> The only reason this #URL# noisy guy wasn't transferred to a safer location is Supreme Ct.,

On June 22, 1999, the United States Supreme Court in Olmstead v. L.C. that people with disabilities are exposed to this unfair discrimination ></document>
<document> Grave robbers[edit]
In the early 19th century, most states passed laws against grave robbery. African Americans were powerless, silent, and unable to resist grave robberies to any meaningful extent.[4] ></ document>
<document> government banking departments and consumer rights advocates
He expressed doubts about the ability or propensity of the OCC—as the sole regulator of national banks and their operating subsidiaries—to adequately protect consumers..." ></document>
<document> (A) Covered development or enhancements are subject to consent orders or other court-mandated residency and admission schemes; ></ document>
<document> What is child custody and visitation?

Custody is the legal responsibility for the care of a child. Physical custody or residency provides where the child lives. It provides decision-making authority on matters such as legal custody, education, and health care. ></ document>
<document> this guy continuesA man who interferes with the 'quality of life' issue and is involved in planning to harm Buster must go to jail. ></ document>
<document> and a supportive big-ass Spaniard. ></ document>
<document> Clinically, poikilthermia may present with hypothermia (core temperature below 35°C/95°F) or hyperthermia (core temperature > 37.8°C /100°F). ></ document>
<document> Section 111 of the Medicare, Medicaid, and SCHIP Extension Act (MMSEA) 2007 added mandatory reporting requirements for Medicare beneficiaries covered under group health plan (GHP) regulations ></document>
<document> these Dominicans have a serious problem with the racial situation there The United States called a black man a black man, and it was taboo: with the Spaniards and Indians this was the third original race in this paradigm, ></document>
<document> The Rorschach has been standardized using the Exner system and is effective in measuring depression, psychosis, and anxiety. ></ document>
<document> Participants were 189 gay, bisexual, or other men who had sex with men who completed online surveys in 2015. Linear regression analysis found that participants with cats and participants with dogs had lower mental quality of life scores than participants without pets. ></ document>
<document> #URL#, under the pretext that those cops were there when they gathered on that bus and the escaped prisoner was not on the bus, the judge saw no problem at this stop because according to him, "keep them going" That's where." ></ document>
<document> They can only join militias created specifically for them. In contrast to the dual "one-drop rule" that developed in the United States in the late 19th century, as noted above, people of mixed Black descent were considered multiple separate groups. ></ document>
<document>, N.Y. Ins. subject to the fee schedule limitations set under ></ document>
<document> CMS has a conflict of interest:

NY Comp. Codes R. &amp; Records tit. 11, § 65-3.9(a) (2005) (Rule 68-C) states:

All mandatory and additional personal injury protection benefits overdue by an applicant or attorney will be subject to interest at the rate of two percent per month, ></ document>
<document> end-to-end response times - NYC.gov#URL# › resources › data and analysis ></document>
<document> #URL# so if (the City Hall) decides to blow up this neighborhood, you'll have no one to blame but yourself. ></ document>
<document> noise pollution and gay men with cancer seem to be off the police radar when it comes to tracking. ></ document>
<document> #URL# this is an image from India but it is an example about these villagers in the Dominican Republic. ></ document>
<document> I suggest that a genuine whistleblower regime might prevent the emergence of plausible defense in Twombly and Iqbal and conclude with suggestions on how to reintroduce the lost virtues of whistleblower into our modern defence.diet. ></ document>
<document> your fellow has an idea Boyz.... ></document>
<document> They pass laws that say people of African descent are hereditary slaves. And they're increasingly giving some power to white independent white farmers and landowners ></document>
<document> the reason for this is very simple: hypocrisy.. ></document>
<document> From the famous "I Have a Dream" speech in August 1963. "We will be able to hew a stone of hope from the mountain of despair." ></ document>
<document> #URL# assumed that blacks were better off because of their middle-class status, and so any legislation that benefits blacks was outdated and useless. ></ document>
<document> This Essay explores the true origins of the whistleblower petition and documents the failure of courts to fully realize this doctrine during the Conley era. ></ document>
<document> First of all, after walking with little Red this morning, the cops returned to this Building and there the FDNY parked in front of the building in front of a nursing home, then a black female cop crawled out of that building. There were also a few Spaniards around. ></ document>
<document> Fines not more than $1,000,000 or sentenced to no more than 30 years in prison, or both.
18 US § 1344 (emphasis added). ></ document>
<document> No, disclaimer clauses are not always enforceable. Even if your contract includes a complete non-waiver clause, a court may decide that you waive your enforcement right if you act excessively. ></ document>
<document> working memory and verbal learning and memory under three different conditions [silent: ~ 30 dB(A); urban noise: construction site noise, 68–78 dB(A); and social noise: background babbling and footsteps without discernible words from a crowded hall, 68–78 dB(A)], 7–14 days apart, ></document>
Don't pretend they don't pretend to be ghost skins in the <document> ranks, if you do, the victims of that fire will never rest in peace. #URL# ></ document>
<document> People with obsession are a cause for concern not only because they cause problems for public figures and their security systems, but also because they are in need of care, severely mentally ill people who in many cases only harm their own lives and health. structure. ></ document>
<document> #URL# CIVIL COMPLAINT INVESTIGATION BOARD
100 CHURCH AVENUE 10TH FLOOR
NEW YORK, NEW YORK 10007 t PHONE (212) 912-7235 ></ document>
<document> Night Doctors
From Wikipedia, the free encyclopedia ></ document>
<document> How can you manage privacy on social media?
4 ways to better protect your privacy on social media apps
Hide activity status. Many social apps have the ability to see if your friends are active, offline, or when you were last online. ... ></ document>
<document> #URL# The Hofstadter Committee repeats its performance despite the Covid-19 pandemic. ></ document>
<document> Mental Health First Aid for Public Safety .....helping them understand men betterTo reduce tension by providing unfortunate diseases and addictions and effective intervention options for them...

Education | Bureau of Justice Assistance#URL# › program › pmhc › education ></document>
<document> this criminal of an insurance company and possibly a lawyer crossed the state line by tampering with and concealing physical evidence of New York Consolidated Laws, Penal Code - PEN § 215.40. Buster Act [ “Buster Act,” Agriculture and Markets Act § 353-a provides... ></ document>
<document> Purchase Whiteness: Quest for Pardos, Mulattos and ...#URL# › books › title ></document>
<document> NYC placed us here under a HUD agreement with an anti-discrimination clause, so I had to mitigate the damage from this violation with a DHR complaint and it's taking reasonable steps to ensure that no more harm occurs and this city damn knows how these people... ></ document>
<document> they turned into dog killers just to scare Blacks... During slavery times, slave owners dressed as ghosts rode around black communities on horseback. Then there were patrols called patterols. ></ document>
<document> #URL# Steel spine: Suggests a strong-willed person who has the courage to stand tall and face overwhelming challenges to face a thorny issue or crisis. ></ document>
<document> In 2011, DiAngelo coined the term "white fragility" to describe the disbelieving advocacy that whites display when their ideas about race and racism are challenged, and especially when they feel that they have become infected with white supremacy. ></ document>
<document> #URL# "Back to Iowa" — Brooklyn County Mayor Stalls Against Gentrification in His Vigorous Speech
By Gloria Pazmino Manhattan
PUBLISHED 20:08 PM ET January 20, 2020 ></ document>
<document> Foreign national New York City. And so this could reflect in other jurisdictions in the country that are considering restoring the voting rights of immigrants. ></ document>
<document> Supreme Court of New York ...#URL# › 2021/11/05 › nyregion › supr... ></document>
<document> Personal injury settlements are one of the few types of lawsuits that are tax-exempt. Most other litigation settlements are taxable, meaning the winning party must give a portion of their compensation to the IRS. ></ document>
<document> these stalking/crimes crossed state lines assholes...A Hospital in Brooklyn dared to imply that another insurance provider didn't pay and billed the CMS, and the auto insurance company did the same despite the 30-day rule under No- . fault insurance law, a duty imposed. ></ document>
<document> Using 571 survey interviews of Asian and white shopkeepers and population data from three British cities, test six hypotheses regarding the determinants of the proportion of ethnic minority (Asian) customers of a shopkeeper. ></ document>
<document> Sources say decision with former Seattle chi could be made as soon as Mondayef Carmen Best and current Philadelphia top cop Danielle Outlaw are seen by many as the two leading candidates to break the gender barrier at the top of the nation's largest police department. ></ document>
<document>, in a completely refuted claim that the correspondence may have been forwarded to him by DNC employee Seth Rich, <document> was later murdered by the Clintonistas as revenge for the presumed betrayal, as Assange darkly suggested. ></ document>
<document> To isolate a particular gene, one usually starts by creating a DNA library, that is, a comprehensive collection of cloned DNA fragments from a cell, tissue, or organism. This library contains at least one fragment containing the gene of interest (a hope). ></ document>
<document> Interest at two percent per month will be charged on all overdue payments. If a valid claim or portion is overdue, the claimant will also be entitled to recover his attorney's reasonable fees for services rendered in connection with ></document>.
<document> Sufficient numbers of subjects are obtained for each purpose from the colored population and appropriate dissection is performed without offending anyone in the community. ></ document>
<document> #URL# The Night Riders, originally known as the Silent Brigade, were a vigilante force against the American Tobacco Company because they kept tobacco prices so low that the farmers could not make any profit from their business. ></ document>
<document> SUMMARY
"Parental alienation syndrome" (PAS) was first described by Dr. It is a phrase coined by Richard Gardner. Since its inception, many scholars have reviewed and criticized this structure, and it has never been accepted as a legitimate scientific structure by the scientific community, ></document>
<document> The House of Representatives Energy and Commerce Committee will also discuss whether to change laws to hold tech companies more accountable for their users' posts, especially when these posts are linked to real-world harm. #URL# ></ document>
<document> Mental Health First Aid for Public Safety is an eight-hour program specifically designed for police officers, first responders, prison officers, and other public safety professionals to help them better understand and provide ></document to mental illness and addictions. is the course.
<document> 1. David Walker and Peter P. Hinks. David Walker's Call: To the Colored Citizens of the World, ></ document>
<document> #URL# Loss of Power and Slow Chemical Reactions
Most batteries work through an electrochemical reaction that sends power signals to your terminals. This chemical reaction slows down in cold weather, weakening your battery's power. ></ document>
<document> this building management saw and knew the FDNY bullshit around this building and saw a situation getting worse and said I complained when they had rescue missions because they created a dangerous situation by watching the FDNY act like a racist in this neighborhood. . ></ document>
as <document>as well as Medicare beneficiaries who receive payments, provisions, rewards or other benefits from liability insurance (including self-insurance), perfection insurance or workers' compensation, collectively referred to as Non-Group Health Plan (NGHP) or NGHP insurance. ></ document>
<document> Any of these factors per se is not evidence of any illegal behavior and is quite consistent with innocent travel. However, taken together, we consider it to constitute reasonable doubt. See. Florida v. Royer, 460 U. S. 491, 502 (1983) (option of WHITE, J.); ></ document>
<document> #URL# often people see a police officer riding a horse and become objects instead of people. ></ document>
<document> now it's time to tell the truth; in this neighborhood the FDNY was acting with EMS:
wrong · failure

name: misuse; plural noun: misfeasances
an infringement, especially misuse of legal authority.
Source ></ document>
<document> where is tweeter's manners and working mentality.... ></document>
<document> Neanderthal Genes Hint for a Much Earlier Human Migration from Africa#URL# › 2020/01/31 › science › neand... ></document>
<document> whereas another cop of unknown origin (middle eastern or Hispanic (cross-breed) (Mestizo)) is looking at the crowd at the scene, 'this guy, this nigger is a problem.' ></ document>
<document> In addition, the court ruled that the child would not be harmed on the way to prison and therefore ordered periodic four-hour visits. The Appeals Chamber approved.

The Supreme Court dismissed the mother's argument that the family court had applied the wrong standard of law. ></ document>
the <document> of a culture is passed on to the next generations” (Reber, 1995, p. 177). Cultural transfer is the knowledge that is learned and passed on to the next generations. ></ document>
<document> In healthy adults, environmental noise adversely affects many cognitive domains, including those known to be compromised in schizophrenia. This pilot study examined whether environmental noise caused further cognitive impairment in a small sample of people with schizophrenia. ></ document>
<document> Cerebellar disorders have numerous causes, including congenital malformations, hereditary ataxias, and acquired conditions. ></ document>
<document> Now these homophobic freaks are trying to tell me how to present Red in public....Red needs to look like one of their dogs.... #URL# ></document>
<document> Companion animals and quality of life of gay and bisexual men with prostate cancer Pets can be a stressor for gay and bisexual men after treatment. ></ document>
<document> Silencing money is a term for an arrangement in which one person or party offers an attractive amount of money or other temptation to the other in exchange for remaining silent about illegal, stigmatized or shameful conduct, action, or other facts. person or party #URL#></ document>
<document> Abstractionist Aesthetics: Artistic Form and Social Criticism in African-American Culture ></document>
<document> False Compromise Error takes different forms: ></document>
<document> SUMMARY
Coercive and punitive “therapies” offered to children diagnosed with parental alienation constitute an ethical minefield and are particularly inappropriate when used on children who have already been traumatized. ></ document>
<document> #URL# for the purpose, directly or indirectly, to deprive any person or group of persons from equal protection of the law or from equal privileges and immunities under the law; or for ></ document>
<document> How My Damaged Ego Changed My Perception of Reality#URL# › benevolence › how-my-damaged-eg. ></ document>
<document> Paganism (classic Latin pāgānus "rural", "rural", later "civilian") is a term first used by early Christians in the fourth century for people who practiced polytheism or ethnic religions other than Judaism in the Roman Empire. ... ></ document>
<document> Since the sixteenth century, interbreeding between people of African and European descent has created mixed-race populations throughout the African diaspora. In the United States, this population was bred in three ways: ></document>
<document> #URL#
Although dementia usually includes memory loss, there are different causes of memory loss. Having memory loss alone does not mean you have dementia, but it is often one of the early signs of the condition. ></ document>
<document> social critic Christopher Hitchens; existentialist philosopher Søren Kierkegaard; and Friedrich Nietzsche, author of On the Genealogy of Morals: A Polemic. ></ document>
Send <document>. A notice to Buster's lawyer.....my god. ></ document>
<document> Because gay and bisexual men have less social support than their heterosexual peers, some argued that pet companionship can provide emotional support, while others argued that having a pet is another source of stress. ></ document>
<document> those punks knew I lived here and they followed me and they've been doing it with this management approval since I came to this building because we were trapped with the HPD... why else should we be assigned next? door with a history... ></document>
<document> The following is a classic example of the Ad hominem fallacy: A: "All murderers are guilty, but the thief is not the murderer and therefore cannot be guilty." B: "Well, you're a thief and a criminal, so that's how your argument goes." ></ document>
<document> #URL# Crazy, stupid, like if Mary thinks she can get away with it, she's as cracked as a fruitcake. The adjective nutty, meaning "crazy", was first recorded in 1821; resemblance to fruitcake, which literally contains nuts as well as fruit, ></ document>
<document> The Pinocchio paradox occurs when Pinocchio says "Now my nose is getting longer" and is a version of the false paradox.X. The liar paradox is defined as the ></document> statement in philosophy and logic.
<document> #URL# Quo guaranteeto means: “with what authority”. ... A quo guaranteeto order can be issued against a public official. The letter slowly summons him to court, under the authority the office holds. ></ document>
<document> About the author
Judith Morrison
Judith Morrison is Regional Director for South America and the Caribbean at the Inter-American Foundation. Previously served as senior associate at Inter-American Dialogue ></document>
<document> all of these activities appeared to be out of public view, violating the "Great Tech Segregation Act 2020" enacted by Representative Tulsi Gabbard (D-HI) and Representative Paul Gosar (R-) on Wednesday. AZ), ></ document>
<document> #URL# Tarnishing and softening is a public form of torture and punishment used to enforce unofficial justice or revenge. Used in feudal Europe and its colonies in the early modern period, as well as on the early American frontier, ></document>
<document> As this is the first study of pet companionship in sexual minorities, more research is needed to confirm the reliability and generalizability of these findings and the temporality of the relationship. ></ document>
<document> #URL# 5) staggered, broad-based gait (ataxic gait ...What are the symptoms of cerebellar injury? ></document>
<document> people who are subsequently diagnosed with mental illness (Breyer, 1987; Beck & Van der Kolk, 1987; Rose et al., 1992; Craine et al., 1988; Stefan, 1996). ></ document>
<document> #URL# Ephebophilia is the primary sexual interest in mid-to-late adolescents, usually between the ages of 15 and 19. The term was first used between the end of the 19th century and the middle of the 20th century. ></ document>
<document> Eighteen schizophrenic outpatients using stable doses of antipsychotics and 18 age- and sex-matched healthy participants were evaluated on a comprehensive cognitive array that included measures such as psychomotor speed, attention, executive function, ></document.
<document> Placenta accreta is a potentially life-threatening condition that can, in rare cases, complicate first trimester abortion and can be difficult to recognize ></document>
<document> I should be able to copy and paste any publicly available document, and anyone else should be able to do the same without the permission of the legislator or his staff helping draft legislation. ></ document>
<document> The CMS Hearing Officer conducts Medicare and Medicaid Hearings on behalf of the Secretary or Administrator that are not within the jurisdiction of the Department of Appeals Board (DAB), the Social Security Administration's Medicare Hearing and Appeals Office (OMHA), > </document>
<document> Pyrrhic Victory: Win the War, Lose the War ></document>
<document> Hispanic growth status indicates that Hispanics are currently (as of 2014) the country's largest ethnic/racial minority group, and ... ></document>
<document> Is a company recognized as a person under US law?
A corporation is recognized as a person as a legal entity as opposed to a natural person under US Law. ></ document>
<document> Examination of white cadavers carried far greater risks for doctors. However, weak whites were used, especially when abundant.[5] ></ document>
<document> and suggesting that they stay away from the problem and/or leave the group. It's usually "Well, if you don't like it, get the fuck out!" done by saying something like ></ document>
<document> #URL# Under these circumstances, there was no way HPD would send us here.....because they acted like the Brooklyn thing was an illusion... so the drums will keep beating. ></ document>
<document> #URL# Definition of not seeing the forest for trees

WE. : refers to a larger situation, problem, etc. not understanding or appreciating, because one only considers a few parts of it.... this community finally saw the bigger picture @ bottom ></document>
<document> (FOX) - Clint Eastwood has made a name for himself in Hollywood as a star who isn't afraid to speak his mind. However, in his latest gamble, industry sponsors swarmed. Clint Eastwood, Dr. She caused a frenzy when she announced her new Erectile Dysfunction treatment on her show with Phil. ></ document>
<document> Sleep patterns
energy level
Alcohol or drug use
Sex drive
self respect
Concentration ></ document>
<document> Start Reading Purchasing Whiteness | Ann Twinam - Stanford ...#URL# › books › extra
Read an excerpt from Purchasing Whiteness: Pardos, Mulattos, and Quest to provide insight into race relations or identity in the Hispanic world. ></ document>
Watch <document>...Can cabin fever make you depressed?
Image result for cabin fever and mental illness
There are times when you may find it difficult to leave home, such as illness or bad weather. Although you may feel good at first, ></document>
<document> Morally destroys their nature and fills them with destructive pride. Only if one can free oneself from the abuse of this power is a humble person. ></ document>
<document> General Counsel's Opinion 02-07-22 is stated in the relevant section as follows:

N.Y. The interest rate paid by "perfect" providers for ins violations. Law § 5106 (McKinney 2000), ("No Fault", Fair Claims Settlement), N.Y. Ins. 2% per month as provided by Law § 5106 (a) (McKinney 2000) ></ document>
<document> rejection sensitivity is significantly predicted by bipolar depression, suggesting that it can be considered a status marker for bipolar depression and be considered in the clinical distinction of bipolar and unipolar depression. #URL# ></ document>
<document> The Bystander Effect is about more than just diffusion of responsibility...it means that these people have seen the NYPD go crazy on the streets with the FDNY, including EMS, even from neighboring hospitals, so my question is:, does this city have such an effect... ></document>
<document> #URL# Thought disorder is a disordered way of thinking that leads to abnormal expression of language when speaking and writing. It is one of the primary symptoms of schizophrenia, but may also be present in other mental disorders such as mania and depression ></document>
<document> #URL# King Bayano of Mandinka, who escaped slavery in the 1600s and fought against the Spanish for several years

ELIZABETH OFOSUAH JOHNSON | Staff Writer ></ document>
<document> The purpose of these laws is to promote ethical standards, prevent fraud and corruption, and by doing so, build greater public trust....🤪 ></document>
<document> Ku Klux Klan Act of 1871 | US House of Representatives#URL# › hh_1871_04_20_KKK_Act #URL# ></document>
<document> Now imagine that Dennis couldn't attend a child's education..... ></document>
<document> On January 21, 2010, the Supreme Court issued a ruling in the Citizens United v. Federal Election Commission case, which overruled an earlier decision by the Austin v. Michigan State Chamber of Commerce (Austin), which allowed companies to ban independent spending. ></ document>
<document> According to NYC Quiet Hours specified in Local Code #URL# 113, neighbors in five counties are subject to quiet hours between 10 pm and 7 am. ></ document>
<document> Ergo decedo, Latin for "so leave" or "go later", my argument is short for ergo decedo, colloquially called the traitorous critic's fallacy,[1] responding to a critic's criticism by implying that the critic made that criticism It means to give. motivated by undisclosed positivity ></document>
<document> brain food: What causes extrajudicial executions? ></ document>
<document> Emergency Response Times Haven't Changed—But Less NYC ...#URL# › news › emergency response-tim... ></document>
<document> What does the ink blot test reveal?

The Rorschach test uses a series of twelve-sided symmetrical inkblot cards, some of which are black or gray and others may contain color applications. ></ document>
<document> American Heart Association Council on Clinical Cardiology., Council on Cardiovascular and Stroke Nursing.
circulation. 2013 June 11; 127(23):2353-63.
[PubMed] [Ref list] ></ document>
<document> #URL# and we called the cops to watch every move we make. ></ document>
<document> Mandatory Insurer Reporting for Non-Group Health Plans (NGHP) #URL# ></document>
These people I call <document> have benefited from Buster.....and they have to...... ></document>
<document> BIPOLAR DISORDER AS STALKING - Case report ></document>
<document> Resentful followers often present themselves as victims who are justified in using stalking to fight an oppressive person or organization....cf. The Impact of Pets on the Quality of Life of Gay and Bisexual Men Diagnosed with Prostate Cancer ></document>
<document> As officers of the court, all lawyersIndividuals are responsible for maintaining the highest ethical standards. In the performance of this obligation, attorneys are guided by the NY Code of Professional Conduct, a code of conduct as adopted by the Appeals Division of the State Supreme Court. ></ document>
<document> is reported first, a CPN is issued. This notice provides conditional payment information and advises the beneficiary on what actions to take. ></ document>
<document> has been applied. In addition, USCIS will no longer apply the separate, but related "public interest clause" to applications or petitions for an extension of nonimmigrant stay and change of nonimmigrant status. ></ document>
<document> It's not classy to come to America with a chip on your shoulder. someone will take it off your shoulder and quickly. ></ document>
<document> Death of a Customer. The privilege may be violated upon the death of the testator-client if litigation is brought between the decedent's heirs, heirs, or other parties claiming on behalf of the deceased client.
Fiduciary duty. ...
Crime or Fraud Exception. ...
Common Interest Exemption. ></ document>
<document> #URL# kept calling us nigger with a damn dog. ></ document>
<document> Allied with such thugs who harm the Buster Black people would have negative consequences... In 1976, the US Congress passed the only law in this country's history that required the collection and analysis of data for a particular ethnic group: ></ document>
<document> that the members of the region in that area did exactly what was done in this neighborhood; view the crash report and see how two versions were built, one by a reptile and the other by a cop. Police testimony saved that bum's ass that happened at 684 Flushing. ></ document>
<document> #URL#.... ></document>
<document> #URL# let's start the countdown...we're about to enter 2022. where are you, there or here? ></ document>
<document> Provider Reimbursement Review Board (PRRB), Medicare Geographical Classification Review Board (MGCRB), or States. ></ document>
<document> The Jericho project is doing GOD work by hosting former homeless people who are blind. friend ></ document>
<document> Petitioner Shawn G. Granger, a New York state prisoner, admitted paternity to a child before being imprisoned. After the mother refused to bring the child to be seen in prison, she requested an order allowing visitation under the Family Court Act. #URL# ></ document>
I take any threat very seriously as I am a victim of <document> stalking, so this view of Hector Lugo Perea character in my notification on the tweeter and my comment fits: Communication with intent to harm a person in interstate threat trade person or property, ></ document>
<document> #URL# Earth moves at approximately 30 kilometers per hourIf you count this as your own journey per second around the sun, you will have traveled approximately 62 billion kilometers in 66 Earth years.

Dennis has been in the neighborhood a few times. ></ document>
<document> Therefore, it will be surprising to learn that neither the original Constitution, the Bill of Rights, nor any other provision of the Constitution explicitly guaranteed the right to vote... are these guys stupid? ></ document>
<document> Resentful stalking can result from a serious mental illness if the perpetrator develops paranoid beliefs about the victim and uses stalking as a way to "get back" from the victim. ></ document>
<document> Does CMS really want you to appeal a questionable decision (?) ></document>
<document> The Impact of Pets on the Quality of Life of Gay and Bisexual Men Diagnosed with Prostate Cancer. nWright MM, Schreiner P, Rosser BRS, Polter EJ, Mitteldorf D, West W, Ross MWnInt J Environ Res Public Health. 13 November 2019; 16(22):.n[PubMed] [Ref list] ></document>
<document> #URL# "Don't throw the baby out with the bathwater" is an idiomatic expression of an avoidable mistake where something good is eliminated or, in other words, the positive is rejected together, while trying to get rid of something bad. with the negative. Wikipedia ></ document>
<document> Shortly after Bacon's Rebellion, however, they increasingly distinguish between people of African descent and people of European descent. ></ document>
<document> If potential third-party payers submit a Release form signed by the beneficiary, they will also receive the CPLs and the Letter of Claim. It is in the interests of both parties to have the most accurate information available regarding the amount owed to the BCRC. ></ document>
<document> #URL# Another form of competitor exception that is effective in making competitors less desirable is to embarrass prostitutes. ></ document>
<document> This stalking bullshit crossed state lines after Buster got hurt.... ></document>
<document> #URL# (L)ook, when Buster and I came to this bronx from the streets, that punk in apartment 208 was already here playing that stereo loudly, he knew why management would put us next to him when he knew he was playing it. loud music? Unless the layout is an installation. ></ document>
<document> This white &amp; The Spaniards move here and the capital is no different from the fascists.nnAfrica #URL#: Sisi's power increased after the new law passed #URL# ></document>
<document> Priorities for the internal transfer waiting list and candidate preferences for the external waiting list must be defined in the property's Tenant Selection Plan. ></ document>
<document> to misidentify the faces of racial minorities.[91] Some ethnic groups, such as Asian-Americans and African-Americans, were up to 100 times more likely to be misidentified than white men.[91] ></ document>
<document> Let me tell you
The truth is in the eyes cause eyes don't lie, amen
Remember, a smile is just a frown.messed up my friend
So hear me when I say
Smiley faces, smiley faces, sometimes, yeah
They don't tell the truth ></document>
<document> as a syndrome or a mental disorder. Despite its general rejection of being unscientific, the structure of PAS continues to be used occasionally in legal settings, as if it had an adequate basis in science, clinical or forensic practice. ></ document>
<document> The family court noted that state law presumes that visits with a non-custodial parent are in the best interests of the child and that "incarceration of such a parent is not an automatic reason to prevent visitation." Misercola, 21 N.Y.3d 86, 990 N.E.2d 110 (N.Y. 2013). ></ document>
<document> #URL# excellent explanation: these clowns don't watch the NFL, instead they stalk this building as if they're having a gang fight with a black man; actually they are .... and can't just hint. ></ document>
<document> #URL# Veiling is the act of covering up or covering up immoralities, crimes, or scandals, or exoneration through a perfunctory investigation or biased presentation of data...I can't believe I'm doing research on the Internet &amp; he did it right. ></ document>
<document> is responsible for what happened, so in addition to being Superman among these people in this neighborhood, my alter ego (Superman) has to be a smart cookie, In case of a breach of contract, one of the parties does not intend to perform the contract upon notice, ></document>
<document> a setup...not public ></document>
<document> blacks moved.[155] A 2016 study found that industrial use zones in Chicago tend to be allocated to neighborhoods where racial minorities live.
<document> without jacket, surrounded by these people. As they approached Red in my arms, there were two short cops, one of whom was Hispanic, who very humbly said 'get away' and moved his arms as if he wanted the psychic to put his hands on me. He was holding Red... ></ document>
<document> Thus, we predict that Hispanic population growth will lead members of other racial minority groups to describe themselves as relatively conservative (Study 1a) and to support conservative policies more (Study 1b-4) ></ document>
<document> #URL# cultural enrichment." yes, it enriches culture, or at least enriches us culturally with its stereo. ></document>
<document> #URL# Memory loss often noticed by someone else
Difficulty communicating or finding words
Difficulty with visual and spatial abilities, such as getting lost while driving
Difficulty reasoning or problem solving ></document>
<document> (Amended by the 1938 Constitutional Convention and ratified by popular vote on 8 November 1938; also amended by popular vote in November.cor 2, 1943; 6 November 1945; 6 November 1961; 8 November 1966; 7 November 1995.) ></ document>
<document> Protecting prosecution: exploring the powers of the law in a domestic violence response program.
Romkens R.
Violence against women. 2006 Feb;12(2):160-86. doi: 10.1177/1077801205284922.
PMID: 16382030 Review. ></ document>
<document> Purchase Whiteness: Race and Status in Colonial Latin ...#URL# › purchase-whiteness-race-and...
September 1, 2015 - On 1795, the Spanish crown institutionalized the purchase of whiteness through a process called gracias al sacar. ></ document>
<document> plays the victim. these Dominicans are an excuse, the real reason they continue their reckless behavior "Purchasing White contextualizes the history of gracias al sacar... #URL# ></document>
<document> Democrats argue that in recent years the conservative-led Supreme Court has done what McConnell did not recommend: it "fixed" what had not broken down. In response, they proposed reinstatement and strengthening of parts of the law that were revoked by the issuing court.
<document> this event was reported by the New York Post...nothing happened and that reporter came straight to me and got a clear statement on the police radio that there was talk and also, the activities of the NYPD had a bad reputation that those reporters knew. Warning that I'm being followed by the cops. ></ document>
<document> Reaffirmed that "substantial evidence" must be presented to overcome presumption in favor of visitation, including when a parent is imprisoned. ></ document>
<document> Physicists Discuss: Could We Go To A Parallel ...#URL#
<document> #URL# They shrink to zero over time and suddenly disappear in a burst of energy. Not exactly fast. A good-sized black hole - say several times larger than the sun - will take about 10^100 years to eventually evaporate in a process known as ></document>.
<document> #URL# Does not admit that there is anything wrong with statements made and may imply that the person is offended for overly sensitive or illogical reasons. ></ document>
<document> Hector Lugo Perea
#USER#
a veil threat. Implicit threats are coded statements with no explicit intent. This gives the arbiter grounds to claim that there is no threat of legally enforceable harm. ></ document>
<document> Another Hispanic being held out of jail by the City of New York, just this insurance company..."... honest service fraud law, you must have an obligation to serve someone honestly and fire that person for a bribe or tip from another person be indebted by accepting. ></ document>
promoting activities that affect public safety, health, and interstate commerce by establishing a Federal civil rights cause for victims of gender-motivated violence <document> and gend-motivated violent crimesee. ></ document>
<document> After the American Civil War, the Ku Klux Klan continued the "Night Rider" tradition. He was eventually captured by the Night Doctors. ></ document>
<document> Meanwhile, there was a white man who was always eager to share his thoughts on race. In these sessions, I often rely on the quiet feedback from non-white participants to make sure I'm on the right track, while trying to soften the loud centering of white. ></ document>
<document> Whoever is tasked with investigating this housing issue in the Human Rights Division (Case Reyes, J. (Lee, D) 10213088, is assigned to Cleo Adebiyi./st your case (Lee, d. 10213388) is assigned to Elena Perlongo ...we hope they understand the 2 concepts.</ document>
<document> #URL#, fasten girls' seat belts because soon this place is going to get weird. ></ document>

</author>