
	
		<document> #USER# #USER# #USER# Ya, we essentially fought Iraq II for Iran lol. ></document>
		<document> #USER# He has fought for this country you vile Hobbit.  Shouldn’t you be cheating on your husband or bench pressing something, or over in the tumbleweeds of “Truth Social” spewing your white nationalist KKK QAnon propaganda? ></document>
		<document> #USER# That "who loves hugs" is so important. I know my oldest always wants touch; the other two, not so much. Before COVID our pastor would always come by my elementary Sunday School class. Some of the kids would run to hug him; others wouldn't. And both choices were okay. ></document>
		<document> Mon 20:21: Light Snow; Temp -10 C; Windchill -20; Wind N 32 km/h gust 50 km/h; Humidity 73%; Press 103.2 kPa. #URL# ></document>
		<document> When we calm to be someone's fan, then we do wht they say..... Women's day would be happy when womens start respecting other womens, bcz thn only they will preach the society nd esp men of their houshold to do the same with other womens.💌 #HASHTAG# #HASHTAG# #HASHTAG# #URL# ></document>
		<document> my wordpress database broken by my hosting, can anyone can help to rebuild Budget (10-30) USD Name: nextjapanhk Country: Hong Kong Client : #URL# Project Link: #URL# #URL# #HASHTAG# #HASHTAG# #HASHTAG# #HASHTAG# #HASHTAG# ></document>
		<document> #USER# It is a kleptocratic repressive regime run for oligarchs. ></document>
		<document> #USER# #USER# Well this meme 100% proved his point, you brainwashed fool ></document>
		<document> stomach cramping so mfing bad i’m finna go sit on the roof wtf ></document>
		<document> See this post by LIC Insurance Agent || Star Health Insurance Agent KSN. on Google: #URL# ></document>
		<document> need to go outside in 35 degree weather for a few minutes to calm down and decide on whether or not i want this keychain that sends me into hysterics every time i look at it ></document>
		<document> "Rather than trying to fit a woman into a man’s world, we must create a society where the masculine and feminine have an equal role to play." - Sadguru
#HASHTAG# #URL# ></document>
		<document> $CENN  
 
Still 75% down and I'm a lucky one ❤ ></document>
		<document> Check out this listing I just added to my #HASHTAG# closet: Cardigan Cable &amp; Gauge size M. #URL# #HASHTAG# #USER# ></document>
		<document> The best part of Frank's story was how the four of us came together as a group... to mercilessly slaughter him. You see what I'm saying? And I think that's what Christmas is really all about. ></document>
		<document> #USER# #USER# #USER# #USER# #USER# #USER# #USER# Discord mode being pedofilos is a common trope tbh. But most whisky probably not the most clean people aren’t pedoes. Spamming shit-pig is not gods work🤩 ></document>
		<document> #USER# im going to assume this is a dab involving a small blowtorch rather than the meme of recent vintage ></document>
		<document> #USER# #USER# Tells us you’re a loser without using the words.  “I hate myself,  I am such a fucking Ted Cruz”…… there, I DID IT! ></document>
		<document> #USER# Collins zealously supported govt coersion and fascism (admin/civil influence to get pvt business to do what govt can't) to push the jabs, an express vio of Fed EUA law. It's amoral and, IMO, criminal. ></document>
		<document> My favorite thing about Dinwiddie so far (about whom I was very very wrong) is how absolutely calm and collected he plays, especially in tight situations and when the other team starts making a run. Totally cool in pressure situations ></document>
		<document> I want someone to rate my pussy in dmsв™Ґ RT if you want
#HASHTAG# #HASHTAG# #HASHTAG# #HASHTAG# #URL# ></document>
		<document> I can’t believe he used to be my favorite point guard… This man better not be a Laker next year.. bum ass #URL# ></document>
		<document> #USER# Why didn't 💩for brains do this when Trump suddenly pulled out of Syria without discussing it with the Pentagon. He stranded 1000 elite troupes, 4 killed, $ billions in abandoned equipment, he blew up billions in a munitions warehouse and abandoned the Kurds and countless died. ></document>
		<document> #USER# 🍀Biffs Lucky Leprechauns are proud to introduce our first community token with 3 Pots of Gold and a chance for all holders to win! 🍀 Tokenomics: 💦 5% Auto LP 🤝 5% Marketing 💰 3% Pot 1 💰 1% Pot 2 💰 1% Po t3 ✅Community driven token TG: BiffsLuckyLeprechauns ></document>
		<document> #USER# #USER# #USER# Nobody said ban. So many drama queens. They are trying to figure out what agencies do what regarding crypto. Like banks have to report transactions above 10K. Calm TF down. This is nothing. ></document>
		<document> #USER# He said that but what did he do? Practice polygamy.. Married a child... These events inspire man to create a toxic environment because of its religious approvals ></document>
		<document> THT be doin 2 much man 
calm tf down ></document>
		<document> #USER# Same here. My hubby is also double vaxxed/boostered, but got Covid in late Jan. Thankfully, he did well, in spite of some high risk factors. Somehow, I did not contract Covid. We were really careful; he was not allowed in the kitchen/fridge, only study &amp; a BR. We also wore masks. ></document>
		<document> Why would you send people to guard a wall in antarctica. Stupid show ></document>
		<document> Why security guard of DISHA 's apartment changed after her death #USER#
 #USER#
 #USER#  did you people Interrogate that guard ❓

#HASHTAG# ></document>
		<document> jasiah asking for a drone for christmas . he must think i shit money? ></document>
		<document> Taehyung (BTS) - Christmas Tree (Our Beloved Summer OST pt.5) easy lyrics ></document>
		<document> #USER# Morning ganda kain ka na and have a lovely day ></document>
		<document> #USER# And the blood from Robin to bind his tears, hopes and failed dreams with a crap ton of homelander fan fic. ></document>
		<document> A filthy billionaire files a bogus lawsuit. #URL# ></document>
		<document> #USER# Well she's not doing ANY real work, so that seems totally fair.

How much does she think she should make to travel around to different white nationalist gatherings? ></document>
		<document> Peep the brand Dim Mak guest mix from #USER# We have him coming to #USER# April 2nd. You won't want to miss this one! #URL# ></document>
		<document> #USER# #USER# Wasn't it because Dazai was an attempted suicide patient or sth? ></document>
		<document> Russia trying to recruit Syrians to fight in Ukraine, says Pentagon #URL# ></document>
		<document> Check out this listing I just added to my #HASHTAG# closet: Copper Key kids puffer vest size 10/12. #URL# #HASHTAG# #USER# ></document>
		<document> This is what comes from having a dictator who cares for nothing but power. All suffer at the hands of a tyrant. This makes me sick. #URL# ></document>
		<document> Trigger Warning ⚠️ Abdul Rahman Qassem succumbed to injuries after being shot by Israeli occupying forces inside #HASHTAG# and left with no medical aide. Three youth lost in the last forty eight hours. Why is it still being ignored by the #USER#? #USER# #USER# #URL# ></document>
		<document> #USER# Russia used that letter (among others) to signify different axis of advance in #HASHTAG# and that one just happened to get popularized in Russian nationalist groups ></document>
		<document> #USER# Need to share that with Adam Shifty. He's such a loser!! ></document>
		<document> #USER# Bro I don't care if you farted into a bag for an 8 hour stream your entertaining AF and nice at COD ></document>
		<document> Poole and Moody are literally building blocks for a franchise at the guard spots right now. They've been a dynamic threat together tonight. They can both start right now. This is why both can't be on the roster for the Warriors next season. Poole's gotta be out 😓 ></document>
		<document> ⭐️ 2022 JUCO ⭐️ Darren Ainembabazi 🏆Ball Guard🏆 Marshalltown CC ~Via~ William Penn (NAIA) **3 Years of Eligibility Remaining** 3.9 GPA #URL# ></document>
		<document> #USER# Take the fight to the enemy-Putin &amp; his oligarchs who steal from the Russian. Hit them hard &amp; mighty! Break their supply chain. Let them beg for fuel/food. Putin does NOT want peace! If the Russian people can NOT topple, let the Ukrainians topple Putin! #URL# ></document>
		<document> #USER# Yeah but even that progressive platform came pretty much out of nowhere after many years of no one really hearing anything interesting out of Shorten. Honestly, they just suck at being an opposition party the same way the Libs suck at being a government. ></document>
		<document> #USER#'s account has been withheld in Portugal, Finland, Sweden, Ireland, Slovenia, Czech Republic, Poland, Slovakia, Hungary, Italy, Malta, Germany, Greece, Romania, Netherlands, Bulgaria, Austria, Luxembourg, Latvia, Denmark, Lithuania, Croatia, Estonia, Cyprus, France, Spain, Belgium in response to a legal demand. Learn more. ></document>
		<document> Was researching for some good, top of the line knee guards and found some that are priced RM800-1000. Wtf. I didn’t know it could go that high. ></document>
		<document> And it’s shit. Wtf I’m wishing for. It’s a damn joke. #URL# ></document>
		<document> Top Offers on V Guard Appliances #URL# via #USER# ></document>
		<document> the feminine urge to randomly step up your outfit game ></document>
		<document> Blue Skid Plate Bash Guard For BMW R1200R R1200RS R1200RT R1200GS ADV / LC T3 #URL# eBay #URL# ></document>
		<document> #USER# Meanwhile as a calm artist, I try everything to fix that shit.

Last resort would be fixing it digitally if traditional can't do it. ></document>
		<document> #USER# #USER# My wife and I were just talking about this. Insulin is being taken OFF our covered list on our insurance now too 🤬😡🖕🏼 ></document>
		<document> #USER# may your day be fun, don't forget to breakfast and take vitamins so that your immune system is maintained. take care of health 🤍✨ ></document>
		<document> #USER# #USER# Bro you DO REALIZE as a sixers guy that supports Embiid, the only reason Jokic got recognition last night was because he did something not done since WILT CHAMBERLAIN. 

46 point TRIPLE DOUBLE on 70% shooting and 30 points off 90% shooting in the 4th. #URL# ></document>
		<document> #USER# I have an inner sense of calm SAMBIE DAY 2 ONitsSHOWTIME ></document>
		<document> Russia left to ‘rely on foreign fighters’ after trying to recruit Syrians, Pentagon claims | World | News #URL# ></document>
		<document> #USER# Shucks bro! On the shoulders of giants. Thanks for leading us to greatness 👊🏻🎬 ></document>
		<document> 💗 HUNTB-219 Lines Form Up For This Cock - Live Action Version - The Story By The Popular Doujinshi Circle "Diletta", Featuring A Man With A Lucky Cock Having Raw Creampie Sex Has Been Made Into A Live Action Version 💗

💗 #URL# 💗 #URL# ></document>
		<document> i actually don't understand why you guys are so mad when 🦁 attended txt's concert. she just wanted to support her brother, what's wrong with it? she didn't do anything wrong so calm your fcking ass down and shut up

#HASHTAG#
#HASHTAG# ></document>
		<document> Vertical chop for moderate dense nuclear cataract in #USER#. Lucky to have visited #USER# campus one year ago and have improved my surgical skills with #USER# #HASHTAG# #HASHTAG# #HASHTAG# #URL# ></document>
		<document> #USER# #USER# #USER# #USER# #USER# Btw.. morality is a myth and a propoganda tool. ></document>
		<document> One of ICE's former acting directors was also among attendees at white nationalist event #URL# ></document>
		<document> Is it worth it to get Hulu if I want to watch shitty sitcoms ></document>
		<document> Apple Co-Founder Steve Wozniak on Crypto: Bitcoin Is 'Pure-Gold Mathematics' - #URL# $BTC #HASHTAG# #HASHTAG# #HASHTAG# ></document>
		<document> #USER# #USER# #USER# 50s. And I’m no Beatles expert. And no, I didn’t know it was tied to one place, one incident. But as poetry, at least by the late 70s, it just resonated civil rights? ( Or so my guitar teacher Merry who had lots of big daisy patches on her strap told me :) ></document>
		<document> i would’ve lost all morality nd awareness i can’t lie, like i get so mad with people that have that mentality i just be seeing red #URL# ></document>
		<document> Love being around a mf that makes me feel calm ></document>
		<document> ㅤㅤ

️
throwback to the day i brought Anymore's MV release as a gift to my fans. have i become your best santa in last years’ christmas? Hohoho 🎅❤️

📽. #URL#

ㅤ #URL# ></document>
		<document> Open SmartNews and read "An exiled oligarch who spent almost a decade in a Russian prison predicts the Ukraine war will end Putin’s regime" here: #URL# 
To read it on the web, tap here: #URL# ></document>
		<document> #USER# #USER# Marcus would speak at a white nationalist rally, telling all to move to Russia! Bc Marcus has the courage to tell them the truth. #HASHTAG# 🇺🇦💪! 
MTG IS WEAK!

#USER# 🇺🇸💪!
Georgia 14th 2022 🌊🌊🌊 ></document>
		<document> Who does Stanley think he is? Calm down and wait for everyone else, why you attacking 3 spurs players? ></document>
		<document> man is there anything more irritating than people who think they could play, coach, recruit, trade, train, (etc.) better than the professionals who do it....just watch the game and close your mouth Bradley ></document>
		<document> #USER# Gas tax supposed to support road network. Our Hwys are going to crap and have so much deferred maintenance that we will never catch up. Kenney trying to save his skin but will add to infrastructure deficit. ></document>
		<document> Check out this listing I just added to my #HASHTAG# closet: GyroBowl Toddlers. #URL# #HASHTAG# #USER# ></document>
		<document> #USER# #USER# He’s going after the classy ones so he has to filter the tweets🥱 #HASHTAG# ></document>
		<document> me from my room: like awesome like wow like totally freak me out I mean right on

my brother from his room: toros sure are #HASHTAG# ></document>
		<document> Check out this listing I just added to my #HASHTAG# closet: NWOT! Zenana Outfitters Heather Gray High Waist Tummy Control Legging. Size L/XL. #URL# #HASHTAG# #USER# ></document>
		<document> #USER# #USER# I’m opposed to cronyism and I hate much of what Facebook does. But Zuckerberg was a nobody until after he built Facebook. He had no political influence. He’s a billionaire only because he built a product that billions of people use. ></document>
		<document> #USER# #USER# #USER# #USER# #USER# The Judiciary none at all. They have the power to rule something is unconstitutional or not that's it. 

But when the Constitution says “at any time” it's clearly a power of congress. ></document>
		<document> #USER# #USER# #USER# 🎉 TERRA - CONGRATULATIONS WINNERS!! 🎉
You are one of the active users who are lucky to get a bonus of 163 LUNA.
Please Follow &amp; send us a direct message on twitter to claim your prize! Direct message us now.
#URL# ></document>
		<document> #USER# My TMJ specialist says wet heat is the way to go when dealing with acute jaw pain, and I’ve found that it does help. You can take a hot shower and put your jaw right in the path of the water, or do a hot washcloth compress. ></document>
		<document> #USER# Saw a box that said, made in canada lanova jade blackbones morrigan momma lady, with her soft sultry sizzling really? Damsel rebel fizzy captured pose, letting her guard down and hair fall, never looking more free and herself. Proud of you and love you.  #URL# ></document>
		<document> #USER# Nah, they work in “home insurance,” not home interiors ></document>
		<document> ""Son of man, make Jerusalem understand [the heinous and vile nature of] her repulsive (idolatrous) acts" — Ezek 16:2 ></document>
		<document> #USER# #USER# #USER# #USER# #USER# Stick to makeup and fashion.  And practice the empathy you’re poorly preaching.  You want to punish people for Putins choices when they have nothing to do with it.  Doesn’t make you any better. Poland is letting them have refuge dispute their history. Be like Poland. #URL# ></document>
		<document> #USER# #USER# #USER# So if what biden said as a citizen doesn’t matter, why does trumps “grab ‘em by the pussy” matter along with everything else he said while he was running?Hunter biden….nothing to see here, says people with zero common sense. ></document>
		<document> SIR HELPLESS HON PM @ BRIBE&amp;CORUPTION UNABLE to RELEASE REVISED FAMILY PENSION OF 89 YR CITIZEN G L KAKKAR PLEADING SINCE 11/9/18 4 REVISION@ 7 PAY COMM ACK BY HON UP CM PRAY 2 DIRECT HON CM 2 REVISE FAMILY PENSION EARLY UP VOTED 4TH MOST CORRUPT STATE #USER# #USER# #URL# ></document>
		<document> omi/tsuzuru there's a quiet place in my embrace a haven of safety where i'll dry your tears shelter here, in my care — jeff williams, home. ></document>
		<document> #USER# #USER# If we could go back to horses, that
might be cool.
Both sides in the Civil War had
amazing cavalry that wowed 
foreign observers. ></document>
		<document> I guess sometimes life forces us to calm down ></document>
		<document> A Russian teacher who fled to Poland is shedding light on the misinformation campaigns and surveillance the Russian people face when it comes to this invasion. #URL# ></document>
		<document> #USER# Shari Lewis and Lambchop.
Wow there's a blast from the past. ></document>
		<document> You a positive person? Do you put #HASHTAG# effort to not criticize, condemn or complain? How do you handle the person in your life who don't get it? You spent 16 hours ensuring all negative thoughts are out of your environment. Then they arrive home &amp; it's all vocal vomit
#HASHTAG# ></document>
		<document> I cannot decide if I wanna ride some cock, or eat pussy right now 🥺 both would be amazing though ></document>
		<document> Just thinking about the lady on my floor being mad at me for my smoke detectors going off for over an hour when I wasn’t home but gave no fucks if anything was actually going on considering she contacted no one to check if I was ok in there?? ></document>
		<document> I believe one of the most desired superpowers for a human being would be to manipulate time. Oh If I could turn back time. Life can be a very shitty RPG. ></document>
		<document> Francisco Madero
P Lumumba
M Mosaddegh
J Arbenz
S Allende
S Hussein
H Chavez
J B Aristed
M Zelaya
Gaddafi 
Evo Morales
R Correa
N Maduro
And ZIO Tool, aka Psaki, this is just the tip of the Iceberg, of the egregious Kill or Coup Policy of US/Israel ZIO Regime. UR an Evil L..r #URL# ></document>
		<document> #USER# It’s like if I was afraid your house could become a crack house, so I burn your house down. ></document>
		<document> louie is so soft to pet right now but i dont want to fall asleep in the hallway and my room still isnt clean enough to trust him in here unu ></document>
		<document> #USER# #USER# #USER# I can’t believe people buy into this western colonisation propaganda. 
To US everyone is evil…Vietnam, Korea, Iraq, Libya, Syria, Russia, China, Iran, Pakistan etc
Wake up ></document>
		<document> #USER# Because calm, well behaved, &amp; respectful "tourists" just do this 💩 ALL the time. 🙄

🤬 the GOP apologists &amp; their rewriting history (&amp; all the people who support &amp; spread their lies too) ></document>
		<document> I don’t like these ‘ chicken wings ‘ at all dominoes is sell cause wtf is this 😑 ></document>
		<document> #USER# #USER# #USER# #USER# It's so funny to me to see her attempt to have a calm and rational conversation and ever praising her, just for Rowling to go full defense mode and clap back with this, and people think that Laurie was acting poorly lmao. ></document>
		<document> U.S. Defense Dept. will permanently shut down the Navy’s fuel tank facility in Hawaii that leaked petroleum into Pearl Harbor’s tap water, and will remove all the fuel, the Pentagon says. #URL# ></document>
		<document> #USER# #USER# What she didn’t read in the chain she posted was that those two posted it during the call where the others posted after. That is in the replies to the chain she posted. The request was to not post photos during the call for safety and those two did. ></document>
		<document> #USER# #USER# done thanks for the opportunity ☺️ even I'm not lucky I'll wait for my time 😊Have a great day and God bless 💞 #URL# ></document>
		<document> Ts is really weird to me. Like how you mad cause you like me and I don't like you? ></document>
		<document> i havent seen my second controller in months bro maybe its best that i dont got 2k preordered rn ></document>
		<document> #USER# Bro dude needa go sit down somewhere #URL# ></document>
		<document> #USER# 🔥#HASHTAG# 的空投活动现已上线 🪂
官网：#URL#

🔥#HASHTAG#'s Airdrop Campaign is LIVE now🪂
Official website：#URL#

We have drawn 30 lucky #HASHTAG#  players to complete the Mystery Box airdrop, please check your NFT to confirm your receipt. ></document>
		<document> #USER# It has changed.
And it is staying that way.
Also the Carbon tax has done nothing to improve the Environment. 
It was nothing but a tax grab by a failed PM. #URL# ></document>
		<document> Check out this listing I just added to my #HASHTAG# closet: Champion athletic shirt size Small Petite. #URL# #HASHTAG# #USER# ></document>
		<document> Be patient. to calm their minds, this world is "tomorrow. There's no safety
#URL#
#URL# ></document>
		<document> mon hon still undefeated in the "do something cool and u gotta get up and hit the milly rock alone at home to calm down" genre #URL# ></document>
		<document> we havent got recoveries from seventeen this week im going to punch the wall ></document>
		<document> You need to calm down when you think about food if you're a fat ass at heart. Gluttony is my biggest problem in life. I am a waste of space. #URL# ></document>
		<document> #USER# #USER# #USER# Absolutely such a wierd company, what about when they tried to donate people money to a charity instead of the convoy in Canada ,like wtf is that about ></document>
		<document> #USER# #USER# Goodness - that’s a first isn’t it? Will miss your calm, authoritative presentation. ></document>
		<document> *Very* *Very* *Urgent* 
=================
*Blood Required*

Patient Name: Vijay Kumar Mannala
Blood group: O -ve (12 units)
Hospital: CMI Aster 
Location: Hebbala, Bangalore
Contact No : 94407 53999, 9742245100
Contact Name: Bharath ></document>
		<document> good morning lovely &lt;333 how’d you sleep? — MOVIE ANON !! GMORNING !! THE SLEEP WAS GREAT !! DKSHSJSKS #URL# ></document>
		<document> #USER# Me too, so I decided to vote back. They are morally bankrupt,  and only represent billionaire companies and people. ></document>
		<document> Considering still supporting the Harry Potter franchise? 

Consider this instead: I’m going to cave your skull in ></document>
		<document> Open i me to creation STOP IT calm intro 01001011 01101001 01101100 01101100 00100000 01101101 01100101 govern .- z name me (+_+) troop #HASHTAG# ></document>
		<document> i thought its gonna be fine calm morning then there’s vid of disrespectful human throwing nonsense stuff to hyungwon face hhhhh WHY ></document>
		<document> Check out this listing I just added to my #HASHTAG# closet: Blue Savvy Large faux leather pants in Black.  This is a skinny Jean.. #URL# #HASHTAG# #USER# ></document>
		<document> #USER# Just NATO things. Nothing new. If anything, the more psychopathic the proxies, the more high command likes them. Easier to manage (simple base self interest), and sure to never be compatible with making peace with potential enemies with morality like Kata'ib Hezbollah. ></document>
		<document> #USER# #USER# Side note--Special Counsel John Durham is giving evidence to a grand jury.  If the evidence he provides is accurate and upheld in a court of law it shows the CIA broke their mandate to not spy on American Citizens. Does that concern you at all?  Do you support the CIA? ></document>
		<document> #USER# This happened to me today and I'm still giggling about it thinking of the cashier eyeing my purchase. But also I haven't laughed much in weeks and two days in a row people have made me really laugh. I almost cried. It felt good #URL# ></document>
		<document> Yup! Right after midterm elections a new strain will pop up in time to isolate everyone for Thanksgiving and Christmas superspreader events! #URL# ></document>
		<document> I’m mad about the Academy of Country giving Album of the Year to him. I’m angry that racism and bigotry are so excusable in country music, but being Black or a woman makes the odds of a successful career in the industry so much harder. ></document>
		<document> Hey Bro, Can You Spot Me A Gallon of Gas?😄...It's Monday! #URL# via #USER# ></document>
		<document> #USER# Per the Atlanta Journal and Constitution: "The 6-foot-4, 230 pounder underwent surgery to repair a labrum injury to his left shoulder in early February." ></document>
		<document> #USER# There are psychiatrists who can evaluate you. And properly diagnose you. I’d reach out to ur health insurance co. And get a list of in-network providers who specialize in that. Sending u mad love! Ur not alone! ></document>
		<document> Pentagon shutting down fuel tank facility in Hawaii that leaked into drinking water  #URL# ></document>
		<document> #USER# #USER# Higher rate in indigenous as Strep A causes rheumatic fever and due to crowded housing it spreads quicker. Mate has developed vaccine. Primary trials this week. Available 18 months. Reduce the Gap by 3 years. ></document>
		<document> #USER# I always crack up when I see "JD law degree" as if there are other law degrees a potential student would be considering. I know there are PhDs, but she just loves those extra letters to sound important. I  LOLd when she was screaming "I'm a JD law student" on the sidewalk ></document>
		<document> #USER# invading a sovereign country and murdering civilians is immoral ></document>
		<document> Biden Provides Nuclear Codes To Scammer Pretending To Be Pentagon #URL# ></document>
		<document> NBA fans need to calm down, it's literally just a game #URL# ></document>
		<document> #USER# #USER# #USER# You guys are insane. You know that right. Certifiable. Loons. The cdc has confirmed everything these docs were saying. Y'alls hamsterwheels are about to break the sound barrier. Calm the calamity thatbis your mammaries ></document>
		<document> #USER# Holy Father God - Make A Way for Your daughter and her children. Give her The Calm Guidance of The Holy Spirit and show her Exactly what to do even if it’s Go Fund Me or CashApp or just wait and allow You to prove Your Very Present Help in Jesus Name! Amen and AMEN 🙏🏽 ></document>
		<document> Aliya Riaz &amp; Bismah Maroof now have Pakistan women's highest World Cup partnership, beating Maliha Hussain &amp; Sharmeen Khan's 84 against South Africa in 1997. #HASHTAG# #HASHTAG# #URL# ></document>
		<document> #USER# #USER# #USER# We look alike. Are you my brother ? 
Quirkies Original 2255 ></document>
		<document> They need to do direct background checks and get their guard card like I have and many others who work their ass off for a guard card it's not fair that these individuals do not have to do the same background as we did our training #URL# ></document>
		<document> #USER# Actually unemployment didn’t hit that number though it did spike  due to covid .but you fail to recognize that the President covid trump economy had better real wages, lower inflation, better minority employment , housing, and wages than Biden. And I voted job . Just stop lying ></document>
		<document> #USER# I'm sorry to hear that you were a victim of cp and exploitation. That's really horrible. I don't know what is happening with the rest of your situation but I encourage you to please put yourself and your wellbeing first. It is more important than having followers and friends 1/2 ></document>
		<document> The ugliest laugh that I fucking laughed came from this LMFAOAOAA becauseee Sorry These 3 Top 2 funniest 😂😂😂😂😂😂 #URL# ></document>
		<document> New "call me Daddy" romance out this week in #HASHTAG#! 

Father of the Bride: #URL#

She's the maid of honor. He's the father of the bride.

What happens in Vegas, stays in Vegas? Not if the father of the bride claims you as his own. #URL# ></document>
		<document> #USER# #USER# Bitcoin has def become a cult — my guy needs to take a break from whatever’s in that can he’s drinking lol ></document>
		<document> #USER# #USER# #USER# #USER# Stinnie is also a FA and he's a rotational guard at best ></document>
		<document> Gonna become a millionaire to buy MoFi to force them to do intense audiophile quality remasters of disgusting death metal releases.

For history. ></document>
		<document> 'Two wrongs doesn't make a right'... is the favorite dialogue of those who have committed the maximum wrongs and still love to give lectures on morality to others.

-Sachin Sharma. ></document>
		<document> Poor Meghan. I hope she grows to see her beauty throughout her weight loss journey #HASHTAG# ></document>
		<document> learning to be calm when you feel disrespected is a super power ></document>
		<document> #USER# 10k is probably too many for one person to have... It would take too long to clean and shoot them on the regular, so share... ></document>
		<document> Coast Guard, U.S. Customs and Border Protection, and partner agencies responded to a grounded Haitian vessel with 356 people onboard, approximately 200 yards off Ocean Reef in Key Largo, Florida on Sunday.  #URL# #URL# ></document>
		<document> #USER# #USER# It is pay back what you white done in Syria Iraq Afghanistan phalstine ></document>
		<document> #USER# #USER# despite us sending many emails, we do not see you addressing the issue. once again, we urge you to look into the bullying and harassment of Huening Bahiyyih from Kep1er, and TAKE APPROPRIATE ACTION IMMEDIATELY. #HASHTAG# #HASHTAG# ></document>
		<document> *Calm down... Their stand range is probably only 1 to 2 meters... They won't be able to attack me, unless they came closer...* ></document>
		<document> #USER# AND they let Bin Laden’s family out of the US within 24 hours of the “attack” AND there were demolition style cuts in the steel beams for the Twin Towers AND there were no plane parts found at the Pentagon. ></document>
		<document> Kevin: Can you help? My wife might die
Brother: She'll die anyway
Kevin: Errr she's pregnant?
Brother: Well okay then.
#HASHTAG# ></document>
		<document> #USER# Meet Story, Social media meets crowdfunding! #USER# buuuulish
#URL#
#HASHTAG# #HASHTAG# #HASHTAG# #HASHTAG# #HASHTAG# #HASHTAG# #HASHTAG# #HASHTAG#SmartChain #HASHTAG# #HASHTAG# #HASHTAG# #HASHTAG# #URL# ></document>
		<document> Close your eyes and calm your nerves
Curl your toes into the surf
Forget about just where you've been
Hold your tongue and listen ></document>
		<document> FYI: the key to being me is reminding yourself you’re on a rock. That alone is stupid. You’ll d*e—no debate. Freak this shit. Be vulnerable. Be you. Be kind. Look at every interaction as a passing of the baton. ></document>
		<document> Two Iran's Revolutionary Guard members want to assassinate John Bolton #URL# #USER# ></document>
		<document> #USER# #USER# CALM BUDDHAS (NFT COLLECTION) ✅ Previews: #URL# ✅ The collection features 7,777 custom NFTs with 7 ultra rare 1/1s. ✅ Public minting price .08 eth - great value! ✅ Join the Discord Twitter: #URL# Discord: #URL# ></document>
		<document> #USER# Risky when world governments are mandating a shitty product but the demand is gone. What gave me conviction was earnings they projected. $19B sales based on commitments. But those are all POD can be cancelled and IMO will be. ></document>
		<document> #USER# Maybe protect the rim with a big ? I get that the FO wants to push this small ball crap like the Pacers FO but common... "Bird thinks the solution would be best implemented by another coach...particularly when it came to small-ball play that Bird favored" #URL# ></document>
		<document> #USER# #USER# STOP STEALING MY STUFF WTF IS WRONG WITH YOU. This is the SECOND ACCOUNT I’ve had to shut down.. stop you nasty weirdo. Y’all stop stealing my content from a dude on a android!!! Real Twitter is #USER# ></document>
		<document> #USER# N wife intha Sunni venum iruntha cntct pannunga pic oda same than venum ></document>
		<document> #USER# My true short story about working night shift security at the San Diego Zoo just won the city publications writing cost. I think it falls into horror 🤔 You tell me. #URL# ></document>
		<document> #USER# I get you have to support your husband and all, nice. Buts what's with the "he's a victim" idea. It's sports, you get criticized if you play like crap, and hasn't he? ></document>
		<document> #USER# I’m pretty sure the battle of Boob Hill is where the revolutionary war turned in our favor. ></document>
		<document> #USER# : “Why is the Biden Admin trying to buy more oil from the Maduro Regime in Venezuela and cutting a deal with Iran for their oil when America has our own oil? The foreign policy and energy policy of this administration makes absolutely no sense," #USER# reported. ></document>
		<document> #USER# There is no such thing as an ethical billionaire.

But JayZ and Beyonce aren't doing the same crap that musk and bezos are. ></document>
		<document> #USER# you are not welcome in the UK,  but we have to put up with your bigoted bovine shit anyway ></document>
		<document> #USER# #USER# Agree, Max.  Binding proteins in the bloodstream, how the body decides which to have on hand, and when the immune system decides they need to go are definitely nonlinear mechanisms...even exhibit what we in electrical engineering call "hysteresis".  utter heresy in medicine. ></document>
		<document> "Going into the range, I'm just telling myself to focus on my process over and over again, and stay calm and try to block everything else off."

#HASHTAG# #USER#  🇺🇸

#HASHTAG# #HASHTAG# #HASHTAG# #USER# #USER# #USER# #URL# ></document>
		<document> #USER# WTF?!  Isn't banking/finance our number one business? I know it ain't manufacturing.  We are so fucked  when it ends.  Maybe he meant we won't notice a difference from the shit storm we have been in and are going through. ></document>
		<document> Another happy client. KMHpty we brand creativity. #URL# ></document>
		<document> Trending on #HASHTAG#: "Shiba Inu Lead Developer Says He Is Never Leaving, He’s Not A Billionaire But A Normal Guy Doing His Best To Build $SHIB Differently Source: #URL#" via #USER# Top coin mentions $shib #URL#o/joceKN8yRS ></document>
		<document> It’s the ones that talk a serious game that’ll leave you high and dry so neva let ya guard down ></document>
		<document> Vellu batman key ela untay Maku spider man , matrix lanti cinema looo tho ochindi Adi spider man ithey same day , content delivery late , chala dikkalu shows cancel if not wrong oka chain motham oka main loc lepyasru #URL# ></document>
		<document> #USER# Bro I saw that you like NFT and you must check #USER# What an amazing prizes! ></document>
		<document> Calm in the storm 🎶 Seoul. I love you Seoul. I hate you Seoul. 🌆 Listening to #HASHTAG# from the mixtape 'mono' by #HASHTAG# of #USER# ></document>
		<document> #USER# TY for clarifying. I don't disagree, there are actually times when I laugh about certain things because it's SO preposterous and surreal. Being upset or angry is basically counter-productive, but I do understand why people would be worried, fearful, concerned. It IS a clown show. ></document>
		<document> MIRACLES OF JESUS
JESUS CALM THE STORM
Matthew 8:23
Mark 4:35
Luke 8:22

Jesus and his disciples were in a boat on the lake; Suddenly, a strong storm began, so the waves flooded the boat but Jesus was asleep.
(1/3) ></document>
		<document> #USER# #USER# And so many of you did! Wholesome lovely twitter moment! ></document>
		<document> when little people are overwhelmed with big emotion, it’s our job to share our calm, not to join their chaos. L.R KNOST ></document>
		<document> #USER# #USER# So, what's your patriotic plan to calm things down without sacrificing too many friendly nations? ></document>
		<document> I recently realized I’m a “calm” angry person and I be scaring myself 😭😭 ></document>
		<document> #USER# #USER# We did the same. I am deeply sorry for your loss to you and your wife #USER#. 
 
There is not much diff there, it’s a hospital based procedure. ></document>
		<document> #USER# Done ✅ bro 👍
Waiting for your support 🙂

0xEA190CfdB393A08642866e7256EA748A880c386f #URL# ></document>
		<document> Lucky girl! She’s definitely getting courtside tickets now #URL# ></document>
		<document> #USER# You're on a video watching spree. While you're at it watch lucky number slevin. ></document>
	
</author><document> #USER# #USER# #USER# Yes, we actually fought Iraq II for Iran huh. ></ document>
<document> #USER# He fought for this country, you filthy Hobbit. Aren't you supposed to cheat on your husband or be spewing your white nationalist KKK QAnon propaganda in the weeds of "Truth Social"? ></ document>
<document> #USER# "Those who love to hug" is very important. I know my eldest always wanted to touch; the other two, not so much. Before COVID, our pastor would always come to my elementary Sunday School classroom. Some of the children would run to hug him; others would not. And both options were good. ></ document>
<document> Mon 20:21: Light Snow; temperature -10 C; wind chill -20; Wind N 32 km/h strong 50 km/h; Humidity 73%; Press 103.2 kPa. #URL# ></ document>
<document> When we are afraid to be a fan of someone, we do whatever they say..... Women's day is happy when women start to respect other women, only then do they preach to society and especially to the men of their household what to do. same as other women.💌 #HASHTAG# #HASHTAG# #HASHTAG# #URL# ></document>
My <document> wordpress database is broken by my hosting, Budget (10-30) USD Name: nextjapanhk Country: Hong Kong Client: #URL# Project Link: #URL# #URL# #HASHTAG# #HASHTAG # #HASHTAG# #HASHTAG# #HASHTAG# ></document>
<document> #USER# is a kleptocratic regime of oppression ruled for oligarchs. ></ document>
<document> #USER# #USER# Well, this meme has proven its point 100%, you brainwashed idiot ></document>
<document> stomach cramps so bad I'm going to sit on the roof wtf ></document>
<document> See this post from LIC Insurance Agent || Star Health Insurance Agency KSN. On Google: #URL# ></document>
<document> I need to go outside for a few minutes in 35-degree weather and calm down and decide if I want this keychain that gets hysterical every time I look at it ></document>
<document> "Instead of trying to fit a woman into a man's world, we should create a society where masculine and feminine play an equal role." - Sadguru
#HASHTAG# #URL# ></document>
<document> $CENN
 
Still 75% down and I'm lucky ❤ ></document>
<document> Check out the list I just added to my #HASHTAG# locker: Cardigan Cable &amp; Measure dimension M. #URL# #HASHTAG# #USER# ></document>
<document> The best part of Frank's story was that the four of us came together as a group to brutally murder him. Do you see what I'm saying? And I think Christmas is really about that. ></ document>
<document> #USER# #USER# #USER# #USER# #USER# #USER# #USER# It's a common metaphor for the Discord mod to be a pedophile. But most whiskeys are probably not the cleanest people, not pedo. Spamming dung boar is not god's work 🤩 ></document>
<document> #USER# I'll assume this is a fix with a small blowtorch instead of an old recent meme ></document>
<document> #USER# #USER# Tells us that you are a loser without using this wordQ. "I hate myself, I'm such a Ted Cruz"…… there, I SUCCESS! ></ document>
<document> #USER# Collins enthusiastically supported government pressure and fascism (pvt business executive/civilian influence to do what the government can't) to force punches, a clear violation of Fed EUA law. It's immoral and IMO criminal. ></ document>
<document> My favorite thing so far about Dinwiddie (which I was very, very wrong about) is how calm and controlled he plays, especially in tight situations and when the other team starts running. Totally cool in print situations ></document>
<document> I want someone to rate my pussy on dmsв™Ґ RT if you want
#HASHTAG# #HASHTAG# #HASHTAG# #HASHTAG# #URL# ></document>
<document> I can't believe he's my favorite quarterback... This guy better not be a Laker next year.. punk #URL# ></document>
<document> #USER# Why didn't 💩for brains do this when Trump suddenly withdrew from Syria without meeting with the Pentagon? It stranded 1,000 elite groups, killed 4, abandoned billions of dollars in equipment, blew up an ammunition depot with billions of dollars and left the Kurds, and countless others were killed. ></ document>
<document> #USER# 🍀Biffs Lucky Leprechauns is proud to present 3 Pots of Gold and our first community coin offering all holders a chance to win! 🍀 Tokenomics: 💦 5% Auto LP 🤝 5% Marketing 💰 3% 1st Pot 💰 1% 2nd Pose 💰 1% Po t3 ✅Community-driven token TG: BiffsLuckyLeprechauns ></document>
<document> #USER# #USER# #USER# Nobody banned. Lots of drama queens. They are trying to figure out which agencies are doing what regarding crypto. Like banks, it has to report transactions over 10K. Calm down TF. This is nothing. ></ document>
<document> #USER# He said that, but what did he do? Have polygamy.. Marry a child... These events encourage people to create a toxic environment because of their religious sanction ></document>
<document> THT does a lot man
keep calm ></ document>
<document> #USER# Same here. My husband was also vaccinated/strengthened twice, but got Covid at the end of January. Fortunately, it did well despite some high risk factors. Somehow I didn't catch Covid. We were really careful; not allowed in kitchen/refrigerator, only working &amp; a BR. We also wore masks. ></ document>
<document> Why would you send people to guard a wall in Antarctica? Stupid show ></ document>
<document> Why the security guard at DISHA's apartment changed after her death #USER#
 #USER#
 #USER# have you questioned this guard ❓

#HAHTAG# ></ document>
<document> jasiah wants a drone for christmas. He must think I'm screwing up the money? ></ document>
<document> Taehyung (BTS) - Christmas Tree (Our Beloved Summer OST pt.5) easy lyrics ></document>
<document> #USER# Good morning ganda kain kan na and have a nice day ></document>
<document> #USER# And Robin's blood to combine tears, hopes, and failed dreams with a ton of Homelander fanfiction. ></ document>
<document> A filthy billionaire files a bogus lawsuit. #URL# ></document>
<document> #USER# does NOTHING real work, so this seems perfectly fair.

How much does he think he needs to earn to travel to different white nationalist meetings? ></ document>
<document> Peep the brand Dim Mak guest mix from #USER# is coming to #USER# on April 2nd. You won't want to miss this! #URL# ></ document>
<document> #USER# #USER# Isn't that because Dazai was a suicide attempter? ></ document>
<document> Pentagon says Russia is trying to recruit Syrians to fight in Ukraine #URL# ></document>
<document> Check out this list I just added to my #HASHTAG# closet: Copper Key kids hedgehog vest size 10/12. #URL# #HASHTAG# #USER# ></document>
<document> That's what it means to have a dictator who cares about nothing but power. All suffer at the hands of a tyrant. This is making me sick. #URL# ></ document>
<document> Trigger Warning ⚠️ Abdul Rahman Qassem succumbed to wounds and left without medical attention after being shot by Israeli occupation forces in #HASHTAG#. Three teenagers have lost in the last forty-eight hours. Why is #USER# still being ignored? #USER# #USER# #URL# ></document>
<document> #USER# Russia used this letter (among others) to indicate different axes of progress in #HASHTAG#, and this letter has recently become popular among Russian nationalist groups ></document>
<document> #USER# We need to share this with Adam Shifty. He's a complete loser!! ></ document>
<document> #USER# Bro I don't care if you farted in a bag for an 8 hour stream, fun AF and nice in COD ></document>
<document> Poole and Moody are currently building blocks for a full-blown franchise at their point of protection. Together they became a dynamic threat tonight. Both can start right now. As a result, neither of them will be on the Warriors roster next season. Poole must have exited 😓 ></ document>
<document> ⭐️ 2022 JUCO ⭐️ Darren Ainembabazi 🏆Ball Guard🏆 Marshalltown CC ~Via~ William Penn (NAIA) **Remaining 3 Years Eligibility** 3.9 GPA #URL# ></document>
<document> #USER# Fight the enemy-Putin &amp; The oligarchs who stole from the Russians. Hit 'em hard &amp; mighty! Break supply chains. Let them beg for fuel/food. Putin does not want peace! If the Russian people can't topple, let the Ukrainians topple Putin! #URL# ></ document>
<document> #USER# Yes, but even this progressive platform emerged from almost out of nowhere after many years no one had heard anything really interesting from Shorten. To be honest, they fail to be the opposition party, just as the Libs have failed to be a government. ></ document>
<document> User #USER#'s account Portugal, Finland, Sweden, Ireland, Slovenia, Czech Republic, Poland, Slovakia, Hungary, Italy, Malta, Germany, Greece, Romania, Netherlands, Bulgaria, Austria, Luxembourg, Latvia, Denmark, Lithuania , Croatia, Estonia, Cyprus, France, Spain, Belgium in response to a legal request. Learn more. ></ document>
<documentument> I was searching for some good, premium knee protectors and found some worth RM 800-1000. WTF. I didn't know it could get this high. ></ document>
<document> And shit. I wish wtf. This is a damn joke. #URL# ></ document>
<document> #URL# via #USER# Best Deals on V Guard Devices ></document>
<document> the feminine impulse to casually up your dress code ></ document>
<document> Blue License Plate Bash Guard for BMW R1200R R1200RS R1200RT R1200GS ADV / LC T3 #URL# eBay #URL# ></ document>
<document> #USER# By the way, as a quiet artist, I'm trying everything to fix this shit.

If traditional can't, a last resort would be to fix it digitally. ></ document>
<document> #USER# #USER# My wife and I were just talking about this. Insulin is now removed from our covered list in our insurance 🤬😡🖕🏼 ></document>
<document> Have a good #USER# day, don't forget to have breakfast and take vitamins to protect your immune system. take care of your health 🤍✨ ></document>
<document> #USER# #USER# Brother, as a Sixers player supporting Embiid, YOU REALIZE that the only reason Jokic was recognized last night is because he did something that hasn't been done since WILT CHAMBERLAIN.

46 points TRIPLE DOUBLE 70% shooting and 30 points 90% shooting in 4th. #URL# ></ document>
<document> #USER# SAMBIE On DAY 2 ONitsHOWTIME there is a calm inside me ></document>
<document> Pentagon claims Russia left to "trust foreign fighters" after trying to recruit Syrians | World | News #URL# ></ document>
<document> #USER# Damn bro! On the shoulders of giants. Thanks for taking us to perfection 👊🏻🎬 ></document>
<document> 💗 HUNTB-219 Lines Are Forming For This Rooster - Live-Action Version - Popular Doujinshi Circle "Diletta"'s Story, A Man With Lucky Dick Has Raw Sperm Having Sex, Transformed Into Live Action Version 💗

💗 #URL# 💗 #URL# ></ document>
<document> 🦁 I really don't understand why you got so angry when you attended txt's concert. He just wanted to support his brother, what's wrong with that? he didn't do anything wrong so keep calm and shut up

#HASHTAG#
#HAHTAG# ></ document>
<document> Vertical incision for moderately dense nuclear cataract in #USER#. I was lucky to visit #USER# campus a year ago and hone my surgical skills with #USER# #HASHTAG# #HASHTAG# #HASHTAG# #URL# ></document>.
<document> #USER# #USER# #USER# #USER# #USER# Btw.. morality is a myth and a propaganda tool. ></ document>
<document> A former acting director of ICE was among those who attended the white nationalist event #URL# ></document>
<document> Is it worth buying Hulu if I want to watch crappy comedy series ></document>
<document> Apple Co-Founder Steve Wozniak On Crypto: Bitcoin Is 'Pure Gold Mathematics' - #URL# $BTC #HASHTAG# #HASHTAG# #HASHTAG# ></document>
<document> #USER# #USER# #USER# 50s. And I'm no Beatles expert. And no, I didn't know it was tied to one place, one event. But as a poetDid y resonate with civil rights, at least in the late '70s? (Or so my guitar teacher Merry told me, who has a bunch of big daisy patches on his strap :) ></document>
<document> I would lose all my morals and awareness, I can't lie, I only see red #URL# because I'm so mad at people with this mindset ></document>
<document> I love being around a boyfriend who calms me down ></document>
<document> ㅤㅤ

️️
Going back to the day when I brought Anymore's MV debut as a gift to my fans. Did I become your best Santa last Christmas? 🎅❤️

📽. #URL#

ㅤ #URL# ></ document>
<document> Open SmartNews and read here: "An oligarch in exile who spent almost a decade in a Russian prison predicts the Ukraine war will end the Putin regime" here: #URL#
To read on the web, tap here: #URL# ></document>
<document> #USER# #USER# Marcus used to speak at a white nationalist rally, telling everyone to move to Russia! Bc Marcus has the courage to tell them the truth. #HASHTAG# 🇺🇦💪!
MTG WEAK!

#USER# 🇺🇸💪!
Georgia 14. 2022 🌊🌊🌊 ></ document>
<document> Who does Stanley think he is? Keep calm and wait for the others, why are you attacking players with 3 spurs? ></ document>
<document> man, is there anything more frustrating than people who think they can play, coach, hire, trade, train (etc) better than the pros who do this... just watch the game and shut up Bradley > </document>
<document> #USER# Gas tax that must support the road network. Our hwys will break down and they will have so many deferred maintenance that we will never be able to catch up. Kenney is trying to save his skin, but it will increase the infrastructure deficit. ></ document>
<document> Check out this list I just added to my #HASHTAG# locker: GyroBowl Toddlers. #URL# #HASHTAG# #USER# ></document>
<document> #USER# #USER# He has to filter tweets because he's after the stylish ones🥱 #HASHTAG# ></document>
<document> me out of my room: like awesome like awesome wow like it totally scared me so I want to say right away

from my brother's room: cut taurus #HASHTAG# ></document>
<document> Check out this list I just added to my #HASHTAG# locker: NWOT! Zenana Outfitters Heather Gray High Waist Tummy Control Leggings. Size L/XL. #URL# #HASHTAG# #USER# ></document>
<document> #USER# #USER# I'm against favoritism and I hate most of what Facebook does. But Zuckerberg was nothing until he founded Facebook. It had no political influence. He is a billionaire simply because he produces a product that billions of people use. ></ document>
<document> #USER# #USER# #USER# #USER# #USER# No jurisdiction. They have the power to decide if something is unconstitutional, that's all.

But when the Constitution says "any time," that is clearly a congressional mandate. ></ document>
<document> #USER# #USER# #USER# 🎉 TERRA - CONGRATULATIONS TO THE WINNERS!! 🎉
You are one of the active users who have the chance to receive 163 LUNA bonuses.
Please Follow &amp; Message us directly on Twitter to claim your prize! Message us directly now.
#URL# ></ document>
<document> My #USER# TMJ specialist says wet heat is the way to deal with acute jaw pain, and I've found it helpful. You can take a hot shower and put your chin directly in the waterway or do a warm washcloth. ></ document>
<document> #USER# Have you seen a box that says lanova jade black bone morrigan momma lady made in Canada? Damsel caught a rebel gassed pose, let her guard down and let her hair down, never more free and looked after herself. I'm proud of you and I love you. #URL# ></ document>
<document> #USER# No, they work in "home insurance", not indoors ></document>
<document> ""Son of man, let Jerusalem understand [the heinous and vile nature] of its abominations" — Ezech 16:2 ></ document>
<document> #USER# #USER# #USER# #USER# #USER# Stick to makeup and fashion. And practice the empathy you preach badly. You want to punish people when it has nothing to do with Putin's elections. It doesn't make you any better. Poland allows them asylum to discuss their history. Be like Poland. #URL# ></ document>
<document> #USER# #USER# #USER# So if it doesn't matter what Biden says as a citizen, why should it matter that the trumps "screw them" along with everything else he says while running? Hunter Biden ….nothing to see here, say people with zero common sense. ></ document>
<document> SIR HELPLESS HON PM @ BRIBERY&CORUPTION CANNOT OPEN THE REVISED FAMILY REFUND OF 89 OLD CITIZENS SINCE 11/9/18 EARLY UP EN CORRUPTION 4. SITUATION #USER# #USERdo# #URL> ></
<document> omi/tsuzuru has a quiet place on my lap, a safe haven where, under my watch, I can dry my tears — jeff williams, home. ></ document>
<document> #USER# #USER# If we could go back to the horses, this
it might be cool
Both sides in the Civil War
enchanting incredible horseman
foreign observers ></ document>
<document> I guess sometimes life forces us to calm down ></document>
<document> A Russian teacher who fled to Poland sheds light on the misinformation campaigns and surveillance the Russian people are subjected to when it comes to this invasion. #URL# ></ document>
<document> #USER# Shari Lewis and Lambchop.
Wow, there's a blast from the past. ></ document>
<document> Are you a positive person? Are you making an #HAHTAG# effort not to criticize, condemn or complain? How do you deal with the person in your life who doesn't understand him? You spent 16 hours trying to get all negative thoughts out of your environment. Then they arrive home &amp; all vocal vomit
#HAHTAG# ></ document>
<document> I can't decide if I want some dick rides or some pussy food right now 🥺 though both would be great ></document>
<document> I just think the lady on my floor is mad at me because my smoke detectors are working for over an hour when I'm not home but I don't careConsidering he didn't contact anyone to check if I was okay there, was something really going on? ></ document>
<document> I believe that one of the most desired superpowers for a human being is manipulating time. Oh if I could turn back time. Life can be such a shitty RPG. ></ document>
<document> Francisco Madero
P Lumumba
M Mossadeq
J Arbenz
S Allende
S Hussein
Chávez
J.B. Aristed
M Zelaya
Gaddafi
Evo Morales
R Correa
N Maduro
And the ZIO Tool, aka Psaki, is just the tip of the iceberg of the US/Israeli ZIO Regime's horrific Kill or Coup Policy. UR an Evil L..r #URL# ></document>
<document> #USER# It's like I was afraid your house would turn into a runaway house, so I burned your house down. ></ document>
<document> louie is too soft to be petted right now but I don't want to fall asleep in the hallway and my room is still here not clean enough to trust him ></document>
<document> #USER# #USER# #USER# I can't believe people are falling for this western colonization propaganda.
Everyone is bad for the USA… Vietnam, Korea, Iraq, Libya, Syria, Russia, China, Iran, Pakistan etc.
wake up ></ document>
<document> #USER# Because calm, good, &amp; respectful "tourists" do this 💩 ALL the time. 🙄

🤬 GOP advocates &amp; rewrite histories (and all the people who support and spread their lies) ></document>
<document> I don't like these "chicken wings" because dominoes are sold because what is this 😑 ></document>
<document> #USER# #USER# #USER# #USER# It's hilarious to me to see her attempt to have a calm and sensible conversation and praising her, just because Rowling went into full defense and responded with it, and people thought Laurie was behaving badly. is thinking. ></ document>
<document> The Pentagon says the U.S. Department of Defense will permanently shut down the Navy's fuel tank facility in Hawaii, which was leaking oil into Pearl Harbor's tap water, and drain all fuel. #URL# ></ document>
<document> #USER# #USER# What he didn't read in the chain he posted was that these two shared it during the conversation, and the others later. This is in the replies to the chain he posted. The request was that the photos were not released during the security call, and those two did. ></ document>
<document> #USER# #USER# did it thanks for the opportunity ☺️ I'll wait for my time even if I'm not lucky 😊 Have a nice day and God bless 💞 #URL# ></document>
<document> Ts is really weird for me. Like how you get mad because you like me and I don't like you? ></ document>
<document> I haven't seen my second controller in months bro, maybe it's best I don't buy 2k preordered rn ></document>
<document> #USER# Brother go sit somewhere #URL# ></document>
<document> #USER# 🔥#HASHTAG# 的空投活动现已上线 🪂
官网：#URL#

🔥#HASHTAG#'s Airdrop Campaign is LIVE now🪂
Official website：#URL#

We've identified 30 lucky #HASHTAG# players to complete the Mystery Box airdrop, please check your NFT to confirm your receipt. ></ document>
<document> #USER# Changed.And it remains so.
Also the Carbon tax did nothing to improve the Environment.
It was nothing more than tax extortion by a failed Prime Minister. #URL# ></ document>
<document> Check out this list I just added to my #HASHTAG# closet: Small Petite Champion athletic shirt size. #URL# #HASHTAG# #USER# ></document>
<document> Be patient. To calm their minds, this world is “tomorrow.
#URL#
#URL# ></ document>
<document> mon hon, "if you do something cool you should get up and hit milly rock alone at home to chill" genre still undefeated on #URL# ></document>
<document> we couldn't get past seventeen this week, I'm going to punch the wall ></document>
<document> If you have a big ass at heart, you need to calm down when you think about food. Gluttony is my biggest problem in life. I am a waste of space. #URL# ></ document>
<document> #USER# #USER# #USER# Definitely a very strange company, what about when they try to donate money to a charity in Canada instead of a convoy, as wtf relates to it ></document>
<document> #USER# #USER# For God's sake - isn't this a first? He will miss your calm, authoritative presentation. ></ document>
<document> *Very* *Very* *Urgent*
===================
*Blood Required*

Patient Name: Vijay Kumar Mannala
Blood type: O -ve (12 units)
Hospital: CMI Aster
Location: Hebbala, Bangalore
Contact Number : 94407 53999, 9742245100
Person Name: Bharath ></document>
<document> good morning beautiful &lt;333 how did you sleep? — MOVIE ANON!! MORNING!! SLEEP WAS AWESOME!! DKSHSJSKS #URL# ></ document>
<document> #USER# I've decided to vote too. They are morally bankrupt and represent only billionaire companies and people. ></ document>
<document> Are you still considering supporting the Harry Potter series?

Instead, consider this: I'm going to bury your head in ></document> .
<document> Open me to create STOP IT calm login 01001011 01101001 01101100 01101100 00100000 01101101 01100101 manage .- z step (+_+) troop #HASHTAG# ></document>
<document> I thought you'd be fine in the morning then there's a video of a disrespectful person throwing nonsense in hyungwon's face hhhhh WHY ></document>
<document> Check out this list I just added to my #HASHTAG# closet: Blue Savvy Black large faux leather pants. This is a tight Jean.. #URL# #HASHTAG# #USER# ></document>
<document> #USER# NATO stuff only. All the same. On the contrary, the more psycho the agents are, the more the high command likes them. It's easier to rule (on the basis of simple self-interest) and will certainly never be compatible with making peace with potential enemies with morals like Kata'ib Hezbollah. ></ document>
<document> #USER# #USER# Additional note--Special Counsel John Durham testifies to the grand jury. If the evidence it provides is correct and is upheld in a court of law, it indicates that the CIA has violated its mandate not to spy on American Citizens. Does this concern you at all? Do you support the CIA? ></ document>
<documentument> #USER# This happened to me today and I'm still giggling at this just thinking about the cashier watching my purchase. But I also haven't laughed much in weeks, and two days in a row people really made me laugh. I was almost crying. It felt good #URL# ></document>
<document> Yes! Right after the by-elections, a new breed will emerge that will isolate everyone for the Thanksgiving and Christmas super emitter events! #URL# ></ document>
<document> I'm angry that the Academy of Country gave him Album of the Year. I'm angry that racism and bigotry are so justifiable in country music, but being Black or female makes your chances of a successful career in the industry that much harder. ></ document>
<document> Hey Brother, Can You Find Me a Gallon of Gas?😄...It's Monday! #URL# ></document> via #USER#
<document> #USER# According to the Atlanta Journal and Constitution: "The 1.8-metre, 230 pounder underwent surgery to repair a labrum injury in his left shoulder in early February." ></ document>
<document> #USER# There are psychiatrists who can evaluate you. And diagnose you properly. I would reach your health insurance. And get a list of in-network providers that specialize in it. I'm sending you crazy love! You're not alone! ></ document>
<document> Pentagon shuts down fuel tank facility leaking drinking water in Hawaii #URL# ></document>
<document> #USER# #USER# Higher rate in natives as Strep A causes rheumatic fever and spreads faster due to crowded housing. Mate developed the vaccine. First try this week. 18 months available. Reduce the gap by 3 years. ></ document>
<document> #USER# I always laugh when I see "JD law degree" as if a potential student has other law degrees to consider. I know they have PhDs, but she loves that those extra letters sound important. LOL yelling "I'm a JD law student" on the sidewalk ></document>
<document> #USER# invading a sovereign country and killing civilians is immoral ></document>
<document> Biden Provides Nuclear Codes to Fraudster Pretending to Be Pentagon #URL# ></document>
<document> NBA fans need to calm down, this is literally a game #URL# ></document>
<document> #USER# #USER# #USER# You are crazy. You know it's true. approvable. Loons. The CDC has confirmed everything these documents say. You hamster wheels are about to break through the sound barrier. Calm the scourge of your breasts ></ document>
<document> #USER# Holy Father God - Make a Path for your daughter and children. Give him the Calm Guidance of the Holy Spirit and show him exactly what to do even if it is Go Fund Me or CashApp or just wait and let you prove your Very Present Help in Jesus Name! Amen and AMIN 🙏🏽 ></ document>
<document> Aliya Riaz &amp; Bismah Maroof, Maliha Hussain &amp; Sharmeen Khan, 84th against South Africa in 1997 #HASHTAG# #HASHTAG# #URL# ></document>
<document> #USER# #USER# #USER# We are alike. are you my brother
Oddities Original 2255 ></ document>
<document> They need to do background checks and get protection cards directly, as I and many others who are so desperate for a guard card do, it's not fair that these people don't have to have the same background as our education # URL# ></ document>
<document> #USER# Actually unemployment didn't reach that number but rose due to covid. But President you can't accept that the covid economy has better real wages, lower inflation, better minority employment, housing and salaries. Biden. And I voted for the job. Stop lying ></ document>
<document> #USER# I'm sorry to hear that you are a victim of Cp and exploitation. This is truly terrible. I don't know what's going on with the rest of your situation, but I advise you to please put yourself and your well-being first. More important than having followers and friends 1/2 ></document>
<document> This is the ugliest laugh I've ever laughed because this is LMFAOAOAA because I'm Sorry These Are The Funniest 3 Top 2 😂😂😂😂😂 #URL# ></document>
<document> New "call me daddy" romance debuts this week with #HASHTAG#!

Father of the Bride: #URL#

She's the maid of honor. He is the father of the bride.

What happens in Vegas stays in Vegas? Not if the bride's father claims you're his. #URL# ></ document>
<document> #USER# #USER# Bitcoin has definitely become a cult — My man needs a break from whatever is in the can he's drinking lol ></document>
<document> #USER# #USER# #USER# #USER# Stinnie is also a FA and is a rotational guard at best ></document>
<document> He will become a millionaire by acquiring MoFi, forcing them to do intense audiophile remasters of their hideous death metal broadcasts.

for the date. ></ document>
<document> 'Two wrongs don't make a right'...is the favorite dialogue of those who have done the most wrong and still love to moralize others.

- Sachin Sharma. ></ document>
<document> Poor Meghan. I hope she grows up to see her beauty along her weight loss journey #HASHTAG# ></document>
<document> it's a super power to learn to be calm when you feel you are not respected ></document>
<document> #USER# 10k is probably too much for one person... It takes too long to clean and pull them regularly, so share... ></document>
<document> The Coast Guard, US Customs and Border Protection and partner agencies intercepted a stranded Haitian vessel with 356 people on board approximately 200 yards off the Ocean Reef in Key Largo, Florida, on Sunday. #URL# #URL# ></ document>
<document> #USER# #USER# White is paying back what he did in Syria Iraq Afghanistan.
<document> #USER# #USER# Although we've sent a lot of emails, we don't see you addressing the issue. We ask Kep1er to once again investigate the bullying and harassment against Huening Bahiyyih and TAKE APPROPRIATE ACTION IMMEDIATELY. #HASHTAG# #HASHTAG# ></docpromise >
<document> *Relax... Their stopping range is probably only 1-2 meters... They won't be able to attack me unless they're close...* ></document>
<document> #USER# AND they allowed Bin Laden's family to leave the US within 24 hours of the "attack" AND demolition-style cuts were made in the steel beams of the Twin Towers AND no aircraft parts were found at the Pentagon. ></ document>
<document> Kevin: Can you help? my wife may die
brother: he's going to die anyway
Kevin: Errr is she pregnant?
Brother: Okay then.
#HAHTAG# ></ document>
<document> Meet #USER# Story, Social media meets crowdfunding! #USER#
#URL#
#HASHTAG# #HASHTAG# #HASHTAG# #HASHTAG# #HASHTAG# #HASHTAG# #HASHTAG# #HASHTAG#SmartChain #HASHTAG# #HASHTAG# #HASHTAG# #HASHTAG# #URL# ></document>
<document> Close your eyes and calm your nerves
Curl your toes to surf
forget where you are
Hold your tongue and listen ></document>
<document> FYI: The key to being me is to remind yourself that you are on a rock. This alone is stupid. You will die - no arguments. Make this shit crazy. Be defenseless. be you, be kind. Look at every interaction as the passing of the baton. ></ document>
<document> Two members of the Iranian Revolutionary Guard seek to assassinate John Bolton #URL# #USER# ></document>
<document> #USER# #USER# CALM BUDDHAS (NFT COLLECTION) ✅ Previews: #URL# ✅ The collection includes 7 ultra rare 1/1 to 7,777 special NFTs. ✅ Public edition price .08 eth - great value! ✅ Join Discord Twitter: #URL# Discord: #URL# ></document>
<document> #USER# It's risky when the world's governments mandate a crappy product when demand dies down. What convinced me was the earnings they predicted. $19 billion in sales based on commitments. But all of these POD can be canceled and will IMO. ></ document>
<document> #USER# A large ? I understand FO pushing this little ball crap like Pacers FO but it's common... "Bird thinks the solution would be best implemented by another coach... especially when it comes to Bird's preferred small ball game" # URL# ></ document>
<document> #USER# #USER# STOP STEALING MY ITEMS WTF IS WRONG WITH YOU. This is the SECOND ACCOUNT I had to close.. stop you disgusting freak. Stop stealing my content from an Android guy!!! Real Twitter #USER# ></document>
<document> #USER# Same as N wife intha Sunni venum iruntha cntct pannunga pic room venum ></document>
<document> #USER# My real short story about safety working the night shift at the San Diego Zoo just earned the cost of writing city publications. I think she's terrified 🤔 You tell me. #URL# ></ document>
<document> #USER# I understand you have to support your husband and all is well. But what's wrong with the "she's a victim" idea? It's a sport, you play like shit and you get criticized, right? ></ document>
<document> #USER# I'm pretty sure the Boob Hill war is where the revolutionary war turned in our favour. ></ document>
<document> #USER# : "WWhy is Biden Admini trying to buy more oil from the Maduro Regime in Venezuela and is he making a deal with Iran for their oil when America owns it? This administration's foreign policy and energy policy are absolutely meaningless," he said.
<document> #USER# There is no such thing as an ethical billionaire.

But JayZ and Beyonce aren't doing the same crap with musk and bezos. ></ document>
<document> #USER# You are not welcome in the UK but we still have to put up with your bigoted beef bullshit ></document>
<document> #USER# #USER# I Agree, Max. Binding proteins in the bloodstream are strictly non-linear mechanisms for how the body decides which one to have and the immune system decides that they should go... they even exhibit what we call "hysteresis" in electrical engineering. absolute heresy in medicine. ></ document>
<document> "As I get into the car, I repeatedly tell myself to focus on my process and stay calm and try to prevent everything else."

#HASHTAG# #USER# 🇺🇸

#HASHTAG# #HASHTAG# #HASHTAG# #USER# #USER# #USER# #URL# ></document>
<document> #USER# WTF?! Isn't banking/finance our number one business? I know there is no production. We were so fucked when it was over. Maybe he meant to say that we won't see any difference from the shit storm we're in and going through. ></ document>
<document> Another happy customer. We brand KMHpty creativity. #URL# ></ document>
<document> Trending on #HASHTAG#: "Shiba Inu Lead Developer Says He's Never Leaving, He's Not A Billionaire, A Normal Guy Is Trying His Best To Install $SHIB Differently Source: #URL#" #USER# via shib #URL#o/joceKN8yRS ></document>
<document> They are serious game talkers that will leave you drunk and dry so neva won't let you let your guard down ></document>
<document> Vellu batman key ela untay Maku spider man , matrix lanti cinema looo tho ochindi Adi spider man ithey same day , content delivery late , chala dikkalu shows canceled if not wrong ok oka chain motham oka ana loc lepyasru #URL# ></document >
<document> #USER# Bro I saw you like NFT and you should check out #USER# What great prizes! ></ document>
<document> Calm in the storm 🎶 Seoul. I love you Seoul. I hate you Seoul. 🌆 From #USER# listening to #HASHTAG# from #HASHTAG#'s "mono" mixtape ></document>
<document> #USER# TY for clarification. I disagree, there are times when I actually laugh at things because it's VERY mind-blowing and surreal. Being sad or angry is basically counterproductive, but I understand why people are worried, scared, and worried. This is a clown show. ></ document>
<document> MIRACLES OF JESUS
CLEAN THE STORM JESUS
Matthew 8:23
Mark 4:35
Luke 8:22

Jesus and his disciples were in a boat on the lake; Suddenly a strong storm started, so the waves flooded the boat, but Jesus was asleep.
(1/3) ></ document>
<document> #USER# #USER# And many of you did! Healthy beautiful twitter moment! ></ document>
<document> When little people are overwhelmed with big emotions, our job is to share our calm, not participate in their chaos. LR KNOST ></ document>
<document> #USER# #USER# What is your patriotic plan to calm things down without sacrificing many friendly countries? ></ document>
<document> I recently realized that I'm a "calm", nervous person and I'm scaring myself 😭😭 ></document>
<document> #USER# #USER# We did the same. I am so sorry to you and your #USER# wife for your loss.
 
Not much difference there, it's a hospital based procedure. ></ document>
<document> #USER# Done ✅ bro 👍
Waiting for your support 🙂

0xEA190CfdB393A08642866e7256EA748A880c386f #URL# ></ document>
<document> Lucky girl! Definitely getting court tickets now #URL# ></document>
<document> #USER# You're on a video watching spree. Watch Lucky Number Slevin while you're at it. ></ document>

</author>