
	
		<document> Get off that chair, back straight, head up; I stand, corrected. #HASHTAG# #HASHTAG# #HASHTAG# #HASHTAG# #HASHTAG# #HASHTAG# ></document>
		<document> If man evolved from apes why do we still have apes?  #HASHTAG# #HASHTAG# #HASHTAG# #HASHTAG# #HASHTAG# ></document>
		<document> It’s sad that a family can be torn apart by something as simple as wild dogs. #HASHTAG# #HASHTAG# #HASHTAG# #HASHTAG# #HASHTAG# #HASHTAG# ></document>
		<document> Why do gay people laugh a lot? #HASHTAG# #HASHTAG# #HASHTAG# #HASHTAG# #HASHTAG# #HASHTAG# #URL# ></document>
		<document> The hardness of butter is directly proportional to the softness of the bread.  #HASHTAG# #HASHTAG# #HASHTAG# #HASHTAG# #HASHTAG# ></document>
		<document> He was having a hard time deciding between north or south, so we gave him some latitude. #HASHTAG# #HASHTAG# #HASHTAG# #HASHTAG# #HASHTAG# #HASHTAG# ></document>
		<document> Hear no evil, see no evil... Evil #URL# #HASHTAG# #HASHTAG# #HASHTAG# #URL# ></document>
		<document> I intend to live forever. So far, so good.  #HASHTAG# #HASHTAG# #HASHTAG# #HASHTAG# #HASHTAG# ></document>
		<document> Having sex is like playing bridge. If you don't have a good partner, you'd better have a good hand.  #HASHTAG# #HASHTAG# #HASHTAG# ></document>
		<document> View of the Milky Way from Mars... #URL# #HASHTAG# #HASHTAG# #HASHTAG# #URL# ></document>
		<document> Don't use a big word where a diminutive one will suffice.  #HASHTAG# #HASHTAG# #HASHTAG# #HASHTAG# #HASHTAG# ></document>
		<document> I wonder, do they use sterilized needles for lethal injections?  #HASHTAG# #HASHTAG# #HASHTAG# #HASHTAG# #HASHTAG# ></document>
		<document> Two dogs spooning... just so sweet #URL# #HASHTAG# #HASHTAG# #HASHTAG# #URL# ></document>
		<document> Hard work pays off in the future, but laziness pays off now.  #HASHTAG# #HASHTAG# #HASHTAG# #HASHTAG# #HASHTAG# ></document>
		<document> As a vegan, I think people who sell meat are disgusting; but apparently people who sell fruit and ve #HASHTAG# #HASHTAG# #HASHTAG# #HASHTAG# #HASHTAG# #HASHTAG# ></document>
		<document> You gotta start eating out of a different parking lot.... #URL# #HASHTAG# #HASHTAG# #HASHTAG# #URL# ></document>
		<document> Can software engineers identify as non-binary? #HASHTAG# #HASHTAG# #HASHTAG# #HASHTAG# #HASHTAG# #HASHTAG# ></document>
		<document> If at first you don't succeed, try left field.  #HASHTAG# #HASHTAG# #HASHTAG# #HASHTAG# #HASHTAG# ></document>
		<document> The meek shall inherit the earth - after we're through with it.  #HASHTAG# #HASHTAG# #HASHTAG# #HASHTAG# #HASHTAG# ></document>
		<document> Why are catholic priests adressed as "father"? #HASHTAG# #HASHTAG# #HASHTAG# #HASHTAG# #HASHTAG# #HASHTAG# #URL# ></document>
		<document> On my first day in prison, my cellmate said to me... #HASHTAG# #HASHTAG# #HASHTAG# #HASHTAG# #HASHTAG# #HASHTAG# #URL# ></document>
		<document> Jesus loves you, it's everybody else that thinks you're an ass.  #HASHTAG# #HASHTAG# #HASHTAG# #HASHTAG# #HASHTAG# ></document>
		<document> "He is NOT pushing up daisies. He is dead!" -The Pink Panther #HASHTAG# #HASHTAG# #HASHTAG# #HASHTAG# #HASHTAG# #HASHTAG# ></document>
		<document> If computers had feelings, would we have to be pc about everything? #HASHTAG# #HASHTAG# #HASHTAG# #HASHTAG# #HASHTAG# #HASHTAG# #URL# ></document>
		<document> It's all fun and games, until someone ends up in a cone... #URL# #HASHTAG# #HASHTAG# #HASHTAG# #URL# ></document>
		<document> When you're driving down the freeway, who has time to read the small print? #URL# #HASHTAG# #HASHTAG# #HASHTAG# #URL# ></document>
		<document> I took a survey at every house on my street and found that absolutely nobody was homeless #HASHTAG# #HASHTAG# #HASHTAG# #HASHTAG# #HASHTAG# #HASHTAG# ></document>
		<document> Hey what is that thing?  Can I fly through that? I can see my face... #URL# #HASHTAG# #HASHTAG# #HASHTAG# #URL# ></document>
		<document> There's a fine line between cuddling and holding someone down so they can't get away.  #HASHTAG# #HASHTAG# #HASHTAG# #HASHTAG#er #HASHTAG# ></document>
		<document> As his son left for school, the buffalo yelled out, "Bison!" #HASHTAG# #HASHTAG# #HASHTAG# #HASHTAG# #HASHTAG# #HASHTAG# ></document>
		<document> If women ruled the world, there would be no wars, just a bunch of jealous countries not talking to e #HASHTAG# #HASHTAG# #HASHTAG# #HASHTAG# #HASHTAG# #HASHTAG# ></document>
		<document> When you dance, dance like no one is watching... #URL# #HASHTAG# #HASHTAG# #HASHTAG# #URL# ></document>
		<document> You know you’re working class when your TV is bigger than your book case. #HASHTAG# #HASHTAG# #HASHTAG# #HASHTAG# #HASHTAG# #HASHTAG# ></document>
		<document> When I was a kid, a Catholic priest tried to have sex with me but I said no because I was already da #HASHTAG# #HASHTAG# #HASHTAG# #HASHTAG# #HASHTAG# #HASHTAG# ></document>
		<document> I almost had a psychic girlfriend but she left me before we met. ></document>
		<document> Last night, I played poker with Tarot cards...got a full house and 4 people died. #HASHTAG# #HASHTAG# #HASHTAG# #HASHTAG# #HASHTAG# #HASHTAG# ></document>
		<document> The worst Fish and Chip shop workers don’t know their plaice #HASHTAG# #HASHTAG# #HASHTAG# #HASHTAG# #HASHTAG# #HASHTAG# ></document>
		<document> If you were dating an FBI agent and you broke up, he would be your fed ex. #HASHTAG# #HASHTAG# #HASHTAG# #HASHTAG# #HASHTAG# #HASHTAG# ></document>
		<document> Never, under any circumstances, take a sleeping pill and a laxative on the same night.  #HASHTAG# #HASHTAG# #HASHTAG# #HASHTAG#ner #HASHTAG# ></document>
		<document> If you think nobody cares if you're alive, try missing a couple of payments.  #HASHTAG# #HASHTAG# #HASHTAG# #HASHTAG# #HASHTAG# ></document>
		<document> If a dove is the bird of peace, then is a swallow the bird of love? #HASHTAG# #HASHTAG# #HASHTAG# #HASHTAG# #HASHTAG# #HASHTAG# ></document>
		<document> I added a few tarrot cards to the top of my house of cards, then it got haunted #HASHTAG# #HASHTAG# #HASHTAG# #HASHTAG# #HASHTAG# #HASHTAG# ></document>
		<document> I fell down an up escalator, I fell for like 30 mins. #HASHTAG# #HASHTAG# #HASHTAG# #HASHTAG# #HASHTAG# #HASHTAG# ></document>
		<document> I just opened my electric bill and water bill at the same time and was completely shocked. #HASHTAG# #HASHTAG# #HASHTAG# #HASHTAG# #HASHTAG# #HASHTAG# ></document>
		<document> I like my women like like my beer - cold, bitter, and full of yeast. #HASHTAG# #HASHTAG# #HASHTAG# #HASHTAG# #HASHTAG# #HASHTAG# ></document>
		<document> The awkward moment when you realize the person you are making fun of is right behind you... #URL# #HASHTAG# #HASHTAG# #HASHTAG# #URL#t.co/7tVeuHmZqJ ></document>
		<document> “You can cheat on your wife but not on your workout.”—my high school wrestling coach #HASHTAG# #HASHTAG# #HASHTAG# #HASHTAG# #HASHTAG# #HASHTAG# ></document>
		<document> I saw a woman wearing a sweat shirt with 'Guess' on it...so I said 'Implants?'  #HASHTAG# #HASHTAG# #HASHTAG# #HASHTAG# #HASHTAG# ></document>
		<document> Three women die together in an accident and go to heaven...... #HASHTAG# #HASHTAG# #HASHTAG# #HASHTAG# #HASHTAG# #HASHTAG# #URL# ></document>
		<document> More proof that nerds win in the end... #URL# #HASHTAG# #HASHTAG# #HASHTAG# #URL# ></document>
		<document> Some cause happiness wherever they go. Others whenever they go.  #HASHTAG# #HASHTAG# #HASHTAG# #HASHTAG# #HASHTAG# ></document>
		<document> A man goes to a costume party wearing nothing but his underwear and a woman on his back. #HASHTAG# #HASHTAG# #HASHTAG# #HASHTAG# #HASHTAG# #HASHTAG# #URL# ></document>
		<document> toddler *walks by with a hammer*
me: What are you gonna make?
toddler: Noise #HASHTAG# #HASHTAG# #HASHTAG# ></document>
		<document> If a parsley farmer is sued do they garnish his wages?  #HASHTAG# #HASHTAG# #HASHTAG# #HASHTAG# #HASHTAG# ></document>
		<document> Success always occurs in private and failure in full view.  #HASHTAG# #HASHTAG# #HASHTAG# #HASHTAG# #HASHTAG# ></document>
		<document> At any given moment, the urge to sing, “The Lion Sleeps Tonight” is just a whim away, a whim awa #HASHTAG# #HASHTAG# #HASHTAG# #HASHTAG# #HASHTAG# #HASHTAG# ></document>
		<document> Never iron a 4-leaf clover, because then you are just pressing your luck. #HASHTAG# #HASHTAG# #HASHTAG# #HASHTAG# #HASHTAG# #HASHTAG# ></document>
		<document> If Wonder Woman used her own yeast to bake bread, it would be wonder bread. #HASHTAG# #HASHTAG# #HASHTAG# #HASHTAG# #HASHTAG# #HASHTAG# ></document>
		<document> Thieves stole a truck with 1,000,000 doses of viagra #HASHTAG# #HASHTAG# #HASHTAG# #HASHTAG# #HASHTAG# #HASHTAG# #URL# ></document>
		<document> I like my women like I like my coffee. Compressed into a plastic pod and brewed one cup at a time. #HASHTAG# #HASHTAG# #HASHTAG# #HASHTAG# #HASHTAG# #HASHTAG# ></document>
		<document> Little known fact- the sword fish has few predators to worry about in the wild... except #HASHTAG# #HASHTAG# #HASHTAG# #HASHTAG# #HASHTAG# #HASHTAG# #URL# ></document>
		<document> A guy walks into a bar. He says, “Patrón.” The bartender responds, “It’s pronounced patron, #HASHTAG# #HASHTAG# #HASHTAG# #HASHTAG# #HASHTAG# #HASHTAG# #URL# ></document>
		<document> Play Dead? No man, play Floyd #URL# #HASHTAG# #HASHTAG# #HASHTAG# #URL# ></document>
		<document> If the generations go (in order) Generation X, Millennial, and then Generation Z, that makes the Mil #HASHTAG# #HASHTAG# #HASHTAG# #HASHTAG# #HASHTAG# #HASHTAG# ></document>
		<document> A Young Jewish boy kept acting up at school.. #HASHTAG# #HASHTAG# #HASHTAG# #HASHTAG# #HASHTAG# #HASHTAG# #URL# ></document>
		<document> Why did Barty Crouch jr. stop drinking? #HASHTAG# #HASHTAG# #HASHTAG# #HASHTAG# #HASHTAG# #HASHTAG# #URL# ></document>
		<document> You never really learn to swear until you learn to drive.  #HASHTAG# #HASHTAG# #HASHTAG# #HASHTAG# #HASHTAG# ></document>
		<document> A guy walks into a Muslim bookstore wearing a Make America Great Again hat... #HASHTAG# #HASHTAG# #HASHTAG# #HASHTAG# #HASHTAG# #HASHTAG# #URL# ></document>
		<document> There were three POWs together in a British prison in the Second World War, a German, a Japanese, an #HASHTAG# #HASHTAG# #HASHTAG# #HASHTAG# #HASHTAG# #HASHTAG# #URL# ></document>
		<document> You think gay British dudes call their sex toys their arse-enal? #HASHTAG# #HASHTAG# #HASHTAG# #HASHTAG# #HASHTAG# #HASHTAG# ></document>
		<document> A vegan, a bitcoin trader and someone who didn’t vote in 2016 all walk into a bar.... #HASHTAG# #HASHTAG# #HASHTAG# #HASHTAG# #HASHTAG# #HASHTAG# #URL# ></document>
		<document> My tombstone should say: “He died doing what he’d always wanted: dying.” #HASHTAG# #HASHTAG# #HASHTAG# #HASHTAG# #HASHTAG# #HASHTAG# ></document>
		<document> You think Omicron is bad, just wait until Megatron shows up. ></document>
		<document> Lord, if I can't be skinny, please let all my friends be fat.  #HASHTAG# #HASHTAG# #HASHTAG# #HASHTAG# #HASHTAG# ></document>
		<document> I read that a banana a day helps to keep your colon clean, but I just wish someone had told me I was #HASHTAG# #HASHTAG# #HASHTAG# #HASHTAG# #HASHTAG# #HASHTAG# ></document>
		<document> Prisoners taking their own mug shots are cell-fies. #HASHTAG# #HASHTAG# #HASHTAG# #HASHTAG# #HASHTAG# #HASHTAG# ></document>
		<document> I’ve recently developed a phobia of elevators and I’m taking steps to avoid them. #HASHTAG# #HASHTAG# #HASHTAG# #HASHTAG# #HASHTAG# #HASHTAG# ></document>
		<document> On the sunny side of the street, it’s a little bit warmer. #HASHTAG# #HASHTAG# #HASHTAG# #HASHTAG# #HASHTAG# #HASHTAG# ></document>
		<document> A black man with a parrot on his shoulder walks into a bar... #HASHTAG# #HASHTAG# #HASHTAG# #HASHTAG# #HASHTAG# #HASHTAG# #URL# ></document>
		<document> Where are Muslims going to pray when they go to Mars? #HASHTAG# #HASHTAG# #HASHTAG# #HASHTAG# #HASHTAG# #HASHTAG# #URL# ></document>
		<document> If a thing is worth doing, it would have been done already.  #HASHTAG# #HASHTAG# #HASHTAG# #HASHTAG# #HASHTAG# ></document>
		<document> The main reason Santa is so jolly is because he knows where all the bad girls live.  #HASHTAG# #HASHTAG# #HASHTAG# #HASHTAG# #HASHTAG# ></document>
		<document> For sale: parachute, only used once, never opened, small stain.  #HASHTAG# #HASHTAG# #HASHTAG# #HASHTAG# #HASHTAG# ></document>
		<document> I like work. It fascinates me. I sit and look at it for hours.  #HASHTAG# #HASHTAG# #HASHTAG# #HASHTAG# #HASHTAG# ></document>
		<document> The shinbone is a device for finding furniture in a dark room.  #HASHTAG# #HASHTAG# #HASHTAG# #HASHTAG# #HASHTAG# ></document>
		<document> My superiority complex is vegan too. #HASHTAG# #HASHTAG# #HASHTAG# #HASHTAG# #HASHTAG# #HASHTAG# ></document>
		<document> Fighting for peace is like fucking for virginity.  #HASHTAG# #HASHTAG# #HASHTAG# #HASHTAG# #HASHTAG# ></document>
		<document> I think it’s wrong that only one company makes the game Monopoly. #HASHTAG# #HASHTAG# #HASHTAG# #HASHTAG# #HASHTAG# #HASHTAG# ></document>
		<document> I bet when DJ Khaled counts to 100, he skips 69 and goes straight to 70. #HASHTAG# #HASHTAG# #HASHTAG# #HASHTAG# #HASHTAG# #HASHTAG# ></document>
		<document> Forgive and forget, but keep a list of names just in case.  #HASHTAG# #HASHTAG# #HASHTAG# #HASHTAG# #HASHTAG# ></document>
		<document> Just saw a man in the supermarket tell a packet of cheese to fuck off, how dairy. #HASHTAG# #HASHTAG# #HASHTAG# #HASHTAG# #HASHTAG# #HASHTAG# ></document>
		<document> Why did the vegan cross the road? #HASHTAG# #HASHTAG# #HASHTAG# #HASHTAG# #HASHTAG# #HASHTAG# #URL# ></document>
		<document> So, this week vegans mourned the death of their favourite vegetable. #HASHTAG# #HASHTAG# #HASHTAG# #HASHTAG# #HASHTAG# #HASHTAG# ></document>
		<document> I live in California, and my watch is three hours fast, I can't fix it, so I'm moving to New York.   #HASHTAG# #HASHTAG# #HASHTAG# ></document>
		<document> Money can't buy happiness, but it sure makes misery easier to live with.  #HASHTAG# #HASHTAG# #HASHTAG# #HASHTAG# #HASHTAG# ></document>
		<document> Knowledge is power, and power corrupts. So study hard and be evil.  #HASHTAG# #HASHTAG# #HASHTAG# #HASHTAG# #HASHTAG# ></document>
		<document> Photons have mass? I didn't even know they were Catholic.  #HASHTAG# #HASHTAG# #HASHTAG# #HASHTAG# #HASHTAG# ></document>
		<document> In a world of lefties everyone knows somewhere everyone is all right #HASHTAG# #HASHTAG# #HASHTAG# #HASHTAG# #HASHTAG# #HASHTAG# ></document>
		<document> Ingenudity is when you get a good idea in the shower. #HASHTAG# #HASHTAG# #HASHTAG# #HASHTAG# #HASHTAG# #HASHTAG# ></document>
		<document> Warning! Drug use may cause memory loss or even memory loss... #URL# #HASHTAG# #HASHTAG# #HASHTAG# #URL# ></document>
		<document> Now, that's what I call a trailer park... #URL# #HASHTAG# #HASHTAG# #HASHTAG# #URL# ></document>
		<document> My wife gave such a brilliant talk on women’s reproductive cycle, she got a standing ovulation. #HASHTAG# #HASHTAG# #HASHTAG# #HASHTAG# #HASHTAG# #HASHTAG# ></document>
		<document> An expensive laxative gives you a run for your money. #HASHTAG# #HASHTAG# #HASHTAG# #HASHTAG# #HASHTAG# #HASHTAG# #URL# ></document>
		<document> Who the heck is keeping an eye on things in Gotham City? #URL# #HASHTAG# #HASHTAG# #HASHTAG# #URL# ></document>
		<document> Last time I trusted you I woke up without my balls... #URL# #HASHTAG# #HASHTAG# #HASHTAG# #URL# ></document>
		<document> Sometimes my jokes need crutches because they are so lame. #HASHTAG# #HASHTAG# #HASHTAG# #HASHTAG# #HASHTAG# #HASHTAG# ></document>
		<document> Its not possible to cheat on your marriage because the legal document defined cheating as a divorce #HASHTAG# #HASHTAG# #HASHTAG# #HASHTAG# #HASHTAG# #HASHTAG# ></document>
		<document> I get LIVID when I forget how to write 51, 6, and 500 in Roman numerals. #HASHTAG# #HASHTAG# #HASHTAG# #HASHTAG# #HASHTAG# #HASHTAG# ></document>
		<document> Somebody who knows how will always have a job. Working for someone who knows why.  #HASHTAG# #HASHTAG# #HASHTAG# #HASHTAG# #HASHTAG# ></document>
		<document> Whoever coined the phrase 'Quiet as a mouse' has never stepped on one.  #HASHTAG# #HASHTAG# #HASHTAG# #HASHTAG# #HASHTAG# ></document>
		<document> Scientists have finally discovered what women really want, trouble is, now they’ve changed their m #HASHTAG# #HASHTAG# #HASHTAG# #HASHTAG# #HASHTAG# #HASHTAG# ></document>
		<document> The best way to carve wood is whittle by whittle. #HASHTAG# #HASHTAG# #HASHTAG# #HASHTAG# #HASHTAG# #HASHTAG# ></document>
		<document> On Fridays during lent, I think it is ok for Catholics to eat mermaids. #HASHTAG# #HASHTAG# #HASHTAG# #HASHTAG# #HASHTAG# #HASHTAG# ></document>
		<document> When women are killed its a tragedy worse than when men are killed cuz it creates sausage parties #HASHTAG# #HASHTAG# #HASHTAG# #HASHTAG# #HASHTAG# #HASHTAG# ></document>
		<document> A man goes into a library and asks for a book on cliffhangers... #HASHTAG# #HASHTAG# #HASHTAG# #HASHTAG# #HASHTAG# #HASHTAG# #URL# ></document>
		<document> The leper hockey game ended with a face off in the corner. #HASHTAG# #HASHTAG# #HASHTAG# #HASHTAG# #HASHTAG# #HASHTAG# ></document>
		<document> A Catholic girl is set to marry a man from Greece... #HASHTAG# #HASHTAG# #HASHTAG# #HASHTAG# #HASHTAG# #HASHTAG# #URL# ></document>
		<document> A lot of Russian girls are trying to hook up with American guys online. #HASHTAG# #HASHTAG# #HASHTAG# #HASHTAG# #HASHTAG# #HASHTAG# #URL# ></document>
		<document> Seven days without a pun makes one weak. #HASHTAG# #HASHTAG# #HASHTAG# #HASHTAG# #HASHTAG# #HASHTAG# ></document>
		<document> When the boss says we should work together as a team we better do as he says. #HASHTAG# #HASHTAG# #HASHTAG# #HASHTAG# #HASHTAG# #HASHTAG# ></document>
		<document> Look out for the Irish computer virus... #URL# #HASHTAG# #HASHTAG# #HASHTAG# #URL# ></document>
		<document> Cats would make excellent stock market analysts #URL# #HASHTAG# #HASHTAG# #HASHTAG# #URL# ></document>
		<document> If two vegans are angry at eachother, is it beef? #HASHTAG# #HASHTAG# #HASHTAG# #HASHTAG# #HASHTAG# #HASHTAG# ></document>
		<document> With sufficient thrust, pigs fly just fine.  #HASHTAG# #HASHTAG# #HASHTAG# #HASHTAG# #HASHTAG# ></document>
		<document> I feel like I'm diagonally parked in a parallel universe.  #HASHTAG# #HASHTAG# #HASHTAG# #HASHTAG# #HASHTAG# ></document>
		<document> Paddington bear is just a reverse furry #HASHTAG# #HASHTAG# #HASHTAG# #HASHTAG# #HASHTAG# #HASHTAG# ></document>
		<document> I am. is reportedly the shortest sentence in the English language. Could it be that 'I Do' is the lo #HASHTAG# #HASHTAG# #HASHTAG# ></document>
		<document> I keep trying to find symbolism in everything- what could this mean? #HASHTAG# #HASHTAG# #HASHTAG# #HASHTAG# #HASHTAG# #HASHTAG# ></document>
		<document> We live in a society where pizza gets to your house before the police. #HASHTAG# #HASHTAG# #HASHTAG# #HASHTAG# #HASHTAG# ></document>
		<document> My colleague can no longer attend next week’s Innuendo Seminar, so I have to fill her slot. #HASHTAG# #HASHTAG# #HASHTAG# #HASHTAG# #HASHTAG# #HASHTAG# ></document>
		<document> Male prostitutes are hard up for cash. #HASHTAG# #HASHTAG# #HASHTAG# #HASHTAG# #HASHTAG# #HASHTAG# ></document>
		<document> The Devil Just Bought a Brand-new Penthouse in Heaven... There goes your old good neighborhood #HASHTAG# #HASHTAG# #HASHTAG# #HASHTAG# #HASHTAG# #HASHTAG# ></document>
		<document> Do you know that farmers are outstanding in their field? #HASHTAG# #HASHTAG# #HASHTAG# #HASHTAG# #HASHTAG# #HASHTAG# #URL# ></document>
		<document> I like my wine like I like my women: white, fifteen years old and locked in the cellar. #HASHTAG# #HASHTAG# #HASHTAG# #HASHTAG# #HASHTAG# #HASHTAG# ></document>
		<document> Nice photo of a boy and his rooster... #URL# #HASHTAG# #HASHTAG# #HASHTAG# #URL# ></document>
		<document> I didn't think it was possible for a stick figure to look guilty, but look at this guy! #URL# #HASHTAG# #HASHTAG# #HASHTAG# #URL# ></document>
		<document> Anyone want to play a game of Accordian Hero? #URL# #HASHTAG# #HASHTAG# #HASHTAG# #URL# ></document>
		<document> Why do Americans choose from just two people to run for president and 50 for Miss America?  #HASHTAG# #HASHTAG# #HASHTAG# #HASHTAG#neliner #HASHTAG# ></document>
		<document> When I die, I’d like the word "Humble" to be written on my statue. #HASHTAG# #HASHTAG# #HASHTAG# #HASHTAG# #HASHTAG# #HASHTAG# ></document>
		<document> The first time I got a universal remote control, I thought to myself, "This changes everything!" #HASHTAG# #HASHTAG# #HASHTAG# #HASHTAG# #HASHTAG# #HASHTAG# ></document>
		<document> To be sure of hitting the target, shoot first and call whatever you hit the target.  #HASHTAG# #HASHTAG# #HASHTAG# #HASHTAG# #HASHTAG# ></document>
		<document> If he's big enough to look out the window, he's big enough to do the dishes! #URL# #HASHTAG# #HASHTAG# #HASHTAG# #URL# ></document>
		<document> The world tongue-twister champion just got arrested. I hear they’re gonna give him a really tough  #HASHTAG# #HASHTAG# #HASHTAG# #HASHTAG# #HASHTAG# #HASHTAG# ></document>
		<document> To steal ideas from one person is plagiarism. To steal from many is research.  #HASHTAG# #HASHTAG# #HASHTAG# #HASHTAG# #HASHTAG# ></document>
		<document> Love is like a fart: If you have to force it it’s probably shit. #HASHTAG# #HASHTAG# #HASHTAG# #HASHTAG# #HASHTAG# #HASHTAG# ></document>
		<document> I want to die peacefully in my sleep, like my grandfather.. Not screaming and yelling like the passe #HASHTAG# #HASHTAG# #HASHTAG# ></document>
		<document> A novel way to learn to read is to read novels. #HASHTAG# #HASHTAG# #HASHTAG# #HASHTAG# #HASHTAG# #HASHTAG# ></document>
		<document> You weren't suppose to be home for another four hours... #URL# #HASHTAG# #HASHTAG# #HASHTAG# #URL# ></document>
		<document> I really can’t stand it when homeless guys shake their cups of money at me, I mean, do they really #HASHTAG# #HASHTAG# #HASHTAG# #HASHTAG# #HASHTAG# #HASHTAG# ></document>
		<document> “I heard a rumour that Cadbury is bringing out an oriental chocolate bar. Could be a Chinese Wispa #HASHTAG# #HASHTAG# #HASHTAG# #HASHTAG# #HASHTAG# #HASHTAG# ></document>
		<document> Follow your dreams, except for that one where you're naked at work.  #HASHTAG# #HASHTAG# #HASHTAG# #HASHTAG# #HASHTAG# ></document>
		<document> I'd give my right arm to be ambidextrous.  #HASHTAG# #HASHTAG# #HASHTAG# #HASHTAG# #HASHTAG# ></document>
		<document> Many a priest has an altar ego. #HASHTAG# #HASHTAG# #HASHTAG# #HASHTAG# #HASHTAG# #HASHTAG# ></document>
		<document> Gay pirates love a Jolly Roger #HASHTAG# #HASHTAG# #HASHTAG# #HASHTAG# #HASHTAG# #HASHTAG# #URL# ></document>
		<document> My dad told me to invest my money in bonds, so I bought 100 copies of Goldfinger. #HASHTAG# #HASHTAG# #HASHTAG# #HASHTAG# #HASHTAG# #HASHTAG# #URL# ></document>
		<document> I’m so broke that a burglar woke me up last night to give some financial advice. #HASHTAG# #HASHTAG# #HASHTAG# #HASHTAG# #HASHTAG# #HASHTAG# ></document>
		<document> Why do rednecks never do reverse cowgirl? #HASHTAG# #HASHTAG# #HASHTAG# #HASHTAG# #HASHTAG# #HASHTAG# #URL# ></document>
		<document> A journey of a thousand miles begins with a cash advance.  #HASHTAG# #HASHTAG# #HASHTAG# #HASHTAG# #HASHTAG# ></document>
		<document> On their way to get married, a young Catholic couple was involved in a fatal car accident. #HASHTAG# #HASHTAG# #HASHTAG# #HASHTAG# #HASHTAG# #HASHTAG# #URL# ></document>
		<document> I bought my girlfriend a pink vibrator for valentines day. #HASHTAG# #HASHTAG# #HASHTAG# #HASHTAG# #HASHTAG# #HASHTAG# #URL# ></document>
		<document> When the government designs a new penny, the number of government workers that have to approve the d #HASHTAG# #HASHTAG# #HASHTAG# #HASHTAG# #HASHTAG# #HASHTAG# #URL# ></document>
		<document> If the right side of the brain controls the left side of the body, then lefties are the only ones in #HASHTAG# #HASHTAG# #HASHTAG# #HASHTAG# #HASHTAG# #HASHTAG# ></document>
		<document> Women have a hard time deciding what to eat because the first time Eve did, she doomed humanity. #HASHTAG# #HASHTAG# #HASHTAG# #HASHTAG# #HASHTAG# #HASHTAG# ></document>
		<document> Energizer bunny arrested and charged with battery. #HASHTAG# #HASHTAG# #HASHTAG# #HASHTAG# #HASHTAG# #HASHTAG# ></document>
		<document> What do a vegan and a sexual deviant have in common? #HASHTAG# #HASHTAG# #HASHTAG# #HASHTAG# #HASHTAG# #HASHTAG# #URL# ></document>
		<document> There is a plane of children along with a priest, a rabbi, and a rapper is flying to New York #HASHTAG# #HASHTAG# #HASHTAG# #HASHTAG# #HASHTAG# #HASHTAG# #URL# ></document>
		<document> You got to hand it to blind prostitutes. #HASHTAG# #HASHTAG# #HASHTAG# #HASHTAG# #HASHTAG# #HASHTAG# ></document>
		<document> If people who eat vegetables are vegetarians and people who eat fish are pescatarians, then cannibal #HASHTAG# #HASHTAG# #HASHTAG# #HASHTAG# #HASHTAG# #HASHTAG# ></document>
		<document> Bloody millennials, walking round like they rent the place #HASHTAG# #HASHTAG# #HASHTAG# #HASHTAG# #HASHTAG# #HASHTAG# ></document>
		<document> Two homeless men are standing around bragging about their day #HASHTAG# #HASHTAG# #HASHTAG# #HASHTAG# #HASHTAG# #HASHTAG# #URL# ></document>
		<document> Yeah... I'm listening... no I am not playing with my mouse... #URL# #HASHTAG# #HASHTAG# #HASHTAG# #URL# ></document>
		<document> A blonde girl decides to do a puzzle..... #HASHTAG# #HASHTAG# #HASHTAG# #HASHTAG# #HASHTAG# #HASHTAG# #URL# ></document>
		<document> A lady walks into a pet store... #HASHTAG# #HASHTAG# #HASHTAG# #HASHTAG# #HASHTAG# #HASHTAG# #URL# ></document>
		<document> Two priests were playing golf... #HASHTAG# #HASHTAG# #HASHTAG# #HASHTAG# #HASHTAG# #HASHTAG# #URL# ></document>
		<document> Heck is where people go who don't believe in Gosh.  #HASHTAG# #HASHTAG# #HASHTAG# #HASHTAG# #HASHTAG# ></document>
		<document> In the military, smells are described according to rank. #HASHTAG# #HASHTAG# #HASHTAG# #HASHTAG# #HASHTAG# #HASHTAG# ></document>
		<document> Batman has to let the police do the hard work on nights that he suffers from diarrhea. #URL# #HASHTAG# #HASHTAG# #HASHTAG# #URL# ></document>
		<document> If you take a look at my resume, you will see I've been chasing that red dot for about 5 years now.. #HASHTAG# #HASHTAG# #HASHTAG# #URL# ></document>
		<document> Life is a lot like a penis - soft, relaxed and hanging free, then a woman makes it hard. #HASHTAG# #HASHTAG# #HASHTAG# #HASHTAG# #HASHTAG# #HASHTAG# ></document>
		<document> A top model, a gay and a Redditor end up on a deserted island. #HASHTAG# #HASHTAG# #HASHTAG# #HASHTAG# #HASHTAG# #HASHTAG# #URL# ></document>
		<document> I thought I wanted a career, turns out I just wanted paychecks.  #HASHTAG# #HASHTAG# #HASHTAG# #HASHTAG# #HASHTAG# ></document>
		<document> The first rule of Flight Club is that yours is delayed. #HASHTAG# #HASHTAG# #HASHTAG# #HASHTAG# #HASHTAG# #HASHTAG# ></document>
		<document> The Ku Klux Klan are such hypocrites; the TV in their meeting hall is 4K. #HASHTAG# #HASHTAG# #HASHTAG# #HASHTAG# #HASHTAG# #HASHTAG# ></document>
		<document> My opinions may have changed, but not the fact that I am right.  #HASHTAG# #HASHTAG# #HASHTAG# #HASHTAG# #HASHTAG# ></document>
		<document> A diplomat is someone who can tell you to go to hell in such a way that you will look forward to the #HASHTAG# #HASHTAG# #HASHTAG# ></document>
		<document> Asians are just the same as caucasians, just without the cock. #HASHTAG# #HASHTAG# #HASHTAG# #HASHTAG# #HASHTAG# #HASHTAG# ></document>
		<document> The Irish are never too busy for a quick pint... #URL# #HASHTAG# #HASHTAG# #HASHTAG# #URL# ></document>
		<document> To cure your starvation, all you need to do is maintain your diet. #HASHTAG# #HASHTAG# #HASHTAG# #HASHTAG# #HASHTAG# #HASHTAG# ></document>
		<document> A priest and a Rabbi are very good friends, so they decide to go to a remote lake for a swim. #HASHTAG# #HASHTAG# #HASHTAG# #HASHTAG# #HASHTAG# #HASHTAG# #URL# ></document>
		<document> The dead batteries were given out free of charge. ></document>
		<document> U spend the first 2 yrs of a child's life teaching them to walk and talk. U spend the next 16 yrs te #HASHTAG# #HASHTAG# #HASHTAG# ></document>
		<document> Virginity is like a soapbubble, one prick and it is gone.  #HASHTAG# #HASHTAG# #HASHTAG# #HASHTAG# #HASHTAG# ></document>
		<document> My dad is sick of me making fun of his amputation, but really I love him from head to stump. #HASHTAG# #HASHTAG# #HASHTAG# #HASHTAG# #HASHTAG# #HASHTAG# ></document>
		<document> If women are a mystery then men are a horror story #HASHTAG# #HASHTAG# #HASHTAG# #HASHTAG# #HASHTAG# #HASHTAG# ></document>
		<document> I get my large circumference from too much pi. #HASHTAG# #HASHTAG# #HASHTAG# #HASHTAG# #HASHTAG# #HASHTAG# #URL# ></document>
		<document> I am an agent of Satan, but my duties are largely ceremonial.  #HASHTAG# #HASHTAG# #HASHTAG# #HASHTAG# #HASHTAG# ></document>
		<document> The pyramids were built, not by slaves, but in cities where it was illegal to walk downhill #HASHTAG# #HASHTAG# #HASHTAG# #HASHTAG# #HASHTAG# #HASHTAG# ></document>
		<document> I’m very good friends with 25 letters of the alphabet, but I don’t know why. #HASHTAG# #HASHTAG# #HASHTAG# #HASHTAG# #HASHTAG# #HASHTAG# ></document>
		<document> Two wrongs don’t make a right, but three lefts do. #HASHTAG# #HASHTAG# #HASHTAG# #HASHTAG# #HASHTAG# #HASHTAG# ></document>
		<document> They call it PMS because 'Mad Cow Disease' was already taken.  #HASHTAG# #HASHTAG# #HASHTAG# #HASHTAG# #HASHTAG# ></document>
	
</author><document> Get up from that chair, keep your back straight, keep your head up; I stop, it's fixed. #HASHTAG# #HASHTAG# #HASHTAG# #HASHTAG# #HASHTAG# #HASHTAG# ></document>
<document> If man evolved from apes, why do we still have apes? #HASHTAG# #HASHTAG# #HASHTAG# #HASHTAG# #HASHTAG# ></document>
<document> It's sad when a family can be torn apart by something as simple as wild dogs. #HASHTAG# #HASHTAG# #HASHTAG# #HASHTAG# #HASHTAG# #HASHTAG# ></document>
<document> Why do gay people laugh so much? #HASHTAG# #HASHTAG# #HASHTAG# #HASHTAG# #HASHTAG# #HASHTAG# # #URL# ></document>
<document> The hardness of butter is directly proportional to the softness of the bread. #HASHTAG# #HASHTAG# #HASHTAG# #HASHTAG# #HASHTAG# ></document>
<document> She was having a hard time deciding between north or south, so we gave her some latitude. #HASHTAG# #HASHTAG# #HASHTAG# #HASHTAG# #HASHTAG# #HASHTAG# ></document>
<document> Hear no evil, see no evil... Bad #URL# #HASHTAG# #HASHTAG# #HASHTAG# #URL# ></document>
<document> I intend to live forever. So far, so good. #HASHTAG# #HASHTAG# #HASHTAG# #HASHTAG# #HASHTAG# ></document>
<document> Having sex is like playing bridge. If you don't have a good partner, you better have a good hand. #HASHTAG# #HASHTAG# #HASHTAG# ></document>
<document> View of the Milky Way from Mars... #URL# #HASHTAG# #HASHTAG# #HASHTAG# #URL# ></document>
<document> Do not use a large word where reduction will suffice. #HASHTAG# #HASHTAG# #HASHTAG# #HASHTAG# #HASHTAG# ></document>
<document> I wonder if they use sterilized needles for lethal injections? #HASHTAG# #HASHTAG# #HASHTAG# #HASHTAG# #HASHTAG# ></document>
<document> Two dogs are spooning... so cute #URL# #HASHTAG# #HASHTAG# #HASHTAG# #URL# ></document>
<document> Hard work pays off in the future, but laziness pays off now. #HASHTAG# #HASHTAG# #HASHTAG# #HASHTAG# #HASHTAG# ></document>
<document> As a vegan, I think people selling meat are disgusting; but apparently people selling fruits and vegetables #HASHTAG# #HASHTAG# #HASHTAG# #HASHTAG# #HASHTAG# #HASHTAG# ></document>
<document> You should start eating from a different parking lot... #URL# #HASHTAG# #HASHTAG# #HASHTAG# #URL# ></document>
<document> Can software engineers define it as non-binary? #HASHTAG# #HASHTAG# #HASHTAG# #HASHTAG# #HASHTAG# #HASHTAG# ></document>
<document> If you don't succeed at first, try the left field. #HASHTAG# #HASHTAG# #HASHTAG# #HASHTAG# #HASHTAG# ></document>
<document> The Docile will inherit the world - after we're done with it. #HASHTAG# #HASHTAG# #HASHTAG# #HASHTAG# #HASHTAG# ></document>
<document> Why are Catholic priests called "father"? #HASHTAG# #HASHTAG# #HASHTAG# #HASHTAG# #HASHTAG# #HASHTAG# # #URL# ></document>
<document> On my first day in prison, my cellmate told me... #HASHTAG# #HASHTAG# #HASHTAG# #HASHTAG# #HASHTAG# #HASHTAG# # #URL# ></document>
<document> Jesus loves you, anyone who thinks you're an idiot. #HASHTAG# #HASHTAG# #HASHTAG##HASHTAG# #HASHTAG# ></document>
<document> "She doesn't lift daisies. She's dead!" -Pink Panther #HASHTAG# #HASHTAG# #HASHTAG# #HASHTAG# #HASHTAG# #HASHTAG# ></document>
<document> If computers had feelings, would we be computers for everything? #HASHTAG# #HASHTAG# #HASHTAG# #HASHTAG# #HASHTAG# #HASHTAG# # #URL# ></document>
<document> It's all fun and play until someone enters a cone... #URL# #HASHTAG# #HASHTAG# #HASHTAG# #URL# ></document>
<document> Who has time to read the small print on the highway? #URL# #HASHTAG# #HASHTAG# #HASHTAG# #URL# ></document>
<document> I did a survey of every house on my street and saw that absolutely no one was homeless #HASHTAG# #HASHTAG# #HASHTAG# #HASHTAG# #HASHTAG# #HASHTAG# ></document>
<document> Hey, what's that thing? Can I fly over this? I can see my face... #URL# #HASHTAG# #HASHTAG# #HASHTAG# #URL# ></document>
<document> There's a fine line between hugging someone and pressing them down so they can't escape. #HASHTAG# #HASHTAG# #HASHTAG# #HASHTAG#er #HASHTAG# ></document>
<document> The buffalo shouts, "Bison!" as his son goes to school. yell. #HASHTAG# #HASHTAG# #HASHTAG# #HASHTAG# #HASHTAG# #HASHTAG# ></document>
<document> If women ruled the world, there would be no wars, just #HASHTAG# #HASHTAG# #HASHTAG# #HASHTAG# #HASHTAG# #HASHTAG# ></document>
<document> Dance like no one is watching while you dance... #URL# #HASHTAG# #HASHTAG# #HASHTAG# #URL# ></document>
<document> You know you're working class when your TV is bigger than your library. #HASHTAG# #HASHTAG# #HASHTAG# #HASHTAG# #HASHTAG# #HASHTAG# ></document>
<document> When I was a kid, a Catholic priest tried to have sex with me, but I said no because I already #HASHTAG# #HASHTAG# #HASHTAG# #HASHTAG# #HASHTAG# #HASHTAG# ></document>
<document> I almost had a psychic girlfriend, but he dumped me before we even met. ></ document>
<document> I played poker with Tarot cards last night... my house was full and 4 people died. #HASHTAG# #HASHTAG# #HASHTAG# #HASHTAG# #HASHTAG# #HASHTAG# ></document>
<document> The worst Fish and Chip shop workers don't know what to do #HASHTAG# #HASHTAG# #HASHTAG# #HASHTAG# #HASHTAG# #HASHTAG# ></document>
<document> If you were dating an FBI agent and you broke up, he would be your former federal agent. #HASHTAG# #HASHTAG# #HASHTAG# #HASHTAG# #HASHTAG# #HASHTAG# ></document>
<document> Never, under any circumstances, take sleeping pills and laxatives at the same night. #HASHTAG# #HASHTAG# #HASHTAG# #HASHTAG#ner #HASHTAG# ></document>
<document> If you think nobody cares whether you're alive or not, try missing a few payments. #HASHTAG# #HASHTAG# #HASHTAG# #HASHTAG# #HASHTAG# ></document>
<document> If the dove is a bird of peace, is the swallow a bird of love? #HASHTAG# #HASHTAG# #HASHTAG# #HASHTAG# #HASHTAG# #HASHTAG# ></document>
<document> I added a few tarrot cards to the top of my house.rds, then it haunted #HASHTAG# #HASHTAG# #HASHTAG# #HASHTAG# #HASHTAG# #HASHTAG# ></document>
<document> I fell off an escalator, about 30 minutes. #HASHTAG# #HASHTAG# #HASHTAG# #HASHTAG# #HASHTAG# #HASHTAG# ></document>
<document> I just opened my electricity bill and my water bill at the same time and I am totally shocked. #HASHTAG# #HASHTAG# #HASHTAG# #HASHTAG# #HASHTAG# #HASHTAG# ></document>
<document> I like my women like my beer - cold and bitter and full of yeast. #HASHTAG# #HASHTAG# #HASHTAG# #HASHTAG# #HASHTAG# #HASHTAG# ></document>
<document> The awkward moment when you realize the person you're kidding is right behind you... #URL# #HASHTAG# #HASHTAG# #HASHTAG# #URL#t.co/7tVeuHmZqJ ></document>
<document> "You can cheat on your wife, but not your training."—my high school wrestling coach #HASHTAG# #HASHTAG# #HASHTAG# #HASHTAG# #HASHTAG# #HASHTAG# ></document>
<document> I saw a woman wearing a sweatpants with 'Guess' on it... So I said 'Implant?' I said. #HASHTAG# #HASHTAG# #HASHTAG# #HASHTAG# #HASHTAG# ></document>
<document> Three women die together in an accident and go to heaven...... #HASHTAG# #HASHTAG# #HASHTAG# #HASHTAG# #HASHTAG# #HASHTAG# # #URL# ></document>
<document> Another proof that the cows finally win... #URL# #HASHTAG# #HASHTAG# #HASHTAG# #URL# ></document>
<document> Some create happiness wherever they go. Whenever others go. #HASHTAG# #HASHTAG# #HASHTAG# #HASHTAG# #HASHTAG# ></document>
<document> A man goes to a costume party wearing only underwear and a woman on his back. #HASHTAG# #HASHTAG# #HASHTAG# #HASHTAG# #HASHTAG# #HASHTAG# # #URL# ></document>
<document> toddler *passes with hammer*
me: what will you do?
toddler: Noise #HASHTAG# #HASHTAG# #HASHTAG# ></document>
<document> If a parsley farmer is sued, will his salary be foreclosed? #HASHTAG# #HASHTAG# #HASHTAG# #HASHTAG# #HASHTAG# ></document>
<document> Success always happens incognito and failure happens in full view. #HASHTAG# #HASHTAG# #HASHTAG# #HASHTAG# #HASHTAG# ></document>
<document> At any given moment, the urge to sing "The Lion Sleeps Tonight" is just a fad, a fad #HASHTAG# #HASHTAG# #HASHTAG# #HASHTAG# #HASHTAG# #HASHTAG# ></document >
<document> Never iron a 4-leaf clover because then you're just pushing your luck. #HASHTAG# #HASHTAG# #HASHTAG# #HASHTAG# #HASHTAG# #HASHTAG# ></document>
<document> If Wonder Woman had used her own yeast to bake bread, this would be great bread. #HASHTAG# #HASHTAG# #HASHTAG# #HASHTAG# #HASHTAG# #HASHTAG# ></document>
<document> Thieves stole a truck containing 1,000,000 doses of viagra #HASHTAG# #HASHTAG# #HASHTAG# #HASHTAG# #HASHTAG# #HASHTAG# #URL# ></document>
<document> I love my women as I love my coffee. It was compressed into a plastic compartment and brewed one cup at a time. #HASHTAG# #HASHTAG# #HASHTAG# #HASHTAG# #HASHTAG# #HASHTAG# ></document>
<document> Little-known fact - swordfish have very few predators to worry about in the wild... except #HASHTAG# #HASHTAG# #HASHTAG# #HASHTAG# #HASHTAG# #HASHTAG# #URL# ></document>
<document> A man walks into a bar. He says "Boss". The bartender replies, "Pronounced boss, #HASHTAG# #HASHTAG# #HASHTAG# #HASHTAG# #HASHTAG# #HASHTAG# #URL# ></document>
<document> Play Dead? Let anyone play Floyd #URL# #HASHTAG# #HASHTAG# #HASHTAG# #URL# ></document>
<document> Generations (respectively) If Generation X, Generation Y and then Generation Z go, Mile #HASHTAG# #HASHTAG# #HASHTAG# #HASHTAG# #HASHTAG# #HASHTAG# ></document>
<document> A young Jewish boy kept pretending at school. #HASHTAG# #HASHTAG# #HASHTAG# #HASHTAG# #HASHTAG# #HASHTAG# #URL# ></document>
<document> Barty Crouch jr. stop drinking? #HASHTAG# #HASHTAG# #HASHTAG# #HASHTAG# #HASHTAG# #HASHTAG# # #URL# ></document>
<document> You can never really learn to swear until you learn to drive. #HASHTAG# #HASHTAG# #HASHTAG# #HASHTAG# #HASHTAG# ></document>
<document> A man entering a Muslim bookstore wearing a Make America Great Again hat... #HASHTAG# #HASHTAG# #HASHTAG# #HASHTAG# #HASHTAG# #HASHTAG# #URL# ></document>
<document> There were three POWs together in a British prison in WWII, a German, a Japanese, a #HASHTAG# #HASHTAG# #HASHTAG# #HASHTAG# #HASHTAG# #HASHTAG# # #URL# ></document >
<document> Do you think gay British men call sex toys their asses? #HASHTAG# #HASHTAG# #HASHTAG# #HASHTAG# #HASHTAG# #HASHTAG# ></document>
<document> A vegan, a bitcoin trader, and a 2016 non-voter walk into a bar... #HASHTAG# #HASHTAG# #HASHTAG# #HASHTAG# #HASHTAG# #HASHTAG# #URL# ></document>
<document> My tombstone should say: "He died doing what he always wanted: to die." #HASHTAG# #HASHTAG# #HASHTAG# #HASHTAG# #HASHTAG# #HASHTAG# ></document>
<document> You think Omicron is evil, wait until Megatron shows up. ></ document>
<document> God, if I can't be thin, please let all my friends be fat. #HASHTAG# #HASHTAG# #HASHTAG# #HASHTAG# #HASHTAG# ></document>
<document> I read that a banana a day helps keep your colon clean, but I wish someone had told me I'm #HASHTAG# #HASHTAG# #HASHTAG# #HASHTAG# #HASHTAG# #HASHTAG# ></document>
<document> Prisoners who take their own criminal photos are cell thieves. #HASHTAG# #HASHTAG# #HASHTAG# #HASHTAG# #HASHTAG# #HASHTAG# ></document>
<document> I recently developed a phobia of elevators and I take steps to avoid the elevator. #HASHTAG# #HASHTAG# #HASHTAG# #HASHTAG# #HASHTAG# #HASHTAG# ></document>
<document> It's a little warmer on the sunny side of the street. #HASHTAG# #HASHTAG# #HASHTAG# #HASHTAG# #HASHTAG# #HASHTAG# ></document>
<document> A black man with a parrot on his shoulder walks into a bar... #HASHTAG# #HASHTAG# #HASHTAG# #HASHTAG# #HASHTAG# #HASHTAG# # #URL# ></document>
<document> Where will Muslims pray when they go to Mars? #HASHTAG# #HASHTAG# #HASHTAG# #HASHTAG# #HASHTAG# #HASHTAG# # #URL# ></document>
<document> If something is worth doingg would have already been done. #HASHTAG# #HASHTAG# #HASHTAG# #HASHTAG# #HASHTAG# ></document>
<document> The main reason Santa is so jolly is because he knows where all the bad girls live. #HASHTAG# #HASHTAG# #HASHTAG# #HASHTAG# #HASHTAG# ></document>
<document> For Sale: parachute, used only once, never opened, small stain. #HASHTAG# #HASHTAG# #HASHTAG# #HASHTAG# #HASHTAG# ></document>
<document> I love working. It fascinates me. I sit and stare for hours. #HASHTAG# #HASHTAG# #HASHTAG# #HASHTAG# #HASHTAG# ></document>
<document> The tibia is a device for finding furniture in a dark room. #HASHTAG# #HASHTAG# #HASHTAG# #HASHTAG# #HASHTAG# ></document>
<document> My superiority complex is also vegan. #HASHTAG# #HASHTAG# #HASHTAG# #HASHTAG# #HASHTAG# #HASHTAG# ></document>
<document> Fighting for peace is like fucking for virginity. #HASHTAG# #HASHTAG# #HASHTAG# #HASHTAG# #HASHTAG# ></document>
<document> I think it's wrong for only one company to make the Monopoly game. #HASHTAG# #HASHTAG# #HASHTAG# #HASHTAG# #HASHTAG# #HASHTAG# ></document>
<document> I bet when DJ Khaled counts to 100 he skips 69 and goes straight to 70. #HASHTAG# #HASHTAG# #HASHTAG# #HASHTAG# #HASHTAG# #HASHTAG# ></document>
<document> Forgive and forget, but keep a list of names, just in case. #HASHTAG# #HASHTAG# #HASHTAG# #HASHTAG# #HASHTAG# ></document>
<document> I just saw a man in the supermarket telling a pack of cheese to get the fuck out, how it's a dairy. #HASHTAG# #HASHTAG# #HASHTAG# #HASHTAG# #HASHTAG# #HASHTAG# ></document>
<document> Why did vegan cross the road? #HASHTAG# #HASHTAG# #HASHTAG# #HASHTAG# #HASHTAG# #HASHTAG# # #URL# ></document>
<document> So, this week, vegans mourned the passing of their favorite vegetable. #HASHTAG# #HASHTAG# #HASHTAG# #HASHTAG# #HASHTAG# #HASHTAG# ></document>
<document> I live in California and my clock is three hours ahead, I can't fix it, so I'm moving to New York. #HASHTAG# #HASHTAG# #HASHTAG# ></document>
<document> Money can't buy happiness, but it certainly makes unhappiness easier to live with. #HASHTAG# #HASHTAG# #HASHTAG# #HASHTAG# #HASHTAG# ></document>
<document> Knowledge is power, and power corrupts. So work hard and be bad. #HASHTAG# #HASHTAG# #HASHTAG# #HASHTAG# #HASHTAG# ></document>
<document> Do photons have mass? I didn't even know they were Catholic. #HASHTAG# #HASHTAG# #HASHTAG# #HASHTAG# #HASHTAG# ></document>
<document> In the left-handed world, everybody knows it's out there, everybody's good #HASHTAG# #HASHTAG# #HASHTAG# #HASHTAG# #HASHTAG# #HASHTAG# ></document>
<document> Ingenuity is when you have a good idea in the shower. #HASHTAG# #HASHTAG# #HASHTAG# #HASHTAG# #HASHTAG# #HASHTAG# ></document>
<document> Warning! Drug use can cause memory loss or even memory loss... #URL# #HASHTAG# #HASHTAG# #HASHTAG# #URL# ></document>
<document> That's what I call the trailer park... #URL# #HASHTAG# #HASHTAG# #HASHTAG# #URL# ></document>
<document> My wife gave a brilliant speech about it.female reproductive cycle was standing ovulation. #HASHTAG# #HASHTAG# #HASHTAG# #HASHTAG# #HASHTAG# #HASHTAG# ></document>
<document> An expensive laxative gives you more bang for your buck. #HASHTAG# #HASHTAG# #HASHTAG# #HASHTAG# #HASHTAG# #HASHTAG# # #URL# ></document>
<document> Who is keeping an eye on events in Gotham City? #URL# #HASHTAG# #HASHTAG# #HASHTAG# #URL# ></document>
<document> The last time I trusted you, I woke up naughty... #URL# #HASHTAG# #HASHTAG# #HASHTAG# #URL# ></document>
<document> Sometimes my jokes are so bland they need crutches. #HASHTAG# #HASHTAG# #HASHTAG# #HASHTAG# #HASHTAG# #HASHTAG# ></document>
<document> It is not possible to cheat in your marriage because cheating is defined as divorce in the legal document #HASHTAG# #HASHTAG# #HASHTAG# #HASHTAG# #HASHTAG# #HASHTAG# ></document>
<document> I get LIVID when I forget to write 51, 6 and 500 in Roman numerals. #HASHTAG# #HASHTAG# #HASHTAG# #HASHTAG# #HASHTAG# #HASHTAG# ></document>
<document> Someone who knows how to do it always has a job. Working for someone who knows why. #HASHTAG# #HASHTAG# #HASHTAG# #HASHTAG# #HASHTAG# ></document>
<document> Whoever coined the phrase 'quiet as a mouse' never stepped on a mouse. #HASHTAG# #HASHTAG# #HASHTAG# #HASHTAG# #HASHTAG# ></document>
<document> Scientists finally discovered what women really want, the problem is, they've now changed their m #HASHTAG# #HASHTAG# #HASHTAG# #HASHTAG# #HASHTAG# #HASHTAG# ></document>
<document> The best way to carve wood is to chip away at it. #HASHTAG# #HASHTAG# #HASHTAG# #HASHTAG# #HASHTAG# #HASHTAG# ></document>
<document> I think it's okay for Catholics to eat mermaids on Fridays during Lent. #HASHTAG# #HASHTAG# #HASHTAG# #HASHTAG# #HASHTAG# #HASHTAG# ></document>
<document> Killing women is a worse tragedy than killing men because it creates hot dog parties #HASHTAG# #HASHTAG# #HASHTAG# #HASHTAG# #HASHTAG# #HASHTAG# ></document>
<document> A man goes to the library and asks for a book about cliffs... #HASHTAG# #HASHTAG# #HASHTAG# #HASHTAG# #HASHTAG# #HASHTAG# #URL# ></document>
<document> The hockey game with leprosy ended with a hundred kicks in the corner. #HASHTAG# #HASHTAG# #HASHTAG# #HASHTAG# #HASHTAG# #HASHTAG# ></document>
<document> A Catholic girl is getting ready to marry a man from Greece... #HASHTAG# #HASHTAG# #HASHTAG# #HASHTAG# #HASHTAG# #HASHTAG# # #URL# ></document>
<document> Many Russian girls try to hang out with American men online. #HASHTAG# #HASHTAG# #HASHTAG# #HASHTAG# #HASHTAG# #HASHTAG# # #URL# ></document>
<document> Seven days without wordplay make you weak. #HASHTAG# #HASHTAG# #HASHTAG# #HASHTAG# #HASHTAG# #HASHTAG# ></document>
<document> When the boss says we need to work together as a team, we better do what he says. #HASHTAG# #HASHTAG# #HASHTAG# #HASHTAG# #HASHTAG# #HASHTAG# ></document>
<document> Watch out for the Irish computer virus... #URL# #HASHTAG# #HASHTAG# #HASHTAG# #URL# ></document>
<ddocument> Cats make excellent stock market analysts #URL# #HASHTAG# #HASHTAG# #HASHTAG# #URL# ></document>
<document> If two vegans get angry at each other, is it beef? #HASHTAG# #HASHTAG# #HASHTAG# #HASHTAG# #HASHTAG# #HASHTAG# ></document>
<document> Pigs fly just fine with enough thrust. #HASHTAG# #HASHTAG# #HASHTAG# #HASHTAG# #HASHTAG# ></document>
<document> I feel like I'm diagonally parked in a parallel universe. #HASHTAG# #HASHTAG# #HASHTAG# #HASHTAG# #HASHTAG# ></document>
<document> Paddington bear only has back hair #HASHTAG# #HASHTAG# #HASHTAG# #HASHTAG# #HASHTAG# #HASHTAG# ></document>
<document> is mine. It is reportedly the shortest sentence in English. Could 'I do' be #HASHTAG# #HASHTAG# #HASHTAG# ></document>?
<document> I'm trying to find symbolism in everything - what does it mean? #HASHTAG# #HASHTAG# #HASHTAG# #HASHTAG# #HASHTAG# #HASHTAG# ></document>
<document> We live in a society where pizza comes to your home before the police. #HASHTAG# #HASHTAG# #HASHTAG# #HASHTAG# #HASHTAG# ></document>
<document> My colleague will no longer be able to attend next week's Innuendo Seminar, so I have to fill in for him. #HASHTAG# #HASHTAG# #HASHTAG# #HASHTAG# #HASHTAG# #HASHTAG# ></document>
<document> Male prostitutes are short of cash. #HASHTAG# #HASHTAG# #HASHTAG# #HASHTAG# #HASHTAG# #HASHTAG# ></document>
<document> The Devil Got A Brand New Attic In Heaven... Here goes your good old neighborhood #HASHTAG# #HASHTAG# #HASHTAG# #HASHTAG# #HASHTAG# #HASHTAG# ></document>
<document> Do you know that farmers are outstanding in their field? #HASHTAG# #HASHTAG# #HASHTAG# #HASHTAG# #HASHTAG# #HASHTAG# # #URL# ></document>
<document> I love my wine as I love my women: white, fifteen years old and locked in the cellar. #HASHTAG# #HASHTAG# #HASHTAG# #HASHTAG# #HASHTAG# #HASHTAG# ></document>
<document> Beautiful photo of a boy and his rooster... #URL# #HASHTAG# #HASHTAG# #HASHTAG# #URL# ></document>
<document> I didn't think it was possible for a stick figure to look guilty, but look at this guy! #URL# #HASHTAG# #HASHTAG# #HASHTAG# #URL# ></document>
<document> Anyone want to play the Accordian Hero game? #URL# #HASHTAG# #HASHTAG# #HASHTAG# #URL# ></document>
<document> Why do Americans choose between only two people to run for president and 50 for Miss America? #HASHTAG# #HASHTAG# #HASHTAG# #HASHTAG#neliner #HASHTAG# ></document>
<document> When I die, I want the word "Humble" written on my statue. #HASHTAG# #HASHTAG# #HASHTAG# #HASHTAG# #HASHTAG# #HASHTAG# ></document>
<document> The first time I bought a universal remote, I thought to myself, "This changes everything!" I thought. #HASHTAG# #HASHTAG# #HASHTAG# #HASHTAG# #HASHTAG# #HASHTAG# ></document>
<document> To make sure you hit the target, shoot first and summon the thing you hit the target. #HASHTAG# #HASHTAG# #HASHTAG# #HASHTAG# #HASHTAG# ></document>
If the <document> is big enough to look out the window,big enough to wash dishes! #URL# #HASHTAG# #HASHTAG# #HASHTAG# #URL# ></document>
<document> The world nursery rhyme champion has been arrested. I've heard that a really tough #HASHTAG# #HASHTAG# #HASHTAG# #HASHTAG# #HASHTAG# #HASHTAG# ></document>
<document> Stealing an idea from someone is plagiarism. Stealing from most is research. #HASHTAG# #HASHTAG# #HASHTAG# #HASHTAG# #HASHTAG# ></document>
<document> Love is like a fart: it's probably shit if you have to force it. #HASHTAG# #HASHTAG# #HASHTAG# #HASHTAG# #HASHTAG# #HASHTAG# ></document>
<document> I want to die peacefully in my sleep, like my grandfather.. Not shouting like before #HASHTAG# #HASHTAG# #HASHTAG# ></document>
<document> A new way to learn to read is to read novels. #HASHTAG# #HASHTAG# #HASHTAG# #HASHTAG# #HASHTAG# #HASHTAG# ></document>
<document> You wouldn't be home for another four hours... #URL# #HASHTAG# #HASHTAG# #HASHTAG# #URL# ></document>
<document> I really can't stand the homeless waving glasses of money at me, so really #HASHTAG# #HASHTAG# #HASHTAG# #HASHTAG# #HASHTAG# #HASHTAG# ></document>
<document> "I heard a rumor that Cadbury is releasing an oriental chocolate bar. Might be a Chinese Wispa #HASHTAG# #HASHTAG# #HASHTAG# #HASHTAG# #HASHTAG# #HASHTAG# ></document>
<document> Follow your dreams, except when you're naked at work. #HASHTAG# #HASHTAG# #HASHTAG# #HASHTAG# #HASHTAG# ></document>
<document> I'd give my right arm to be versatile. #HASHTAG# #HASHTAG# #HASHTAG# #HASHTAG# #HASHTAG# ></document>
<document> Many priests have altar egos. #HASHTAG# #HASHTAG# #HASHTAG# #HASHTAG# #HASHTAG# #HASHTAG# ></document>
<document> Gay hackers love Jolly Roger #HASHTAG# #HASHTAG# #HASHTAG# #HASHTAG# #HASHTAG# #HASHTAG# #URL# ></document>
<document> My father told me to invest my money in bonds, so I bought 100 Goldfingers. #HASHTAG# #HASHTAG# #HASHTAG# #HASHTAG# #HASHTAG# #HASHTAG# # #URL# ></document>
<document> I'm so broke that a thief woke me up last night to give me financial advice. #HASHTAG# #HASHTAG# #HASHTAG# #HASHTAG# #HASHTAG# #HASHTAG# ></document>
<document> Why do ignorant people never make a reverse cowgirl? #HASHTAG# #HASHTAG# #HASHTAG# #HASHTAG# #HASHTAG# #HASHTAG# # #URL# ></document>
<document> A thousand-mile journey begins with a cash advance. #HASHTAG# #HASHTAG# #HASHTAG# #HASHTAG# #HASHTAG# ></document>
<document> A young Catholic couple was involved in a fatal car accident on their way to get married. #HASHTAG# #HASHTAG# #HASHTAG# #HASHTAG# #HASHTAG# #HASHTAG# # #URL# ></document>
<document> I bought my girlfriend a pink vibrator for Valentine's Day. #HASHTAG# #HASHTAG# #HASHTAG# #HASHTAG# #HASHTAG# #HASHTAG# # #URL# ></document>
<document> When the government designs a new penny, the number of government employees who must approve it #HASHTAG# #HASHTAG# #HASHTAG# #HASHTAG# #HASHTAG# #HASHTAG# #URL# ></ddocument>
<document> If the right side of the brain controls the left side of the body, then #HASHTAG# #HASHTAG# #HASHTAG# #HASHTAG# #HASHTAG# #HASHTAG# ></document> has lefties only.
<document> Women have a hard time deciding what to eat because Eve doomed humanity when she first made it. #HASHTAG# #HASHTAG# #HASHTAG# #HASHTAG# #HASHTAG# #HASHTAG# ></document>
<document> The Energizer rabbit has been arrested and charged with a battery. #HASHTAG# #HASHTAG# #HASHTAG# #HASHTAG# #HASHTAG# #HASHTAG# ></document>
<document> What do a vegan and a sexual deviant have in common? #HASHTAG# #HASHTAG# #HASHTAG# #HASHTAG# #HASHTAG# #HASHTAG# # #URL# ></document>
<document> A plane with a priest, a rabbi and a rapper with children flies to New York #HASHTAG# #HASHTAG# #HASHTAG# #HASHTAG# #HASHTAG# #HASHTAG# # #URL# ></document >
<document> You must give it to blind whores. #HASHTAG# #HASHTAG# #HASHTAG# #HASHTAG# #HASHTAG# #HASHTAG# ></document>
<document> If people who eat vegetables are vegetarian and people who eat fish are pescatarians, then cannibals #HASHTAG# #HASHTAG# #HASHTAG# #HASHTAG# #HASHTAG# #HASHTAG# ></document>
<document> Bloody millennials running around like they rented the place #HASHTAG# #HASHTAG# #HASHTAG# #HASHTAG# #HASHTAG# #HASHTAG# ></document>
<document> Two homeless men standing around bragging about their day #HASHTAG# #HASHTAG# #HASHTAG# #HASHTAG# #HASHTAG# #HASHTAG# #URL# ></document>
<document> Yes... I'm listening... no I'm not playing with my mouse... #URL# #HASHTAG# #HASHTAG# #HASHTAG# #URL# ></document>
<document> A blonde girl decides to do a puzzle..... #HASHTAG# #HASHTAG# #HASHTAG# #HASHTAG# #HASHTAG# #HASHTAG# # #URL# ></document>
<document> A lady walks into a pet store... #HASHTAG# #HASHTAG# #HASHTAG# #HASHTAG# #HASHTAG# #HASHTAG# #URL# ></document>
<document> Two priests were playing golf... #HASHTAG# #HASHTAG# #HASHTAG# #HASHTAG# #HASHTAG# #HASHTAG# #URL# ></document>
<document> Hell is where those who don't believe in God go. #HASHTAG# #HASHTAG# #HASHTAG# #HASHTAG# #HASHTAG# ></document>
<document> In the military, scents are described by rank. #HASHTAG# #HASHTAG# #HASHTAG# #HASHTAG# #HASHTAG# #HASHTAG# ></document>
<document> Batman is forced to leave the hard work to the police on nights of diarrhea. #URL# #HASHTAG# #HASHTAG# #HASHTAG# #URL# ></document>
<document> If you look at my resume, you'll see that I've been chasing that red dot for about 5 years. #HASHTAG# #HASHTAG# #HASHTAG# #URL# ></document>
<document> Life is very much like a penis; soft, relaxed and free-hanging, then a woman makes it difficult. #HASHTAG# #HASHTAG# #HASHTAG# #HASHTAG# #HASHTAG# #HASHTAG# ></document>
<document> A top model, a gay, and a Redditor are stranded on a deserted island. #HASHTAG# #HASHTAG# #HASHTAG# #HASHTAG# #HASHTAG# #HASHTAG# # #URL# ></document>
<document> I thought I wanted a career, it turned out I just wanted a paycheck. #HASHTAG# #HASHTAG# #HASHTAG##HASHTAG# #HASHTAG# ></document>
<document> Flight Club's first rule is that yours is delayed. #HASHTAG# #HASHTAG# #HASHTAG# #HASHTAG# #HASHTAG# #HASHTAG# ></document>
<document> The Ku Klux Klan is so hypocritical; TV in meeting rooms is 4K. #HASHTAG# #HASHTAG# #HASHTAG# #HASHTAG# #HASHTAG# #HASHTAG# ></document>
<document> My opinions may have changed, but not the fact that I was right. #HASHTAG# #HASHTAG# #HASHTAG# #HASHTAG# #HASHTAG# ></document>
<document> A diplomat is someone who can tell you to go to hell, looking forward to #HASHTAG# #HASHTAG# #HASHTAG# ></document>.
<document> Asians are no different from Caucasians, they just don't have penises. #HASHTAG# #HASHTAG# #HASHTAG# #HASHTAG# #HASHTAG# #HASHTAG# ></document>
<document> The Irish are never too busy for a quick beer... #URL# #HASHTAG# #HASHTAG# #HASHTAG# #URL# ></document>
<document> All you need to do to cure your hunger is to maintain your diet. #HASHTAG# #HASHTAG# #HASHTAG# #HASHTAG# #HASHTAG# #HASHTAG# ></document>
<document> A priest and a Rabbi are very good friends, so they decide to go to a remote lake for a swim. #HASHTAG# #HASHTAG# #HASHTAG# #HASHTAG# #HASHTAG# #HASHTAG# # #URL# ></document>
<document> Exhausted batteries were provided free of charge. ></ document>
<document> You spend the first 2 years of a child's life teaching them to walk and talk. Spend the next 16 years with #HASHTAG# #HASHTAG# #HASHTAG# ></document>
<document> Virginity is like a soap bubble, a needle sticks and it's gone. #HASHTAG# #HASHTAG# #HASHTAG# #HASHTAG# #HASHTAG# ></document>
<document> My father is tired of me making fun of his amputation, but I really love him from head to toe. #HASHTAG# #HASHTAG# #HASHTAG# #HASHTAG# #HASHTAG# #HASHTAG# ></document>
<document> If women are a mystery, men are a horror story #HASHTAG# #HASHTAG# #HASHTAG# #HASHTAG# #HASHTAG# #HASHTAG# ></document>
<document> I'm getting my wide circle from too many pi. #HASHTAG# #HASHTAG# #HASHTAG# #HASHTAG# #HASHTAG# #HASHTAG# # #URL# ></document>
<document> I am a representative of Satan, but my duties are largely ceremonial. #HASHTAG# #HASHTAG# #HASHTAG# #HASHTAG# #HASHTAG# ></document>
<document> Pyramids were built not by slaves, but in cities where walking downhill is illegal #HASHTAG# #HASHTAG# #HASHTAG# #HASHTAG# #HASHTAG# #HASHTAG# ></document>
<document> I'm very good with 25 letters of the alphabet, but I don't know why. #HASHTAG# #HASHTAG# #HASHTAG# #HASHTAG# #HASHTAG# #HASHTAG# ></document>
<document> Two wrongs don't make a right, but three lefts do. #HASHTAG# #HASHTAG# #HASHTAG# #HASHTAG# #HASHTAG# #HASHTAG# ></document>
<document> Because 'Mad Cow Disease' is already taken, they call it PMS. #HASHTAG# #HASHTAG# #HASHTAG# #HASHTAG# #HASHTAG# ></document>

</author>