
	
		<document> West Virginia managed to distribute just under 13% of its federal rent relief funds. Disgraceful.  #URL# #HASHTAG# #USER# ></document>
		<document> Cities use exclusionary zoning, land-use restrictions to further segregate neighborhoods, drive up housing and rent costs. Revising Fair Housing Act to include economic discrimination might close one loophole. Hm? #URL# #HASHTAG# #USER# #USER# ></document>
		<document> SAPS IN CRISIS: Ipid registers criminal case against National Commissioner Sitole for dodging questions on Kinnear assassination #URL# #HASHTAG# ></document>
		<document> Sudan's pro-democracy movement hopes to force a transition to civilian rule #URL# #HASHTAG# #HASHTAG#Coup #HASHTAG#Uprising ></document>
		<document> An architect of critical race theory: ‘We cannot allow all of the lessons from the civil rights movement forward to be packed up and put away for storage’ #URL# ></document>
		<document> Opinion | The government abuses its power over pregnant teenagers — again #URL# ></document>
		<document> Democracy delayed in Mali spurs sanctions from neighbours #URL# via #USER# #HASHTAG# ></document>
		<document> Tenants’ long wait for home ownership comes to an end this year #URL# #HASHTAG# #HASHTAG# ></document>
		<document> Destructive game: analysis: EFF’s apparent U-turn on pan-Africanism raises questions about its stance on immigrants #URL# #HASHTAG# ></document>
		<document> Dance and despair for India in memory of murdered journalist Gauri Lankesh #URL# #HASHTAG# #HASHTAG# ></document>
		<document> 14-year-old girl shot by police remembered at Los Angeles funeral #URL# ></document>
		<document> Federal Bureau of Prisons confirms outbreak of COVID-19 cases at Mississippi prison #URL# ></document>
		<document> Two Army Veterans Awarded $110 Million in 3M Earplug Lawsuit #URL# ></document>
		<document> Tennessee Judge Who Illegally Jailed Children Plans to Retire, Will Not Seek Reelection #URL# #HASHTAG# ></document>
		<document> What happened to Christina Tahhahwah? Just another Native American jail death #URL# ></document>
		<document> Alabama bill stops short of ending all shackling of pregnant women - #URL# ></document>
		<document> We’re Going to Talk About ‘Bruno,’ Yes, Yes, Yes #URL# ></document>
		<document> Striking Clover workers meet to discuss way forward #URL# via #USER# #HASHTAG# ></document>
		<document> Jordan’s sole refuge for people with disabilities risk closure as COVID-19 dries up donations #URL# via #USER# #HASHTAG# #USER# ></document>
		<document> Billionaire’s Star Rises as She Takes Bold Stance on Racism in Brazil #URL# #HASHTAG# ></document>
		<document> Domestic workers are women workers are workers. Period. #URL# ></document>
		<document> Sex Traffickers Target Teenage Girls in Nigeria’s IDP Camp - Women’s Media Center #URL# #HASHTAG# ></document>
		<document> This is what "return to normal" looks like: ignore pandemic, ignore needs, 30 days behind and you're out, period. And they call it "public housing", but there's little concern for the actual public.  #URL# #HASHTAG# #USER# #USER# #HASHTAG# ></document>
		<document> Southern Africa's Namaqualand daisies are flowering earlier: why it's a red flag #URL# via #USER# #HASHTAG# ></document>
		<document> Stem cell donor: Son gives father a second shot at life #URL# #HASHTAG# ></document>
		<document> Explainer: Why is marital rape not a crime in India – and can the courts make it one? #URL# via #USER# #HASHTAG# ></document>
		<document> From mercenaries to citizens: how the Nubians gained acceptance in Uganda #URL# via #USER# #HASHTAG# ></document>
		<document> The world’s 500 richest people became $1 trillion richer last year #URL# #HASHTAG# ></document>
		<document> The power behind Sudan’s protests via #USER# #URL# #HASHTAG# #HASHTAG#Uprising ></document>
		<document> On Abortion Law, the U.S. Is Unusual. Without Roe, It Would Be, Too. #URL# ></document>
		<document> Change what South African men think of women to combat their violent behaviour #URL# via #USER# #HASHTAG# ></document>
		<document> ‘Nothing Will Be the Same’: A Prison Town Weighs a Future Without a Prison #URL# ></document>
		<document> Elderly woman forced to isolate under a tree in remote community due to lack of facilities  #URL# #HASHTAG# ></document>
		<document> Sudanese forces open fire on anti-coup protesters, killing 7 #URL# #HASHTAG# #HASHTAG#Coup #HASHTAG#Uprising ></document>
		<document> Va. News: Hospital capacity and marking medical history #URL# #HASHTAG# ></document>
		<document> 15+ years sexual harassment, discrimination against women, gay, bisexual men. Refused housing, if applying; evicted, if tenant. Pays largest settlement ever; dismiss retaliatory eviction decisions, repair credit of affected tenants #URL# #HASHTAG# #USER# ></document>
		<document> Zelma Lazarus (1936-2022): Creator of the Lifeline Express hospital train touched a million lives  #URL# via #USER# #HASHTAG# #USER# ></document>
		<document> Healthy Births for Incarcerated Women: Women are the etc. #URL# ></document>
		<document> Judge throws out massive Gulf of Mexico oil and gas lease sale #URL# #HASHTAG# ></document>
		<document> “Where are my rights?” African refugees vs. UNHCR in Lebanon #URL# #HASHTAG# ></document>
		<document> Afghanistan faces widespread hunger amid worsening humanitarian crisis #URL# #HASHTAG# ></document>
		<document> Need to know who is most vulnerable to COVID? Here's an index that can do that #URL# via #USER# #HASHTAG# ></document>
		<document> What happened to Mariam Abdullah and Rebecca Maher? Just another death in custody #URL# ></document>
		<document> The Latika Roy Foundation Is One of India’s Prized Assets #URL# via #USER# #HASHTAG# #USER# ></document>
		<document> Europe's marginalised Roma people hit hard by coronavirus #URL# ></document>
		<document> The relationship between incarceration and premature adult mortality: : Gender specific evidence  #URL# ></document>
		<document> 100 people, two ruined toilets, and “no-one cares” #URL# #HASHTAG# ></document>
		<document> Revealed: the Flint water poisoning charges that never came to light #URL# ></document>
		<document> Joni Mitchell Plans to Follow Neil Young Off Spotify, Citing ‘Lies’ #URL# ></document>
		<document> What if every country were renamed according to its most notorious prison? The Republic of Zimbabwe could become the Republic of Chikurubi. The United States of America could become the United States of Guantanamo. #URL# ></document>
		<document> ACLU Demands Better Protection of Pregnant, Postpartum and Nursing Women in CBP Custody #URL# ></document>
		<document> Northern Virginia Schools Immediately Vow To Defy Youngkin’s Order Ending Mask Mandates. Good News.  – DCist #URL# #HASHTAG# ></document>
		<document> Lauren Smith-Fields died of an accidental overdose on a Bumble date, police say. Her family disputes that.  #URL# #HASHTAG# #HASHTAG# ></document>
		<document> As Activision Blizzard employees continue strike, ‘Call of Duty’ players bark about bugs #URL# ></document>
		<document> I've received death threats, State prosecutor in Ssegirinya, Ssewanyana case tells court #URL# #HASHTAG# ></document>
		<document> Portraits of resistance: A photo book recalls the courage of the CAA-NRC protests  #URL# via #USER# #HASHTAG# ></document>
		<document> An upcoming British edition of 'Capitalism and Slavery' makes news, but the Caribbean has always known the book's worth #URL# via #USER# #USER# #USER# ></document>
		<document> Redwood Forest in California Is Returned to Native Tribes #URL# ></document>
		<document> ‘The ice is separating!’: Dozens of fishermen rescued in Wisconsin after big ice chunk breaks off in Green Bay #URL# ></document>
		<document> Chicago’s “Race-Neutral” Traffic Cameras Ticket Black and Latino Drivers the Most #URL# ></document>
		<document> Richest 1% of UK households are worth at least £3.6m each #URL# #HASHTAG# ></document>
		<document> Landlord adds a clause to the lease that says, for a modest reduction, tenant gives over to the landlord the power to evict during an eviction moratorium. 100% illegal. But hey, tenants have to know that, right? #URL# #HASHTAG# #USER# #USER# ></document>
		<document> 'Found Him Writhing in Pain': Family of UP Teenager Who Died After 'Police Assault' #URL# via #USER# #HASHTAG# ></document>
		<document> India strips millions of women in Assam of their citizenship. Call it femicide #URL# #HASHTAG# ></document>
		<document> A few pills a day could keep severe COVID away: What you need to know about two new treatments #URL# via #USER# ></document>
		<document> Donors to the rescue of special needs school looted in July unrest #URL# #HASHTAG# ></document>
		<document> UK’s propaganda leaflets inspired 1960s massacre of Indonesian communists #URL# ></document>
		<document> Why Coronavirus Testing Is Falling Short in Many Schools Across the U.S. #URL# ></document>
		<document> #USER# Not nice ... and typical. In the US, the struggle for affordable housing involves turning single family zoned districts into multifamily, denser. In both Jamaica and the US, of course, the issue is the level of corruption within `development', historically and today. Good luck! ></document>
		<document> New research: how Covid-19 has made life harder for South African women #URL# via #USER# #HASHTAG# ></document>
		<document> Laboring for Home: Working to Stay, Working to Move #URL# ></document>
		<document> Boys Sold by Trusted Villager Turned Human Trafficker | Inter Press Service #URL# #HASHTAG# ></document>
		<document> Sacramento sheriff is hiding information about jail COVID outbreaks from the public #URL# ></document>
		<document> In PG County, MD, Black Brown women lead struggle against eviction, for permanent housing, rights, dignity. Nationally, among renters, 5 in 10 Black women, 4 in 10 Latinas report living in households w delayed rental payments #URL# #HASHTAG# #USER# ></document>
		<document> How did people pay rent? Borrowed from family, friends; SNAP. For low income households, impact of lost income total, requires total support, legal aid, help w moving costs, credit repair, assistance w deposit, costs for new place  #URL# #HASHTAG# #USER# ></document>
		<document> Rich man, poor man: the income of 1% of the richest Namibians is equal to the combined income of the bottom 50%.  #URL# #HASHTAG# #HASHTAG# ></document>
		<document> In Honduras, Barbados and beyond, women direct the conjunctural moment of hope #URL# #HASHTAG# #HASHTAG# ></document>
		<document> Promises Made By Modi, Khattar Unfulfilled, Anganwadi Workers Continue Strike in Gurgaon #URL# via #USER# #HASHTAG# ></document>
		<document> Black Sexual Violence Survivors Are Telling Their Stories — Only to Be Punished #URL# via #USER# #USER# ></document>
		<document> Grim reality of domestic workers portrayed in poem #URL# #HASHTAG# ></document>
		<document> Prime minister, as a refugee I have done everything Australia has asked. Nine years on, why am I still in detention? | Mehdi #URL# #HASHTAG# ></document>
		<document> Five Guatemala soldiers sentenced for raping Indigenous women #URL# via #USER# #HASHTAG# ></document>
		<document> Va. parents file lawsuit, schools vow resistance against Youngkin’s order making masks optional #URL# #HASHTAG# ></document>
		<document> Colombia saw 145 activists killed in 2021, ombudsman says #URL# #HASHTAG# ></document>
		<document> Ahmaud Arbery’s killers sentenced to life in prison, two with no possibility of parole #URL# #HASHTAG# #HASHTAG# ></document>
		<document> The Syrian refugees that time – and Canada – forgot #URL# via #USER# #HASHTAG# ></document>
		<document> Tech-boosted English classes reach more migrants #URL# via #USER# #HASHTAG# ></document>
		<document> The EFF surrenders a key progressive principle #URL# #HASHTAG# ></document>
		<document> In South Africa, a victory for Jane Bwanya, the Constitution, and equality for all! #URL# #HASHTAG# ></document>
		<document> Where is the global outrage at the destruction of Kashmir and the assault on Kashmiri women? #URL# #HASHTAG# #HASHTAG# ></document>
		<document> ‘The biggest task is to combat indifference’: Auschwitz Museum turns visitors’ eyes to current events #URL# ></document>
		<document> ISIS, Thriving in Unstable Places, Proves It’s Still a Threat #URL# ></document>
		<document> Load shedding and food insecurity: The plight of students’ food insecurity in South Africa’s  higher education landscape #URL# via #USER# #HASHTAG# ></document>
		<document> Central African refugees are caught between a rock and hard place in the Democratic Republic of the Congo #URL# via #USER# ></document>
		<document> Marshals Service employees have alleged racism for decades. Their case may finally be heard. #URL# ></document>
		<document> Girls are criminalized for `misbehaving’, boys aren’t. Running away, skipping school, disobeying a parent sends girls to juvenile detention. It’s been like that forever, and it continues, especially for girls and gender expansive youth of color.  #URL# ></document>
		<document> Journalist killings in Mexico raise concerns among colleagues #URL# #HASHTAG# ></document>
		<document> Analysing Women’s Labour In India’s Gig Economy #URL# via #USER# #HASHTAG# ></document>
		<document> A life’s work to heal centuries of grave injustice #URL# #HASHTAG# ></document>
		<document> Our asylum system should prioritize giving asylum seekers a fair shot to make their case. Instead, we start with the goal of a quick deportation. #URL# via #USER# ></document>
		<document> Hundreds at Rikers Protest Conditions, Citing Covid and the Cold #URL# ></document>
		<document> Analysis | Djokovic Debacle Exposes Australia’s Xenophobic Policies #URL# #HASHTAG# ></document>
		<document> Rape trial of Greek sailing coach begins as #HASHTAG# gains ground #URL# #HASHTAG# ></document>
		<document> There is no data on people harassed into moving out. Not surprisingly, given the moratorium, the number and rate of informal evictions increased during the pandemic.  #URL# #HASHTAG# #USER# #USER# ></document>
		<document> Lauren Smith-Fields Was Found Dead. Her Family Had to Beg for Answers. #URL# #HASHTAG# #HASHTAG# ></document>
		<document> Farmers Reject Nicor's Pipe Dream #USER# #URL# ></document>
		<document> Apartment fire victims mourned in mass funeral: ‘People are dying because they lived in the Bronx’ #URL# ></document>
		<document> For C.D.C.’s Walensky, a Steep Learning Curve on Messaging #URL# ></document>
		<document> 'Carrot and stick' regulations aim to increase shallow aquifer use #URL# via #USER# #HASHTAG# ></document>
		<document> ‘Most Livable City?’ A 30-Year Gap in Life Expectancy Exists Within Vancouver  via #USER# #URL# #HASHTAG# ></document>
		<document> The world is ruled by women who fight: The Sudanese women’s revolution continues #URL# #HASHTAG# ></document>
		<document> Not enough housing, too many people with money looking to move, and, oh yeah, predatory speculators add to a toxic stew that will last for years #URL# #HASHTAG# #USER# ></document>
		<document> Canada must end the over-incarceration of Indigenous people #URL# via #USER# #HASHTAG# ></document>
		<document> Bordering on peace: Mexico and the United States #URL# ></document>
		<document> Caribbean Virgins, Caribbean Whores: Unlacing Goodness / Dismantling Perversion #URL# #HASHTAG# #USER# #USER# ></document>
		<document> Honduran president’s fall from grace poised to end in US indictment #URL# #HASHTAG# ></document>
		<document> Third lawsuit seeks 'meaningful change' a year after reported physical, sexual assaults at NJ women's prison #URL# via #USER# #HASHTAG# ></document>
		<document> Climate-resilient 'super beans' boost food rations for refugees in #HASHTAG# #URL# ></document>
		<document> Congo Basin peatlands have trapped years' worth of carbon. How can they be protected? #URL# ></document>
		<document> An Outlandish Bird and Its Army of Women #URL# via #USER# #HASHTAG# ></document>
		<document> Five African Countries. Six Coups. Why Now? #URL# ></document>
		<document> Watchdog criticises Government over Female Offender Strategy #URL# ></document>
		<document> Seclusion rooms at mental health facility 'inappropriate' - Chief Ombudsman #URL# #HASHTAG#  #USER# #USER# #USER# #HASHTAG# ></document>
		<document> ‘Killed by indifference’: France shocked by death on busy Paris street #URL# #HASHTAG# ></document>
		<document> Journalist Sajad Gul was booked under PSA as he could have got bail otherwise: J&amp;K administration #URL# via #USER# #HASHTAG# #HASHTAG# ></document>
		<document> Tropical Storm Ana kills more than 70 in Madagascar, Malawi and Mozambique, leaving thousands stranded #URL# #HASHTAG# #HASHTAG# #HASHTAG# ></document>
		<document> Three Union Kitchen Stores Seek To Unionize – DCist #URL# ></document>
		<document> California’s cruel and usual prisons: who cares? #URL# ></document>
		<document> Politicians divided South Sudanese refugees. Sport can re-unite us. #URL# ></document>
		<document> Over 32,000 late school applications, says Western Cape Education Department #URL# #HASHTAG# ></document>
		<document> A Tennessee couple tried to become foster parents. They were denied because they’re Jewish, lawsuit says. #URL# ></document>
		<document> PAUL TIYAMBE ZELEZA - The Possibilities and Perils of Leading an African University | The Elephant #URL# #HASHTAG# ></document>
		<document> The Atlantic route to the Canary Islands saw the highest death toll in over a decade. Mass tragedies involving migration have increasingly become normalized #URL# ></document>
		<document> South Africa parliament fire suspect charged with ‘terrorism’ #URL# via #USER# #HASHTAG# ></document>
		<document> How Denmark’s hard line on Syrian refugees is an aid group’s ethical dilemma: #URL# (#USER#) #HASHTAG# ></document>
		<document> A self-described ‘Freedom Convoy’ of Canadian truckers opposed to vaccine mandate arrives in Ottawa. And who funds this?  #URL# #HASHTAG# ></document>
		<document> The smell of money: why locals think Peru’s billion-dollar fishmeal sector stinks #URL# #HASHTAG# ></document>
		<document> Some Mexican states roll out vaccination mandates for bars and events   #URL# #HASHTAG# ></document>
		<document> Rents, home prices skyrocket; wages relatively stagnant; affordable housing stock diminishing; rate of evictions stayed high through the last year, of which 35% were approved, which is a high rate.  #URL# #HASHTAG# #USER# ></document>
		<document> Turkey third country with most content removal requests from Twitter - english #URL# #HASHTAG# ></document>
		<document> #URL# South Sudanese refugees face uncertain future in #HASHTAG# ></document>
		<document> Community project helps Kenya aim for climate goals one mangrove tree at a time #URL# via #USER# #HASHTAG# ></document>
		<document> ‘Bulli Bai’ And The Gendered Layers Of The Objectification Of Muslim Women #URL# via #USER# #HASHTAG# ></document>
		<document> More migrant deaths were recorded in South America last year than in any previous year. Mass tragedies involving migration have increasingly become normalized #URL# ></document>
		<document> LITTER BUGS: Hawkers suffer while pollution suffocates Komani River #URL# #HASHTAG# ></document>
		<document> ANAND MADHVANI - We Are Not the Wretched of the Pandemic | The Elephant #URL# #HASHTAG# ></document>
		<document> Alberta Court to Australian Coal Baron: You Lose  via #USER# #URL# #HASHTAG# #HASHTAG# ></document>
		<document> Podcast: “As a Muslim and a woman, I am the most vulnerable in this country today” #URL# via #USER# #HASHTAG# ></document>
		<document> Why is Canada still deporting Roma people to persecution? #URL# #HASHTAG# ></document>
		<document> Police chief calls for new ‘spiking’ offence  #URL# ></document>
		<document> J&amp;K Police Affidavit Shows Army Made Contradictory Claim on Hyderpora 'Gunfight' Intelligence #URL# via #USER#  #HASHTAG# #HASHTAG# ></document>
		<document> ‘I started campaigning before I could even vote!’ Amika George on period poverty, politics and the power of protest #URL# ></document>
		<document> 18,000 people have been fined for doing what Boris Johnson did #URL# ></document>
		<document> Kidney Failure, Emergency Rooms and Medical Debt. The Unseen Costs of Food Poisoning. #URL# #HASHTAG# ></document>
		<document> At one Texas prison, men are building community through radio #URL# ></document>
		<document> They Promised Quick and Easy PPP Loans. Often, They Only Delivered Hassle and Heartache. #URL# ></document>
		<document> Maryland lawmakers put forth bill to remove racist senator’s name from Chevy Chase Circle #URL# #HASHTAG# ></document>
		<document> From France, more than a bill, an act of resistance for women’s rights #URL# #HASHTAG# ></document>
		<document> Children of immigrants ‘held back by employer discrimination’ in UK #URL# ></document>
		<document> In ‘African Origin’ Show at Met, New Points of Light Across Cultures #URL# ></document>
		<document> In Venezuela, a soldier can be sent to prison for being gay. The courts could change that. #URL# ></document>
		<document> DAYS OF ZONDO: NPA and Hawks face ‘Herculean’ task in wake of part one of Zondo Commission report, establish task team to review cases #URL# #HASHTAG# #HASHTAG# ></document>
		<document> Report on parliament fire confirms systems failure #URL# via #USER# #HASHTAG# ></document>
		<document> #HASHTAG#: Bring back the thousands, bring back the hundreds, bring back the one #URL# #HASHTAG# ></document>
		<document> Outspoken Saudi princess released after nearly three years in jail #URL# ></document>
		<document> 16 Men Died in New York City Jails Last Year. Who Were They? #URL# ></document>
		<document> Fairfax County supports increase in state contribution to Housing Trust Fund to $125 million, new housing tax credits, down payment assistance, state funding for legal aid for tenants facing eviction #URL# #HASHTAG# #USER# #USER# #USER# ></document>
		<document> "For now". One of area’s largest landlords, RRHA previously lead in filing eviction lawsuits in community ranked high nationally for evictions. What is public about public housing? Not service, the public or housing #URL# #HASHTAG# #USER#  #USER# ></document>
		<document> Mass tragedies involving migration have increasingly become normalized: Europe saw historical highs in migrant deaths.  #URL# ></document>
		<document> FCI Waseca did not fail to assure the safety of incarcerated women; it refused to do so #URL# #HASHTAG# ></document>
		<document> Chemical pollution has passed safe limit for humanity, say scientists #URL# ></document>
		<document> E.P.A. Chief Vows to ‘Do Better’ to Protect Poor Communities #URL# ></document>
		<document> Seed exchange in Colombia promotes traditional knowledge and food sovereignty #URL# via #USER# #HASHTAG# ></document>
		<document> Bullying: Going back to school a nightmare for some kids #URL# #HASHTAG# ></document>
		<document> Frustration grows over deaths and ill treatment at immigration detention centers in Japan - The Mainichi #URL# #HASHTAG# ></document>
		<document> Domestic work and the global: Sri Yatun’s story #URL# ></document>
		<document> Whistleblowers allege abusive culture at Women's Huron Valley Correctional Facility #URL# ></document>
		<document> In the Nova Institution for Women, Canada’s special hell for women, COVID runs rampant #URL# #HASHTAG# ></document>
		<document> Heart attack patient raises alarm after NHS advised him to make own way to hospital #URL# ></document>
		<document> Sales of Electric Vehicles Surpass Diesel in Europe, a First #URL# ></document>
		<document> Ugandan writer charged for tweets about Museveni, son #URL# via #USER# #HASHTAG# #HASHTAG# #USER# ></document>
		<document> After Ayotzinapa Chapter 3: All Souls
A mother prays that she will one day know the truth about what happened to her son. #URL# #HASHTAG# #HASHTAG# #HASHTAG# ></document>
		<document> Earth Has Exceeded Its Safe Limit for Chemical Pollution  via #USER# #URL# ></document>
		<document> Perspective | How a teenager got more women of color added to history lessons in one of the country’s largest school systems  #URL# #HASHTAG# ></document>
		<document> For allegedly cheering Pakistan cricket team, Kashmiri students charged with cyberterror, sedition  #URL# via #USER# #HASHTAG# #HASHTAG# ></document>
		<document> ‘We’re being pushed into poverty’: Voices of women who took on the unicorn start-up Urban Company #URL# via #USER# #HASHTAG# ></document>
		<document> Perspective | Youngkin’s tell-on-a-teacher tip line drew jokes, but behind the laughter is a serious concern #URL# #HASHTAG# ></document>
		<document> Fears for African refugees as coronavirus hits crowded Rome squat #USER#  #URL# #HASHTAG# ></document>
		<document> What do Indians want from the Budget? A ‘Covid surcharge’ on those who profited from the pandemic #URL# via #USER# #HASHTAG# #HASHTAG# ></document>
		<document> OPINIONISTA: Mental health in this time of virus capitalism: Now more than ever, we need revolutionary acts of love #URL# #HASHTAG# ></document>
		<document> In South Asia, a virtual platform to share and to heal for survivors of abuse #URL# ></document>
		<document> Drugs, real estate and money laundering in Senegal #URL# via #USER# #HASHTAG# ></document>
		<document> ECONOMIC FASCIST FIGHTERS: Bitter taste: Migrant gives SA R100m vaccine boost while Julius Malema sticks it to foreign restaurant staff #URL# #HASHTAG# ></document>
		<document> Cville `paying attention' to housing inequality, but Black households, esp Black women-headed households, still suffer most displacement, eviction, harassment. City plans to change its zoning laws   #URL# #HASHTAG# #USER# #USER# #USER# ></document>
		<document> Affordable housing for youth who age out of foster care. 23,000 every year, across the U.S.,36% of whom, disproportionately Black, Latino, Native American, end up living on the streets, to absolutely no one's surprise.  #URL# #HASHTAG# #USER# ></document>
		<document> BBC News - Inside Pakistan's first retirement home for third-gender people #URL# #HASHTAG# ></document>
		<document> After Coup in Burkina Faso, Protesters Turn to Russia for Help #URL# #HASHTAG# ></document>
		<document> World Refugee Day: Grassroots groups support African refugees in Covid-19 struggle #URL# via #USER# #HASHTAG# ></document>
		<document> ‘For the first time, I felt free’: Pakistan’s women-led livestock market #URL# #HASHTAG# ></document>
		<document> Deaths in Scots prisons are rising as figures confirm 'worst fears' of families #URL# #HASHTAG# ></document>
	
</author><document> West Virginia managed to distribute just under 13% of federal rent assistance funds. shameful. #URL# #HASHTAG# #USER# ></document>
<document> Cities use exclusionary zoning, land use restrictions to further separate neighborhoods and increase housing and rental costs. Revising the Fair Housing Act to include economic discrimination could close a gap. Hmm? #URL# #HASHTAG# #USER# #USER# ></document>
<document> SAPS IS IN CRISIS: Ipid files criminal case against National Commissioner Sitole for avoiding questions about the Kinnear assassination #URL# #HASHTAG# ></document>
<document> Sudan's pro-democracy movement hopes to force transition to civilian rule #URL# #HASHTAG# #HASHTAG#Coup #HASHTAG#Uprising ></document>
<document> Architect of critical race theory: "We cannot allow all lessons learned from the forward-looking civil rights movement to be packaged up and removed for storage" #URL# ></document>
<document> Opinion | Government abuses its power over pregnant teens — again #URL# ></document>
<document> Democracy delayed in Mali encourages sanctions from #URL# neighbors via #USER# #HASHTAG# ></document>
<document> Tenants' long wait to own a home ends this year #URL# #HASHTAG# #HASHTAG# ></document>
<document> Destructive game: analysis: EFF's blatant U-turn on pan-Africanism raises questions about its stance on immigrants #URL# #HASHTAG# ></document>
<document> Dance and despair for India in memory of murdered journalist Gauri Lankesh #URL# #HASHTAG# #HASHTAG# ></document>
<document> 14-year-old girl shot by police remembered at funeral in Los Angeles #URL# ></document>
<document> Federal Bureau of Prisons confirms outbreak of COVID-19 cases in Mississippi prison #URL# ></document>
<document> Two Veterans Win $110M in 3M Earplugs Case #URL# ></document>
<document> Tennessee Judge Who Illegally Imprisoned Children Plans To Retire, Does Not Want To Be Re-elected #URL# #HASHTAG# ></document>
<document> What happened to Christina Tahhahwah? Another death in an Indian prison #URL# ></document>
<document> Alabama bill fails to end all shackles on pregnant women - #URL# ></document>
<document> We'll Talk About 'Bruno' Yes, Yes, Yes #URL# ></document>
<document> Striker Clover staff gathered to discuss #URL# via #USER# #HASHTAG# ></document>
<document> Jordan's only shelter for people with disabilities is at risk of closure as COVID-19 #USER# #HASHTAG# #USER# ></document> has exhausted its #URL#
<document> Billionaire's Star Rises with Bold Stance on Racism in Brazil #URL# #HASHTAG# ></document>
<document> Domestic workers are female workers. Period. #URL# ></ document>
<document> Sex Traffickers Target Teenage Girls in Nigeria's IDP Camp - Women's Media Center #URL# #HASHTAG# ></document>
<document> "Back to normal" is something like this: Ignore the pandemic, ignore the needs, you're 30 days behind and you're done, period. And they calledIt's "mass housing," but there is little concern for the real public. #URL# #HASHTAG# #USER# #USER# #HASHTAG# ></document>
<document> South Africa's Namaqualand daisies bloom earlier: why red flag via #USER# #HASHTAG# #URL# ></document>
<document> Stem cell donor: Son gives father a second chance at life #URL# #HASHTAG# ></document>
<document> Explainer: Why is marital rape not a crime in India and can courts make it a crime? #USER# via #HASHTAG# #URL# ></document>
<document> From mercenaries to citizens: How Nubians gained acceptance in Uganda #URL# via #USER# #HASHTAG# ></document>
<document> The world's 500 richest people became $1 trillion richer last year #URL# #HASHTAG# ></document>
Power behind protests in Sudan via <document> #USER# #URL# #HASHTAG# #HASHTAG#Insurgency ></document>
<document> US Unconventional on Abortion Law. If Roe Didn't Have It, It Would Have Happened. #URL# ></ document>
Change the way women think about #URL# to combat the violent behavior of South African men through <document> #USER# #HASHTAG# ></document>.
<document> "Nothing Will Be The Same": A Prison Town Weighs a Future Without Prison #URL# ></document>
<document> Elderly woman forced to self-isolate under a tree in a remote community due to lack of facilities #URL# #HASHTAG# ></document>
<document> Sudanese forces shoot at anti-coup protesters, killing 7 #URL# #HASHTAG# #HASHTAG#Coup #HASHTAG#Insurgency ></document>
<document> Va. News: Marking hospital capacity and medical history #URL# #HASHTAG# ></document>
<document> Age 15+ sexual harassment, discrimination against women, gay, bisexual men. Refused housing, if applying; the tenant is evicted. Pays largest settlement ever; Deny retaliatory eviction orders, repair affected tenants' credit #URL# #HASHTAG# #USER# ></document>
<document> Zelma Lazarus (1936-2022): Creator of the Lifeline Express hospital train, touched a million lives through #USER# #HASHTAG# #USER# ></document> #URL#
<document> Healthy Birth for Detained Women: Women etc. #URL# ></document>
<document> Judge cancels massive Gulf of Mexico oil and gas lease sale #URL# #HASHTAG# ></document>
<document> "Where are my rights?" African refugees against UNHCR in Lebanon #URL# #HASHTAG# ></document>
<document> Afghanistan faces widespread famine amid worsening humanitarian crisis #URL# #HASHTAG# ></document>
<document> Want to know who is most vulnerable to COVID? Here is a directory that can do this #URL# via #USER# #HASHTAG# ></document>
<document> What happened to Mariam Abdullah and Rebecca Maher? Another death in custody #URL# ></document>
<document> Latika Roy Foundation, One of India's Valuable Assets #USER# #HASHTAG# #USER# ></document> via #URL#
<document> Europe's marginalized Roma hit hard by coronavirus #URL# ></document>
<document> Association between incarceration and premature adult mortality: : Gender-specific evidence #URL# ></document>
<document> 100 peoplele, two dilapidated toilets and "nobody cares" #URL# #HASHTAG# ></document>
<document> Revealed: Flint water poisoning accusations that never came to light #URL# ></document>
<document> Joni Mitchell Plans to Follow Neil Young on Spotify, "Lies" #URL# ></document>
<document> What if each country were renamed to its most notorious prison? The Republic of Zimbabwe could be the Republic of Chikurubi. The United States of America could be the United States of Guantanamo. #URL# ></ document>
<document> ACLU Demands Better Protection of Pregnant, Postpartum and Breastfeeding Women in CBP Detention #URL# ></document>
<document> Northern Virginia Schools Pledge to Obey Youngkin's Order to End Mask Instructions. Good news. – DCist #URL# #HASHTAG# ></ document>
<document> Lauren Smith-Fields died of an accidental overdose on a Bumble date, police say. His family objects to this. #URL# #HASHTAG# #HASHTAG# ></document>
<document> "Call of Duty" players bark about bugs as Activision Blizzard employees continue on strike #URL# ></document>
<document> I received death threats, Ssegirinya State Attorney, Ssewanyana case reported to court #URL# #HASHTAG# ></document>
<document> Portraits of resistance: a photo book describing the courage of CAA-NRC protests via #USER# #HASHTAG# ></document> #URL#
<document> An upcoming British edition of 'Capitalism and Slavery' is making the news, but the Caribbean has always known #USER# via #USER# #USER# #USER# ></document>
<document> Redwood Forest in California Returned to Native Tribes #URL# ></document>
<document> "The ice is breaking up!": Dozens of fishermen are rescued in Wisconsin after a large chunk of ice broke in Green Bay #URL# ></document>
<document> Chicago's "Race Neutral" Traffic Cameras Black and Latino Drivers Top #URL# ></document>
<document> The wealthiest 1% of UK households are each worth at least £3.6m #URL# #HASHTAG# ></document>
<document> The landlord adds a clause to the lease agreement saying that during the eviction moratorium, the tenant transfers the eviction authority to the landlord in exchange for a modest discount. 100% illegal. But hey, tenants should know that, right? #URL# #HASHTAG# #USER# #USER# ></document>
<document> "Founds Her Writhing in Pain": Family of UP Teen Who Died After "Police Attack" via #USER# #HASHTAG# #URL# ></document>
<document> India strips millions of women of Assam of citizenship. Call it femicide #URL# #HASHTAG# ></document>
<document> A few pills a day can keep severe COVID at bay: What you need to know about two new treatments #URL# ></document> via #USER#
<document> Donors come to the rescue of a school in need of special education that was looted during the events of July #URL# #HASHTAG# ></document>
<document> UK propaganda leaflets inspired the massacre of Indonesian communists in the 1960s #URL# ></document>
<document> Why Coronavirus Tests Are Insufficient in Many Schools in the USA #URL# ></document>
<document> #USER# Not nice ... and typical. InsideThe US struggle for affordable housing includes making single-family districts more multi-family, denser. In both Jamaica and the US, of course, the issue is the level of corruption in 'development' historically and today. Good luck! ></ document>
<document> New research: How Covid-19 is making life difficult for South African women via #USER# #HASHTAG# ></document> #URL#
<document> Work for Home: Work to Stay, Work to Move #URL# ></document>
<document> Boys Sold by Trusted Villager Become Human Smuggler | Inter Press Service #URL# #HASHTAG# ></document>
<document> Sacramento sheriff withholds information about COVID outbreaks in prison from the public #URL# ></document>
<document> In PG County, MD, Black Brown women lead the fight against eviction for permanent housing, rights and dignity. Nationally, among tenants, 5 in 10 Black women and 4 in 10 Latinos report living in homes delaying rent payments #URL# #HASHTAG# #USER# ></document>
<document> How did people pay the rent? Borrowed from family, friends; EXPLORE. Impact of loss of total income for low-income households, requires full support, legal aid, help with moving costs, loan repair, help with deposit, costs for new location #URL# #HASHTAG# #USER# ></document>
<document> Rich man, poor man: The income of the 1% of the richest Namibians is equal to the combined income of the bottom 50%. #URL# #HASHTAG# #HASHTAG# ></document>
<document> Women in Honduras, Barbados and beyond lead the cyclical moment of hope #URL# #HASHTAG# #HASHTAG# ></document>
<document> Modi's Promises, Khattar Unfulfilled, Anganwadi Workers Continue Strike in Gurgaon #URL# via #USER# #HASHTAG# ></document>
<document> Victims of Black Sexual Violence Tell Their Stories — Only They Will Be Punished #URL# via #USER# #USER# ></document>
<document> The bitter truth of domestic workers is told in the poem #URL# #HASHTAG# ></document>
<document> Prime Minister, as a refugee I did everything Australia asked. Nine years later, why am I still under arrest? | Mahdi #URL# #HASHTAG# ></document>
<document> Five Guatemalan soldiers convicted of raping #URL# via #USER# #HASHTAG# ></document>
<document> Va. parents sue, schools pledge to resist Youngkin's order to make masks optional #URL# #HASHTAG# ></document>
<document> Ombudsman says #URL# #HASHTAG# ></document> Witnessed 145 activists killed in Colombia in 2021
<document> Ahmaud Arbery's killers sentenced to life imprisonment, two without possibility of parole #URL# #HASHTAG# #HASHTAG# ></document>
<document> Syrian refugees at the time - and Canada - forgot #URL# via #USER# #HASHTAG# ></document>.
<document> Technology powered English lessons reach more immigrants #URL# via #USER# #HASHTAG# ></document>
<document> EFF abandons an important progressive principle #URL# #HASHTAG# ></document>
<document> A victory for Jane Bwanya in South Africa, the Constitution and equality for all! #URL# #HASHTAG# ></ document><document> Where is the global anger at the destruction of Kashmir and the attack on Kashmiri women? #URL# #HASHTAG# #HASHTAG# ></document>
<document> "The greatest task is to fight indifference": Auschwitz Museum turns visitors' eyes to current events #URL# ></document>
<document> Emerging ISIS in Unstable Territories Proving Still a Threat #URL# ></document>
<document> Burden shedding and food insecurity: via #USER# #HASHTAG# ></document> #URL# students' food insecurity status in South Africa's higher education environment
<document> Central African refugees caught between two rocks and a hard place at #URL# in the Democratic Republic of the Congo via #USER# ></document>
<document> Marshals Service employees have been making allegations of racism for decades. Their lawsuits can finally be heard. #URL# ></ document>
<document> Girls are criminalized for "misbehaving", boys are not. Running away, skipping school, disobeying a parent sends girls to juvenile detention center. It's been like that forever, and it continues to be, especially for girls and youth of color who are expanding gender. #URL# ></ document>
<document> Journalist murders in Mexico raise concerns among colleagues #URL# #HASHTAG# ></document>
<document> Analyzing Women's Labor in India's Gig Economy #URL# via #USER# #HASHTAG# ></document>
<document> A lifetime's work to heal centuries of serious injustice #URL# #HASHTAG# ></document>
<document> Our asylum system must prioritize giving asylum seekers a fair chance to file their case. Instead, we start with a goal of speedy deportation. #URL# ></document> via #USER#
<document> Hundreds of Rikers Protest Conditions, Covid and Cold #URL# ></document>
<document> Analysis | Djokovic Debacle Reveals Australia's Xenophobic Policies #URL# #HASHTAG# ></document>
<document> Greek sailing coach's rape case begins as #HASHTAG# gains ground #URL# #HASHTAG# ></document>
<document> No data on persons harassed for their move. Given the moratorium, it's not surprising that the number and rate of unofficial evictions has increased during the pandemic. #URL# #HASHTAG# #USER# #USER# ></document>
<document> Lauren Smith-Fields Found Dead. His family had to beg for answers. #URL# #HASHTAG# #HASHTAG# ></document>
<document> Farmers Reject Nicor's Pipe Dream #USER# #URL# ></document>
<document> Apartment fire victims mourn at mass funerals: "People are dying because they live in the Bronx" #URL# ></document>
<document> A Deep Learning Curve on Messaging #URL# for Walensky from CDC ></document>
<document> 'Carrot and stick' edits aim to increase shallow aquifer use #URL# via #USER# #HASHTAG# ></document>
<document> 'The Most Livable City'
<document> Warring women rule the world: Sudanese women's revolution continues #URL# #HASHTAG# ></document>
<document> There is not enough housing, too many people with money wanting to move, and, oh yes, predatory speculators add a poisonous stew that will last for years #URL# #HASHTAG# #USER# ></document>
<document> Canada must end #URL# excessive incarceration of Indigenous people via #USER# #HASHTAG# ></document>
<document> At the border of peace: Mexico and the United States #URL# ></document>
<document> Caribbean Virgins, Caribbean Whores: Unraveling the Good / Breaking the Perversion #URL# #HASHTAG# #USER# #USER# ></document>
<document> The disgrace of Honduran president is set to end in US indictment #URL# #HASHTAG# ></document>
<document> Third case seeks 'meaningful change' one year after physical and sexual assaults reported in NJ women's prison #URL# via #USER# #HASHTAG# ></document>
<document> Climate-resistant 'superbean' increases food rations for refugees in #HASHTAG# #URL# ></document>
<document> Congo Basin peatlands have trapped enough carbon for years. How can they be protected? #URL# ></ document>
<document> A Strange Bird and Her Army of Women #URL# via #USER# #HASHTAG# ></document>
<document> Five African Countries. Six Blows. Why now? #URL# ></ document>
<document> Watchdog criticizes Government on Female Offender Strategy #URL# ></document>
<document> Isolation rooms in mental health facility 'inappropriate' - Chief Ombudsman #URL# #HASHTAG# #USER# #USER# #USER# #HASHTAG# ></document>
<document> "Died of indifference": France shaken to death on crowded Paris street #URL# #HASHTAG# ></document>
<document> Journalist Sajad Gul arrested under PSA as he could otherwise be released on bail: J&K management #URL# via #USER# #HASHTAG# #HASHTAG# ></document>
<document> Main Tropical Storm killed more than 70 people in Madagascar, Malawi and Mozambique, leaving thousands stranded #URL# #HASHTAG# #HASHTAG# #HASHTAG# ></document>
<document> Three Unity Kitchen Store Trying to Syndicate – DCist #URL# ></document>
<document> California's brutal and ordinary prisons: who cares? #URL# ></ document>
<document> Politicians divided South Sudanese refugees. Sport can unite us again. #URL# ></ document>
<document> More than 32,000 late school applications, according to the Western Cape Department of Education #URL# #HASHTAG# ></document>
<document> A Tennessee couple tried to become foster parents. The lawsuit says they were denied because they were Jewish. #URL# ></ document>
<document> PAUL TIYAMBE ZELEZA - Possibilities and Dangers of Running an African University | Elephant #URL# #HASHTAG# ></document>
<document> The Atlantic route to the Canary Islands saw the highest death rate in more than a decade. Mass tragedies involving immigration are becoming more and more normal #URL# ></document>
<document> South African parliament charged with "terrorism" #URL# through fire suspect #USER# #HASHTAG# ></document>.
<document> Denmark's tough stance on Syrian refugees, an aid group's ethical dilemma: #URL# (#USER#) #HASHTAG# ></document>
<document> A self-described "Freedom Convoy" of Canadian truckers opposing the vaccination requirement has arrivedOttawa. And who is funding it? #URL# #HASHTAG# ></ document>
<document> The smell of money: why locals think Peru's billion-dollar fishmeal industry stinks #URL# #HASHTAG# ></document>
<document> Some Mexican states are enforcing vaccination requirements for bars and events #URL# #HASHTAG# ></document>
<document> Rents and house prices skyrocketed; wages are relatively stagnant; the stock of affordable housing is declining; The eviction rate has remained high over the past year, with 35% approved, which is a high rate. #URL# #HASHTAG# #USER# ></document>
<document> Turkey, the third country with the highest number of Twitter removal requests - english #URL# #HASHTAG# ></document>
<document> #URL# South Sudanese refugees face an uncertain future in #HASHTAG# ></document>
<document> Community project helps Kenya target climate goals with #URL# one mangrove tree at a time via #USER# #HASHTAG# ></document>
<document> "Bulli Bai" and the Gendered Layers of Objectification of Muslim Women via #USER# #HASHTAG# ></document> #URL#
<document> More immigrant deaths were recorded in South America last year than in previous years. Mass tragedies involving immigration are becoming more and more normal #URL# ></document>
<document> TRASH BUGS: Peddlers suffer as pollution drowns the Komani River #URL# #HASHTAG# ></document>
<document> ANAND MADHVANI - We Are Not the Loser of the Pandemic | Elephant #URL# #HASHTAG# ></document>
<document> Alberta Court to Australian Coal Baron: You Lose via #USER# #URL# #HASHTAG# #HASHTAG# ></document>
<document> Podcast: "As a Muslim and a woman, I am the most vulnerable person in this country today" via #USER# #HASHTAG# #URL# ></document>
<document> Why is Canada still deporting Roma for persecution? #URL# #HASHTAG# ></ document>
<document> Police chief calls for new 'spike' crime #URL# ></document>
<document> J&K Police Sworn Statement Shows Military Making Conflicting Claims Via Hyderpora 'Armed Conflict' Intelligence #USER# #HASHTAG# #HASHTAG# ></document>
<document> "I started the campaign before I could even vote!" Amika George on period poverty, politics and the power of protest #URL# ></document>
<document> 18,000 people fined for doing what Boris Johnson did #URL# ></document>
<document> Kidney Failure, Emergency Services and Medical Debt. The Invisible Costs of Food Poisoning. #URL# #HASHTAG# ></ document>
<document> Men form community via radio #URL# in a Texas prison ></document>
<document> They Provide Quick and Easy PPP Loans. For the most part, they only brought trouble and heartache. #URL# ></ document>
<document> Maryland lawmakers pass bill to remove racist senator's name from Chevy Chase Circle #URL# #HASHTAG# ></document>
<document> More than a bill from France, it's an act of resistance for women's rights #URL# #HASHTAG# ></document>
<document> Children of immigrants 'abtained by employer discrimination' in UK #URL# ></document>
<document> At the "African Origin" Show at the Met, New Points of Light Across Cultures #URL# ></document>
<document> In Venezuela, a soldier can be sent to prison for being gay. Courts can change that. #URL# ></ document>
<document> DAYS OF ZONDO: NPA and Hawks face "Hercules-like" mission after part one of Zondo Commission report, forming task force to investigate cases #URL# #HASHTAG# #HASHTAG# ></document>
<document> Parliament fire report confirmed #URL# system failure via #USER# #HASHTAG# ></document>
<document> #HASHTAG#: Bring back thousands, return hundreds, return single #URL# #HASHTAG# ></document>
<document> Outspoken Saudi princess released after nearly three years in prison #URL# ></document>
<document> 16 Men Killed in New York City Prisons Last Year. Who were they? #URL# ></ document>
<document> Fairfax County supports up to $125 million government contribution to Housing Trust Fund, new home tax credits, down payment, government fund for legal aid for tenants facing eviction #URL# #HASHTAG# #USER# # USER# #USER#></document>
<document> "For now". As one of the region's largest homeowners, RRHA has previously been a leader in filing eviction cases in the community, which has been ranked highly nationally for evictions. What is the public about public housing? Service, not public or residential #URL# #HASHTAG# #USER# #USER# ></document>
<document> Mass tragedies involving migration are increasingly normalized: Europe has seen historic peaks in migrant deaths. #URL# ></ document>
<document> FCI Waseca did not neglect to ensure the safety of imprisoned women; refused to do this #URL# #HASHTAG# ></document>
<document> Chemical pollution has crossed the safe limit for humanity, according to scientists #URL# ></document>
<document> Chief Pledges to "Do Better" to Protect Poor Communities #URL# ></document>
<document> Seed swap in Colombia promotes traditional knowledge and food sovereignty #URL# through #USER# #HASHTAG# ></document>
<document> Bullying: Back to school is a nightmare for some kids #URL# #HASHTAG# ></document>
<document> Deaths and ill-treatment in immigration detention centers in Japan fuel disappointment - The Mainichi #URL# #HASHTAG# ></document>
<document> Domestic and global business: Sri Yatun's story #URL# ></document>
<document> Whistleblowers claim abusive culture at Women's Huron Valley Correctional Facility #URL# ></document>
<document> COVID is rampant at Nova Women's Institute, Canada's private hell for women #URL# #HASHTAG# ></document>
<document> Heart attack patient raises alarm after NHS advises him to make his own way to hospital #URL# ></document>
<document> Electric Vehicle Sales Pass Diesel with First #URL# in Europe ></document>
<document> Ugandan writer Museveni accused of tweeting about his son #URL# via #USER# #HASHTAG# #HASHTAG# #USER# ></document>
<document> After Ayotzinapa Chapter 3: All Souls
A mother prays to one day learn the truth about what happened to her son. #URL# #HASHTAG# #HASHTAG# #HASHTAG# ></ document>
<document> World Crosses Safe Limit for Chemical Pollution via #USER# #URL# ></document>
<document> Perspective | How one teen adds more women of color to history classes in one of the nation's largest school systems #URL# #HASHTAG# ></document>
<document> Kashmiri students have been accused of #URL# cyber terrorism via #USER# #HASHTAG# #HASHTAG# ></document> for allegedly cheering for Pakistani cricket team.
<document> "We're being pushed into poverty": Voices of women taking over unicorn company Urban Company #URL# via #USER# #HASHTAG# ></document>
<document> Perspective | The hint line Youngkin told the teacher caused jokes but behind the laughter there is serious concern #URL# #HASHTAG# ></document>
<document> Concerns for African refugees as the corona virus hits crowded communities in Rome #USER# #URL# #HASHTAG# ></document>
<document> What do the Indians want from the Budget? A "Covid surcharge" for those who earn from the pandemic #URL# via #USER# #HASHTAG# #HASHTAG# ></document>
<document> OPINIONISTA: Mental health in this era of virus capitalism: Now more than ever, we need revolutionary acts of love #URL# #HASHTAG# ></document>
<document> A virtual platform in South Asia to share and heal abuse survivors #URL# ></document>
<document> Drugs, real estate and money laundering in Senegal via #USER# #HASHTAG# #URL# ></document>
<document> ECONOMIC FASCIST WARRIERS: Bitter taste: Immigrant SA gives R100m vaccine boost, Julius Malema sticks it to foreign restaurant staff #URL# #HASHTAG# ></document>
<document> Cville 'notes' housing inequality, but Black households, especially Black female-headed households, still suffer the most from displacement, eviction and harassment. Municipality plans to change zoning laws #URL# #HASHTAG# #USER# #USER# #USER# ></document>
<document> Affordable accommodation for young people leaving foster care. Across the US, 23,000 people end up living on the streets each year, 36% of whom are disproportionately Black, Hispanic, Native American, to no one's surprise. #URL# #HASHTAG# #USER# ></document>
<document> BBC News - Interior of Pakistan's first nursing home for people of the third gender #URL# #HASHTAG# ></document>
<document> Protesters Turn to Russia for Help After Coup in Burkina Faso #URL# #HASHTAG# ></document>
<document> World Refugee Day: Community groups support African refugees in their #URL# fight against Covid-19 through #USER# #HASHTAG# ></document>.
<document> "I felt free for the first time": Pakistan's women-led livestock market #URL# #HASHTAG# ></document>
<document> Deaths in Scottish prisons rise as numbers confirm families' 'worst fears' #URL# #HASHTAG# ></document>

</author>