
	
		<document> #USER# $80 billion tshirt.nGotta be some #HASHTAG# in the fact that it actually physically exists.. nAssuming it's not photoshopped.. ></document>
		<document> The simple answer is $usd.
Just like every other clown in this tiny, irrelevant, unattended-by-the-general-public circus. #URL# ></document>
		<document> #USER# Lol I honestly boggle at the very existence of the universe itself when one billionaire asks another billionaire "should I be worried about the future of currency?!?"
Ffs #HASHTAG# ></document>
		<document> #USER# Why would it? Ath means nothing to anyone other than 'investors'.
Speculation is not a use case. ></document>
		<document> To repeat; #HASHTAG# on a 3rd party website with 4th party protocol, operating as a centralised "bank" is the solution to...
What, exactly? #URL# ></document>
		<document> #USER# #USER# #USER# #USER# #USER# Because ever-increasing expenses for half the reward for miners is a good thing..
Just what every legit business wants! ></document>
		<document> But wait! Number go up is NOT a "use case"? Transfers from wallet to wallet are NOT proper financial "transactions"? 
So "#HASHTAG#"/manufactured scarcity really is stupid, destructive, inflationary "economic/fiscal" policy?

I need to sit down..

All this (except the DAO stuff..!): #URL# ></document>
		<document> #USER# #USER# #USER# Kinda like rewards points from the merchant? That's not bad.. Fees? 
Converting to crypto is still extra effort and expense; electronic payment apps are just so easy and secure..
Outside the U.S., electronic payment has been ubiquitous for almost 3 decades. That's a big hill. ></document>
		<document> #USER# #USER# #USER# #USER# #USER# Phones weren't free before mobile; you do know that, right? ></document>
		<document> #USER# Lol as opposed to every day of Trump a disaster?
Ranked second worst behind Buchanan..
#URL# ></document>
		<document> #USER# Yeah; on paper, kinda shitty business model expecting banks et al to buy something they have never needed, and never will need.

But we know the real business model is extracting fiat cash from morons; it seems to be playing out swimingly. ></document>
		<document> #USER# #USER# ...and nothing more.
Supply and Demand determines value, not some ponzi bullshit "revolution" that tells people their hard work is worthless..
A ponzi backed by fraud and outright lies, litterally mimicking the very system it's supposedly rebelling against.
Good luck, kid. ></document>
		<document> #USER# #USER# #USER# And even if their costs are lower, why are they gonna pass on the savings? Lower costs mean higher profits, not lower prices, as the banking industry proves time and time again. ></document>
		<document> #USER# #USER# #USER# Bank owns it.
"WhAt AbOuT wHeN i NeEd To SeNd 1o0k iN 3 sEcOnDs??" ></document>
		<document> #USER# The good grifters read the same play book.
He's such a smarmy cunt; when he goes down, I hope they make him wear the old 'arrows' convict overalls.
The phrase "Convict Stain" was coined just for CSW, I'm sure... ></document>
		<document> #USER# #USER# #USER# #USER# You haven't explained shit. Scarcity has nothing to do with anything.
You don't understand money. 
If you think "banks" print up billions of 1 dollar bills and just hand them out, you are an infant.
Money is for using, not holding. There is no economy without spending. Get a job. ></document>
		<document> Crypto is a wallet on your computer that sends all your actual cash to someone else, and you never touch or use or see any of it again, and you thank the stars for the privilege, and tell everyone you know they also must do it or stay stupid debt slave losers who will starve. #URL# ></document>
		<document> #USER# Ha yeah he makes you sound like me. ></document>
		<document> Because how else would you feel like a hero when you look in your mothers mirror and shout
"AUDIT THE FED!" to yourself without strangers telling you're giving your money to scammers, with data to prove it?
(quietly, now; don't wake her...) #URL# ></document>
		<document> #USER# There's no real liquidity in crypto...the only time it pumps is when printing tethers. 
What's the difference?
Your scam is better cos it's not theirs?
That's a child's argument. ></document>
		<document> #USER# #USER# Yes, I can see. Thank you for your engagement. It was perfect! I'm flattered!
Unfortunately for you, I'm spoken for. 
But don't give up! There is someone out for even you!
Kind regards, Me. #URL# ></document>
		<document> #USER# #USER# #USER# #USER# #USER# Yeah, emotional.
That must be it!
The banks all must be emotional, too.. ></document>
		<document> #USER# I like the part where the memecoinscam devs got rugged by another crypto scammer before they themselves could rug, and are now getting huge sympathy from CT, which is filled to the gunwales with scam victims who are too stupid to realise they are scam victims. ></document>
		<document> #USER# Yep! And everyone devoured the internet once they slowly found it... That same 10 years is now like 1, thanks to the information super hiway!!

Now, thanks to the internet, everyone knows everything as it happens in real time, so.....

What is bitcoin doing wrong? ></document>
		<document> #USER# Pyne singing "We're not waiting ></document>
		<document> #USER# #USER# #USER# Yes; you've already indicated you are a clown.
Bit tbh, it was kinda obvious already.. ></document>
		<document> #USER# #USER# #USER# Facts are facts. 'Trust the maths'😂
The rest is marketing.
Very anarchic of you falling for moon marketing; like kids with Santa, Tooth Fairy, Easter bunny...trained to be greedy.
Well done! ></document>
		<document> #USER# #USER# Only to imbeciles like you and other Randy.nFor the rest of us ></document>
		<document> #USER# He got scammed gearing up to scam.
Love it. ></document>
		<document> #USER# #USER# #USER# #USER# Money is a universally accepted unit of exchange for goods and services, backed by govt/gdp/societal stability/wtf.. Fiat.
Bitcoin is literally nothing, backed by electricity bills, used only by speculators to pump and dump for profits only. Scam.
Simple.
I don't block, and.... ></document>
		<document> #USER# The #HASHTAG# lols here never end. ></document>
		<document> #USER# #USER# #USER# Ha yeah when does MG start using xrp? When does anyone? 😂
'Fact': no one is using it. 
If banks can DIY with open-source code, like JPM, tell me again why any would use ripple or xrp? ></document>
		<document> #USER# #USER# #USER# Most successful in the world for years. What's not to love? ></document>
		<document> #USER# #USER# It's not wrong, tho.
Jack was. 
Like all bitcoiners are. ></document>
		<document> #USER# #USER# #USER# But your "asset" is "money", according to you...nHow many more decades do you need until the "value" becomes obvious to the other 99.9999%? LolnAll btc is is a monetised ledger.nAnd a fucking expensive one at ></document>
		<document> #USER# That feeling when you get cornered at a party by someone preaching [insert preferred ponzicoin here]. #URL# ></document>
		<document> #USER# Think you've got that backwards....nOh ></document>
		<document> #USER# Great chart. Lot's of info. Couldn't possibly represent anything other than whatever it is your trying to represent.
Good job! ></document>
		<document> #USER# #USER# #USER# #USER# But those tokens don't need to be "money" or "assets" for that.. The OP is right. It's a hugely inefficient and expensive way to do a database.
Also means the 'security' argument just doesn't hold water.

And if the "value" of those tokens gets too high, why use them as intended? ></document>
		<document> #USER# #USER# #USER# #USER# Lmfao another "new" internet "experience" that needs a token? Cool let's monetise everything we already do! What could go wrong?
$NOIdeA ></document>
		<document> Moron status is nothing to show off.
Idiocy is NOT scarce. #URL# ></document>
		<document> #USER# #USER# #USER# ..selling to the World.
Let everyone else pay top dollar for our coal.
As long as we're looked after first.

And it will never happen like that, because rich cunts just wanna get richer.
Same in every country, every industry, every context, throughout history. ></document>
		<document> #USER# #USER# Not mine. No idea whose it is.
But keep up the good work! ></document>
		<document> #USER# #USER# Holy fuck you liked your own post ></document>
		<document> #USER# #USER# #USER# #USER# #USER# #USER# #USER# #USER# #USER# #USER# #USER# #USER# #USER# #USER# #USER# #USER# Well; the 20k happened in 8 months, from under 1k, then lost 16k in another 9. 
Months.
Soooo.... The very definition of a pump and dump. We're watching another one.
As you know.
Cheers! ></document>
		<document> #USER# #USER# #USER# Get a job, and maybe you'll understand.
Otherwise; happy gambling! ></document>
		<document> #USER# #USER# #USER# #USER# #USER# #USER# Lol I knew you'd show up.
You can't count to one; and 1 btc = whatever USD value you need it to be..
Lmfao you guys are priceless! You'll be very happy together.
Thanks!! ></document>
		<document> #USER# #USER# #USER# #USER# Or less. Depends. CC tx much less. ></document>
		<document> #USER# More #HASHTAG# from a Master ></document>
		<document> #USER# #USER# #USER# #USER# #USER# #USER# 😂Yeah, heard that one.
The bankers coin is gonna bring world peace and end hunger and turn lead into gold...
Good one! Keep it up!!😂
Thanks!!! ></document>
		<document> #USER# You're getting old, like the rest of us, that's all... ></document>
		<document> #USER# Nothing even similar. Prices rising over 70 years is not the same as a dictator raping his Country. ></document>
		<document> #USER# #USER# #HASHTAG# apparently not only fixes this, but also stores the volcanic energy.
What a time to be alive!!! #URL# ></document>
		<document> #USER# Lmfao "Buy signal will appear soon"?!
How fucking crypto is that! ></document>
		<document> #USER# #USER# #USER# #USER# Yeah, cos if you need the ability to spend money freely, btc is not for you..
People don't give a shit about secure systems.
Just as well, because any given system is only as secure as it's least trustworthy user.. 
And bitcoin is filled to the gunwales with scumbags. ></document>
		<document> #USER# #USER# Everywhere except Silicon Valley knows how money works ></document>
		<document> #USER# The #HASHTAG# is 75% of why I'm still on twitter. ></document>
		<document> #USER# #USER# #USER# #USER# #USER# #USER# #USER# #USER# So you keep saying. Where exactly did he say that?
You like to tell people to read..
You should try it some time... Otherwise, why would anyone listen to an idiot like you? #URL# ></document>
		<document> Oh well.. Looks like #HASHTAG# bagholders are shit-outta luck.
Seems that actual fiat liquidity is the key (like everyone else already knew), not speed or "tech" or "marketing" or an escrow account filled with....nothing...
Surprise, surprise.
#URL# ></document>
		<document> #USER# #USER# #USER# #USER# Lol so what exactly is rEaL wOrlD rEsOuRcEs about btc?
Is it the massive waste of energy/paper money" mining it?
Or maybe the counterfeit usd that pumps it??
Or maybe the dumb-ass children insisting it's fUtUrE oF fInAnCe??? ></document>
		<document> #USER# #USER# 2010 called.
They want their stupid excuses back. ></document>
		<document> #USER# #USER# #USER# #USER# #USER# #USER# He is the gift that keeps on giving!
He can barely keep track of his own rantings, and thinks his counter-trolling technique of asking nonsense questions about completly unrealistic financial and social scenarios proves how clever he is.. ></document>
		<document> #USER# #USER# #USER# #USER# #HASHTAG# nYou said bread is either 10 for a $, or one for 10$. Oretty big swing.nThe price of a loaf, or "UNIT" of bread, is set by supply and demand.nWhether tou have enough money to pay any price for anything  ></document>
		<document> #USER# #USER# #USER# #USER# What argument? That btc is shit, and bitcoiners are full of shit; making things up as they go to pump their bags??
Or the part where you didn't actually offer any rebuttal at all to my statement, other than the usual "FiAt BaD"?
#HASHTAG# ></document>
		<document> A guy holding up bags and bags of shitcoin ponzi-casino chips, screaming "We're changing the World!" like a Beatles fan, points fingers at guys who actually did stuff that made the world, and laughs...n#HASHTAG# #URL# ></document>
		<document> #USER# ></document>
		<document> #USER# #USER# #USER# Yes; less profit equals less electricity - somehow - and no one ever wanted to maintain profit levels. I get it. Good job. ></document>
		<document> #USER# #USER# #USER# #USER# It's laughable, that's how.
Rich alumni buying jobs for themselves/friends to extract fees and grants is bang on song for bLoCkChAiN.
Just like a16z being VC, CNBC shilling shitcoins for years, and coindesk being financed by Calvin.
But keep going.. You're doing great! ></document>
		<document> #USER# #USER# Just like they haven't got xvg yet, either? ></document>
		<document> #USER#, in inevitable defeat, sounds more mature, sensible and human, than in 25 years of begrudged victory.

But seriously; good riddance.
#HASHTAG# #HASHTAG# ></document>
		<document> #USER# #USER# They have no cash, so paying out is a problem.
Also why they need people to keep buying in; sudden dumps are bad, so they shut down, and wait for next round of hopium junkies to bUy ThE dIp. ></document>
		<document> #USER# #USER# Yep. Still no use. Still no banks.
Still no moon.
Oh, well.. #URL# ></document>
		<document> That must be why Big Macs and iPhones are so popular; they're super scarce.. #URL# ></document>
		<document> #USER# Isn't this the oft-quoted-by-coiners Gresham's law in action?
(Assuming btc is 'money' in 'circulation')
Except according to their customized interpretation of GL, btc is the good money about to drive out fiat.. ></document>
		<document> #USER# Hey it just occurred.... Weren't you accused of showing up at a conference ('18?) and helping yourself to piss-taking amounts of free food?

Isn't that, like, the opposite of Jesus??
(esp in a house full of money changers/lenders...kinda church for those idiots..) ></document>
		<document> #USER# #USER# Lol really?
You gonna buy worthless, unbacked tethers with your btc? ></document>
		<document> #USER# #USER# Even i changed my handle then in support of him. #HASHTAG#.nDickhead's since blocked me cos muh narrative of utility trumping "number go up"..nGood to know the space looks after it's own🙄n#HASHTAG# ></document>
		<document> #USER# #USER# #USER# Lol another meaningless non-point.
Keep em comin.. ></document>
		<document> #USER# #USER# (Replied in wrong post - deleted, repost reply here.)

'Other' manipulation? 
Tether can't have all the fun....
#URL# ></document>
		<document> #USER# #USER# Sort of correct.
But misery and wasted time is not the point of this... 😉 ></document>
		<document> #USER# Hey, answer this.
My old msn was born '41. And his old man never went to war..
Is he still a boomer?
(Cos he REALLY thinks like 'one'.) ></document>
		<document> #USER# I like the part where a bit of fun with pictures is worse than you two shilling snake oil to innocent hopefuls.n#HASHTAG# ></document>
		<document> #USER# #USER# #USER# Get get too cut up... Look at his profile pic. He's just a poor clueless shmuck like all of them.

What else has he got but out of context faux-insults?
Just like their faux economics - it's really hilarious.. ></document>
		<document> #USER# #USER# #USER# #USER# This is like saying if I buy a coke form my local shop, they have to 'buy' the currency to give me change. ></document>
		<document> #USER# #USER# #USER# #USER# I think morals are personal and subjective.
I think people telling other people what is "morally" right is authoritarianism, and therefore "morally" wrong, esp when ignoring evidence, or just making shit up to support that authoritarianism. ></document>
		<document> #USER# #USER# #USER# #USER# #USER# Australia too.. We've had EFTPOS for over 30 years, for eg... ></document>
		<document> #USER# #USER# #USER# #USER# #USER# I beg to differ. You jumped in here.

But whatever. Have fun sending 50cents back and forth between the 3 people that 'use' LN. #URL# ></document>
		<document> #USER# #USER# You appear to suffer from extreme hopium addiction if you believe any of the bullshit theories you put forward..
That, or you're willfully or literally ignorant of how the world works.
Forget economics, boy. Move of of home and get a fucken job. ></document>
		<document> #USER# #USER# Lol thars some juicy #HASHTAG# right there. Thanks ></document>
		<document> #USER# #USER# Even if true(it's not), this is cutting off your nose to spite your face.
Everyone uses banks. TX get settled in real time, or close enough to it to make no difference to the user.
Time taken to verify entities makes 0 difference to legit users. UX is everything.
Crypto has none. ></document>
		<document> #USER# #USER# #USER# I was talking about you.
No one takes large amounts of  gold home. That's what vaults and armed guards are for.
And non-monetised ledgers that don't use whole-nations-worth of electricity to run. ></document>
		<document> #USER# #USER# #USER# #USER# You tell me.
Where you live, bread is either 10c per loaf or 1$, apparently..
Do things like milk, houses, etc swing so wildly in price there?
You live in Venezuela? Lol ></document>
		<document> #USER# #HASHTAG##USER# doesn't like facts getting in the way of good dogma.. #URL# ></document>
		<document> #USER# #USER# Ha, yes, that must be it..
#HASHTAG# is the opposite of sound money. It is not commonly used and has no inherent value.
Network effect only applies to use, so.... Speculation is not a use.
Stock to flow is as appropriated term, usually applied to metals. Being able to pump out.... ></document>
		<document> #USER# Pyne singing "We're not waiting; We're doin' it now."..... #HASHTAG#?

#HASHTAG#
#HASHTAG# ></document>
		<document> #USER# Ha yeah bet that finger firmly embedded elsewhere right about now 
Might even not exist anymore lmfao ></document>
		<document> #USER# Say g'day anyway. She probably needs a break from having her pension siphoned onto your terrible 'investments'. ></document>
		<document> #USER# "Pre-dated; post-dated..
Copy Pasta or total fabrication.
We're an easy going bunch Down Unda!
What do you need?
What's in it for me?" ></document>
		<document> #USER# #USER# #USER# #USER# #USER# #USER# #USER# Lol yes we all know you don't get fractions.
Thanks, yet again, for pointing that out. ></document>
		<document> #USER# #USER# #USER# But more than happy to point out possible reading-comprehension issues.n#HASHTAG# run deeps through CT.. ></document>
		<document> Great thread explaining how ></document>
		<document> Wait...He said what now?
In front of literally Tens of people, CSW blows it like the lying idiot he is.

#USER#; it'll be your shout for a bit longer yet🤣
#URL# #URL# ></document>
		<document> #USER# #USER# The amount is irrelevant. You saying it isn't is also irrelevant. ></document>
		<document> Oh yeah. And obviously ></document>
		<document> #USER# #USER# #USER# #USER# #USER# Lol yes of course it can. Data entry at 100000000 times the current cost for such things.
And still at .001% capacity of the legacy system. 
Shame 99.99999999% of the world worked that out 12 years ago and is ignoring btc.. I guess 'value' really is important.

What a revolution! ></document>
		<document> #USER# #USER# Ha yeah. Token Economics:
Print. Shill. Fleece. Encourage ''Hodling''. Live life of luxury on credit against 'market cap'. Rinse/Repeat.

'If i need money i just make a token.' #URL# ></document>
		<document> #USER# #USER# #USER# Cool. An article written during the manipulated rise to ath a year ago.
I asked about current rising demand. ></document>
		<document> #USER# #USER# #USER# #USER# Lol the itc thing is true. Just cos you can't do it, doesn't mean it isn't done.
And according to you, 100k cash from bank to sale was much faster.
You did it in under 24 hours!
So, not sure why you're twisting it to be my argument.. But I do agree that cash is better, so thanks. ></document>
		<document> #USER# #USER# #USER# #USER# Yes but do they? 
Apparently bch makes up the majority of crypto tx here in Australia. So, like, couple hundred daily..
Pretty sure it's mostly at airport fast food, tho, so...
They do seem slightly less cultish, so that's a check. ></document>
		<document> #USER# *esp when rooting for political endorsement and expecting a total free-for-all if elevated.
All part of the delicious #HASHTAG# that is stock-in-trade with #HASHTAG# . ></document>
		<document> #USER# Cool that'll buy one truck, or cover the payments for a few trucks for a few months. ></document>
		<document> #USER# #USER# Yes. #URL# also for #HASHTAG# fun. #URL# ></document>
		<document> #USER# #USER# So why won't they just show this happening? Like every other ligit business can and does.. ></document>
		<document> #USER# #USER# #USER# #USER# #USER# #USER# #USER# #USER# #USER# #USER# #USER# #USER# #USER# #USER# #USER# #USER# You really are are fucking retard, aren't you?
Whatever, dude. Keep changing the goal posts whenever you want. It's the bitcoin way, after all. ></document>
		<document> #USER# #USER# #USER# #USER# Yes. Bitcoin.
Because money to money is still money.
Dogshit to money....not so much. ></document>
		<document> #USER# #USER# #USER# Lowest bidder gets the contract. Tarps are expensive, or he failed to check the weather, or didn't care.
That being said, shit happens. Insurance usually covers this stuff. Just a matter of whose.
Home owner will suffer more either way. ></document>
		<document> #USER# #USER# #USER# #USER# #USER# #USER# Fucking #HASHTAG# in action ></document>
		<document> #USER# #USER# #USER# #USER# Sitting here waiting for you to mention El Salvador's volcano.
Please say El Salvador's volcano.... ></document>
		<document> #USER# #USER# #USER# #USER# #USER# And by keeping it all "in house" as it were, they avoid the true weight of the Law for now..
Big individual losses through obvious fraud notwithstanding... ></document>
		<document> #USER# Cool, then. Have fun at your weekly zombie parties.
Worshipper.
😂 ></document>
		<document> #USER# #USER# #USER# #USER# Lol yes free money for everyone, guaranteed!
How could it possibly fail!!? ></document>
		<document> #USER# #USER# It was a trick question; there is literally nothing right on that graphic. ></document>
		<document> #USER# #USER# #USER# #USER# #USER# #USER# And yet does not believe "shiny" is a reason to want gold. ></document>
		<document> You mean just like #HASHTAG# grinds to a halt and skyrockets in tx price everytime more than 10 people try to buy at a time?
Just as well that won't happen anymore.. #URL# ></document>
		<document> #USER# #USER# #USER# #USER# Yep. And there's no fx trading. They set aside funds they already have, in currencies they already deal in locally, to cover remits according to demand.
The entire world monetary system works like this, for centuries, precisely BECAUSE it's impossible to hold enough 'liquidity'. ></document>
		<document> #USER# Lol "limit" of coin is an oxymoron when there's literally 1000s of alternatives, all of which are better; all of which can be replicated by anyone.
Your scarcity argument is child-like at best. ></document>
		<document> #USER# Yeah erm that's the screen cap... ></document>
		<document> #USER# #USER# #USER# #USER# #USER# #USER# #USER# #USER# This is the dumbest thing ever said by anyone. ></document>
		<document> #USER# #USER# #USER# All the hallmarks of Stability in one convenient, pre-paid (fiat, please!) package. ></document>
		<document> #USER# Of course, if you could read, or even reason at an adult level, this is common sense, because you still need an account to buy/cash out of btc. 
That, and of course btc is completely traceable anyway.
#URL# #URL# ></document>
		<document> #USER# #USER# You seemed to think it was a big deal at the time, so good one.
And since no one anywhere except drug dealers ever needed any money sent anywhere "in an hour", you're definitely no playa, either. ></document>
		<document> #USER# I love these stories...they really do an old cynic good and warm the cockles..
Wen movie? #URL# ></document>
		<document> #USER# #USER# #USER# Thats the point. It's definitely not certain! 
But if the banks had to rely on xrp in order to go about their usual business, do you think they would want it in high demand from outside the industry? How would that help them? How would that help bring down remittance 'cost'? ></document>
		<document> #USER# #USER# Literally selling nothing.
So obviously it'll sell like hotcakes. ></document>
		<document> #USER# #USER# Lol rushed or not; "legal tender", BY DEFINITION, is accepted as payment by govts.
Not accepted cos "reasons"? 
Not "legal tender". ></document>
		<document> #USER# #USER# #USER# #USER# Technically ></document>
		<document> #USER# #USER# #USER# Fees are more than "$0.01". Much more... Conversion from fiat costs. Withdraw from exchange costs..

Paying with cash = $0.00 in fees. Debit card? $0.00. 
Samsung/Apple/Google Pay?
0 0 and 0..
About 50 apps; credit cards.. You Yanks still use cheques, right; like cavemen? 0 fee. ></document>
		<document> #USER# Yeah; I guess those thousands of millions of UNAFFECTED vacc'd kids is proof that the 1% of neg reactions means vaccines are the Devil.
There is 0 evidence, outside conspiracy theorist idiot-fever paranoia, that vacc is bad. The opposite is in fact true. 
Empirically so. ></document>
		<document> #USER# #USER# What's the problem? Btc is untouchable, right?
Just use it directly to pay for stuf 

Wait.. ></document>
		<document> #USER# Bitcoin in a fiat collapse is like an umbrella in a missile attack.
Conveniently, no date even guessed at for the "imminent" fall of society, so the marketing is unimpeachable.
And a big enough concept (no matter how flawed) for the crypto kids to feel like deep thinkers. ></document>
		<document> You're bankrolling the Stephen King of bitcoin ></document>
		<document> #USER# #HASHTAG# more with the "Lottery" pitch ></document>
		<document> #USER# Was just thinking today.. Is this a bit of pocket-shuffling before #HASHTAG# faces some #USER# music this week? ></document>
		<document> #USER# #USER# #USER# #USER# The point is is that "business", for the most part, could easily absorb orders of magnitude more than that shitty $1.
And probably be relatively more profitable for it.. ></document>
		<document> #USER# #USER# #USER# That's what cheaply-made crap sounds like. ></document>
		<document> Yes, calm down, 'coiners. You're still gonna get all your money stolen, don't worry.
Keep up the #HASHTAG# just like they tell you, like a good herd.. #URL# ></document>
		<document> #USER# #USER# #USER# #USER# #USER# #USER# Look up the 'Halvening'.
Means nothing.
But it's another word for ''most btc volume is fake, and the rest is based on fraud, and no one but traders use it, but we don't care'', so a lot of maxis go on about it like it does mean something. ></document>
		<document> #USER# #USER# They have their own ledger.
Nostro/vostro are equiv accounts..  Money is "held" only to cover the amount 'owing' for a given payment now, 2moro, 30 days etc.
Banks do not have trillions tied up. ></document>
		<document> #HASHTAG# to #HASHTAG# ></document>
		<document> #USER# #USER# #USER# Pretty sure its xrp and coinbase he's talking about..nn#HASHTAG# #URL# ></document>
		<document> #USER# #USER# #USER# No where near enough for that.
And not for long before exchanges go down for "reasons" or #URL# ></document>
		<document> #USER# #USER# #USER# Yeah going from 1 Mark to 1 Euro must've been super tough for everyone. ></document>
		<document> #USER# #USER# #USER# #USER# That's what demand looks like.nWe can see how you'd be confused ></document>
		<document> #USER# But; as we all know, birds, bats and insects are all robots, so this totally checks out.
Australian govt is obviously part of this; eg the curlew migrates to Russia/China each year. #URL# ></document>
		<document> #USER# #USER# #USER# #USER# #USER# Ha nice one yeah, cos tether fraud propping up btc is nothing like using real money to protect real industry and real jobs where people make actual money to buy goods and services..
You know, the actual economy; nothing like bitcoin.
A good joke anyway.
Thanks!

#HASHTAG# ></document>
		<document> And try not to worry; scaling will not be a problem for any of the bitcoins any time soon!
Especially "yours", obviously, which keeps proving it can't cope with any more than casual interest (let alone mainstream use!), without shutting down and costing orders of magnitude more. ></document>
		<document> #USER# #USER# Yeah; because paying 20 million somethings for a can of Coke won't scare anyone. ></document>
		<document> #USER# #USER# I wouldn't try to make him...!
Cool cat! ></document>
		<document> #USER# #USER# #USER# #USER# "Onboarding"; "scaling"; "sidechains".. all words that mean nothing to anyone that needs money, esp those that have nothing at all. ></document>
		<document> #USER# #USER# #USER# They can and do. Wake up.
Eveb better; grow up.. ></document>
		<document> #USER# Made the arses look too big?
(Jokes are fun!) ></document>
		<document> #USER# #USER# "....people aren't pumping billions into this..." is the only truth here. ></document>
		<document> #USER# #USER# 2 years! Is thst all??
Good luck with that..

And the 3 is riddled with problems that apparently take more years to rectify..
Assuming it doesnt burn itself to the ground in the interim. ></document>
		<document> #USER# #USER# #USER# Can't do either without the cash, tho. ></document>
		<document> #USER# #USER# #USER# #USER# #USER# #USER# #USER# #USER# #USER# #USER# #USER# #USER# #USER# #USER# #USER# #USER# Fair enough.
Moron is probably much more appropriate... ></document>
		<document> #USER# Better than cutting a couple coils off like we crazy kids used to do... ></document>
		<document> You wouldn't want to present the wrong image..
Best to stick with what the crowd can relate to. #URL# #URL# ></document>
		<document> #USER# #USER# #USER# #USER# Holy fuck that's what you're going on about?
Wow.
Bitcoin is not money. Compare it to whatever the fuck you want.

"BiTcOiN hAs As MaNy "uSeRs" As ThE vAtu, ThErEfOrE bTc Is MoNeY" #URL# ></document>
		<document> The tiny amounts of actual cash in #HASHTAG# is like 8 minutes worth on the Street.
Why would they even care? #URL# ></document>
		<document> #USER# #USER# #USER# Her Bug Out bag had less cash in it then she figured.
She's in a Motel 6 waiting to hear back from McDonald's, is all... ></document>
		<document> #USER# #USER# Or not enough real dollars involved to to any kind of "systemic" risk.
Gamblers losing money is nothing new.
A counterfieting/laundering ring on a global scale, however, needs time to investigate/prosecute. ></document>
		<document> #USER# #USER# Funny; that's what the whole world thinks of all of you.. ></document>
		<document> #USER# #USER# #USER# That's solely reliant on subjective interpretation of the term "value". Network Effect is the key, and crypto has none, except amongst gamblers, dreamers, and scammers. Only the gamblers have a legitimate claim to "value".
End of story. ></document>
		<document> #USER# #USER# Btc is a database. And it's a really, REALLY, expensive, inefficient one at that..
No ''legit investors'' are dumping ''huge'' amounts of cash into an expensive, inefficient database that no one will ever use. ></document>
		<document> Your previous position was that you would die before giving them up. Like, yesterday previous.
They don't have to pay if you get shot refusing to sell. Why would they, after your kind offer?!
This flipflop kinda makes you look like the pussy sellout you obviously are.
Just sayin. #URL# #URL# ></document>
		<document> #USER# Contract is a contract. Don't need blockchain for that.
So what? $10 for $10.
If it buys less today than last week, ask the billionaire ceos where their money comes from #URL# ></document>
		<document> #USER# #USER# #USER# Investigate what? 
The theory that World Leaders all get together to ritualistically harvest blood from kids in order to stay young?
Good theory. Doesn't sound like the insane ravings of a mental patient in desperate need of a lobotomy at all.. ></document>
		<document> #USER# #USER# #USER# #USER# #USER# #USER# Crypto is driven by counterfeiting, gambling, and manipulation. There is no real value, because there is no real uses OR demand.
So no. Nothing like crypto. You finally got one right, even if for the wrong reason. #URL# ></document>
		<document> #USER# #USER# Why would they when they can do so with turnover from fees and charges and exchange "coins" from all you idiots who are happy to spend real $ for play money to play Finance just like mummy and daddy? ></document>
		<document> #USER# #USER# #USER# #USER# #USER# #USER# Only the ones that are issuing without approval or regulation, yes.
Obviously. ></document>
		<document> #USER# Lol I understand you "value" your "asset" in a denomination that you consider worthless.
I understand that you consider utility bills to be adequate backing for a "currency" or "sov".
Your false scarcity doctrine is total garbage, just like all the discredited Austrian bullshit. ></document>
		<document> #USER# #USER# #USER# Renittances are more expensive with bitcoin.
Just like everyone said they would be.
Funny that. ></document>
		<document> #USER# #USER# No to mention the dollar is far from ''rapidly depreciating''.
Are the institutions buying the top of the ath they created?
Highly unlikely.. ></document>
		<document> #USER# #USER# #USER# #USER# #USER# #USER# #USER# #USER# #USER# #USER# #USER# #USER# #USER# #USER# #USER# #USER# Whoever said ALL?
"GaMe ThEoRy", remember?
Get of the asic container if you can't stand the heat.
"Chance" of a share of that is why your network is largely owned by a few, in one place.
More machines, more chance.
But I get it; that's a huge thing for you to get your head around ></document>
		<document> #USER# #USER# #USER# #USER# No, I couldn't. I said btc.
Some countries do not require conversion of usd to local, because merchants and some individuals prefer it over say Turkish lira. I've done this.
Unlike you.

Btc needs conversion, yes. Thanks for backing me up with photographic evidence. ></document>
		<document> #USER# #USER# #USER# #USER# #USER# #USER# So ></document>
		<document> #USER# You mean my topic, in my thread about tether being shit?

Lol ok, champ. ></document>
		<document> 99.99% of the world feels the same about #HASHTAG#.n#HASHTAG# #URL# ></document>
		<document> #HASHTAG# #HASHTAG# #HASHTAG#
Well; this can't be right. 'Inflationary Fiat Cabal' ensures a life of debt-slavery and rising poverty for everyone.

Right?

The 26 everyday items that have become cheaper over the past decade | The New Daily #URL# ></document>
		<document> #USER# Free systems are everywhere. People love them; right at the fingertips..
Why should they pay? So some shitcoin 'system' they've never needed before can moon?
The whole space is a pyramid, and all talk of security/sovereignty is code for ''gimme''. ></document>
		<document> #USER# #USER# #USER# Except libertarianism and anarchism are pipedreams for kids who've never been in the real world.
Central banks aren't greedy evil.
People are greedy and evil.
Why should people be able to create their own money? People can't be trusted to evendrive cars properly. ></document>
		<document> #USER# #USER# #USER# #USER# Yes, good point.
You are clearly a super-genius. Sorry to have bothered you. ></document>
		<document> Crypto credit.
All the fun and excitement of shorting your own 'assets', then kicking back and  waiting to get rekt.
Awesome. #URL# ></document>
		<document> #USER# #USER# Inter et al appear to be using ODL; a third party/exchange service to do the tx. 
Sounds like how Visa allows crypto to be tx'd direct to fiat for #HASHTAG# purchases by some "crypto" card providers.
So: banks don't "use" xrp, they ues a FOURTH party solution(Ripple).
Some revolution. ></document>
		<document> #USER# #USER# #USER# The absolute vast majority of businesses have a viable working product/service.
Btc is a database that costs 15k per entry. The pog reward for doing so (maybe) is not anything. ></document>
		<document> #USER# #USER# #USER# What?
This?
A letter TO the Fed?
Or that article ABOUT this letter; neither of which mentions anything at all about the US govt proposing or starting any kind of crypto USD.
You keep referring to the same debunked story. Yeah, keep doing that. 
I understand you have nothing else #URL# ></document>
		<document> #USER# #USER# #USER# You need fiat to invest in real estate, and build infrastructure, so good luck on every level. ></document>
		<document> I like the part where #HASHTAG# maxis amazingly fail to see how badly this would turn out for them..
Not to mention the obvious (and hilarious!) hypocrisy.
The upside is that the #HASHTAG# would be sweeter than the #HASHTAG#. #URL# ></document>
		<document> #USER# #USER# #USER# #USER# Not. Millions use it to gamble/speculate.
Idiots think its a sov. ></document>
		<document> #USER# #USER# #USER# #USER# You're right. Chuck on a decent router, and you're good to go without all the ponzi bullshit. ></document>
	
</author><document> #USER# $80 billion tshirt.nmust #HASHTAG# the fact that it actually exists physically..nassuming it has not been photoshopped..></document>
<document> The short answer is $usd.
Just like every other clown in this tiny, irrelevant, public-less circus. #URL# ></document>
<document> #USER# lol When one billionaire asks another billionaire "Should I be worried about the future of currency?!?", I am honestly amazed at the very existence of the universe.
Ffs #HASHTAG# ></document>
<document> #USER# Why? Ath doesn't mean anything except "investor".
Guessing is not a use case. ></documentation>
<Documentation> Repeat. #HASHTAG# on third-party websites using third-party protocols operating as a centralized "bank"...
To be exact? #URL# ></document>
<document> #USER# #USER# #USER# #USER# #USER# Because it's good that the cost of half the miner's reward keeps increasing..
Just what every legitimate business wants! ></documentation>
<documentation> But wait! Isn't going up a "use case"? Isn't a wallet-to-wallet transfer a proper financial "transaction"?
So is "#HASHTAG#" /manufactured scarcity really a stupid, destructive, inflationary "economic/fiscal" policy?

i need to sit down..

All of this (except the DAO stuff..!): #URL# ></document>
<document> #USER# #USER# #USER# Like getting points from merchants? That's not bad.. fees?
Converting to crypto still takes extra effort and expense. Electronic payment apps are very easy and secure.
Outside the United States, electronic payments have been popular for almost 30 years. It's a big hill. ></documentation>
<documentation> #USER# #USER# #USER# #USER# #USER# Mobile phones weren't free before mobile. you know that, right? ></documentation>
<document> #USER# Catastrophe as opposed to Trump's daily life?
Second worst after Buchanan.
#URL# ></document>
<documentation> #USER# Yep; on paper it's kind of a silly business model that expects you to buy things that banks and others don't need.

But we know the real business model is to take fiat money out of idiots. seems to be swimming ></documentation>
<document> #USER# #USER# ...and more.
Demand and supply determine value, not Ponzi's bullshit "revolution" telling people their efforts are worthless.
Backed by deception and outright lies, Ponzi literally mimics the very system it seems to be rebelling against.
Good luck, boy. ></documentation>
<document> #USER# #USER# #USER# And even if costs are lower, why pass on those savings? A reduction means an increase in profit, not a decrease in price. ></documentation>
<document> #USER# #USER# #USER# Owned by the bank.
"What if I need to send 100k in 3 seconds??" ></Document>
<document> #USER# Good glyphers read the same playbook.
He is a very mean woman. I hope they let him wear the old "Arrow" prisoner's overalls when he collapses.
pI think the phrase "Convict Stain" was made just for CSW... ></document>
<document> #USER# #USER# #USER# #USER# doesn't explain shit. Rarity has nothing to do with it.
you don't understand money
If you think "banks" print billions of one-dollar bills and just hand them out, you're a toddler.
Money is for spending, not for having. There is no economy without spending. get a job. ></documentation>
<Documentation> A virtual currency is a wallet on your computer that transfers all your real cash to someone else. You will never touch it, use it, or see it again. You thank the stars for the privilege and tell everyone they know they must too or you will remain a starving stupid debt slave loser. #URL# ></document>
<document> #USER# Yeah, he's making you look like me. ></documentation>
<Documentation> Do you feel like a hero when you look into your mother's mirror and scream?
"Audit the Federal Reserve!" to yourself without telling strangers you're giving your money to scammers, but with the data to prove it?
(Be quiet now. Don't wake her up...) #URL# ></document>
<document> #USER# Cryptocurrencies have no real liquidity...the only time you have more liquidity is when you print your tether.
What's the difference?
Better because your scam is not theirs?
child's claim. ></documentation>
<documentation> #USER# #USER# OK, I understand. Thank you for your engagement. It was perfect! I am flattered!
Unfortunately for you, I have been spoken to.
But don't give up! You have someone too!
best regards me #URL# ></document>
<document> #USER# #USER# #USER# #USER# #USER# Yeah, emotional.
It should be it!
Banks must be getting emotional too.. ></document>
<document> #USER# I like the part where memecoinscam devs got harassed by another cryptocurrency scammer before they harassed themselves and now have great sympathy from CT. They are victims of fraud. ></documentation>
<Document> #USER# Yes! And as soon as they found the Internet, everyone started to devour it... Thanks to the information superhighway, the same decade became like a year!!

Now, thanks to the internet, everyone knows everything in real time..

What's wrong with Bitcoin? ></Documentation>
<document> #USER# Pyne sings "I can't wait ></document>
<documentation> #USER# #USER# #USER# Yes. You are already showing that you are a clown.
Hey, that was a bit more obvious.. ></document>
<document> #USER# #USER# #USER# Facts are facts. "Believe in math" 😂
The rest is marketing.
It is very chaotic for you to fall into moon marketing. Like the children of Santa, the Tooth Fairy, and the Easter Bunny... they are trained to be greedy.
wonderful! ></documentation>
<document> #USER# #USER# Only for you and other idiots like Randy. n for the rest of us ></document>
<documentation> #USER# He got scammed by getting scammed.
I love it. ></documentation>
<document> #USER# #USER# #USER# #USER# Money is a universally recognized unit of exchange for goods and services, backed by government/gdp/societal stability/wtf.. Fiat.
Bitcoin is literally nothing, it is backed by electricity bills and is only used for speculators to pump and dump for profit. scam.
Simple.
I don't block and.... ></document>
<document> #USER# #HASHTAG# here LOL never ends. ></documentation>
<document> #USER# #USER# #USER# Who is when? 😂
"Fact": no one uses it.
Tell me again why use ripple or xrp if banks can DIY with open source code like JPM. ></documentation>
<document> #USER# #USER# #USER# World's most successful for years. What's not to love? ></documentation>
<document> #USER# #USER# You're right.
it was jack
As do all Bitcoiners. ></documentation>
<document> #USER# #USER# #USER# But the "asset" you speak of is "money"... n99.9999% how many more decades will it take before your "value" becomes clear? loln all btc is a monetized ledger.n and fucking expensive></document>
<document> #USER# That feeling when you get cornered at a party where someone preaches [insert your favorite Ponzi coin here]. #URL# ></document>
<document> #USER# I think you have it the other way around....nOh ></document>
<Documentation> #USER# Great chart. lots of information. You couldn't express anything other than what you're trying to express.
well done! ></documentation>
<document> #USER# #USER# #USER# #USER# But those tokens don't have to be "money" or "assets" for that.. OP is right. This is a very inefficient and expensive way to create a database.
It also means that the "security" argument doesn't hold water.

And if the "value" of those tokens becomes too high, they don't need to be used as intended. ></documentation>
<document> #USER# #USER# #USER# #USER# Lmfao Need tokens for another 'new' internet 'experience'? Let's monetize everything we've been doing! Is it possible?
$NOIdeA ></document>
<Documentation> Idiot status is not a show off.
Don't be ridiculous. #URL# ></document>
<documentation> #USER# #USER# #USER# .. Selling to the world.
Let everyone else pay top for our coal.
As long as we are taken care of first.

That never happens because rich cunts just want to get richer.
It is the same throughout history in any country, in any industry, in any situation. ></documentation>
<documentation> #USER# #USER# not mine. I don't know who it is.
But keep up the good work! ></documentation>
<document> #USER# #USER# Damn you liked my post ></document>
<documentation> #USER# #USER# #USER# #USER# #USER# #USER# #USER# #USER# #USER# #USER# #USER# #USER# #USER# #USER# #USER# #USER # Good; 20k came from under 1k in 8 months and lost another 16k in 9 months.
Month.
Soooo....exactly the definition of a pump and a dump. we're looking at something else
as you know.
cheers! ></documentation>
<document> #USER# #USER# #USER# got the job done, maybe you'll understand.
Otherwise; fun gambling! ></documentation>
<document> #USER# #USER# #USER# #USER# #USER# #USER# lol I knew you would show up.
It cannot be counted as one. 1 btc = USD value requiredbe..
thank you! you will be very happy together
thank you! ! ></documentation>
<documentation> #USER# #USER# #USER# #USER# below. Depends. CC tx is much less. ></documentation>
<document> #USER# MORE #HASHTAG# FROM MASTER ></document>
<document> #USER# #USER# #USER# #USER# #USER# #USER# 😂 yeah i heard that.
Banker's coin brings peace to the world, ends hunger, turns lead into gold...
Good stuff! keep it up! ! 😂
thank you! ! ! ></documentation>
<document> #USER# You are old, just like us. That's it... ></document>
<document> #USER# nothing like it. Over 70 years of rising prices is not the same as a dictator raping his own country. ></document>
<document> #USER# #USER# #HASHTAG# apparently not only fixes this, but also saves volcanic energy.
How alive! ! ! #URL# ></document>
<document> #USER# Lmfao "Buy signal coming soon"?!
What a fucking cipher that is! ></documentation>
<document> #USER# #USER# #USER# #USER# Well, if you need the ability to spend money freely, btc is not for you..
People don't care about secure systems.
Likewise, since certain systems are only as secure as the least trusted user..
And Bitcoin is full of junk. ></documentation>
<document> #USER# #USER# knows how money works everywhere except Silicon Valley></document>
<Documentation> #USER# #HASHTAG# is 75% of the reason I'm still on twitter. ></documentation>
<document> #USER# #USER# #USER# #USER# #USER# #USER# #USER# #USER# So you keep saying. where exactly did he say that?
You like telling people to read..
Give it a try...otherwise why would anyone listen to idiots like you? #URL# ></document>
<document> Hmm.. #HASHTAG# Bag holders seem to be out of luck.
Real fiat liquidity seems to matter (as everyone else already knew) not speed, 'tech', 'marketing' or nothing but an escrow account....
Surprise, surprise.
#URL# ></document>
<document> #USER# #USER# #USER# #USER# Lol So what exactly are real world resources about BTC?
Is it a huge waste of energy/paper money?
Or is it counterfeit US dollars pumping it??
Or are these stupid kids claiming it's the future of finance? ></documentation>
<Document> #USER# #USER# 2010 called.
They want a stupid excuse back. ></documentation>
<documentation> #USER# #USER# #USER# #USER# #USER# #USER# He is a gift that keeps on giving!
He barely manages to keep track of his anger, and says his counter-trolling technique of asking nonsense questions about completely unrealistic economic and social scenarios proves how clever he is. I'm thinking.. ></document>
<document> #USER# #USER# #USER# #USER# #HASHTAG# nYou said bread is 10 for $ or 1 for $. It's a pretty big volatility.n The price of bread, the "unit" of bread, is determined by supply and demand.nWhether you have enough money to pay for something ></document>
<document> #USER# #USER# #USER# #USER# What arguments? That BTC is shit and bitcoiners are fulll of shit. Making things up as they pump the bag??
Or is it the part where you didn't refute my statement at all, other than the usual "FiAt BaD"?
#HASHTAG# ></document>
<Documentation> A man holding up bags and bags of fucking coins ponzi casino chips and yelling, "We are changing the world!" Like a Beatles fan, point and laugh at the people who actually made the world.n#HASHTAG# #URL# ></document>
<Document> #USER# ></Document>
<documentation> #USER# #USER# #USER# Yes. Less profit means less electricity. have understood. well done. ></documentation>
<document> #USER# #USER# #USER# #USER# Funny, like that.
Rich alumni buying jobs for themselves and their friends to get dues and grants is a great song for BLoCkChAiN.
Just like a16z is a VC, CNBC has been issuing shitcoins for years and coindesk is funded by Calvin.
But carry on.. you are doing great! ></documentation>
<document> #USER# #USER# As if you haven't got xvg yet? ></documentation>
<Documentation> #USER# sounds more mature, sensible, and human in inevitable defeat than in 25 years of grudge triumph.

But seriously. Good hassle.
#HASHTAG# #HASHTAG# ></document>
<document> #USER# #USER# They don't have cash, so payment is an issue.
Also why they need to keep people buying. Sudden dumps are bad, so shut down and wait for the next hopium addict to buy the dip. ></documentation>
<Documentation> #USER# #USER# Yes. Not yet. No bank yet.
No moon yet.
Oh yeah.. #URL# ></document>
<document> That must be why Big Macs and iPhones are so popular. They are very rare.. #URL# ></document>
<document> #USER# Isn't this Gresham's Law often quoted by Koiner?
(assuming btc is the "money" in the "circulation")
Unless according to GL's customized interpretation, btc is big money trying to kick out fiat currency.. ></document>
<document> #USER# Hey, it just happened.. didn't you turn up at a conference ('18?) and get accused of helping yourself with a pissing amount of free food?

Isn't that the exact opposite of Jesus? ?
(Especially in a house full of money changers and lenders... sort of like a church for idiots..) ></document>
<document> #USER# #USER# lol Really?
Are you going to buy worthless, unbacked Tether with your BTC? ></documentation>
<document> #USER# #USER# I also changed my handle to support him. #HASHTAG#.nSince then Dickhead's blocked me many tales of utility trump cards "numbers go up"..nGood to know this space is unique🙄n# HASHTAG#></document>
<document> #USER# #USER# #USER# Lol Another meaningless point.
Thank you for your continued support.. ></document>
<document> #USER# #USER# (reply on wrong post - deleted, repost reply here.)

"Other" operations?
Tether can't have all the fun....
#URL# ></document>
<document> #USER# #USER# Temporarily correct.
But misery and wasted time is not the point of this... 😉 ></document>
<document> #USER# Hey, answer this.
my old msn was bo41 years. And his old man did not go to war ..
is he still a boomer?
(Because he really thinks like "1".) ></document>
<document> #USER# More than you guys 2 shillings of snake oil, I like the bit of fun with the pictures aimed at innocent hopefuls.n#HASHTAG# ></document>
<document> #USER# #USER# #USER# Too short... Look at his profile picture. He's just an ignorant fool, like all of them.

What does he have other than fake insults out of context?
Like their fake economics - really hilarious.. ></document>
<document> #USER# #USER# #USER# #USER# This is like saying that if you buy Coke at your local store, you have to "buy" currency to get your change. ></documentation>
<document> #USER# #USER# #USER# #USER# I think morals are personal and subjective.
I believe that telling others what is "morally" right is authoritarian and therefore "morally" wrong. Especially when it comes to ignoring the evidence or making up shit to support its authoritarianism. ></documentation>
<document> #USER# #USER# #USER# #USER# #USER# Australia has also been using EFTPOS for over 30 years. For example... ></document>
<document> #USER# #USER# #USER# #USER# #USER# I am not. you jumped in here

But whatever. Have fun exchanging 50 cents between 3 people who "use" LN. #URL# ></document>
<document> #USER# #USER# If you believe the bullshit theory you put forward, you seem to be suffering from extreme hopium poisoning..
Otherwise, you are either knowingly or literally ignorant of how the world works.
Forget economics, boy. Leave home and get a fucking job. ></documentation>
<document> #USER# #USER# Lol tars some juicy #HASHTAG# right there. Thank you ></document>
<document> #USER# #USER# Even if it is (it's not), this is teasing your face by cutting off your nose.
Everyone uses banks. TX will be real-time stable or close enough not to affect the user.
The time it takes to validate an entity makes no difference to a legitimate user. UX is everything.
Nothing in crypto. ></documentation>
<documentation> #USER# #USER# #USER# I was talking about you.
No one takes home large amounts of gold. That's what vaults and armed guards are for.
And a non-monetized ledger that doesn't use an entire country's worth of electricity. ></documentation>
<document> #USER# #USER# #USER# #USER# Tell me.
Where you live bread is like 10 cents or a dollar a loaf.
Will the prices of things like milk and houses fluctuate?
do you live in venezuela? lol ></document>
<document> #USER# #HASHTAG##USER# doesn't like facts getting in the way of correct dogma.. #URL# ></document>
<document> #USER# #USER# Yes, it must be..
#HASHTAG# is the opposite of sound money. Not commonly used and has no intrinsic value.
Network effects only apply to use, so....speculation is not use.
Stock to Flow is a good term and is usually applied to metals. I can spit it out.... ></document>
<Documentation> #USER# Pyne singing "I'm not waiting, I'm doing it now"..... #HASHTAG#?

#hashtag#
#HASHTAG# ></Document>
<documentation> #USER# yea, the finger must be firmly planted somewhere else
It may no longer exist. lmfao ></document>
<document> #USER# Say g'day anyway. She probably needs a break from having her pension siphoned off into your dreaded "investment."
<documentation> #USER# "predate;postdate..
Copy pasta and total fabrication.
We're an easy-going bunch Down Under!
what do you need?
What does that mean to me?" ></document>
<document> #USER# #USER# #USER# #USER# #USER# #USER# #USER# Lol Yes, we all know you can't get fractions.
Thanks for pointing that out. ></documentation>
<document> #USER# #USER# #USER# But I hope you can point out a possible reading comprehension problem.
<document> Great thread explaining how to do it ></document>
<documentation> Hold on… what did he just say?
In front of literally dozens of people, CSW blows it off like a lying idiot.

#user#; it will still make you cry a little more 🤣
#URL# #URL# ></Document>
<document> #USER# #USER# Amount doesn't matter. It's also beside the point to say you're not. ></documentation>
<documentation> Oh yeah. And obviously ></document>
<document> #USER# #USER# #USER# #USER# #USER# lol Of course you can. 100000000 times the current cost of data entry for something like that.
That's still 0.001% capacity of the legacy system.
Unfortunately 99.99999999% of the world solved it 12 years ago and ignore btc.. I think "value" is really important.

What a revolution! ></documentation>
<documentation> #USER# #USER# Hahaha. Token Economics:
print. Sil. freeze. Encourage "hodling". Luxurious living on credit against "market capitalization". Rinse/repeat.

"If you need money, just make tokens." #URL# ></Document>
<Documentation> #USER# #USER# #USER# Cool. Article written during a manipulated ascent to ath a year ago.
We asked about the current high demand. ></documentation>
<document> #USER# #USER# #USER# #USER# (laughs) That's right. Just because you can't do it doesn't mean you can't.
And according to you, 100,000 cash from bank to sale was much faster.
You did it in 24 hours!
So I'm not sure why you're twisting it into my argument..but I agree cash is better, so thanks.></doc>
<document> #USER# #USER# #USER# #USER# yes, right?
Apparently bch is the majority of encrypted tx here in Australia. So like hundreds every day..
Most of the airport fast food restaurants...
They seem a little less cult, so that's a check. ></documentation>
<document> #USER# *esp if you're rooting for political support and expect full free participation if you're elevated.
All parts of delicious #HASHTAG# that are trade-in-trade with #HASHTAG#. ></documentation>
<Documentation> #USER# Cool to buy one truck or pay for several trucks for several months. ></documentation>
<Documentation> #USER# #USER# Yes. Look forward to #URL# and #HASHTAG#. #URL# ></document>
<document> #USER# #USER# So why don't they show that this is happening?e All other legitimate business is possible and running.. ></document>
<documentation> #USER# #USER# #USER# #USER# #USER# #USER# #USER# #USER# #USER# #USER# #USER# #USER# #USER# #USER# #USER# #USER # Are you really late?
Well anyway. Keep changing the goalposts at any time. After all, that's the Bitcoin way. ></documentation>
<documentation> #USER# #USER# #USER# #USER# Yes. Bitcoin.
Because money to money is still money.
Tired of money....not so much. ></documentation>
<document> #USER# #USER# #USER# Lowest bidder wins the contract. Tarps are expensive, they fail to check the weather, they don't care.
That being said, shit happens. Insurance usually covers these things. whose problem?
Either way, the homeowner will suffer more. ></documentation>
<document> Running #USER# #USER# #USER# #USER# #USER# #USER# #HASHTAG# ></document>
<document> #USER# #USER# #USER# #USER# I'm sitting here waiting for you to mention the volcanoes of El Salvador.
Say the volcanoes of El Salvador.... ></document>
<document> #USER# #USER# #USER# #USER# #USER# And by keeping everything "in-house" so to speak, we avoid the real weight of the law for now..
Despite the large personal loss due to the apparent fraud... ></document>
<document> #USER# See you soon. Enjoy our weekly zombie party.
Worshiper.
😂 ></documentation>
<document> #USER# #USER# #USER# #USER# lol Yes, we guarantee free money for everyone!
How could it possibly fail!!? ></documentation>
<document> #USER# #USER# It was a trick question. There is literally nothing in that graphic. ></documentation>
<document> #USER# #USER# #USER# #USER# #USER# #USER# Still, I don't believe "gloss" is a reason to want gold. ></documentation>
<doc> Is it the same as #HASHTAG# stops and tx price spikes whenever 10+ people try to buy at once?
Likewise, it doesn't happen anymore.. #URL# ></document>
<documentation> #USER# #USER# #USER# #USER# Yes. And no FX trading. They set aside funds they already have in the currencies they already trade locally to fund remittances on demand.
The global monetary system has worked this way for centuries, precisely because it cannot hold enough "liquidity." ></documentation>
<document> #USER# Lol Coin's "limitation" is the contradiction when there are literally thousands of alternatives, all of which are good. All of these can be duplicated by anyone.
Your scarcity argument is childish at best. ></documentation>
<document> #USER# Um, it's a screen cap... ></document>
<document> #USER# #USER# #USER# #USER# #USER# #USER# #USER# #USER# This is the stupidest thing someone has ever said. ></documentation>
<document> #USER# #USER# #USER# All the Stability features in one convenient prepaid (fiat currency please!) package. ></documentation>
<document> #USER# Of course, if you can read and reason at an adult level, this is common sense.
Of course btc is fully traceableanyway.
#URL# #URL# ></Document>
<document> #USER# #USER# At the time, they seemed to think it was a big deal, and it was great.
And nobody, except drug dealers, needs to transfer money somewhere "within an hour," so you're definitely not Playa either. ></documentation>
<document> #USER# I love these stories...they really do the old ironic good and warm the cockles..
hot movie? #URL# ></document>
<document> #USER# #USER# #USER# gist. Absolutely not!
But if banks have to rely on xrp to carry out their normal operations, do you think they will look to xrp for high demand from outside the industry? How will that help them? How does that help lower the "cost" of remittances? ></document>
<document> #USER# #USER# literally sells nothing.
So obviously it sells like hot cakes. ></documentation>
<document> #USER# #USER# Lol Whether you're in a hurry. "Fiat currency" is, by definition, a recognized payment by a government.
Not acceptable as a "reason"?
It is not "legal tender". ></documentation>
<document> #USER# #USER# #USER# #USER# technically ></document>
<Document> #USER# #USER# #USER# The charge exceeds "$0.01". Much more... a conversion from statutory costs. It will be deducted from the exchange fee.

Paying in cash = $0.00 fee. debit card? $0.00.
Samsung/Apple/Google Pay?
0 0 and 0..
About 50 apps. Credit cards.. your yanks still use checks, right? Like a caveman? Fee 0 yen. ></documentation>
<Document> #USER# Yep; tens of millions of unaffected, vaccinated children think the 1% negative reaction is proof that vaccines are the devil.
There is no evidence that vacc is bad, other than the conspiracy theorist's foolish paranoia. The opposite is actually true.
Empirically yes. ></documentation>
<Documentation> #USER# #USER# What's wrong? Btc is untouchable, right?
just use it directly to pay

Wait.. ></document>
<Documentation> #USER# Bitcoin is to the fiat currency collapse what an umbrella is to a missile attack.
Conveniently, the date of society's "imminent" collapse has not even been speculated, so the marketing is impeccable.
And big enough concepts (no matter how flawed) to make crypto kids feel like deep thinkers.
<document> YOU FUND BITCOIN'S STEPHEN KING ></document>
<document> #USER# #HASHTAG# more on the "lottery" pitch ></document>
<document> #USER# was just thinking today.. is this a little pocket shuffle before #HASHTAG# faces #USER#'s music this week?></document>
<document> #USER# #USER# #USER# #USER# The point is that "business" is in most cases orders of magnitude easier to absorb than that crappy $1.
And maybe it's relatively profitable.. ></document>
<document> #USER# #USER# #USER# Sounds like cheaply made crap. ></documentation>
<Documentation> Yes, calm down. You're still going to have all your money stolen, so don't worry.
Like a good herd, keep the #HASHTAG# as they tell you.. #URL# ></document>
<documentation> #USER# #USER# #USER# #USER# #USER# #USER#'.
means nothing.
But that's just another word for "Most BTC volumes are fake, the rest are based on scams and are not used by anyone but traders, but we don't care." mean something ></documentation>
<document> #USER# #USER# They have their own ledger.
Nostro/vostro are equivalent accounts. Currently, money is "held" only to cover the amount "unpaid" against certain payments, such as 2moro, 30 days, etc.
Banks are not tied up in trillions. ></documentation>
<document> #HASHTAG# to #HASHTAG# ></document>
<document> #USER# #USER# #USER# sure XRP and Coinbase he's talking about..nn#HASHTAG# #URL# ></document>
<document> #USER# #USER# #USER# Not enough places for that.
And it won't be long before the exchange goes down for "why" or #URL# ></document>
<document> #USER# #USER# #USER# Yeah, 1 Mark to 1 Euro must have been hard for everyone. ></documentation>
<document> #USER# #USER# #USER# #USER# That's what demand looks like.nWe can see how you get confused></document>
<documentation> #USER# But; as you know, birds, bats, and insects are all robots.
The Australian government is clearly part of this. For example, every year we move to Russia/China. #URL# ></document>
<Documentation> #USER# #USER# #USER# #USER# #USER# Yes, good, cos tether scams are backing BTC with real money doing real industry and real jobs. It's nothing to protect. and service..
You know, the real economy. There is no such thing as Bitcoin.
Just kidding.
thank you!

#HASHTAG# ></document>
<documentation> Don't worry. Scaling won't be an issue for any Bitcoin anytime soon!
"Yours" in particular clearly continues to prove that it can't handle more than casual interest (let alone mainstream use!) without shutting down and costing an order of magnitude more. ></documentation>
<Documentation> #USER# #USER# Yes. Paying 20 million dollars for a can of Coke doesn't scare anyone. ></documentation>
<document> #USER# #USER# I don't want to make him...!
cool cat! ></documentation>
<Documentation> #USER# #USER# #USER# #USER# "Onboarding"; "Scaling"; "Sidechain".. nothing for people who need money, especially those who have nothing all words. ></documentation>
<document> #USER# #USER# #USER# They can and do. get up
Yveb. Grow up.. ></document>
<document> #USER# Did you make your butt look too big?
(Jokes are fun!) ></document>
<document> #USER# #USER# "...People aren't putting billions into this..." is the only truth here. ></documentation>
<documentation> #USER# #USER# 2 years! Is this all??
I wish you the best..

And 3 is full of problems that will take many years to fix..
Assuming it doesn't burn to the ground in the meantime. ></documentation>
<document> #USER# #USER# #USER# Neither can be done without cash. ></documentation>
<documentation> #USER# #USER# #USER# #USER# #USER# #USER# #USER# #USER# #USER# #USER# #USER# #USER# #USER# #USER# #USER# #USER # fair enough.Moron might be more appropriate... ></document>
<document> #USER# Better than disconnecting some coils like we crazy kids used to do... ></document>
<document> I don't want to present the wrong image..
It's best to stick to what the crowd can relate to. #URL# #URL# ></documentation>
<document> #USER# #USER# #USER# #USER# Oh my god, what are you trying to do?
oh.
Bitcoin is not money. Compare with what you want.

“Bitcoin has as many ‘users’ as there are Xs. Bitcoin is therefore money." #URL# ></document>
<Documentation> A small amount of real cash in #HASHTAG# is like 8 minutes worth on the street.
why would they care? #URL# ></document>
<documentation> #USER# #USER# #USER# Her Bug Out bag contained less cash than she calculated.
She is waiting for a call from McDonald's at the Motel 6. Everything is... ></document>
<document> #USER# #USER# Or you don't have enough money to be involved in any kind of "systematic" risk.
Gamblers losing money is nothing new.
However, a global counterfeiting/money laundering ring needs time to investigate/prosecute. ></documentation>
<documentation> #USER# #USER# Interesting; that's what the whole world thinks of you all.. ></document>
<document> #USER# #USER# #USER# This relies only on subjective interpretation of the term "value". Except for gamblers, dreamers and scammers, network effects are key and cryptocurrencies have no network effects. Only gamblers have a legitimate claim to 'value'.
End of story. ></documentation>
<document> #USER# #USER# Btc is the database. And it's really, really expensive and inefficient.
"Legitimate investors" are not dumping "huge" amounts of cash into expensive and inefficient databases that no one uses. ></documentation>
<document> Your previous position was to die before you gave up. Like, before yesterday.
If you refuse to sell and get shot, they don't have to pay.Why would they do that after your kind offer?
This flip flop will make you look like you're clearly a cat sellout.
I'm just saying #URL# #URL# ></Document>
<document> #USER# A contract is a contract. You don't need a blockchain for that.
so what? $10 for $10.
If you buy less today than last week, ask billionaire CEOs where the money comes from #URL# ></document>
<documentation> #USER# #USER# #USER# What would you like to find out?
The theory that world leaders get together to ritually take blood from children to keep them young?
good theory. Doesn't sound at all like the insane rant of a psychotic patient in desperate need of a lobotomy..></document>
<document> #USER# #USER# #USER# #USER# #USER# #USER# Cryptocurrencies are driven by counterfeiting, gambling and manipulation. It has no real use or demand, so it has no real value.
no. There is no such thing as a cipher. You got the right one in the end, even for the wrong reasons. #URL# ></Document>
<documentation> #USER# #USER# Why would they do that when they can do so with turnover from commissions and fees and exchange "coins" from all the idiots willing to use the real thing$?></document> for play money to play finance just like mom and dad
<document> #USER# #USER# #USER# #USER# #USER# #USER# Only those issued without authorization or regulation, yes.
clearly. ></documentation>
<document> #USER# lol I understand that you "valuate" your "assets" in denominations that you deem worthless.
I understand that you think utility bills are a good backing for 'currency' or 'sob'.
Your false scarcity theory is utter garbage, like all the discredited Austrian bullshit. ></documentation>
<document> #USER# #USER# #USER# For Bitcoin, transfers are more expensive.
As everyone said it would be.
strange. ></documentation>
<document> #USER# #USER# Needless to say, the dollar is far from "fast depreciating."
Do institutions buy the vertices they create?
Very unlikely.. ></document>
<documentation> #USER# #USER# #USER# #USER# #USER# #USER# #USER# #USER# #USER# #USER# #USER# #USER# #USER# #USER# #USER# #USER Who said #ALL?
Do you remember "Game Theory"?
If you can't stand the heat, don't use the ASIC container.
That share 'chance' is why most of the network is owned by a few people in one place.
More Machines, More Opportunities.
But ok. This is very helpful for you to get your head around ></document>
<documentation> #USER# #USER# #USER# #USER# No, I couldn't. I said btc.
Some countries do not require conversion of US dollars to local currency. This is because merchants and some individuals prefer the US dollar to the Turkish lira. i did this
unlike you.

Yes, Btc needs conversion. Thanks for backing me up with photographic evidence. ></documentation>
<document> #USER# #USER# #USER# #USER# #USER# #USER# yes ></document>
<document> #USER# Tether is my thread about shit, is that my topic?

lol OK, champ. ></documentation>
<document> 99.99% of the world feels the same about #HASHTAG#.n#HASHTAG# #URL# ></document>
<Document> #HASHTAG# #HASHTAG# #HASHTAG#
good; this is not correct. The “Fiat Cabal of Inflation” guarantees a life of debt slavery and increasing poverty for all.

right?

26 everyday items that have gotten cheaper in the last decade | New Daily #URL# ></document>
<document> #USER# Free systems are everywhere. people love them At your fingertips..
why should they pay? So can the shitcoin “system” they never needed make the moon?
The whole space is a pyramid and all talk of security/sovereignty is code for "gimmie". ></documentation>
<document> #USER# #USER# #USER# Libertarianism and anarchism, however, are the tales of children who have never been to the real world.
Central banks are not greedy evil.
People are greedy and evil.
Why should people be able to create their own money? People can't even be trusted to drive their cars properly. ></documentation>
<document> #USER# #USER# #USER# #USER# Yes, good.
You are clearly a super genius. Sorry for the inconvenience. ></documentation>
<Documentation> Crypto Credits.
All the fun and excitement of shorting your own "assets" and then kicking back and waiting for the rekt.
Awesomyself. #URL# ></document>
<document> #USER# #USER# Inter et al seem to use ODL. 3rd party/exchange service for running tx.
Sounds like a way for Visa to allow crypto to be sent directly to fiat currency for #HASHTAG# purchases by some "crypto" card providers.
In other words, banks don't "use" xrp, they use a 4th party solution (Ripple).
A revolution. ></documentation>
<document> #USER# #USER# #USER# The overwhelming majority of companies have viable products/services that they can do.
Btc is a database that costs 15,000 per entry. There is (probably) nothing for the pog to do so. ></documentation>
<Documentation> #USER# #USER# #USER# What?
this?
A letter to the Federal Reserve Board?
Or that article about this letter. Neither mention anything about the US government proposing or launching any kind of cryptocurrency USD.
You keep mentioning the same debunk story. yeah, keep it going.
I understand there is nothing else #URL# ></document>
<document> #USER# #USER# #USER# Investing in real estate and building infrastructure requires fiat currency, so good luck at every level. ></documentation>
<documentation> #HASHTAG# I love how Maxis surprisingly overlooks how badly this could end up for them..
Not to mention the blatant (and hilarious!) hypocrisy.
The advantage is that #HASHTAG# is sweeter than #HASHTAG#. #URL# ></document>
<documentation> #USER# #USER# #USER# #USER# Wrong. Millions of people use it for gambling and speculation.
The idiot thinks it's Sov. ></documentation>
<documentation> #USER# #USER# #USER# #USER# That's right. Hook it up to a decent router and you're good to go without worrying about all that Ponzi bullshit. ></documentation>

</author>