
	
		<document> #USER# Thank you, happy holidays to you as well ></document>
		<document> "Night air, good conversation, and a sky full of stars can heal almost any wound." ~ #URL# ></document>
		<document> The most famous face atm in the whole world: Man Haron Monis. #HASHTAG# ></document>
		<document> My #HASHTAG# is all about Prodigy! Their songs!! Rebel Radio! I'm obsessed! 😍 ></document>
		<document> 5 of 5 stars to Go Tell It on the Mountain by James Baldwin #URL# ></document>
		<document> Today was a good 1h30 session at the #HASHTAG#. It's reviving! Any tips you'd recommend for #HASHTAG#? ></document>
		<document> I wonder how Darwinism explains the differentiation female/male. Does anyone know? ></document>
		<document> I should go back to my revisions... ></document>
		<document> #USER# Thanks, you too! ></document>
		<document> Pedophile priests should try Nutella instead of children... #HASHTAG# ></document>
		<document> 5 of 5 stars to Brave New World / Brave New World Rev... by Aldous Huxley #URL# ></document>
		<document> BATNA forever lover. ></document>
		<document> What else? Yeah, the #HASHTAG# are still denied to breathe or live; rather slaughtered, massacred. Yell for them, support them! ></document>
		<document> Today is dentist day. May the Force be with me... 😩 ></document>
		<document> Spent hours trying to sort out my #HASHTAG#. It's now 00:07 and clearly a fail! 😞 #HASHTAG# 😭 ></document>
		<document> Italy to bomb Libyan military targets #URL# | legitimate, its piece of the oily cake, she welcomes refugees.. #HASHTAG# ></document>
		<document> "Indefinitely" makes it quite ridiculous. || Greek government suspends football #URL# #HASHTAG# #HASHTAG# ></document>
		<document> O Joy! The illegal israel must be freaking out! || #HASHTAG# stages war games, boats hit mock-up U.S. ship #URL# via #USER# ></document>
		<document> #USER# wanna join? Happy new year chérie &lt;3 ></document>
		<document> I need to read it a third time now. I’ll probably end up reading it at least 10 times before writing anything on it. ></document>
		<document> #HASHTAG# 😞 Human beings are born equal and their death is also equal. #HASHTAG# kills everywhere!  #URL# ></document>
		<document> You're not cheap. Don't let anyone shake your self confidence ❤️ #HASHTAG# 

•
#HASHTAG#… #URL# ></document>
		<document> European leaders are hypocrites. They don't care abt #HASHTAG#. They want to preserve their privileges &amp; refugees back to their countries. ></document>
		<document> 5 of 5 stars to Israeli Apartheid by Ben White #URL# ></document>
		<document> Keep watching over #HASHTAG#, this never sound good. #URL# ></document>
		<document> Let's convert too... #HASHTAG# RT #USER# #HASHTAG# tells Arabs that a Jewish #HASHTAG# is good for them #URL# ></document>
		<document> #USER# deal! :) ></document>
		<document> I don't even know if there will ever be any 2nd season for #HASHTAG# - #USER# ?? #HASHTAG#Season2 ></document>
		<document> I don't need such useless aggressiveness. My religion is not your concern. My thoughts are clear: no to racism. #URL# ></document>
		<document> Unity and love. That's what these pictures show us. #HASHTAG#  #URL# ></document>
		<document> Tho, as a Moroccan, I'd react like Israelis... Mmm "Simona Guzman" sounds israeli/jewish: NOT ALLOWED IN #HASHTAG#! #HASHTAG# #HASHTAG# ></document>
		<document> Years that this book is waiting on the shelve to be read, one of the bestest ever! I definitely… #URL# ></document>
		<document> Does saying: 
"lately I became aware of a shit ton of important facts/questions, so much my jaw can't even handle it" 
make any sense? ></document>
		<document> I can't wait for the results! #HASHTAG# ></document>
		<document> #USER# that's sad. I believe it could have been solved. Anyway I personally don't hold anything against you. ></document>
		<document> Food is served ya ahhhhh :D #URL# ></document>
		<document> I try to tweet but it seems like I can't.. #HASHTAG# ></document>
		<document> Hibernation begins. #HASHTAG# ></document>
		<document> While much solidarity is needed towards mourning families after the #HASHTAG#, #HASHTAG# stop its ppl from the streets. ></document>
		<document> Counting down the days doesn't make me work harder (not surprising at all) but it definitely helps me hold on for another day. ></document>
		<document> "Fatah complies with the needs of the Israeli security forces" by #USER# #HASHTAG# #HASHTAG# #URL# ></document>
		<document> #HASHTAG#: Death Toll rises to 75 dead, 15 in a critical state, 50+ injured. #HASHTAG# #URL# ></document>
		<document> Moi! RT #USER#: Ok, who wants to go with CODEPINK to #HASHTAG#??? Vamos. #HASHTAG# ></document>
		<document> I have dishes to wash, food to cook and a million stuff to pack. No time for useless argument. ></document>
		<document> How are you guys? Are you already annoyed with my sad tweets? ></document>
		<document> I find it funny when I read a Jewish Zionist describing Jews. He shapes remarkably the Jew cliché. #HASHTAG# ></document>
		<document> The many banners I’ve seen are plain but beautiful. #HASHTAG# #HASHTAG# #HASHTAG# #URL# #URL# ></document>
		<document> I've been out of the news follow up mania for months now. Sounds like something to say at an AA meeting. Where's my coin?! ></document>
		<document> Imagine if Erdogan had a Samsung instead... #HASHTAG# ></document>
		<document> #USER# I like your new picture :) ></document>
		<document> #USER# it depends on how cold it gets, some winters it snows heavily and others just briefly :) ></document>
		<document> The more I think of leaving, the more #HASHTAG# works hard on seducing me, latching on to me. *sigh* ></document>
		<document> I might be upset for I am lacking self confidence and for my insecurities being lit and intensified by your past, am I? ></document>
		<document> And re the police subject, I had a dream. ></document>
		<document> #USER# I don’t think so, I’m rather pessimistic. We’ve got a bunch of bigots trying to take advantage of the terrorist attacks. ></document>
		<document> I decided to stop.
To stop carrying my pains along.
To stop carrying everyone's unhappiness into my life.
I decided to stop.
Can you? ></document>
		<document> Thursday was the bloodiest day with more than 100 deaths. #HASHTAG#’s death toll passed the 800. #HASHTAG# ></document>
		<document> My heart aches so much. I can never hold my tears every time I check Syria's news. I can't believe what's... #URL# ></document>
		<document> The only war I'll take part in is against... Mosquitos. Fucking mosquitos. ></document>
		<document> Hundreds arrested, a couple of us jailed for we are not naive about who's leading our country? Are they even ready to take it away, "our"? ></document>
		<document> #USER# Indeed, a protest is planned this saturday. I dont know yet if it’s maintained or not. ></document>
		<document> Hellooow =] ></document>
		<document> Pink highlight day. Solidarity to smokers. #HASHTAG# I like the people, not the poison. ></document>
		<document> Good morning Twitterland :) ></document>
		<document> I tend to order ten books when I start reading again. So I end up with tons of unread books. 🙈 ></document>
		<document> The main reason is that I hate waiting for the deliveries. I like to touch, smell products. ></document>
		<document> I forgot to mention that it is a British TV show. I don't know many but this one is a very good one. #HASHTAG# ></document>
		<document> This is the video of #USER# when he spoke at the Oslo Freedom Forum: #URL# Those are words to remember &amp; share. ></document>
		<document> "#HASHTAG# and the thought of you is calming. Eyes shut, I can see you, I can feel you." ></document>
		<document> And other countries with far less cases still on the quarantine list... Very confusing. #URL# ></document>
		<document> #USER# goodnight ></document>
		<document> So I decided to go for a pampering session instead. 😌 ></document>
		<document> #USER# lol so it sounds like a chorba of all the English at some point, funny! ></document>
		<document> If I ever write down all the things I became aware of during the last few days, you'll definitely think I'm some sort of crazy mad women. ></document>
		<document> When something disturbs, it generally comes with change - a change feared by all. #HASHTAG# ></document>
		<document> One of my latest addition to my playlists: "Burn" #URL# #HASHTAG# ></document>
		<document> Interesting. RT #USER#: MI6 and CIA Fomented The Syrian Genocide 2 Years Before it all kicked off #URL# ></document>
		<document> 13,800+ later… Me gonna fall down soon.. ></document>
		<document> Goals are set. Lezz get it lezz get it lezz get it. #URL# ></document>
		<document> That's when "democracies" show how dictatorial they're | ISIS Influence on Web Prompts 2nd Thoughts on 1st Amendment #URL# ></document>
		<document> Good lazy #HASHTAG# :) One last exam this week, and here I come HOLIDAYS! #HASHTAG# ></document>
		<document> Don't talk to me when there's a perfume advertising spot on TV. #HASHTAG# #HASHTAG# ></document>
		<document> I dont recognize myself in any of all the political parties. I dont support the current government. #HASHTAG# #HASHTAG# #HASHTAG# ></document>
		<document> Me too. RT #USER#: I really wish I could move to the Moon. The Earth is way too bloody for me. ></document>
		<document> The deal is to let the gas in Israel from #HASHTAG# so the 4800 prisoners are freed. #HASHTAG# (can be true tho... ) ></document>
		<document> It’s not a « choice » that Im making when I say tht assimilation &amp; racism are real. I can quote tons of sociological studies. Go fuck urself ></document>
		<document> I really hate this book. It might be because there might be some truth in it that I don't want to admit. ></document>
		<document> Women exist for as much time as Men. And after all that time, men still think they can simply decide to deny women their right to exist. ></document>
		<document> One saddening fact: despite the tragedy, many racist posts blaming #HASHTAG# and its people for #HASHTAG#. ></document>
		<document> Yes, I like people slamming each other on Twitter. Yes, I like reading comments of uneducated people speaking like experts. #HASHTAG# ></document>
		<document> I didn't choose to fly with #USER# but that's definitely the last time. National airways companies are still worth much more trust. ></document>
		<document> This is my latest record. I think it's actually the first time in my entire life I run a… #URL# ></document>
		<document> After 3 years, buying that concealer again. I highly recommend it. Also new little tools and colors :)… #URL# ></document>
		<document> Chinese treat with my babe meliie_mg @ Au Petit Wok #URL# ></document>
		<document> My eye is healed elhamdulillah. All the dead skin fell. But now I'm having an allergic reaction and my hands are burning. ></document>
		<document> Rally in #HASHTAG# following #HASHTAG# attempt supports Erdogan #URL# ></document>
		<document> #USER# yes, worse is coming toward us ></document>
		<document> 3 AM and we are almost done with my sister's cover letter... 😪 ></document>
		<document> One of the most beautiful profession on Earth: Teacher. Ask #USER# about it :) #URL# #USER# ></document>
		<document> #USER# the american style? I got to test and taste! ;) ></document>
		<document> And they just brought back programs on tv. How mad. #HASHTAG# #HASHTAG# ></document>
		<document> I almost never open distressful pictures or videos. I always end up crying, unable to move on for days... ></document>
		<document> Today was all about a peak of anger mixed with hatred. Jealousy can be very devastating. ></document>
		<document> You seriously need to be high to follow the drama of this world all the time. ></document>
		<document> #USER# like "Arabs will never agree on anything" and that the entire region "is meant to always be in trouble" ></document>
		<document> Same feeling… RT #USER#: Too sickened with everything happening in the world. ></document>
		<document> #USER# oh it’s already your morning! good morning to you :) ></document>
		<document> Journalism is not a crime. #HASHTAG# ></document>
		<document> #HASHTAG# violence: Indian authorities seize newspapers and shut down cable TV after killing of separatist leader #URL# ></document>
		<document> #HASHTAG#... I miss the sun. ></document>
		<document> My gym sesh was alright. Tho I struggled to sleep 😩 ></document>
		<document> I need coffee... *yawns* ></document>
		<document> That's how I roll. #HASHTAG# tweeps. #URL# ></document>
		<document> #USER# You’re welcome, Doc’ :) ></document>
		<document> #USER# They #USER# compared lightenings during normal days vs holidays... They really have no serious subject to work on... ></document>
		<document> Merry Christmas everyone :) ></document>
		<document> How is YOUR day going? :) ></document>
		<document> I found out what to do of my afternoon: gardening! ></document>
		<document> What to expect when I'm inspired: Perfumed rice, French omelette and red cabbage salad. Proud of… #URL# ></document>
		<document> I truly believe experiences make a wo/man. No matter what you'd have read, if you never felt it in your guts, you don't know it. ></document>
		<document> This is your path, not someone else's. This is your life, not someone else's. •

#HASHTAG# #HASHTAG#… #URL# ></document>
		<document> #USER# #USER# zionists have a real power in this country, Muslims are voiceless and make an easy target when issues are ></document>
		<document> I've been spending 12h a day into packing. FML. ></document>
		<document> "I love the 3AM version of people. Vulnerable. Honest. Real." #URL# ></document>
		<document> Haha #HASHTAG# RT #USER#: #USER# But I thought the purpose of being a Muslim woman was to get married, breed, & obey her husband? ></document>
		<document> Journalists dont seem to have much information, ambulances have been seen, gunfire has been heard and there's a helicopter hovering. #HASHTAG# ></document>
		<document> When #HASHTAG# gets in your daily life, it never leaves. That's how everything about it sticks steadfast. ❤️ ></document>
		<document> #USER# I hope it won't snow, it always brings loads of troubles. I'll regularly check your blog. ></document>
		<document> #USER# you're welcome dear :) #USER# ></document>
		<document> It feels good to start all over again. As if nothing happened. ></document>
		<document> I like #HASHTAG# more and more. I'm still a bit camera shy tho. ></document>
		<document> HUGE if true. RT #USER#: UNCONFIRMED: Resistance fighters infiltrated south "Israel" dressed in IOF unifroms. #HASHTAG# #HASHTAG# ></document>
		<document> At the same time, French forces got into the kosher shop &amp; the building where the bro were hiding #HASHTAG# #HASHTAG# #HASHTAG# ></document>
		<document> Dorraaay &lt;3 
Being nostalgic.
Missing those days in #HASHTAG# ></document>
		<document> I always thought of her as a brilliant student. Guess what? She asked from the Prof a recommendation for her masters degree in israhell. ></document>
		<document> BTW #USER# this is the THIRD time this week I'm asked to reset my password because suspicious activity, WTF! ></document>
		<document> Yes, please. All museums and public spaces.  #URL# ></document>
		<document> This world is insane. One single night and the world could be upside down. #HASHTAG# ></document>
		<document> 2012 French elections: socialists preparing to welcome back #HASHTAG# #HASHTAG# #HASHTAG# #URL# ></document>
		<document> A new version of Romeo & Juliette... #HASHTAG# &gt; Taliban say husband and wife in #HASHTAG# suicide attack #URL# ></document>
		<document> #USER# I can take a break whenever I want it will just delay my studies but I must finish first ></document>
		<document> #USER# :) same here, rather a smoking hole for me… ></document>
		<document> We all need to listen carefully when someone speaks. Before anything, that's a self reminder. #URL# ></document>
		<document> Love and gratitude to all the people standing with Muslims in #HASHTAG# #HASHTAG# ></document>
		<document> And you're still alive and you still have to fight. For what? Dying is easy. Living is the hardest thing ever when the one is gone.. ></document>
		<document> If you're not a White holder of a French/German/English/Swiss/US+ passport with a European sounding name, your life is less valuable. ></document>
		<document> Indeed, France will never be the same. First for the French Muslims, then for anyone paying taxes. #HASHTAG# #HASHTAG# ></document>
		<document> #USER# Thanks, to you too! ></document>
		<document> I've slept less than 3h &amp; I'm about to finish my giant pot of coffee 😋 #HASHTAG#? #HASHTAG# ></document>
		<document> Another missing plane… ></document>
		<document> Bill giving job preference to IDF veterans slammed as discriminatory #URL# / that's a tradition not discrimination. #HASHTAG# ></document>
		<document> So many details of the story told by Gov officials are curious. Why would the Kouachi brothers open the doors to get killed? #HASHTAG# ></document>
		<document> #HASHTAG# = my childhood. ></document>
		<document> Most of the time, people think they know better what you're going through… #URL# ></document>
		<document> Hate is easy to grow, easy to spread. Telling the truth is harder. Being good is harder. Smiling when hurt is harder. ></document>
		<document> Yes, it was surprising that Jews weren't involved so far. #HASHTAG# #HASHTAG# #HASHTAG# ></document>
		<document> Funny 21st May at 6pm when fervent christians were awaiting for the #HASHTAG#. Did they change religion right after? #HASHTAG# #HASHTAG# ></document>
		<document> Focus on what's ahead but never forget where you come from. ></document>
		<document> I wish I was drunk too. I wouldn't give a fuck while my mind would be reeling... ></document>
		<document> #USER# #USER# #USER# Too bad it’s not accessible without registration... ></document>
		<document> Just think about it, when you ask for an inch trim and end up with minus 10cm in your length... And how patient you’ve been growing it... ></document>
		<document> I hate the way documentaries are made by the French media. I always feel like they're mocking the other cultures/traditions. ></document>
		<document> Sometimes I try hard to believe that the ways out of all the world issues can be found in the Pokemon anime episodes. ></document>
		<document> Mainstream media can’t help but stress on « KOSHER » shop. No idea why tensions against Muslims are rising… #HASHTAG# #HASHTAG# ></document>
		<document> Wtf every single day? No relief?? #HASHTAG# 😞 #URL# ></document>
		<document> Hollande is taking too long to speak. The entire world already spoke. Meanwhile he's getting his hair done. ></document>
		<document> Check this out: #URL# It's supposed to be a rifle, not a stick - a dance to prepare everyone to fight. #HASHTAG# ></document>
		<document> I wanna believe it even tho I'm not a big fan of #USER# ... #HASHTAG# ></document>
		<document> Being well informed and calling #HASHTAG# "an unwise act" proves your stupidity and ignorance re French politics/public debates. ></document>
		<document> #USER# would mind joining me for a cup? :) ></document>
		<document> Do you REALLY think it has evolved for one bit? ></document>
		<document> I don't care if my sadness annoys you. I don't care if you don't give a fuck. I just do n o t c a r e. ></document>
		<document> At least today was a little bit productive... #HASHTAG# ></document>
		<document> #USER# I guess tho when you start being a makeup junky you want the dupe and the high end product 😂 ></document>
		<document> It’s pretty ironical when Gov pretends that terrorists were already watched. We’re really bad at prevention apparently… #HASHTAG# #HASHTAG# ></document>
		<document> Tea time! ></document>
		<document> So they executed a Taliban? 2? #HASHTAG# #HASHTAG# ></document>
		<document> #USER# It had no significance until media gave it one. And by « it » I’m talking about the fact that the shop is kosher &amp; owned by a Jew ></document>
		<document> The perspective of getting into this year’s winter is quite scary. #HASHTAG# ></document>
		<document> I want refined chocolate. ></document>
		<document> It’s ~5AM and people are in the streets of #HASHTAG#. #HASHTAG# ></document>
		<document> I like my roommates but I do have to act like a mother with them, otherwise we won't eat anything else but pasta, eggs, pasta, eggs, pasta.. ></document>
		<document> I'm fed up and tired. A secure bet for the next decade: each time you hear about terrorism, pay for "Islamist" perpetrators. ></document>
		<document> Insulting religion is still a crime | #HASHTAG# court jails former opposition official accused of insulting #HASHTAG# #URL# ></document>
		<document> Oh good #HASHTAG#! Not really... Shit isn't over, apparently terrorists got a hostage... #HASHTAG# #HASHTAG# ></document>
		<document> #USER# yes, expecting Gov to announce more investment in defense while it’s austerity, best shot for them ></document>
		<document> #HASHTAG# has the power to shake a whole nation. When it does, it’s a non negligible sign of deep social issues. #HASHTAG# #HASHTAG# ></document>
		<document> That's a really important initiative to fight growing #HASHTAG# / #HASHTAG# in #HASHTAG#. #HASHTAG#  #URL# ></document>
		<document> I need a coffee. A strong one, please. ></document>
		<document> May you feel your skin shivering as mine did. May you know about it all before it's too late. ></document>
		<document> #USER# Exactly. Let’s hope the extreme right wing doesn’t get as much votes as they’re expecting! ></document>
		<document> Howwwme. ></document>
		<document> #USER# One day for sure, may God let us live for that day ></document>
		<document> I think I'm ready to adopt again a cat. ></document>
		<document> Good morning all! ></document>
		<document> #HASHTAG# - Protects You And Your Home From Ghosts And Negative Spirits! #URL# ></document>
		<document> I'm going to do allergies tests and I pray hard chocolate will be off the list 😫 ></document>
		<document> Just got delivered! Happy to finally be the owner of a proper printer :D #HASHTAG# #URL# ></document>
		<document> Such a beautiful picture! #HASHTAG# RT #USER#: The Egyptian Cosette? #URL# ></document>
		<document> I knew I would need my ID. Really?? Do I look like a minor? Ew ya #HASHTAG#. ></document>
	
</author><document> #USER# Thank you. Hope you have a great holiday too ></document>
<Documentation> "Night air, good conversation, and a sky full of stars can heal almost any wound." ~ #URL# ></Documentation>
<Documentation> The most famous face ATM in the whole world: Man Haron Moniz. #HASHTAG# ></document>
<Documentation> My #HASHTAG# is all about Prodigy! Their songs!! Rebellion Radio! I'm crazy! 😍 ></document>
<document> 5 out of 5 Tells a Mountain of 5 Stars by James Baldwin #URL# ></document>
<Documentation> Today was a 1 hour 30 minute session on #HASHTAG#. It's resurrection! Do you have any good tips for #HASHTAG#? ></documentation>
<Documentation> How does Darwinism explain the female/male distinction? does anyone know? ></documentation>
<document> need to go back to revision... ></document>
<Documentation> #USER# Thank you. ></documentation>
<document> Pedophile clerics should try Nutella instead of children... #HASHTAG# ></document>
<document> 5 out of 5 stars Brave New World / Brave New World Rev... by Aldous Huxley #URL# ></document>
<Document> BATNA Eternal Lover. ></documentation>
<Documentation> What else? Well, #HASHTAG# is still denied to breathe or live. Rather slaughtered and slaughtered. Scream for them and support them! ></documentation>
<Reference> Today is Dentist's Day. May the Force be with me... 😩 ></document>
<documentation> I spent hours cleaning up #HASHTAG#. Now at 00:07, it's clearly a failure. 😞 #HASHTAG# 😭 ></document>
<document> Italy bombs military targets in Libya #URL# |Legitimate, piece of greasy cake, she welcomes refugees.. #HASHTAG# ></document>
<document> "indefinitely" is pretty silly. ||Greek government suspends football #URL# #HASHTAG# #HASHTAG# ></document>
<Document> Oh joy! Illegal Israel must be crazy! || #HASHTAG# STAGES WAR GAME, BOAT HITS Mockup US SHIP #URL# via #USER# ></document>
<document> #USER# Would you like to participate? Happy New Year chérie &lt;3 ></document>
<document> should be read again. Before you write anything, you'll probably read it at least ten times. ></documentation>
<Document> #HASHTAG# 😞 Humans are born equal and die equally. #HASHTAG# kills everywhere! #URL# ></Document>
<Documentation> You are not cheap. Don't let anyone shake your confidence ❤️ #HASHTAG#

•
#HASHTAG#… #URL# ></document>
<Documentation> European leaders are hypocrites. They don't care about #HASHTAG#. They want to keep their privileges. Refugees return to their home countries. ></documentation>
<document> 5 out of 5 Stars for Apartheid in Israel by Ben White #URL# ></document>
<Documentation> Keep an eye on #HASHTAG#. #URL# ></document>
<document> Let's convert... #HASHTAG# RT #USER# #HASHTAG# tells Arabs that Jewish #HASHTAG# is good for them #URL# ></document>
<Document> #USER# DEAL! :) ></Document>
<documentation> #HASHTAG# - I don't even know if there will be a second season of #USER#?? #HASHTAG#season 2 ></documentation>
<documentation> no need to such useless attacks. My religion is not your concern. My point is clear. No to racism. #URL# ></document>
<Documentation> Unity and Love. That's what these pictures show us. #HASHTAG# #URL# ></document>
<documentation> As a Moroccan, I react like an Israeli... Hmmm, "Simona Guzman" sounds like Israeli/Jewish: #HASHTAG# not allowed! #HASHTAG# #HASHTAG# ></document>
<Document> I've been waiting on the shelf for years to read this book, one of the best ever! I definitely… #URL# ></document>
The <document> says:
"Recently, I've come to realize that there are so many important facts and questions that my jaw just can't handle them all."
Does it make sense? ></documentation>
<documentation> Can't wait to see the results! #HASHTAG# ></document>
<document> #USER#, that's sad. I think I have solved it. Anyway, I personally hold nothing against you. ></documentation>
<document> Food served :D #URL# ></document>
<document> I can't even try to tweet.. #HASHTAG# ></document>
<Documentation> Hibernation begins. #HASHTAG# ></document>
<documentation> Much solidarity is needed for mourning families after #HASHTAG#, but #HASHTAG# keeps people out of the streets. ></documentation>
Counting down <document> days doesn't keep us busy (no surprise at all). ></documentation>
<document> #USER# #HASHTAG# #HASHTAG# #URL# ></document>
<Documentation> #HASHTAG#: 75 dead, 15 critical, over 50 injured. #HASHTAG# #URL# ></document>
<Documentation> Good! RT #USER#: OK, who wants to go #HASHTAG# on CODEPINK??? Vamos. #HASHTAG# ></document>
<document> I have dishes to wash, food to cook, and millions of packages. No time for useless arguments. ></documentation>
<Documentation> How are you? Are you mad at my sad tweets yet? ></documentation>
<Document> When I read a Jewish Zionist describing the Jews, I found it amusing. He frames Jewish clichés beautifully. #HASHTAG# ></document>
<document> Many of the banners I've seen are plain but beautiful. #HASHTAG# #HASHTAG# #HASHTAG# #URL# #URL# ></document>
<document> I've been away from the news follow-up mania for months. Sounds like something you said at an AA meeting. Where's my coin!? ></document>
<document> If Erdogan had Samsung instead... #HASHTAG# ></document>
<document> #USER# I like your new photo :) ></document>
<document> #USER# Depends on how cold it gets. Some winters have heavy snowfall, others are very short :) ></document>
<documentation> The more I think about leaving, the more #HASHTAG# tempts and hooks me. *sigh* ></document>
<document> Maybe you're feeling insecure and upset that your past is making you feel more anxious? ></document>
<Document> And about the police subject, I had a dream. ></documentation>
<document> #USER# I don't think so. Rather pessimistic. we haveA clump of prejudice trying to take advantage of terrorist attacks. ></documentation>
<documentation> I decided to stop.
To stop carrying my pain.
To stop bringing everyone's misfortune into my life.
I decided not to.
you can? ></documentation>
<Documentation> Thursday was the bloodiest day with over 100 deaths. The #HASHTAG# death toll has passed 800. #HASHTAG# ></document>
<Document> My heart aches so much. I can't stop crying every time I see the news about Syria. Incredible… #URL# ></document>
<document> The only war I'm in is against... Mosquitos. fucking mosquito. ></documentation>
<Document> Hundreds were arrested, some of us imprisoned. Because we weren't clueless as to who would lead our country? Are they even ready to take it from "ours"? ></documentation>
<document> #USER# In fact, a protest is planned for this Saturday. I don't know yet if it is maintained. ></documentation>
<document> hello =] ></document>
<Data> Pink Highlight Day. Solidarity with smokers. #HASHTAG# I like people, not poisons. ></documentation>
<document> Good morning Twitterland :) ></document>
<documentation> When I start reading, I tend to order 10 copies. As a result, unread books pile up. 🙈></documentation>
<document> mainly because I hate waiting for delivery. I like touching and smelling products. ></documentation>
<Documentation> I forgot that it's a British TV show. I don't know much, but this is a very good one. #HASHTAG# ></document>
<Documentation> Here is a video of #USER# speaking at the Oslo Freedom Forum: #URL# These are the words to remember. share. ></documentation>
<document> "#HASHTAG# makes me feel calm when I think of you. I close my eyes and I see you. I can feel you." ></document>
<document> And other countries with far fewer cases on their quarantine lists... very confusing. #URL# ></document>
<documentation> #USER# good night ></documentation>
<document> So I decided to go for a luxury session instead. 😌> </document>
<document> #USER# lol So sounds like all english cholva at some point, funny! ></document>
<document> If I were to write down everything I've noticed in the last few days, I'm sure you'd think I was some kind of crazy crazy woman. ></documentation>
<document> When something gets in the way, it generally involves change - change that everyone fears. #HASHTAG# ></document>
<document> One of the recent additions to the playlist: "Burn" #URL# #HASHTAG# ></document>
<Documentation> Interesting. RT #USER#: MI6 and CIA instigated Syrian genocide 2 years before it all started #URL# ></document>
<document> 13,800+ Later...I'm going down soon.. ></document>
<documentation> A goal has been set. Lesbian, lesbian, lesbian, lesbian, lesbian, lesbian, lesbian, lesbian, lesbian, lesbian, lesbian, lesbian. #URL# ></document>
<document> That's when "democracy" shows how dictatorial it is | ISIS Impact on Web Prompts, First Amendment Revisited #URL# ></document>
<Documentation> Lazy #HASHTAG# :) It's finally HOLIDAYS with the last exams of the week! #HASHTAG# ></ document>
<Documentation> Don't talk to me when there's a perfume ad spot on TV. #HASHTAG# #HASHTAG# ></document>
<document> I do not belong to any political party. I do not support the current administration. #HASHTAG# #HASHTAG# #HASHTAG# ></document>
<Documentation> Me too. RT #USER#: I really want to go to the moon. The earth is too bloody for me. ></documentation>
<Documentation> Release of Israeli gas from #HASHTAG# will free 4800 prisoners. #HASHTAG# (might be true... ) ></document>
<document> When I say assimilation and assimilation, it's not a "choice". Racism is real. You can cite a lot of sociological studies. Blast ></document>
<document> I hate this book. Because it may contain truths that you don't want to admit. ></documentation>
<Documentation> Women have been around as long as men. And for a long time, men still think that all they have to do is decide to deny women their right to exist.
<Document> One sad fact: Despite the tragedy, many racist posts blame #HASHTAG# and its people on #HASHTAG#. ></documentation>
<Documentation> Yes, I like people blaming each other on Twitter. Yes, I like reading comments of uneducated people who speak like experts. #HASHTAG# ></document>
<document> I didn't choose to fly with #USER# but that's definitely the last time. National airlines still deserve far more trust. ></documentation>
<Documentation> This is my latest record. For the first time in my life... #URL# ></document>
<Data> I bought that concealer again for the first time in 3 years. I strongly recommend it. Also new little tools and colors :)… #URL# ></document>
<document> Chinese food with my baby meliie_mg @ Au Petit Wok #URL# ></document>
<Documentation> My eyes healed. All dead skin fell off. But now I have an allergic reaction and my hands are on fire. ></Document>
<document> #HASHTAG# rally supports Erdogan following #HASHTAG# attempt #URL# ></document>
<document> #USER# Yes, worse things are coming our way ></document>
<document> At 3am, my sister's cover letter was almost done… 😪 ></document>
<Documentation> Teaching is one of the most beautiful professions on the planet. Ask #USER# :) #URL# #USER# ></document>
<document> #USER# American style? I have to test and taste! ;) ></documentation>
<document> And they just brought the show back on TV. How angry #HASHTAG# #HASHTAG# ></document>
<documentation> I almost never open a miserable photo or video. I cry all the time and can't move forward for days... ></document>
<Documentation> Today was the peak of anger mixed with hate. Jealousy can be very devastating. ></documentation>
<Documentation> To keep up with the drama of this world, you need to get seriously high. ></documentation>
<document> #USER# says ``Arabs will not agree to anything'' and the whole region is ``always in trouble''></document>
<Documentation> I agree…RT #USER#: I'm too fed up with everything that's going on in the world. ></documentation>
<document> #USER# Oh, it's your morning! Good morning :) ></document>
<Documentation> Journalism is not a crime. #HASHTAG# ></document>
<document> #HASHTAG# Violence: Indian Authorities Seize Newspapers, Shut Down Cable TV After Killing Separatist Leader #URL# ></document>
<document> #HASHTAG#… I miss the sun. ></documentation>
<Document> Athletic system was fine. I couldn't sleep well😩 ></document>
<document> I need a coffee... *yawns* ></document>
<document> that's how I roll. #HASHTAG#tweep. #URL# ></document>
<document> #USER# You're welcome, Doc' :) ></document>
<document> #USER# They #USER# compared weekdays and holiday lightning...they don't really have any serious themes to tackle...></document>
<document> Merry Christmas everyone :) ></document>
<Document> How's your day going? :) ></Document>
<documentation> Found something to do this afternoon: gardening! ></documentation>
<Documentation> What to expect when inspired: savory rice, French omelet, red cabbage salad. Proud... #URL# ></document>
<document> I truly believe that experience makes a woman. No matter what you read, if you haven't felt it in your gut, you don't know it. ></document>
<document> This is your path, not someone else's. This is your life, not someone else's. •

#HASHTAG# #HASHTAG#… #URL# ></document>
<document> #USER# #USER# The Zionists have real power in this country. Muslims do not speak up and are easy targets when problems arise ></document>
<document> I spend 12 hours a day packing. FML. ></documentation>
<documentation> "I love the 3 am version of people. Vulnerable, honest, and real." #URL# ></document>
<Documentation> Haha #HASHTAG# RT #USER#: #USER# But you thought the purpose of being a Muslim woman was to marry, reproduce and follow your husband? ></Document>
<Documentation> Journalists don't seem to have much information, an ambulance is seen, gunshots are heard, and a helicopter is hovering. #HASHTAG# ></document>
<Documentation> #HASHTAG# never leaves once you enter your daily life. That's how everything about it sticks. ❤️ ></documentation>
<document> #USER# Hope it doesn't snow. I will check your blog regularly. ></documentation>
<document> #USER# You're welcome :) #USER# ></document>
<document> It feels good to start over. As if nothing had happened. ></documentation>
<documentation> #HASHTAG# I love it more and more. I'm still a little camera shy. ></documentation>
<document> is huge if true. RT #USER#: UNCONFIRMED: Resistance fighters in IOF uniforms infiltrate southern 'Israel'. #HASHTAG# #HASHTAG# ></document>
<Documentation> At the same time, French troops invaded the Kosher Shop &amp; Kosher Shop. The building where the companions were hiding #HASHTAG# #HASHTAG# #HASHTAG# ></document>
<Document> Drakei <3
nostalgic.
Days lost in #HASHTAG# ></document>
<document> I alwaysI thought she was an excellent student. guess what? She asked her professor for a recommendation to pursue a master's degree in Israel. ></documentation>
<document> By the way #USER# This is the 3rd time this week that I've been asked to reset my password due to suspicious activity. ></documentation>
<Documentation> Yes, please. All museums and public spaces. #URL# ></document>
<Documentation> This world is crazy. The world could turn upside down in just one night. #HASHTAG# ></document>
<document> French Elections 2012: Socialists Prepare to Welcome #HASHTAG# #HASHTAG# #HASHTAG# #URL# ></document>
<document> New version of Romeo and Juliet... #HASHTAG# &gt; Taliban say husband and wife in #HASHTAG# suicide attack #URL# ></document>
<document> #USER# You can take a break anytime. I'm just going to be late to study, but I have to finish it first ></document>
<document> #USER# :) Same here, but more of a cigarette hole for me... ></document>
<Documentation> We all need to listen carefully when someone speaks. First and foremost, it's a reminder to myself. #URL# ></document>
Love and gratitude to all those who stand with Muslims in <document> #HASHTAG# #HASHTAG# ></document>
<document> And you are still alive and still have to fight. For what? Dying is easy. Life is the hardest thing ever when someone is gone..></document>
<document> Your life isn't worth much if you have a French/German/British/Swiss/US+ passport and your name isn't white with European names. ></documentation>
<document> Indeed, France will never be the same. First to French Muslims, then to all taxpayers. #HASHTAG# #HASHTAG# ></document>
<Documentation> #USER# Thank you. ></documentation>
<documentation> I slept less than 3 hours. I'm about to finish a giant pot of coffee 😋 #HASHTAG#? #HASHTAG# ></document>
<document> Another missing plane... ></document>
<Document> IDF Veterans Prioritized Work Bill Condemned as Discriminatory #URL# / It's Tradition, Not Discrimination. #HASHTAG# ></document>
<Document> The details of the story told by government officials are very interesting. Why are the Kouasi brothers killed for opening the door? #HASHTAG# ></document>
<documentation> #HASHTAG# = my childhood. ></documentation>
<document> Most of the time people think you know what you're going through... #URL# ></document>
<Documentation> Hate is easy to grow and easy to spread. Telling the truth is harder. Good things are hard. It's hard to laugh when you're hurt. ></documentation>
<Document> Yes, I was surprised that Jews weren't involved so far. #HASHTAG# #HASHTAG# #HASHTAG# ></document>
<Documentation> Funny story of a devout Christian waiting for #HASHTAG# on May 21st at 6pm. Did they change religion soon afterward? #HASHTAG# #HASHTAG# ></document>
<document> Stay focused and never forget where you came from. ></documentation>
<Documentation> I wish I was drunk too. I don't care while I'm upset... ></document>
<document> #USER# #USER# #USER# unfortunately not accessibleut register... ></document>
Think of <document> . If you asked for an inch of trimming and ended up being minus 10 cm long...and how patiently you've been stretching it out... ></document>
<document> I don't like the way the French media make documentaries. I always feel like they mock other cultures and traditions. ></document>
<documentation> Sometimes I try to believe that we can find ways to solve the world's problems in episodes of the Pokémon anime.></documentation>
<Documentation> Mainstream media can't help but highlight the 'KOSHER' shop. I don't understand why tensions against Muslims are rising... #HASHTAG# #HASHTAG# ></document>
<document> every day? don't you feel safe? ? #HASHTAG# 😞 #URL# ></document>
<document> Hollande is taking too long to speak. The whole world has already spoken. Meanwhile, he is getting his hair done. ></documentation>
<document> See here: #URL# This should be a rifle, not a stick - a dance to get everyone ready to fight. #HASHTAG# ></document>
<document> Even if you're not a big fan of #USER#, believe me... #HASHTAG# ></document>
<Documentation> Your well-informed calling #HASHTAG# "unwise" proves your stupidity and ignorance of French politics/public debate. ></Document>
<document> #USER#, would you like to have a drink with me? :) ></documentation>
<document> Do you really think it has evolved a bit? ></document>
<document> I don't care if my grief bothers you. Don't worry about it. not give a damn about. ></documentation>
<document> At least I was a little productive today... #HASHTAG# ></document>
<document> #USER# When you start getting addicted to makeup, I think you're going to crave some high-end products that fool you 😂 ></document>
<document>It's pretty ironic that the government pretends terrorists are already being watched. Apparently we're really bad at prevention... #HASHTAG# #HASHTAG# ></document>
<Material> Tea time! ></documentation>
<document> So they executed the Taliban? 2? #HASHTAG# #HASHTAG# ></document>
<document> #USER# didn't make sense until the media gave it. And by “it” we are talking about the fact that the restaurant is kosher and cares about the food. Jewish Owned ></document>
<Document> The perspective of rushing into this winter is pretty scary. #HASHTAG# ></document>
<Document> I want some fine chocolate. ></documentation>
<Documentation> Around 5am people are on #HASHTAG# streets. #HASHTAG# ></document>
<document> I like my roommates, but I have to act like a mother with them. Otherwise, you will only eat pasta, eggs, pasta, eggs, pasta..
<Documentation> I'm fed up and tired. A safe bet for the next decade: Pay the price for the “Islamist” perpetrators every time you hear about terrorism. ></documentation>
<document>Insulting religion is still a crime | #HASHTAG# Court imprisons former opposition official accused of insulting #HASHTAG# #URL# ></document>
<Document> #HASHTAG# Great! It's not true... the shit is not over, apparently a terrorist has been taken hostage... #HASHTAG# #HASHTAG# ></documentation>
<document> #USER# Yes, we expect governments to announce more investments in defense during austerity, which is in their best interest ></document>
<Documentation> #HASHTAG# has the power to shake up entire nations. When it does, it's an undeniable sign of a serious social problem. #HASHTAG# #HASHTAG# ></document>
<Documentation> This is a very important initiative to combat #HASHTAG# / #HASHTAG# expansion within #HASHTAG#. #HASHTAG# #URL# ></document>
<Document> I need a coffee. Please be strong. ></documentation>
<Documentation> Feel your skin tremble like I do. May we know everything before it's too late. ></documentation>
<Documentation> #USER# That's right. Let's hope the far right doesn't get as many votes as they hoped! ></document>
<Documents> Home. ></documentation>
<document> #USER# Someday God let us live for that day></document>
<Documentation> I think I'm ready to adopt a cat again. ></documentation>
<documentation> Good morning everyone! ></documentation>
<document> #HASHTAG# - Protect you and your home from ghosts and negative spirits! #URL# ></document>
<document>I'm going to do an allergy test and hope hard chocolate is off the list😫 ></document>
<Document> Arrived! Happy to finally own a proper printer :D #HASHTAG# #URL# ></document>
<documentation> Very beautiful pictures! #HASHTAG# RT #USER#: Cosette of Egypt? #URL# ></document>
I knew I would need the <document> ID. TRUE? ? do i look underage? Um #HASHTAG#. ></documentation>

</author>