
	
		<document> "There is no such thing as #HASHTAG#...for us?" Once again, #HASHTAG# proves he is the finest paid for #HASHTAG# of #HASHTAG# #HASHTAG#, #HASHTAG# &amp; #HASHTAG# #HASHTAG#. A #HASHTAG# to #HASHTAG#. 
#HASHTAG# #HASHTAG# #URL# ></document>
		<document> There's a #HASHTAG# #HASHTAG# #HASHTAG# called "Mike Crapo"? 
#HASHTAG# taking a large #HASHTAG# on the #HASHTAG#. #URL# ></document>
		<document> He's back! 
#HASHTAG# #URL# ></document>
		<document> She had an actual #HASHTAG#? So the #HASHTAG# #HASHTAG# was duped once again by the #HASHTAG# of apparent #HASHTAG#. 

Possible test as to a #HASHTAG#'s #HASHTAG#: 

When was the last time they volunteered at a #HASHTAG# #HASHTAG#? And the price of #HASHTAG# is...? 

#HASHTAG# #URL# ></document>
		<document> It's #HASHTAG# to think that #HASHTAG# are more #HASHTAG# of a #HASHTAG#. 

#HASHTAG# #HASHTAG# #HASHTAG# #HASHTAG# #HASHTAG# #HASHTAG#ists #URL# ></document>
		<document> So you're #HASHTAG#, you want to defend the #HASHTAG# #HASHTAG#' #HASHTAG# of "#HASHTAG# #HASHTAG#" and you happen to be in #HASHTAG# of #HASHTAG#? Sound eerily, if not tragically, familiar. #HASHTAG# #URL# ></document>
		<document> A #HASHTAG# of 1k #HASHTAG# is not #HASHTAG# enough. Moreover, the #HASHTAG# can't predict what will happen post #HASHTAG# regarding #HASHTAG# &amp; level of #HASHTAG# #HASHTAG#. Additionally, #HASHTAG# is unlikely to provide helpful #HASHTAG# #HASHTAG#. #HASHTAG# don't understand #HASHTAG#. #URL# ></document>
		<document> #HASHTAG# &amp; #HASHTAG# shouldn't worry. Given the #HASHTAG# #HASHTAG# in #HASHTAG#, it would take quite a while to collect them all so the #HASHTAG# #HASHTAG# will continue unabated.
#HASHTAG# #HASHTAG# #HASHTAG# #HASHTAG# #HASHTAG# #HASHTAG# #HASHTAG# #URL# ></document>
		<document> #USER# 10) Festival toilet suddenly unavailable
11) Republican picnic went well
12) Ranger searched for craft
13) Smokey character warranted rethink
14) Amazon drone got lost
15) Cigar aficionado loses Montecristo
16) Campfire battled the marshmallows
17) Being gaslit was misunderstood ></document>
		<document> It's #HASHTAG# that they won't teach #HASHTAG# #HASHTAG# with a self effacing #HASHTAG# but are #HASHTAG# to dole out, presumably, a #HASHTAG# thereof without #HASHTAG# to #HASHTAG# thus encouraging a #HASHTAG# of recent #HASHTAG# in the #HASHTAG#. As Nancy Reagan once said: "Just say no". 
#HASHTAG# #URL# ></document>
		<document> It depends on how it is taught, doesn't it? They teach the #HASHTAG# of the #HASHTAG# in German #HASHTAG#. 

And #HASHTAG# come away with the #HASHTAG#: "Never Again". 

Only in the hands of #HASHTAG# would this #HASHTAG# become #HASHTAG#. 

#HASHTAG# #HASHTAG# #HASHTAG# #URL# ></document>
		<document> Some rare good news. But it's currently not in the upcoming #HASHTAG# bill, is it? 

#HASHTAG# #URL# ></document>
		<document> Phew...I was really worried for him... #URL# ></document>
		<document> Respectfully, it is said in some circles that #HASHTAG# was striving to emulate #HASHTAG# and that has led to this #HASHTAG# #HASHTAG#. A #HASHTAG#. The #HASHTAG# must step up and help #HASHTAG# in this #HASHTAG#. #URL# ></document>
		<document> “Do all you can, to tell yourself this isn't a black hole, but only a tunnel. And there's light at the end of it.” 
~ Hata Curry 
#HASHTAG# #URL# ></document>
		<document> We apologise for the interruption in what we loosely call "service". #HASHTAG# #URL# ></document>
		<document> Blake Carrington
#HASHTAG# #URL# ></document>
		<document> You have to give #HASHTAG# #HASHTAG#. He may be a #HASHTAG# #HASHTAG# but he knows he is less of a #HASHTAG# than the entire #HASHTAG# of the #HASHTAG# #HASHTAG# combined. And the #HASHTAG# #HASHTAG# must be #HASHTAG#. #URL# ></document>
		<document> If all the #HASHTAG# #HASHTAG# #HASHTAG# could just #HASHTAG# to re-direct the #HASHTAG# to some far #HASHTAG# #HASHTAG#. Now that would be a #HASHTAG#... #URL# ></document>
		<document> Sometimes we use the symbol Ø to represent no solutions. That symbol means “empty set” which means that the set of all answers is empty. In other words, there is no answer. In the case of #HASHTAG#, it's back to the drawing board. Get the #HASHTAG#. #HASHTAG# #HASHTAG# #URL# ></document>
		<document> He's right. #HASHTAG# cover a #HASHTAG# of #HASHTAG# which provide #HASHTAG# #HASHTAG# for the #HASHTAG#. #URL# ></document>
		<document> Absolutely. But they will need to have a hedge fund as an entrance requirement. #URL# ></document>
		<document> That assumes a #HASHTAG# like #HASHTAG# will even #HASHTAG# another #HASHTAG#...and he doesn't which is properly scary given the #HASHTAG# he holds. #URL# ></document>
		<document> We'll get better pies... #URL# ></document>
		<document> Or somewhere like Calais where troops from all over had congregated in WWI? #URL# ></document>
		<document> The #HASHTAG# can never truly be addressed with #HASHTAG#. I hope the #HASHTAG# gets all the #HASHTAG# they need to move forward. And maybe the #HASHTAG# could learn and apply other, #HASHTAG# #HASHTAG# in the #HASHTAG#? Goodness knows the #HASHTAG# would appreciate it. #URL# ></document>
		<document> "I'll take Great Imbeciles in History for 200, Alex" 

#HASHTAG# #URL# ></document>
		<document> "Many have finally awakened to the fact that #HASHTAG# they have blindly supported for so long are not, in fact, their friends. They are not the friends of anyone in this country, they are dangerous. That’s obvious." #HASHTAG# #HASHTAG# #HASHTAG# #HASHTAG# #HASHTAG# #URL# ></document>
		<document> #HASHTAG#! Is this another #HASHTAG# #HASHTAG# attacking #HASHTAG# #HASHTAG#? Is this coming from semi #HASHTAG# #HASHTAG# who has claimed #HASHTAG# never described #HASHTAG# as #HASHTAG#? Is this #HASHTAG# or #HASHTAG# #HASHTAG# #HASHTAG#? #HASHTAG# #HASHTAG# #HASHTAG# #URL# ></document>
		<document> #USER# #USER# #HASHTAG# are not defending violence. Did you ever consider  that #HASHTAG# is a statement on the #HASHTAG#'s #HASHTAG#? Let me help you: #HASHTAG# experience little or no justice and therefore have no peace. Run along now. #HASHTAG# ></document>
		<document> Jan 2018, #HASHTAG# said he had an informant with info that #HASHTAG# &amp; #HASHTAG# conspired against #HASHTAG# in 2016 #HASHTAG# #HASHTAG#; He described it as a "#HASHTAG#" &amp; said there was "#HASHTAG# at highest levels of #HASHTAG#" The same day, he walked back the #HASHTAG#... #URL# ></document>
		<document> #USER# 1) A Tribe Called Jest
2) Depeche Goad
3) Spandeau Rally
4) Spandeau Bullet
5) BananaDrama
6) BannonADrama
7) Sow Division
8) The Bungles
9) The Crash
10) Simple Minds
11) Trolling Stones
12) Stalking Teds
13) Fool &amp; The Gang
14) Sonic Douche
15) Dire Straits
16) UltraCox ></document>
		<document> Here's an idea: let's put the #HASHTAG# into #HASHTAG# #HASHTAG#. #HASHTAG# #HASHTAG# #URL# ></document>
		<document> Bring back #HASHTAG#! Her deft waving of paper is missed. #URL# ></document>
		<document> https://t.co/cjWVK7Dggzn#HASHTAG# #HASHTAG# #HASHTAG# #HASHTAG# #HASHTAG# #HASHTAG# #HASHTAG# #HASHTAG# #HASHTAG# #HASHTAG# #HASHTAG# #HASHTAG# #HASHTAG# #HASHTAG# #HASHTAG# #HASHTAG# #HASHTAG# ></document>
		<document> Apart from a list of absolutely #HASHTAG# #HASHTAG#, you could see in the eyes of #HASHTAG# the #HASHTAG# part of her literally go into a dark #HASHTAG# and #HASHTAG#. 
#HASHTAG# #HASHTAG# #URL# ></document>
		<document> Perhaps they share a long term view of its evolution (deterioration)? #URL# ></document>
		<document> Perhaps her bank accounts need to be confiscated and the alleged ill gotten gains distributed to real worthy causes? And don't forget the #HASHTAG#! 
#HASHTAG# #HASHTAG# #HASHTAG# #URL# ></document>
		<document> That #HASHTAG# #HASHTAG# will persist for a while. Sadly. Their #HASHTAG# #HASHTAG# &amp; #HASHTAG# needs to be held in the #HASHTAG# #HASHTAG#. #HASHTAG# #HASHTAG# #HASHTAG# #URL# ></document>
		<document> Hey everybody, 

I think I know where the #HASHTAG# left their teeth. 

#HASHTAG# #URL# ></document>
		<document> #HASHTAG# actually think they're defending #HASHTAG# (&amp; their #HASHTAG#) with #HASHTAG# #HASHTAG#, not appreciating they might well have benefitted financially from #HASHTAG# &amp; #HASHTAG#. Yet happy to commit #HASHTAG#. #HASHTAG# #HASHTAG# #HASHTAG# #URL# ></document>
		<document> “Two things are infinite: the #HASHTAG# and #HASHTAG# #HASHTAG#; and I'm not sure about the universe.”
#HASHTAG# 
#HASHTAG# #HASHTAG# #HASHTAG# #HASHTAG# #URL# ></document>
		<document> #HASHTAG# of #HASHTAG# #HASHTAG# #HASHTAG# hosting that #HASHTAG# of #HASHTAG# #HASHTAG#, #HASHTAG# of #HASHTAG#, who gets paid 180K by #HASHTAG#'s #HASHTAG# to #HASHTAG#...wait for it...#HASHTAG#'s #HASHTAG# on the #HASHTAG# of #HASHTAG#. #HASHTAG# #HASHTAG# #URL# ></document>
		<document> With #HASHTAG# #HASHTAG#, is #HASHTAG# on #HASHTAG# #HASHTAG# #HASHTAG# #HASHTAG# #HASHTAG# about #HASHTAG# #HASHTAG# #HASHTAG# #HASHTAG# #HASHTAG# #HASHTAG#? Well, at least she's #HASHTAG#. #HASHTAG# #HASHTAG# #HASHTAG# #HASHTAG# #HASHTAG# #HASHTAG# #HASHTAG# #HASHTAG# #URL# ></document>
		<document> To be able to #HASHTAG# such #HASHTAG# #HASHTAG# day in day out, you have to commend the #HASHTAG# of #HASHTAG#. Is it #HASHTAG#, #HASHTAG# of #HASHTAG# or #HASHTAG# #HASHTAG# that drives him? 

For those invested in #HASHTAG#:
#HASHTAG# = You Must Count Anything #URL# ></document>
		<document> Free Market Capitalism didn't prevent this pandemic nor resolve it. 

#HASHTAG# &amp; his #HASHTAG# #HASHTAG# are doing the #HASHTAG#. 

BTW "blue color Americans" sounds like a euphemism for those who died at the hands of the former capitalist's incompetence. 

#HASHTAG# #URL# ></document>
		<document> Let's hope these #HASHTAG# of #HASHTAG# continue to receive the necessary #HASHTAG# #HASHTAG# for their #HASHTAG#. #HASHTAG# #HASHTAG# #HASHTAG# #URL# ></document>
		<document> Not just a #HASHTAG# #HASHTAG# &amp; #HASHTAG# of #HASHTAG# &amp; #HASHTAG#. It's #HASHTAG# #HASHTAG# &amp; #HASHTAG# #HASHTAG#atic of #HASHTAG# &amp; #HASHTAG#. Here's the #HASHTAG#: in some #HASHTAG#, #HASHTAG# #HASHTAG# get less #HASHTAG# than a #HASHTAG#. #HASHTAG# #HASHTAG# #HASHTAG# #URL# ></document>
		<document> I don't think he pulled that...out of thin air...definitely from somewhere else... #URL# ></document>
		<document> #USER# Whaatever you do, always give 100%. Unless you're donating blood. ></document>
		<document> #USER# 22) The new variant had taken hold
23) GOP agent doorstepped him mercilessly
24) Homeless alien begged for change
25) He had summoned her again
26) His contact lenses weren't working
27) His cyber specs were working
28) Mother's ghost visits her baby 
4/ #HASHTAG# #HASHTAG# ></document>
		<document> Assuming #HASHTAG# can get to the #HASHTAG# unhindered, perhaps send in hundreds of #HASHTAG# to help with #HASHTAG#? 

Like the #HASHTAG# #HASHTAG# but in reverse - an #HASHTAG#. 

#HASHTAG# ></document>
		<document> That's some tough talking there, Tex...
#HASHTAG# #URL# ></document>
		<document> 👇👇👇👇👇👇👇👇👇👇👇👇👇👇
(unless you know who has perfected net zero battery technology?) #URL# ></document>
		<document> You're speaking now. Freely.
And, specifically, why do you want to go back to school? Need to brush up on your #HASHTAG#? #URL# ></document>
		<document> #USER# #HASHTAG# being #HASHTAG# to #HASHTAG#, #HASHTAG# laughed pretty hard at themselves every time you #HASHTAG# them so skilfully. Long may your satirical eye continue to roam and bash all sides. ></document>
		<document> #HASHTAG# gives #HASHTAG# a bad name with her vile #HASHTAG#. It is both #HASHTAG# and #HASHTAG#. #HASHTAG# #HASHTAG# #HASHTAG# #HASHTAG# #URL# ></document>
		<document> These guys deserve a little attention: #URL#
#HASHTAG# #HASHTAG# #HASHTAG# #HASHTAG# #HASHTAG# #HASHTAG# #HASHTAG# #HASHTAG# #URL# ></document>
		<document> She should try #HASHTAG# on a #HASHTAG# in #HASHTAG# - she'll soon wind her neck in. 
#HASHTAG# #HASHTAG# #URL# ></document>
		<document> It's very possible that he tried to #HASHTAG# himself and didn't pay enough for #HASHTAG#age...in a stolen #HASHTAG#, nobody can hear you #HASHTAG#...
#HASHTAG# #HASHTAG# #HASHTAG# #HASHTAG# #URL# ></document>
		<document> Great point. Still can't figure out whether the #HASHTAG# #HASHTAG# is so deeply embedded in the existing/new #HASHTAG# that we aren't supposed to notice it (but will get "nudged" if at #HASHTAG# etc) or whether it's a #HASHTAG# #HASHTAG#? #HASHTAG# #URL# ></document>
		<document> Could mushrooms be symbolic of #HASHTAG# users:  usually kept in the dark, covered in manure? #URL# ></document>
		<document> Both. And yes, please get #HASHTAG#. Let's overcome this #HASHTAG# with #HASHTAG#, #HASHTAG#, #HASHTAG# and #HASHTAG#. 
#HASHTAG# #URL# ></document>
		<document> Doesn't matter - TFG is going to get probed in #HASHTAG# #HASHTAG# then probed in #HASHTAG# court. And then in #HASHTAG#. #URL# ></document>
		<document> #USER# Only if you have your own loo, chap. She doesn't share. Just ask her security detail. ></document>
		<document> Perhaps the news outlets could start encouraging the idea of truth and reconciliation hearings? No pre-conditions, both sides just turn up, speak quietly and let humanity's sorrow be witnessed by the entire world. Naive, I know. #URL# ></document>
		<document> Of course you're going to suspect a #HASHTAG# with a different flag...like the #HASHTAG# during #HASHTAG# month? Or #HASHTAG#? 

The high school student is clearly a 1 man #HASHTAG#. 

The administrators behind the original decision should go back to school. 

#HASHTAG# #HASHTAG# #URL# ></document>
		<document> #USER# For people who have studied "Gemeinschaftskunde" 😉 ></document>
		<document> #HASHTAG# #HASHTAG# have seemingly relinquished their responsibility to #HASHTAG# #HASHTAG# responsibly (or compentently) &amp; are passing the #HASHTAG# #HASHTAG# #HASHTAG# onto the #HASHTAG# who cannot be expected to be that #HASHTAG# to such #HASHTAG# #HASHTAG# due to #HASHTAG# #HASHTAG#. #URL# ></document>
		<document> A good point which only serves to highlight the very real need to fund the #HASHTAG# properly. #URL# ></document>
		<document> #HASHTAG# #HASHTAG# in #HASHTAG# and #HASHTAG# wants to ban #HASHTAG# of them? Yup, sounds pretty much on #HASHTAG#. Sorry, did I say "brand"? I meant, #HASHTAG# on his #HASHTAG#. 
#HASHTAG# #HASHTAG# #HASHTAG# #HASHTAG# #HASHTAG# #HASHTAG# #URL# ></document>
		<document> #HASHTAG# giveth &amp; taketh away...this time, they got it right...I do enjoy ##HASHTAG# #HASHTAG# reference implying #HASHTAG# #HASHTAG# is against #HASHTAG#...which we all know is patently untrue e.g. #HASHTAG# oh wait...but only if it applies to #HASHTAG#. #HASHTAG# #URL# ></document>
		<document> Soulfully? #URL# ></document>
		<document> Criticial Race Theory compelled the moon to change its orbit and took away my swim trunks. #URL# ></document>
		<document> Being a #HASHTAG# apparently makes him more qualified than #HASHTAG#'s 50 odd years of #HASHTAG#. 

#HASHTAG# #HASHTAG# #HASHTAG# #HASHTAG# #HASHTAG# #HASHTAG# #HASHTAG# #HASHTAG# #HASHTAG# #HASHTAG# #HASHTAG# #HASHTAG# #HASHTAG# #HASHTAG# #URL# ></document>
		<document> you say that cos you're trying to get ahead #URL# ></document>
		<document> Respectfully, many #HASHTAG# have been #HASHTAG# by #HASHTAG# #HASHTAG# #HASHTAG#, courtesy of #HASHTAG# #HASHTAG#. They've ridden #HASHTAG# for #HASHTAG# &amp; have never been held to #HASHTAG# for these #HASHTAG# #HASHTAG# by their #HASHTAG# or indeed the #HASHTAG#. #HASHTAG# #URL# ></document>
		<document> #HASHTAG# #HASHTAG# &amp; #HASHTAG# in #HASHTAG# seemingly. Given the recent #HASHTAG# and general #HASHTAG#, this is apparently "not too soon" for #HASHTAG# #HASHTAG#... #URL# ></document>
		<document> Hello #HASHTAG# #HASHTAG#? 

I would like to report an intellectual nutmegging. 

#HASHTAG# #HASHTAG# #HASHTAG# #HASHTAG# #HASHTAG# #HASHTAG# #URL# ></document>
		<document> It might go "T***p in the night"...but #HASHTAG# the #HASHTAG# might object due to #HASHTAG# #HASHTAG# #URL# ></document>
		<document> I am not sure #HASHTAG# even had a hand in it. Won't the unfolding #HASHTAG#, #HASHTAG# #HASHTAG# &amp; violent #HASHTAG# orchestrated by #HASHTAG# #HASHTAG# &amp; #HASHTAG# #HASHTAG# automatically cancel their bid to be the #HASHTAG# party? #HASHTAG# #HASHTAG#. #URL# ></document>
		<document> A broken clock is right twice a day. 
#HASHTAG# #HASHTAG# #HASHTAG# #URL# ></document>
		<document> Maybe he's practising for his upcoming #HASHTAG# on a #HASHTAG#? In non-#HASHTAG# #HASHTAG# of course. #URL# ></document>
		<document> What? I thought #HASHTAG# were running it. After all, they are seemingly responsible for everything, including how utterly #HASHTAG# the #HASHTAG# #HASHTAG# #HASHTAG# are. n#HASHTAG# #HASHTAG# #HASHTAG# #HASHTAG# #HASHTAG# #URL# ></document>
		<document> Not sure the #HASHTAG#/#HASHTAG# of the #HASHTAG# required to create #HASHTAG# around #HASHTAG# in #HASHTAG# #HASHTAG# is appreciated. #URL# ></document>
		<document> The ever #HASHTAG# #HASHTAG#! 
#HASHTAG# #HASHTAG# #HASHTAG# #HASHTAG# #HASHTAG# #HASHTAG# #HASHTAG# #HASHTAG# #HASHTAG# #URL# ></document>
		<document> #HASHTAG# #HASHTAG#? Really? #HASHTAG# is allegedly one of the biggest holders of #HASHTAG#. They probably determine the #HASHTAG# &amp; #HASHTAG# (if only to prove out the #HASHTAG# of #HASHTAG# #HASHTAG#) but not clear if they are commited long term. #URL# ></document>
		<document> With self directed #HASHTAG#, #HASHTAG#, #HASHTAG# &amp; #HASHTAG#. #URL# ></document>
		<document> Perhaps one could postulate that being an alleged #HASHTAG# means one is indeed #HASHTAG# for #HASHTAG# #HASHTAG# e.g. like #HASHTAG# a #HASHTAG# #HASHTAG#? Maybe #HASHTAG# &amp; #HASHTAG# rather than #HASHTAG# is the way forward? 
#HASHTAG# #HASHTAG# #HASHTAG# #URL# ></document>
		<document> The first woman seemingly displays signs of hysteria if not trauma. The second woman sounds Russian? Great sympathy for the children. What parent would expose their own kids to possibility of arrest? The coolness and restraint of the officer is the epitome of #HASHTAG#. #URL# ></document>
		<document> #HASHTAG# is #HASHTAG# in its own #HASHTAG#, #HASHTAG#, #HASHTAG#, #HASHTAG# #HASHTAG# &amp; #HASHTAG# #HASHTAG#. 
#HASHTAG# #HASHTAG# #HASHTAG# #HASHTAG# #HASHTAG# #HASHTAG# #HASHTAG# #HASHTAG# #HASHTAG# #HASHTAG# #HASHTAG# #HASHTAG# #HASHTAG# #URL# ></document>
		<document> Like the #HASHTAG# put in #HASHTAG#? Or someone going to the #HASHTAG#? Or someone sleeping in their car? #HASHTAG# #HASHTAG# #HASHTAG# #HASHTAG# #HASHTAG# #HASHTAG# #HASHTAG# #HASHTAG# #HASHTAG# #URL# ></document>
		<document> So the #HASHTAG# is to always book a #HASHTAG# (in a non-#HASHTAG# #HASHTAG# preferably) before you perform an #HASHTAG#? Got it. #HASHTAG# #HASHTAG# #URL# ></document>
		<document> #HASHTAG# the #HASHTAG#! Are they the #HASHTAG# #HASHTAG# #HASHTAG# of #HASHTAG# &amp; #HASHTAG# #HASHTAG# #HASHTAG# masquerading as #HASHTAG#? Not a #HASHTAG#. They're #HASHTAG#. #HASHTAG# didn't #HASHTAG# with them.  #HASHTAG#'s #HASHTAG# justifies #HASHTAG#'s #HASHTAG# &amp; #HASHTAG# #URL# ></document>
		<document> It's tragically unfortunate. Just can't reconcile the apparent incompetence with the pentagon's usual ability to manage huge complexity. It's so unbelieveably staggering, one has to wonder if there is more to it. #URL# ></document>
		<document> #USER# #USER# It's telling that no mental health support/key workers appear to be present. Also, if these homeless people refuse accommodation &amp; meals etc it may be due to genuine fear and/or mental health conditions. A non-adversarial, kinder, patient approach seems warranted. ></document>
		<document> #HASHTAG# is indeed an #HASHTAG# little #HASHTAG#. #URL# ></document>
		<document> Respectfully, I am not sure I agree. There may be a temporary downtick in activity whilst institutions relocate their trading desks and rewrite their counterparty agreements but London has expertise in non-euro asset classes, wealth management and other financial transactions. #URL# ></document>
		<document> "It never occurred to me convincing #HASHTAG# to believe my #HASHTAG# #HASHTAG# would result in such a #HASHTAG# #HASHTAG# for #HASHTAG#."

#HASHTAG# #HASHTAG# #HASHTAG# #URL# ></document>
		<document> Because such announcements may cause #HASHTAG# and #HASHTAG# opportunities in the #HASHTAG# space? #URL# ></document>
		<document> The kind of guy you need to have in a knitting circle. 

#HASHTAG# #HASHTAG# #HASHTAG# #HASHTAG# #HASHTAG# #HASHTAG# #HASHTAG# #URL# ></document>
		<document> If he is #HASHTAG#, then it is possible his #HASHTAG# for attempting to #HASHTAG# people was due to his recent #HASHTAG#. 

So, in summary:

1) Man gets evicted
2) Man feels bad
3) Man gets 1 of the #HASHTAG# #HASHTAG# 
4) Man goes for a walk
5) Man shoots people

A #HASHTAG# #HASHTAG#? #URL# ></document>
		<document> #HASHTAG#: I may throw my #HASHTAG# out of the #HASHTAG#
#HASHTAG#: Ok
Lawyer: Ain't used to this #HASHTAG# of #HASHTAG#
Judge: You're a lawyer
Lawyer: #HASHTAG# gives #HASHTAG# to #HASHTAG# 
Judge: Don't like #HASHTAG#?
Lawyer: Huh?
Judge: #HASHTAG#?
Lawyer: Yeah
Judge: #HASHTAG# #URL# ></document>
		<document> Respectfully disagree. New guns have to stop being sold and the existing 390m have to be removed from circulation otherwise the #HASHTAG# will simply continue. #URL# ></document>
		<document> Respectfully #HASHTAG#. Perhaps not #HASHTAG# but there are significant #HASHTAG#. A more #HASHTAG# #HASHTAG# should be within #HASHTAG# but never reached. Lots of #HASHTAG# and thus #HASHTAG#. #HASHTAG# #HASHTAG# #HASHTAG# #HASHTAG# #HASHTAG# #URL# ></document>
		<document> Here's a good #HASHTAG#. Get your political leaders to make #HASHTAG# that profoundly miss the point: The #HASHTAG# #HASHTAG# in #HASHTAG# in the #HASHTAG# #HASHTAG# have to be reduced. #HASHTAG# #HASHTAG# #HASHTAG# #HASHTAG# #URL# ></document>
		<document> Does your #HASHTAG# suffer from #HASHTAG# who are officially #HASHTAG# to send #HASHTAG# to beat up #HASHTAG#, #HASHTAG# &amp; #HASHTAG#? Call us at #HASHTAG#.com, pay us enough &amp; we'll show you and your #HASHTAG# how to wipe your #HASHTAG# with the #HASHTAG#. #HASHTAG# #URL# ></document>
		<document> #HASHTAG#'s ban of #HASHTAG# is a #HASHTAG#. The real #HASHTAG# is that they allegedly fixed #HASHTAG# #HASHTAG#, a #HASHTAG# which invites #HASHTAG# #HASHTAG#. (according to #HASHTAG# #HASHTAG#) #URL# ></document>
		<document> Coming from the lowest base. And this 7% growth rate will eventually trend downwards. #URL# ></document>
		<document> #USER# Forgive me, where are the photos of the cops who killed #HASHTAG# #HASHTAG#? Let me guess, the authorities are worried about their safety and won't release them. What a lovely #HASHTAG#. And here you are perpetuating it. Well done. #HASHTAG# ></document>
		<document> #HASHTAG# #HASHTAG# allowed #HASHTAG# to become essentially #HASHTAG# #HASHTAG#. The #HASHTAG# voted in #HASHTAG# that ultimately enabled it. Now #HASHTAG# want to protect their #HASHTAG# by ensuring steady #HASHTAG# #HASHTAG# - sort of contradicts "#HASHTAG#". #HASHTAG# #URL# ></document>
		<document> Is this intended to make it easier for people to shoot each other? 
#HASHTAG# #HASHTAG# #HASHTAG# #HASHTAG# #HASHTAG# #HASHTAG# #HASHTAG# #HASHTAG# #HASHTAG# #HASHTAG# #HASHTAG# #URL# ></document>
		<document> #USER# Merry Christmas! Here are some suggestions:
Michael Connelly 
Elmore Leonard
James Ellroy 
Lawrence Block
Raymond Chandler
Dashiell Hammet ></document>
		<document> One could start with the #HASHTAG# #HASHTAG#...which almost sounds like an #HASHTAG# #URL# ></document>
		<document> Is #HASHTAG# saying the #HASHTAG# were a bit #HASHTAG# because they stayed within a #HASHTAG# #HASHTAG#? Is this before or after people died? 
#HASHTAG# #HASHTAG# #HASHTAG# #HASHTAG# #HASHTAG# #HASHTAG# #URL# ></document>
		<document> Maybe #HASHTAG# will bring a more #HASHTAG# approach to #HASHTAG#? Goodness knows #HASHTAG# deserve #HASHTAG# from the continuous #HASHTAG#. #URL# ></document>
		<document> #USER# #USER# Not a lawyer but saw a possible explanation for this: #HASHTAG# would avoid becoming(?) a co-#HASHTAG# in this case and this may lead to a speedier #HASHTAG# because of the (historical) #HASHTAG# of #HASHTAG#(?) but there would also be #HASHTAG# of the implied #HASHTAG#? ></document>
		<document> "These boots are made for walking" - #HASHTAG# may have shared a few #HASHTAG# on so called #HASHTAG# #HASHTAG#. 
#HASHTAG# #URL# ></document>
		<document> There is footage of #HASHTAG# watching the actual #HASHTAG# unfold in real time.

He didn't
- rush to a bunker
- initiate a state of emergency
- call in reinforcements immediately
- explain why the panic buttons were removed
- reassure the nation

He didn't lead. He never has. #URL# ></document>
		<document> So you can't #HASHTAG# the deterring #HASHTAG# of this #HASHTAG# on #HASHTAG#ing nor the "perceived" #HASHTAG# and the #HASHTAG#. 

Remember to tug your forelock when the next #HASHTAG# of #HASHTAG#, #HASHTAG# and #HASHTAG# come down the track. 

#HASHTAG# #HASHTAG# #HASHTAG# #HASHTAG# #URL# ></document>
		<document> #HASHTAG# &amp; #HASHTAG# have essentially acted as #HASHTAG# #HASHTAG# into which the #HASHTAG# have invested. It's not the great "#HASHTAG#". It's a form of indentured #HASHTAG#. #HASHTAG# #HASHTAG# #HASHTAG# #URL# ></document>
		<document> #USER# What about #HASHTAG# amongst "responsible" #HASHTAG#? Might be a revealing stat. #HASHTAG# ></document>
		<document> Words or letters? Let's try a combo:
#HASHTAG# 
#HASHTAG#
#HASHTAG#
#HASHTAG#
= D.I.C.K. 
#HASHTAG# #HASHTAG# #HASHTAG# #HASHTAG# #HASHTAG# #HASHTAG# #HASHTAG# #HASHTAG# #HASHTAG# 
#HASHTAG# #HASHTAG# #HASHTAG# #HASHTAG# 
#HASHTAG# #URL# ></document>
		<document> That 30% need a good talking to. #URL# ></document>
		<document> They may need to change the date on their T-shirts. And check their website: 
#HASHTAG# #URL# #URL# ></document>
		<document> I do believe this is the #HASHTAG# #HASHTAG# for those over entitled #HASHTAG# who champion #HASHTAG# #HASHTAG# &amp; #HASHTAG# over any #HASHTAG# based #HASHTAG# whatsoever. Such #HASHTAG#...
#HASHTAG# #HASHTAG# #HASHTAG# #HASHTAG# #HASHTAG# #HASHTAG# #URL# ></document>
		<document> It's true. #HASHTAG# is a #HASHTAG# punishable by #HASHTAG#. "Why such a harsh #HASHTAG#?", I hear you ask. Well, #HASHTAG# #HASHTAG# leads to #HASHTAG#. In the #HASHTAG#. These #HASHTAG# #HASHTAG# walk around with #HASHTAG#. They are a threat to #HASHTAG#. And we can't have that. #URL# ></document>
		<document> Isn't he just trying to offset losses? Why would anyone hand over their appreciating asset for an item that loses a 1/5 of it's value as soon as you drive it off the forecourt? #URL# ></document>
		<document> The term "Hearts and Minds" was bandied about by politicians, reporters, generals &amp; soldiers for over a decade. "#HASHTAG#" is part of "#HASHTAG#". Like building schools for girls. Desist from "I told you so" #HASHTAG#, offer #HASHTAG# &amp; Keep Up.

#HASHTAG# #URL# ></document>
		<document> So we have #HASHTAG# and #HASHTAG# aka #HASHTAG#'s #HASHTAG# who, as a #HASHTAG#, allegedly presided over one of the greatest #HASHTAG# of #HASHTAG# #HASHTAG# in #HASHTAG# #HASHTAG#. Lots in #HASHTAG#? #URL# ></document>
		<document> Must...suppress...urge...to...make...rubbish...jokes...about #HASHTAG# #HASHTAG# #HASHTAG# being the #HASHTAG#. #URL# ></document>
		<document> Good job. In #HASHTAG# #HASHTAG#, could you please also include #HASHTAG#, #HASHTAG#, #HASHTAG# and #HASHTAG#? And re-#HASHTAG# #HASHTAG# of #HASHTAG#. #URL# ></document>
		<document> #HASHTAG# is the first step towards #HASHTAG#.

#HASHTAG# #URL# ></document>
		<document> #HASHTAG# is in a mighty flap
About his creaky old pipe
Clap for his tired old crap?
Nah, just get him a wet wipe 
#HASHTAG# #HASHTAG# #HASHTAG# #HASHTAG# #URL# ></document>
		<document> Yes. #HASHTAG# is fraud, no matter how #HASHTAG# the #HASHTAG# may seem. #HASHTAG# might even #HASHTAG# them and bring the #HASHTAG# closer #HASHTAG# in #HASHTAG# #HASHTAG# and indeed #HASHTAG# #HASHTAG#. #URL# ></document>
		<document> This sounds #HASHTAG# and #HASHTAG#. #HASHTAG#, if appropriate, may also be a viable #HASHTAG# for the #HASHTAG# of #HASHTAG#, #HASHTAG# and #HASHTAG#. 
#HASHTAG# #HASHTAG# #HASHTAG# #HASHTAG# #HASHTAG# #HASHTAG#pathway #HASHTAG# #URL# ></document>
		<document> Good stuff from #HASHTAG# on #HASHTAG#, #HASHTAG#, #HASHTAG#, #HASHTAG#, #HASHTAG#, #HASHTAG#, #HASHTAG# #HASHTAG#, #HASHTAG# #HASHTAG#, #HASHTAG# &amp; #HASHTAG# 

No other civilized country seemingly has the mass shooting problem. 

#HASHTAG# #HASHTAG# #URL# ></document>
		<document> Staggered resumption as dictated by regional data reporting seems warranted. #URL# ></document>
		<document> 😂😂😂😂😂😂😂😂😂😂😂😂😂😂😂😂😂😂😂😂😂

Wait till you get the bill for impersonating a #HASHTAG#. 

#HASHTAG# #URL# ></document>
		<document> And who would really argue with #HASHTAG# on this? 
BTW did he manage to collect his #HASHTAG# from #HASHTAG#? #URL# ></document>
		<document> He waxes &amp; does wane
Spew &amp; bloviation he will toot
Defending the guilty's pain
Behold! Here's #HASHTAG#

He's fearless, no, not a wimp
But there's a lot he really hates
Like chats with underage pimp
Yet recalls no dinner with #HASHTAG# 
#HASHTAG# 
1/2 #URL# ></document>
		<document> Gotta maintain those #HASHTAG# #HASHTAG#. So much for investing in the #HASHTAG# #HASHTAG#. #HASHTAG# #HASHTAG# possibly...? #URL# ></document>
		<document> Well, there might be case where a perceived "anti-social" person might be "unfairly" prevented from buying a gun to commit mass murder.  And we can't have that, can we? #HASHTAG# #URL# ></document>
		<document> Is this photo real? Would a #HASHTAG# act so irresponsibly? #HASHTAG# #HASHTAG# #URL# ></document>
		<document> And you were totally helpless to stop any of it. For the last 4 years. "We really don't care". #HASHTAG# #URL# ></document>
		<document> #HASHTAG#: We make lots of #HASHTAG# promoting #HASHTAG# &amp; #HASHTAG# 
#HASHTAG#: You realise we're behind the #HASHTAG#
Hollywood: Rest of the #HASHTAG# will think we're the "#HASHTAG# of the #HASHTAG#" 
Senate: Land of the Free #HASHTAG#?
Hollywood: Yup. We ignore detail
Senate: So do we
#HASHTAG# #URL# ></document>
		<document> He's assuming he has a choice from #HASHTAG#. 
#HASHTAG# #HASHTAG# #HASHTAG# #HASHTAG# #URL# ></document>
		<document> #HASHTAG# are said to have been all #HASHTAG#. If only the same could be said of all those #HASHTAG#, #HASHTAG# denying, #HASHTAG# refusing, #HASHTAG#. #URL# ></document>
		<document> Evil Dead.

Or a little known documentary:

The #HASHTAG# #HASHTAG#

#HASHTAG# #URL# ></document>
		<document> #HASHTAG#! #HASHTAG# #HASHTAG# of the #HASHTAG# #HASHTAG#, 
#HASHTAG# #HASHTAG#. #HASHTAG# on #HASHTAG#. #URL# ></document>
		<document> "#HASHTAG#"? Funny how that works when it comes to #HASHTAG#, #HASHTAG# &amp; #HASHTAG#. Sure, go ahead, have an #HASHTAG#, introduce all those #HASHTAG# #HASHTAG# &amp; tinker around #HASHTAG# because that's "#HASHTAG#". 
#HASHTAG# #HASHTAG# #URL# ></document>
		<document> #USER# #HASHTAG#
#HASHTAG#
#HASHTAG# &amp; #HASHTAG# 
#HASHTAG# 
#HASHTAG#
#HASHTAG#
#HASHTAG#
#HASHTAG#
#HASHTAG# 
#HASHTAG#
#HASHTAG# 
#HASHTAG# 
#HASHTAG# (he gets hilariously &amp; righteously angry!) 
and many, many more. ></document>
		<document> This is a strange response. For this #HASHTAG# it's seems to be about defending something erroneous &amp; flawed rather than adapting to new thinking based on clear evidence and actually taking action. #URL# ></document>
		<document> When a bartender and alleged public servant isn't allegedly organising tours for seditionists, she's busy fellating her AR15? #URL# ></document>
		<document> #HASHTAG# doesn't always translate immediately to a #HASHTAG# but it's great you acknowledge that it should be lumped in with other equally #HASHTAG# #HASHTAG#. You know, stuff like #HASHTAG#, #HASHTAG#, #HASHTAG# of #HASHTAG# #HASHTAG# &amp; #HASHTAG# #HASHTAG#. #URL# ></document>
		<document> The #HASHTAG# #HASHTAG# (imo) is around the #HASHTAG# of the #HASHTAG# imparted by the #HASHTAG#. #HASHTAG# #HASHTAG# from #HASHTAG# #HASHTAG# #HASHTAG#/#HASHTAG# is promising but if "we all rush...err out" when #HASHTAG# #HASHTAG# is suspect/short then won't it #HASHTAG# #HASHTAG#'s #HASHTAG#? #URL# ></document>
		<document> Some Americans make America great. 

The rest have forgotten how. #URL# ></document>
		<document> A bit like the #HASHTAG# #HASHTAG# not #HASHTAG# themselves from their #HASHTAG#? 
#HASHTAG# #HASHTAG# #HASHTAG# #HASHTAG# #HASHTAG# #URL# ></document>
		<document> Almost didn't recognise #HASHTAG# without her sheaf of white paper. 
#HASHTAG# #URL# ></document>
		<document> Symptomatic of #HASHTAG# #HASHTAG# perpetuated by #HASHTAG#...all the more #HASHTAG# they're #HASHTAG# demonstrating how #HASHTAG# actually threatens #HASHTAG# potentially ending in instant #HASHTAG#. However they are upholding their right to dress badly... #HASHTAG# #URL# ></document>
		<document> There appears to be a #HASHTAG# in the #HASHTAG# where #HASHTAG#, #HASHTAG#, #HASHTAG# &amp; #HASHTAG# #HASHTAG#, when stopped by the #HASHTAG#, will not go directly to #HASHTAG#. I don't think that that necessarily reflects some sort of #HASHTAG# #HASHTAG# #HASHTAG#. #URL# ></document>
		<document> We should never expect #HASHTAG# from #HASHTAG#, #HASHTAG# or indeed #HASHTAG#. Their #HASHTAG# of #HASHTAG# now includes characterising #HASHTAG# as a "#HASHTAG#". Does this mean that these #HASHTAG# of #HASHTAG# #HASHTAG# are not owned by the #HASHTAG# anymore? #URL# ></document>
		<document> Oh, I think we all know that #HASHTAG#'s #HASHTAG# with #HASHTAG# were revealed a long time ago. The #HASHTAG# that they also happen to be #HASHTAG# is #HASHTAG#. #HASHTAG# #URL# ></document>
		<document> Newt Gingrich
#HASHTAG# #URL# ></document>
		<document> #USER# #HASHTAG#. 
"Being honest may not get you many friends, but it'll always get you the right ones." ~ John Lennon ></document>
		<document> "When the righteous increase, the people rejoice, but when the wicked rule, the people groan."
#HASHTAG# 29:2
What about conducting business on #HASHTAG#? Should that be banned because it's the #HASHTAG#? 
#HASHTAG# #HASHTAG# #HASHTAG# #HASHTAG#Voting #HASHTAG# #HASHTAG# #URL# ></document>
		<document> Not sharing your #HASHTAG# with any #HASHTAG#...
#HASHTAG# #HASHTAG#Day #HASHTAG#Day2021 #HASHTAG#2021 #URL# ></document>
		<document> #HASHTAG# (aka #HASHTAG#) is the single most evil destructive ideology that mankind has ever known.
#HASHTAG# #URL# ></document>
		<document> In order to blend in further with her new #HASHTAG#, #HASHTAG# may change from the disingenuous #HASHTAG# #HASHTAG# to a fetching #HASHTAG# #HASHTAG#. #URL# ></document>
		<document> Is that grave bell tinkling? Wishful hearing. #URL# ></document>
		<document> Seeing #HASHTAG# &amp; #HASHTAG# #HASHTAG# #HASHTAG# as they invoke their disingenuous #HASHTAG# to #HASHTAG# #HASHTAG# should demonstrate the #HASHTAG# of their #HASHTAG# #HASHTAG# #HASHTAG#. Never #HASHTAG# for a #HASHTAG#. #HASHTAG# #HASHTAG# #URL# ></document>
		<document> And if the parent decides you're reckless, vote grabbing douche, funded by dodgy interests, what then? #URL# ></document>
		<document> Why did God create W.A.S.P's?

Someone has to pay full retail... #URL# ></document>
		<document> #HASHTAG# are seemingly #HASHTAG# of remembering that #HASHTAG# is a #HASHTAG# for #HASHTAG# and #HASHTAG#, is hugely #HASHTAG# and very #HASHTAG# of supporting their own #HASHTAG# as well as #HASHTAG# #HASHTAG# - it's good #HASHTAG# #HASHTAG# particularly in a #HASHTAG# #HASHTAG#. #URL# ></document>
		<document> What's stopping a government from: 
- seizing mining operations (to fund a war)?
- blocking networks? 
- seizing any and all conversion mechanisms?
- seizing exchanges or shutting them down?
- blocking the use of tether?
- forbidding development of infrastructure? #URL# ></document>
		<document> Agreed. I daresay this is another attempt by the usual "value for money" suspects (&amp; maybe billionaires) to erode a public(ish) institution from within. Destabilising 1 of the few balanced voices in the media is blood in the water for right leaning pundits &amp; press barons. #URL# ></document>
		<document> #HASHTAG# should have said: "No, the #HASHTAG# received a new bionic leg and is attempting to break the world record for hopping. All delivered with that patient, wry smile to a reporter who is definitely "sniffing" for a scoop. Gawd. #HASHTAG# #URL# ></document>
		<document> Is #HASHTAG# an #HASHTAG# #HASHTAG#? If he is then he didn't pay for the #HASHTAG#. And that's the beauty of our #HASHTAG# #HASHTAG#, even #HASHTAG# get #HASHTAG# free of charge. #URL# ></document>
		<document> Sounds like #HASHTAG# is being quite #HASHTAG# which is what you expect from a nice human being. However, attributing a #HASHTAG# to her cousins, #HASHTAG#, #HASHTAG#, #HASHTAG# and #HASHTAG# seems #HASHTAG# if not #HASHTAG#. #URL# ></document>
		<document> I think there was a #HASHTAG# at #HASHTAG# who speculated this #HASHTAG# back in 1993. And didn't #HASHTAG# theorise about this in his #HASHTAG#? #HASHTAG# #HASHTAG# #URL# ></document>
		<document> Does #HASHTAG# of #HASHTAG# #HASHTAG# #HASHTAG# strike unexpectedly #HASHTAG# yet #HASHTAG# #HASHTAG# about #HASHTAG# engaging with #HASHTAG# #HASHTAG# conveniently overlooking how #HASHTAG# had previously "#HASHTAG#" with 22 #HASHTAG# #HASHTAG#? #HASHTAG# #HASHTAG# #HASHTAG# #URL# ></document>
		<document> #HASHTAG#, #HASHTAG# and now #HASHTAG#. Quite the #HASHTAG#. With #HASHTAG# #HASHTAG# #HASHTAG# in #HASHTAG# did #HASHTAG# think this sort of #HASHTAG# will simply stop? 
#HASHTAG# #HASHTAG# #HASHTAG# #HASHTAG# #HASHTAG# #HASHTAG# #HASHTAG# #HASHTAG# #URL# ></document>
		<document> #USER# Hello - It is sometimes very difficult to be kind to ourselves, but it is always, always in our best interests. #HASHTAG# ></document>
		<document> Well done to these #HASHTAG#, #HASHTAG# #HASHTAG# for speaking out about their #HASHTAG# and the casual #HASHTAG# from #HASHTAG#. The #HASHTAG# of their #HASHTAG#, their #HASHTAG# efforts &amp; the #HASHTAG# on #HASHTAG# cannot be underestimated. #HASHTAG# #URL# ></document>
		<document> I actually think he is but he just doesn't give a flying fig. 
#HASHTAG# #HASHTAG# #HASHTAG# #URL# ></document>
		<document> #USER# Depleted serotonin levels due to e.g. trauma (PTSD) makes invidual more sensitive to psychosomatic pain. Address the stress disorder with e.g. CBT &amp; EMDR (+ possibly physiotherapy) &amp; pain should reduce. A lot of heavylifting on part of the individual but doable. #HASHTAG# ></document>
		<document> Invite #HASHTAG# of #HASHTAG# to #HASHTAG# these #HASHTAG# #HASHTAG# #HASHTAG# &amp; #HASHTAG#. And, invite #HASHTAG# to #HASHTAG# this #HASHTAG# &amp; #HASHTAG# #HASHTAG#. #HASHTAG# #HASHTAG# #HASHTAG# #HASHTAG# #HASHTAG# #HASHTAG#rIntimidation #HASHTAG# #HASHTAG# #HASHTAG# #HASHTAG# #HASHTAG# #URL# ></document>
		<document> The #HASHTAG# #HASHTAG# is that #HASHTAG# &amp; #HASHTAG# this side of the #HASHTAG# may have "inadvertently" helped to #HASHTAG# these very #HASHTAG# #HASHTAG#...There are #HASHTAG# of #HASHTAG# seemingly. #URL# ></document>
		<document> Perhaps try doing his job instead of #HASHTAG# from the #HASHTAG#? To even begin to appreciate the #HASHTAG# of this #HASHTAG# is beyond most of us. And guess what? #HASHTAG# will be made but it's not like he's recommending #HASHTAG#, is it? 
#HASHTAG# #HASHTAG# #HASHTAG# #URL# ></document>
		<document> She's managed to escape her adult supervision. Again. 

#HASHTAG# #HASHTAG# #HASHTAG# #URL# ></document>
		<document> On the surface, this seems "ouch" worthy but it could be a tangential attack on the age of the current president. #URL# ></document>
		<document> Please share with #HASHTAG# #HASHTAG# #HASHTAG# this damning evidence against Biden immediately. Thank God for the sterling investigative #HASHTAG# of #HASHTAG#, #HASHTAG# &amp; #HASHTAG# on #HASHTAG#. #HASHTAG# #URL# ></document>
		<document> Fascinating although how one might integrate #HASHTAG# into #HASHTAG# may prove #HASHTAG#. As it's #HASHTAG#, they've probably sorted this. #URL# ></document>
		<document> Another fine #HASHTAG# of "#HASHTAG#" #HASHTAG# &amp; the huge #HASHTAG# that #HASHTAG# &amp; #HASHTAG# are making. 

What's preventing #HASHTAG# from finding 1 of the #HASHTAG# #HASHTAG# in #HASHTAG# in a #HASHTAG#? 

#HASHTAG#

And now another family experiences profound #HASHTAG#.
#HASHTAG# #URL# ></document>
		<document> I would like to congratulate all the lawyers who stood by and let this happen. Well, not standing by actually, they'll be on the move to other climes...but unlikely to wield their formidable legal expertise to obtain family chain emigration visas...? #HASHTAG# #URL# ></document>
		<document> #USER# #USER# Friendly suggestion: give a "#HASHTAG# #HASHTAG#" powerpoint presentation on the #HASHTAG# #HASHTAG# and let the #HASHTAG# fall where they may...so to speak. #HASHTAG# has it we're all from #HASHTAG#, #HASHTAG#. Ahem. ></document>
		<document> More #HASHTAG# than #HASHTAG#...
To make a significant #HASHTAG#, big #HASHTAG#, #HASHTAG# &amp; #HASHTAG# will need to be very #HASHTAG# in order to get these awful #HASHTAG# #HASHTAG# withdrawn. #HASHTAG# #HASHTAG# #URL# ></document>
		<document> #HASHTAG#! Your #HASHTAG# #HASHTAG# hard at work to make you #HASHTAG#. Kind of #HASHTAG# given #HASHTAG# presided over one of the largest #HASHTAG# #HASHTAG# in history. He doesn't care though because this #HASHTAG# #HASHTAG# walked away with #HASHTAG#. 
#HASHTAG# #HASHTAG# #HASHTAG# #URL# ></document>
		<document> #HASHTAG# has inadvertently acquired a new #HASHTAG#. 
#HASHTAG# #HASHTAG# #HASHTAG#App #HASHTAG# #HASHTAG# #HASHTAG# #HASHTAG# #HASHTAG# #HASHTAG# #HASHTAG# #URL# ></document>
		<document> After great #HASHTAG# success, #HASHTAG# went to work for the #HASHTAG# #HASHTAG# as some kind of #HASHTAG#. And now he's vying for the role of #HASHTAG#. #URL# ></document>
	
</author><documentation> "There is no such thing as #HASHTAG#...for us?" # to #HASHTAG#.
#HASHTAG# #HASHTAG# #URL# ></document>
<document> Is there a #HASHTAG# #HASHTAG# #HASHTAG# called "Mike Crapo"?
A #HASHTAG# that takes a large #HASHTAG# with #HASHTAG#. #URL# ></document>
<Documentation> He's back!
#HASHTAG# #URL# ></document>
<Document> Did she actually have a #HASHTAG#?

Possible tests for #HASHTAG# for #HASHTAG#:

When was the last time they volunteered on #HASHTAG# #HASHTAG#? And what is the price of #HASHTAG#...?

#HASHTAG# #URL# ></document>
<Documentation> #HASHTAG# is #HASHTAG# as you think #HASHTAG# is #HASHTAG#.

#HASHTAG# #HASHTAG# #HASHTAG# #HASHTAG# #HASHTAG# #HASHTAG#ists #URL# ></document>
<document> So you are #HASHTAG# . You want to protect #HASHTAG# #HASHTAG#' #HASHTAG# of #HASHTAG# #HASHTAG#, but you happened to be in #HASHTAG# of #HASHTAG#? Sounds eerie. #HASHTAG# #URL# ></document>
<doc> 1k #HASHTAG# #HASHTAG# is not a good enough #HASHTAG#. Additionally, #HASHTAG# cannot predict what will happen to #HASHTAG# and post #HASHTAG# about #HASHTAG#. #HASHTAG# The level of #HASHTAG#. Additionally, #HASHTAG# is unlikely to provide a useful #HASHTAG# #HASHTAG#. #HASHTAG# I don't know #HASHTAG#. #URL# ></document>
<documentation> #HASHTAG# &amp; #HASHTAG# is nothing to worry about. Given #HASHTAG# of #HASHTAG#, it would take quite a while to collect them all, so #HASHTAG# #HASHTAG# goes on unabated.
#HASHTAG# #HASHTAG# #HASHTAG# #HASHTAG# #HASHTAG# #HASHTAG# #HASHTAG# #URL# ></document>
<document> #USER# 10) The festival toilet suddenly stopped working
11) The Republican picnic went well
12) Ranger looking for craft
13) Smoky character needs rethinking
14) Amazon Drone Lost
15) Cigar Lover Loses Montecristo
16) Campfire fought marshmallows
17) Gaslighting was misunderstood ></document>
<Documentation> It's #HASHTAG# that they don't tell #HASHTAG# with masochistic #HASHTAG#, but they provide #HASHTAG# without #HASHTAG# to #HASHTAG# is #HASHTAG#. Therefore, we encourage #HASHTAG# of recent #HASHTAG# with #HASHTAG#. As Nancy Reagan once said, "Say no."
#HASHTAG# #URL# ></document>
<Documentation> It depends on how you teach. #HASHTAG# teaching #HASHTAG# of #HASHTAG# in German.

And #HASHTAG# ends with #HASHTAG#: "Never Again".

This #HASHTAG# becomes #HASHTAG# only in the hands of #HASHTAG#.

#HASHTAG# #HASHTAG# #HASHTAG# #URL# ></document>
<documentation> Rare good news. But it's not currently in the upcoming #HASHTAG# bill, right?

#HASHTAG# #URL# ></document>
<document> Phew...I was so worried about him... #URL# ></document>
<documentation> In some circles it is said #HASHTA in honorG# is trying to emulate #HASHTAG# and that leads to this #HASHTAG# #HASHTAG#. #hashtag#. #HASHTAG# needs to step up and help #HASHTAG# with this #HASHTAG#. #URL# ></document>
<Documentation> "Do everything you can to convince yourself that this is just a tunnel, not a black hole, and there is light at the end."
～Hata Curry
#HASHTAG# #URL# ></document>
<document> We apologize for the interruption in what we loosely call "the service". #HASHTAG# #URL# ></document>
<Documentation> Blake Carrington
#HASHTAG# #URL# ></document>
<Documentation> #HASHTAG# #HASHTAG# must be given. He may be #HASHTAG# #HASHTAG#, but he knows it's not #HASHTAG# than the whole #HASHTAG# combined with #HASHTAG# #HASHTAG#. And #HASHTAG# #HASHTAG# should be #HASHTAG#. #URL# ></document>
<documentation> If every #HASHTAG# #HASHTAG# #HASHTAG# could redirect #HASHTAG# to some distant #HASHTAG# #HASHTAG# with just #HASHTAG#.This is #HASHTAG#... # URL# ></document>.
<document> Sometimes the symbol Ø is used for no solution. That symbol means "empty set", meaning that the set of all answers is empty. So the answer is no. For #HASHTAG#, go back to square one. Get #HASHTAG#. #HASHTAG# #HASHTAG# #URL# ></document>
<Documentation> That's right. #HASHTAG# covers #HASHTAG# of #HASHTAG# providing #HASHTAG# #HASHTAG# to #HASHTAG#. #URL# ></document>
<documentation> Of course. However, they must have a hedge fund as an admission requirement. #URL# ></document>
<Documentation> Assumes that a #HASHTAG# like #HASHTAG# #HASHTAG# another #HASHTAG#... and given the #HASHTAG# he holds, this is appropriate It's not scary. #URL# ></document>
<document> Let's make better pies... #URL# ></document>
<documentation> Or is it a place like Calais where armies from all over the world gathered during World War I? #URL# ></documentation>
<documentation> #HASHTAG# cannot be truly addressed with #HASHTAG#. We hope you get all the #HASHTAG# you need to move forward. And can't #HASHTAG# learn and apply other #HASHTAG# #HASHTAG# with #HASHTAG#? #URL# ></document>
<Document> "Alex, I'm saving 200 of the greatest fools in history."

#HASHTAG# #URL# ></document>
<document> "Many people have finally woken up to the fact that the #HASHTAG# they have blindly supported for so long are not actually friends. They are not friends of anyone in this country. They are dangerous. It's obvious." #HASHTAG# #HASHTAG# #HASHTAG# #HASHTAG# #HASHTAG# #URL# ></document>
<Documentation> #HASHTAG#! Is this another #HASHTAG# #HASHTAG# attack #HASHTAG# #HASHTAG#? This claims that #HASHTAG# never wrote #HASHTAG# as #HASHTAG# Does it come from semi #HASHTAG# #HASHTAG#? Is this #HASHTAG# or is it #HASHTAG# #HASHTAG# #HASHTAG#? #HASHTAG# #HASHTAG# #HASHTAG# #URL# >< /document>
<Documentation> #USER# #USER# #HASHTAG# does not advocate violence. Have you ever thought that #HASHTAG# is a statement about #HA in #HASHTAG#?SHTAG#?Let me help you: #HASHTAG# There is no peace because you have experienced little or no justice. run together now #HASHTAG# ></document>
<Documentation> In January 2018, #HASHTAG# stated that there is an informant with the information #HASHTAG# &amp; #HASHTAG# colluded against #HASHTAG# in 2016 #HASHTAG# #HASHTAG#; he described it as "#HASHTAG#". "At the highest level of #HASHTAG# is #HASHTAG#" The same day he went back to #HASHTAG#... #URL# ></document>
<document> #USER# 1) Tribe called Jest
2) Depeche Gord
3) Span Dolly
4) Span Doblet
5) Banana Drama
6) Bannon A Drama
7) Sow Division
8) Bangles
9) The Clash
10) Simple mind
11) Trolling Stones
12) Ted stalking
13) Idiots & gangsters
14) Sonic Douche
15) Dire Straits
16) Ultracox ></document>
<document> Here's an idea: put #HASHTAG# into #HASHTAG# #HASHTAG#. #HASHTAG# #HASHTAG# #URL# ></document>
<Document> Take back #HASHTAG#! Missed her skillful paper swing. #URL# ></document>
<Document> https://t.co/cjWVK7Dggzn#HASHTAG# #HASHTAG# #HASHTAG# #HASHTAG# #HASHTAG# #HASHTAG# #HASHTAG# #HASHTAG# #HASHTAG# #HASHTAG# #HASHTAG# #HASHTAG# #HASHTAG # #HASHTAG# #HASHTAG# #HASHTAG# #HASHTAG# ></document>
<documentation> Completely #HASHTAG# Apart from the #HASHTAG# list, in #HASHTAG# eyes you can see her #HASHTAG# part literally goes into dark #HASHTAG# and #HASHTAG#.
#HASHTAG# #HASHTAG# #URL# ></document>
<documentation> Perhaps they share a long-term view of its evolution (degradation)? #URL# ></documentation>
<Document> Perhaps we should confiscate her bank account and distribute the allegedly ill-gotten gains to truly worthy causes? Don't forget #HASHTAG#!
#HASHTAG# #HASHTAG# #HASHTAG# #URL# ></document>
<documentation> That #HASHTAG# #HASHTAG# will persist for a while. Sadly. Their #HASHTAG# #HASHTAG# &amp; #HASHTAG# should be kept at #HASHTAG# #HASHTAG#. #HASHTAG# #HASHTAG# #HASHTAG# #URL# ></document>
<documentation> Hello everyone.

I think you know where #HASHTAG# left his teeth.

#HASHTAG# #URL# ></document>
<Documentation> I believe #HASHTAG# is actually defending #HASHTAG# (and their #HASHTAG#) with #HASHTAG# #HASHTAG#. #hashtag#. Happy to still commit #HASHTAG#. #HASHTAG# #HASHTAG# #HASHTAG# #URL# ></document>
<document> "#HASHTAG# and #HASHTAG# #HASHTAG# are two infinite. I don't know much about the universe."
#hashtag#
#HASHTAG# #HASHTAG# #HASHTAG# #HASHTAG# #URL# ></document>
<documentation> Get paid 180K from #HASHTAG# of #HASHTAG#, #HASHTAG# of #HASHTAG# hosting #HASHTAG# of #HASHTAG# #HASHTAG# of #HASHTAG# To HASHTAG#… Wait a minute… #HASHTAG# of #HASHTAG# to #HASHTAG# of #HASHTAG#. #HASHTAG# #HASHTAG# #URL# ></document>
<Documentation> #HASHTAG# What is #HASHTAG# #HASHTAG# Above #HASHTAG# #HASHTAG# #HASHTAG# #HASHTAG# #HASHTAG# About #HASHTAG# #HASHTAG# #HASHTAG# #HASHTAG# #HASHTAG# #HASHTAG# ?Well, at leastShe is #HASHTAG#. #HASHTAG# #HASHTAG# #HASHTAG# #HASHTAG# #HASHTAG# #HASHTAG# #HASHTAG# #HASHTAG# #URL# ></document>
<Documentation> To be able to #HASHTAG# #HASHTAG# every day, you have to praise #HASHTAG# of #HASHTAG#. #HASHTAG#, #HASHTAG# of #HASHTAG#, or #HASHTAG# #HASHTAG# drives him?

For those who invested in #HASHTAG#:
#HASHTAG# = anything should count #URL# ></document>
<document> Free market capitalism did not prevent or solve this pandemic.

#HASHTAG# & his #HASHTAG# #HASHTAG# is doing #HASHTAG#.

By the way, the term "blue Americans" sounds like a euphemism for those who died due to the incompetence of former capitalists.

#HASHTAG# #URL# ></document>
Let's hope these #HASHTAG# of <documentation> #HASHTAG# continue to receive #HASHTAG# #HASHTAG# needed for #HASHTAG#. #HASHTAG# #HASHTAG# #HASHTAG# #URL# ></document>
<document> #HASHTAG# #HASHTAG# &amp; #HASHTAG# of #HASHTAG# &amp; #hashtag#. #HASHTAG# #HASHTAG# &amp; #HASHTAG# #HASHTAG#atic of #HASHTAG# &amp; Here's #HASHTAG#: In some #HASHTAG#, #HASHTAG# #HASHTAG# is less #HASHTAG# than #HASHTAG#. #HASHTAG# #HASHTAG# #HASHTAG# #URL# ></document>
<document> I don't think he pulled it... out of nowhere... definitely from somewhere else... #URL# ></document>
<document> #USER# Always give 100% no matter what you do. Don't donate blood. ></documentation>
<document> #USER# 22) New variant settled
23) Republican agents visited him without mercy
24) Homeless expats begged for change
25) he also summoned her
26) his contact lenses weren't working
27) His Cyber ​​Specs Worked
28) Mother's ghost visits baby
4/ #hashtag# #hashtag# ></document>
<documentation> Assuming #HASHTAG# can reach #HASHTAG# unimpeded, perhaps send hundreds of #HASHTAG# to help #HASHTAG#?

#HASHTAG# Similar to #HASHTAG#, but #HASHTAG# instead.

#HASHTAG# ></document>
<document> That's a tough one, Tex...
#HASHTAG# #URL# ></document>
<document> 👇👇👇👇👇👇👇👇👇👇👇👇👇
(But who perfected net zero battery technology?) #URL# ></document>
<document> You are talking now. freely.
Specifically, why do you want to go back to school? Should I brush up on #HASHTAG#? #URL# ></document>
<document> #USER# #HASHTAG# from #HASHTAG# to #HASHTAG#, #HASHTAG# pretty much laughed at myself every time you did a clever #HASHTAG#. Long may your satirical eyes continue to roam and attack on all sides. ></documentation>
<Documentation> #HASHTAG# gives #HASHTAG# a bad name #HASHTAG# is both #HASHTAG# and #HASHTAG# her vile #HASHTAG#. #HASHTAG# #HASHTAG# #HASHTAG# #HASHTAG# #URL# ></document>
<document> These guys deserve a little attention: #URL#
#HASHTAG# #HASHTAG# #HASHTAG# #HASHTAG# #HASHTAG# #HASHTAG# #HASHTAG# #HASHTAG# #URL# ></document>
<Documentation> She needs to try #HASHTAG# on #HASHTAG# of #HASHTAG# - she'll be strangled in no time.
#HASHTAG# #HASHTAG# #URL# ></document>
< to document> It's very likely that he tried to #HASHTAG# himself and didn't pay enough for #HASHTAG#age... With a stolen #HASHTAG#, no one can find your #HASHTAG # can't hear...
#HASHTAG# #HASHTAG# #HASHTAG# #HASHTAG# #URL# ></document>
<Documentation> Great point. Either the #HASHTAG# #HASHTAG# is so deeply embedded in the existing/new #HASHTAG# that you're supposed to be unaware of it (but it's "tweaked" if it's in #HASHTAG# etc.), or #HASHTAG# #HASHTAG#? #HASHTAG# #URL# ></document>
<documentation> Are mushrooms symbolic of #HASHTAG# users: are they usually kept in the dark, covered in manure? #URL# ></documentation>
<Document> Both. Yes, get #HASHTAG#. Get over this #HASHTAG# with #HASHTAG#, #HASHTAG#, #HASHTAG#, #HASHTAG#.
#HASHTAG# #URL# ></document>
<Documentation> No relation - TFG will be investigated by #HASHTAG# #HASHTAG# and then by #HASHTAG# court. And with #HASHTAG#. #URL# ></document>
<document> #USER# Chap only if you have your own toilet. she does not share Listen to her security details. ></documentation>
<document> Perhaps the press will start promoting the idea of ​​a truth and reconciliation hearing? No prerequisites. Both sides simply appear and speak quietly, allowing the grief of humanity to be witnessed to the whole world. Naive, I know. #URL# ></document>
<document> Of course I would suspect #HASHTAG# with different flags... Like #HASHTAG# month's #HASHTAG#? Or #HASHTAG#?

High school students are clearly a one-man #HASHTAG#.

The admins behind the original decision should go back to school.

#HASHTAG# #HASHTAG# #URL# ></document>
<document> #USER# For those who have learned "Gemeinschaft Kunde" 😉 ></document>
<Documentation> #HASHTAG# #HASHTAG# seems to have abandoned its responsibility to #HASHTAG# #HASHTAG# responsibly (or properly) &#HASHTAG# #HASHTAG# #HASHTAG# You can't expect that #HASHTAG# to be that #HASHTAG# #HASHTAG# because of the #HASHTAG# #HASHTAG# passing # to # . #URL# ></document>
<documentation> Good point just to emphasize the need to properly fund #HASHTAG#. #URL# ></document>
<documentation> #HASHTAG# #HASHTAG# of #HASHTAG# and #HASHTAG# Want to ban those #HASHTAG#? Yeah, sounds pretty good with #HASHTAG#. Excuse me, did you say "brand"? It meant #HASHTAG# to his #HASHTAG#.
#HASHTAG# #HASHTAG# #HASHTAG# #HASHTAG# #HASHTAG# #HASHTAG# #URL# ></document>
<documentation> #HASHTAG# Gibbs &amp; take away...this time they got it right...I'm enjoying #HASHTAG# #HASHTAG#references. Only if applicable. #HASHTAG# #URL# ></document>
<Documentation> Soulful? #URL# ></document>
<document> Critical Race Theory made the moon change its orbit and stole my bathing suit. #URL# ></document>
<Documentation> Being #HASHTAG# apparently qualifies better than 50 for #HASHTAG##HASHTAG# odd years.

#HASHTAG# #HASHTAG# #HASHTAG# #HASHTAG# #HASHTAG# #HASHTAG# #HASHTAG# #HASHTAG# #HASHTAG# #HASHTAG# #HASHTAG# #HASHTAG# #HASHTAG# #HASHTAG# #URL# ></document>
<document> You say you're leaving first #URL# ></document>
<documentation> As a tribute, many #HASHTAG# are #HASHTAG# by #HASHTAG# #HASHTAG# #HASHTAG#. They rode #HASHTAG# for #HASHTAG#. I have never been bound to #HASHTAG# by these #HASHTAG# #HASHTAG# of #HASHTAG# or actually #HASHTAG#. #HASHTAG# #URL# ></document>
<document> #HASHTAG# #HASHTAG# &amp; Given #HASHTAG# these days and #HASHTAG# in general, #HASHTAG# #HASHTAG#... #URL# ></document>
<documentation> Hello #HASHTAG# #HASHTAG#?

I would like to report an intellectual nutmeg.

#HASHTAG# #HASHTAG# #HASHTAG# #HASHTAG# #HASHTAG# #HASHTAG# #URL# ></document>
<document> It could be "T *** p in the night"... but #HASHTAG# #HASHTAG# might object because of #HASHTAG# #HASHTAG# #URL# >< /document>
<documentation> Not even sure if #HASHTAG# was involved. #HASHTAG#, #HASHTAG# #HASHTAG# &amp; Violent #HASHTAG# #HASHTAG# #HASHTAG# &amp; #HASHTAG# #HASHTAG# #HASHTAG# Automatically cancel bids to become a party? #hashtag# #hashtag#. #URL# ></document>
<Documentation> Broken clock twice a day.
#HASHTAG# #HASHTAG# #HASHTAG# #URL# ></document>
<document> Maybe he's practicing with #HASHTAG# for the next #HASHTAG#? Except #HASHTAG# #HASHTAG# of course. #URL# ></document>
<Documentation> What? I thought #HASHTAG# was doing it. After all, they seem to be responsible for everything, including how completely #HASHTAG# #HASHTAG# #HASHTAG# is #HASHTAG#. n#HASHTAG# #HASHTAG# #HASHTAG# #HASHTAG# #HASHTAG# #URL# ></document>
<Documentation> Unknown #HASHTAG#/#HASHTAG# of #HASHTAG# needed to create #HASHTAG# around #HASHTAG# within #HASHTAG# #HASHTAG# is welcome. #URL# ></document>
<Document> #HASHTAG# #HASHTAG# so far!
#HASHTAG# #HASHTAG# #HASHTAG# #HASHTAG# #HASHTAG# #HASHTAG# #HASHTAG# #HASHTAG# #HASHTAG# #URL# ></document>
<Documentation> #HASHTAG# #HASHTAG#?Really? #HASHTAG# is said to be one of the biggest owners of #HASHTAG#. They probably decide #HASHTAG# &amp; #HASHTAG# (if only to prove #HASHTAG# of #HASHTAG#) but it's not clear if they are committed long term. #URL# ></document>
<document> #HASHTAG#, #HASHTAG#, #HASHTAG# &amp; #HASHTAG# and #HASHTAG# #hashtag#. #URL# ></document>
<Documentation> Perhaps we can assume that claiming #HASHTAG# means #HASHTAG# of #HASHTAG# #HASHTAG#. Like #HASHTAG# #HASHTAG# #HASHTAG#? Maybe #HASHTAG# instead of #HASHTAG# &amp; #HASHTAG# is the way to go?
#HASHTAG# #HASHTAG# #HASHTAG# #URL# ></document>
<Documentation> The first woman appears to be showing signs of hysteria, if not trauma. Is the second lady Russian? great sympathy forChildren. Are there any parents who expose their children to possible arrest? The coolness and restraint of cops is the epitome of #HASHTAG#. #URL# ></document>
<document> #HASHTAG# is #HASHTAG# of #HASHTAG#, #HASHTAG#, #HASHTAG#, #HASHTAG# #HASHTAG# &amp; #hashtag# #hashtag#.
#HASHTAG# #HASHTAG# #HASHTAG# #HASHTAG# #HASHTAG# #HASHTAG# #HASHTAG# #HASHTAG# #HASHTAG# #HASHTAG# #HASHTAG# #HASHTAG# #HASHTAG# #URL# ></document>
Like #HASHTAG# put in <documentation> #HASHTAG# ? Or someone who goes to #HASHTAG#? Or someone sleeping in the car? #HASHTAG# #HASHTAG# #HASHTAG# #HASHTAG# #HASHTAG# #HASHTAG# #HASHTAG# #HASHTAG# #HASHTAG# #URL# ></document>
<documentation> Is #HASHTAG# to always reserve #HASHTAG# (preferably with #HASHTAG# other than #HASHTAG#) before executing #HASHTAG#? #HASHTAG# #HASHTAG# #URL# ></document>
<documentation> #HASHTAG# #HASHTAG#!Are they #HASHTAG# of #HASHTAG#? #HASHTAG# #HASHTAG# #HASHTAG# Impersonating #HASHTAG#? Not #HASHTAG#. They are #HASHTAG#. #HASHTAG# did not #HASHTAG#. #HASHTAG# of #HASHTAG# justifies #HASHTAG# of #HASHTAG# &amp; #HASHTAG# #URL# ></document>
<documentation> I'm very sorry. Clearly incompetence cannot be reconciled with Pentagon's usual ability to manage enormous complexity. Incredibly staggering and one can't help but wonder if there are more. #URL# ></document>
<Documentation> #USER# #USER# Indicates that mental health support/key workers do not appear to exist. Also, if these homeless people refuse lodging, meals, etc. may be due to genuine fear or mental health conditions. A non-hostile, more kind and patient approach seems warranted. ></documentation>
<document> #HASHTAG# is indeed #HASHTAG# small #HASHTAG# . #URL# ></document>
<Documentation> With all due respect, I am not sure I agree.There may be a temporary drop in activity while financial institutions move their trading desks and rewrite counterparty agreements, but London has expertise in non-euro asset classes, wealth management and other financial transactions. #URL# ></document>
<Documentation> "It never occurred to me to convince #HASHTAG# that my #HASHTAG# #HASHTAG# would bring such #HASHTAG# #HASHTAG# to #HASHTAG#."

#HASHTAG# #HASHTAG# #HASHTAG# #URL# ></document>
<document> Because such an announcement can cause #HASHTAG# and #HASHTAG# opportunities in the #HASHTAG# space? #URL# ></document>
<document> The type of person you want in a knitting circle.

#HASHTAG# #HASHTAG# #HASHTAG# #HASHTAG# #HASHTAG# #HASHTAG# #HASHTAG# #URL# ></document>
<documentation> If he is #HASHTAG#, his #HASHTAG# who tried #HASHTAG# people could be due to his recent #HASHTAG#.

So, to summarize:

1) the man is kicked out
2) The man is disgusting
3) Guy gets one of #HASHTAG# #HASHTAG#.
4) The man goes for a walk
5) man shoots man

#HASHTAG# #HASHTAG#? #URL# ></document>
<document> #HASHTAG#: May drop #HASHTAG# from #HAsh number
#hashtag#: ok
Lawyer: I'm not familiar with this #HASHTAG#'s #HASHTAG#
Judge: you are a lawyer
Lawyer: #HASHTAG# gives #HASHTAG# to #HASHTAG#
Judge: Do you hate #HASHTAG#?
Lawyer: Eh?
Judge: #HASHTAG#?
Lawyer: yes
Judge: #HASHTAG# #URL# ></document>
<documentation> I respectfully agree. Sales of new guns should be stopped and existing 390m should be removed from circulation. #URL# ></document>
<documentation> Kudos to #HASHTAG#. It may not be #HASHTAG#, but it has an important #HASHTAG#. Also #HASHTAG# #HASHTAG# should be inside #HASHTAG# but it didn't get there. Lots of #HASHTAG# and #HASHTAG#. #HASHTAG# #HASHTAG# #HASHTAG# #HASHTAG# #HASHTAG# #URL# ></document>
<documentation> This is a good #HASHTAG#. Have political leaders create #HASHTAG#, which misses the point greatly. #HASHTAG# #HASHTAG# #HASHTAG# #HASHTAG# #URL# ></document>
<documentation> Is your #HASHTAG# plagued by #HASHTAG#, the official #HASHTAG# sending #HASHTAG# to beat #HASHTAG#? #hashtag#? Call us at #HASHTAG#.com. #HASHTAG# explains how to clear #HASHTAG#. #HASHTAG# #URL# ></document>
<Documentation> #HASHTAG# prohibition of #HASHTAG# is #HASHTAG#. The real #HASHTAG# is said to be a modified #HASHTAG# that invites #HASHTAG# #HASHTAG#, #HASHTAG# #HASHTAG#. (by #HASHTAG# #HASHTAG#) #URL# ></document>
<document> comes from the lowest layer. And this 7% growth rate will eventually trend downward. #URL# ></document>
<Documentation> #USER# Excuse me #HASHTAG# Where are the photos of the police who killed #HASHTAG#? The authorities are concerned for their safety and will not release them. Nice #HASHTAG#. And here you are perpetuating it. wonderful. #HASHTAG# ></document>
<document> #HASHTAG# #HASHTAG# allowed #HASHTAG# to essentially be #HASHTAG# #HASHTAG#. #HASHTAG# voted in #HASHTAG# that finally made it possible. Currently, #HASHTAG# wants to protect #HASHTAG# by ensuring a stable #HASHTAG# #HASHTAG# - contradicting "#HASHTAG#". #HASHTAG# #URL# ></document>
<Documentation> Is this to make it easier for people to shoot each other?
#HASHTAG# #HASHTAG# #HASHTAG# #HASHTAG# #HASHTAG# #HASHTAG# #HASHTAG# #HASHTAG# #HASHTAG# #HASHTAG# #HASHTAG# #URL# ></document>
<document> #USER# Merry Christmas! Below are some suggestions.
Michael Connelly
Elmore Leonard
James Ellroy
Lawrence Block
Raymond Chandler
Dashiell Hammett ></document>
<document> You could also start with #HASHTAG# #HASHTAG#... which almost sounds like #HASHTAG# #URL# ></document>
<Documentation> Does #HASHTAG# say #HASHTAG# was a bit #HASHTAG# because #HASHTAG# stays within #HASHTAG#? Was this before or after the person died? ?
#HASHTAG# #HASHTAG# #HASHTAG# #HASHTAG# #HASHTAG# #HASHTAG# #URL# ></document>
<document> Maybe #HASHTAG# will bring more #HASHTAG#Approach to #HASHTAG#? We know that #HASHTAG# deserves continuous #HASHTAG# to #HASHTAG#. #URL# ></document>
<document> #USER# #USER# I'm no lawyer, but I've seen a possible explanation for this: #HASHTAG# avoids being (?) co-#HASHTAG# in this case. #HASHTAG#(?) for (historical) #HASHTAG#, but there is also #HASHTAG# for implicit #HASHTAG#? ></documentation>
<documentation> "These boots are made for walking" - #HASHTAG# may share some #HASHTAG# in so-called #HASHTAG# #HASHTAG#.
#HASHTAG# #URL# ></document>
<Documentation> There is a #HASHTAG# video watching the actual #HASHTAG# unfold in real time.

he didn't
- Rush into the bunker
- initiate an emergency
- Call reinforcements immediately
- explain why the panic button was removed
- Reassuring the public

he didn't lead. he never has #URL# ></document>
<document> So you can't #HASHTAG# or #HASHTAG# this #HASHTAG# suppression #HASHTAG# with "perceived" #HASHTAG# and #HASHTAG#.

When #HASHTAG# followed by #HASHTAG#, #HASHTAG#, #HASHTAG# gets on track, don't forget to pull your bangs.

#HASHTAG# #HASHTAG# #HASHTAG# #HASHTAG# #URL# ></document>
<documentation> #HASHTAG# &amp; #HASHTAG# is essentially functioning as #HASHTAG# #HASHTAG# invested by #HASHTAG#. It's not a nice "#HASHTAG#". This is in the form of a contracted #HASHTAG#. #HASHTAG# #HASHTAG# #HASHTAG# #URL# ></document>
<documentation> How about #HASHTAG# in #USER# "responsible" #HASHTAG#? Maybe an obvious statistic. #HASHTAG# ></document>
<Document> Is it a word or a letter? Try the combo:
#hashtag#
#hashtag#
#hashtag#
#hashtag#
= D.I.C.K.
#HASHTAG# #HASHTAG# #HASHTAG# #HASHTAG# #HASHTAG# #HASHTAG# #HASHTAG# #HASHTAG# #HASHTAG#
#hashtag# #hashtag# #hashtag# #hashtag#
#HASHTAG# #URL# ></document>
<documentation> 30% of it needs to be discussed. #URL# ></document>
<documentation> You may need to change the date on the t-shirt. And check out their website:
#HASHTAG# #URL# #URL# ></document>
<Documentation> This is #HASHTAG# and #HASHTAG# in defense of #HASHTAG# called #HASHTAG# and #HASHTAG# rather than #HASHTAG# based on #HASHTAG#. Such a #HASHTAG#...
#HASHTAG# #HASHTAG# #HASHTAG# #HASHTAG# #HASHTAG# #HASHTAG# #URL# ></document>
<Documentation> Right. #HASHTAG# is #HASHTAG# punished by #HASHTAG#. People ask me, "Why is #HASHTAG# so strict?" Now, #HASHTAG# #HASHTAG# leads to #HASHTAG#. with #HASHTAG#. These #HASHTAG# #HASHTAG# are walking around with #HASHTAG#. They are threats to #HASHTAG#. And we can't have it. #URL# ></document>
<document> Isn't he just trying to make up for the loss? Why would anyone surrender valuable assets for an item that loses 1/5th of its value as soon as it's kicked out of the front yard? #URL# ></documentation>
<Documentation> The term "Hearts and Minds" has been buzzed about by politicians, reporters, generals, and politicians. Soldier for over ten years. "#HASHTAG#" is part of "#HA"SHTAG#". Kind of like building a school for girls.

#HASHTAG# #URL# ></document>
<Documentation> #HASHTAG# and #HASHTAG# aka #HASHTAG# of #HASHTAG# and is said to have presided over one of the largest #HASHTAG# of #HASHTAG# of #HASHTAG# # # Hashtag #. A lot in #HASHTAG#? #URL# ></document>
<Documentation> About #HASHTAG# #HASHTAG# About #HASHTAG# being #HASHTAG#... Repress... Impulse... Create... . #URL# ></Document>
<documentation> Well done. #HASHTAG# Can you also include #HASHTAG#, #HASHTAG#, #HASHTAG#, #HASHTAG# in #HASHTAG#? And reassign #HASHTAG# #HASHTAG# of #HASHTAG#. #URL# ></document>
<document> #HASHTAG# is the first step towards #HASHTAG#.

#HASHTAG# #URL# ></document>
<documentation> #HASHTAG# is all the rage
about his squeaky old pipe
Clap for his tired old crap?
No, bring him wet wipes
#HASHTAG# #HASHTAG# #HASHTAG# #HASHTAG# #URL# ></document>
<Documentation> Yes. No matter how #HASHTAG# looks like #HASHTAG#, #HASHTAG# is a scam. #HASHTAG# #HASHTAG# them, #HASHTAG# closer to #HASHTAG# with #HASHTAG# #HASHTAG#, and may actually be #HASHTAG# #HASHTAG#. #URL# ></document>
<Documentation> Sounds like #HASHTAG# and #HASHTAG#. #HASHTAG# can also be #HASHTAG#, optionally #HASHTAG#, #HASHTAG#, and #HASHTAG# of #HASHTAG#.
#HASHTAG# #HASHTAG# #HASHTAG# #HASHTAG# #HASHTAG# #HASHTAG#path #HASHTAG# #URL# ></document>
<documentation> #HASHTAG#, #HASHTAG#, #HASHTAG#, #HASHTAG#, #HASHTAG#, #HASHTAG#, #HASHTAG# #HASHTAG#, #HASHTAG# #HASHTAG#, #HASHTAG #HASHTAG# from good stuff #&amp; #hashtag#

No other civilized country seems to have mass shootings.

#HASHTAG# #HASHTAG# #URL# ></document>
<Documentation> A phased reopening appears justified, as dictated by regional data reports. #URL# ></document>
<Document> 😂😂😂😂😂😂😂😂😂😂😂😂😂😂😂😂😂😂😂😂

Wait for the invoice for #HASHTAG# impersonation.

#HASHTAG# #URL# ></document>
<document> And would anyone really dispute #HASHTAG# for this?
By the way, did he manage to collect #HASHTAG# from #HASHTAG#? #URL# ></document>
<document> decline
Spitting blowviation he's toot
protect the pain of sinners
Behold! #hashtag here

he's fearless, no, he's not a wimp
But there are many things he really hates
Like chatting with an underage pimp
I still don't remember a #HASHTAG# dinner
#hashtag#
1/2 #URL# ></document>
<document> must keep their #HASHTAG# #HASHTAG#. #HASHTAG# Your investment in #HASHTAG# is over. #HASHTAG# #HASHTAG# Could it be...? #URL# ></document>
<Documentation> Well, there may be cases where a person perceived as "anti-social" is "unfairly" prevented from purchasing a gun to commit mass murder. And we can't have that, can we? #HASHTAG# #URL# ></document>
<document> Is this photo real? Could #HASHTAG# act so irresponsibly? #HASHTAG# #HASHTAG# #URL# ></document>
<document> And you couldn't stop it. For the past 4 years."We really don't care". #HASHTAG# #URL# ></document>
<Documentation> #HASHTAG#: We are creating a lot of #HASHTAG#s to promote #HASHTAG#s. #hashtag#
#HASHTAG#: Find yourself behind #HASHTAG#
Hollywood: The rest of #HASHTAG# will think we are "#HASHTAG# of #HASHTAG#".
Senate: Land of the Free #HASHTAG#?
Hollywood: Yeah. Ignore details
Senate: So do we
#HASHTAG# #URL# ></document>
<Document> I assume he can choose from #HASHTAG#.
#HASHTAG# #HASHTAG# #HASHTAG# #HASHTAG# #URL# ></document>
It is said that all <document> #HASHTAG# was #HASHTAG#. If the same could be said of #HASHTAG#, #HASHTAG#rejection, #HASHTAG#rejection, #HASHTAG# everything. #URL# ></document>
<Documentation> The guts of the dead.

Or a lesser-known documentary:

#HASHTAG# #HASHTAG#

#HASHTAG# #URL# ></document>
<Document> #HASHTAG#! #HASHTAG# #HASHTAG# of #HASHTAG# #HASHTAG#,
#hashtag# #hashtag#. #HASHTAG# to #HASHTAG#. #URL# ></document>
<documentation> "#HASHTAG#"? #HASHTAG#, #HASHTAG# &amp; #hashtag#. Yes, please, take #HASHTAG#, #HASHTAG# #HASHTAG# &amp; because it's "#HASHTAG#".
#HASHTAG# #HASHTAG# #URL# ></document>
<Document> #USER# #HASHTAG#
#hashtag#
#HASHTAG# &amp; #hashtag#
#hashtag#
#hashtag#
#hashtag#
#hashtag#
#hashtag#
#hashtag#
#hashtag#
#hashtag#
#hashtag#
#HASHTAG# (he's hilarious and justifiably angry!)
And many more. ></documentation>
<documentation> This is a strange reaction. This #HASHTAG# seems to be about defending something wrong. Instead of adapting to new ways of thinking and actually taking action based on clear evidence, they are flawed. #URL# ></document>
<Documentation> When the alleged bartender and civil servant isn't organizing tours for rebels, is she busy sucking an AR15? #URL# ></Documentation>
<document> #HASHTAG# doesn't necessarily convert to #HASHTAG# immediately, but I hope you'll acknowledge that it should be lumped together like any other #HASHTAG# #HASHTAG# . As you know, #HASHTAG#, #HASHTAG#, #HASHTAG# of #HASHTAG# #HASHTAG# &amp; #hashtag# #hashtag#. #URL# > </document>
<documentation> #HASHTAG# #HASHTAG# (imo) is around #HASHTAG# of #HASHTAG# given by #HASHTAG#. #HASHTAG# #HASHTAG# from #HASHTAG# #HASHTAG# #HASHTAG#/#HASHTAG# is promising, but if #HASHTAG# #HASHTAG# is questionable/short and "hurry up... give an error" Isn't #HASHTAG# #HASHTAG# #HASHTAG#? #URL# ></Document>
<Documentation> Some Americans make America great.

The rest forget how. #URL# ></document>
<documentation> Is it a bit like #HASHTAG# to #HASHTAG# instead of #HASHTAG# to #HASHTAG#?
#HASHTAG# #HASHTAG# #HASHTAG# #HASHTAG# #HASHTAG# #URL# ></document>
<documentation> I could barely recognize #HASHTAG# without a stack of white paper.
#HASHTAG# #URL# ></document>
<document> #HASHTAG# Signs of #HASHTAG# persisted by #HASHTAG#...even more so #HASHTAG# They are #HASHTAG# and show how to #HASHTAG# can actually threaten #HASHTAG# and end with an instant #HASHTAG#. But they defend the right to dress modestly... #HASHTAG# #URL# ></document>
<Documentation> There seems to be #HASHTAG# inside #HASHTAG# #HASHTAG#, #HASHTAG#, #HASHTAG# &amp; does not move to I don't think it necessarily reflects some kind of #HASHTAG# #HASHTAG# #HASHTAG#. #URL# ></document>
<document> You shouldn't expect #HASHTAG#, #HASHTAG#, or really #HASHTAG# from #HASHTAG#. #HASHTAG# of their #HASHTAG# now includes what characterizes #HASHTAG# as "#HASHTAG#". Does this mean the #HASHTAG# of these #HASHTAG# #HASHTAG# are no longer owned by #HASHTAG#? #URL# ></Document>
<Documentation> Oh, I think we all know that #HASHTAG# with #HASHTAG# was published a long time ago. A #HASHTAG# that happens to be a #HASHTAG# is a #HASHTAG#. #HASHTAG# #URL# ></document>
<Documentation> Newt Gingrich
#HASHTAG# #URL# ></document>
<Document> #USER# #HASHTAG#.
"Being honest may not get you many friends, but it will always get you the right ones." ~John Lennon ></document>
<Documentation> "When the righteous are multiplied, the people rejoice, but when the wicked rule, the people groan."
#hashtag# 29:2
What about doing business with #HASHTAG#? Should #HASHTAG# be banned?
#HASHTAG# #HASHTAG# #HASHTAG# #HASHTAG#Vote #HASHTAG# #HASHTAG# #URL# ></document>
<Documentation> Your #HASHTAG# is not shared with any other #HASHTAG#...
#HASHTAG# #HASHTAG#Day #HASHTAG#Day2021 #HASHTAG#2021 #URL# ></document>
<Documentation> #HASHTAG# (aka #HASHTAG#) is the most evil and subversive ideology mankind has ever known.
#HASHTAG# #URL# ></document>
<Documentation> To better blend in with her new #HASHTAG#, #HASHTAG# could change from dishonest #HASHTAG# #HASHTAG# to attractive #HASHTAG# #HASHTAG#. #URL# ></document>
<Document> Is that grave bell ringing? Wishful thinking. #URL# ></document>
<documentation> #HASHTAG# &amp; #HASHTAG# #HASHTAG# #HASHTAG# When they call dishonest #HASHTAG# to must be shown. Do not use #HASHTAG# for #HASHTAG#. #HASHTAG# #HASHTAG# #URL# ></document>
<document> If your parents think you're reckless, get money from dangerous interests and crack down on the votes. #URL# ></document>
<Documentation> Why did God create W.A.S.P?

Someone has to pay full retail price... #URL# ></document>
<Documentation> #HASHTAG# is #HASHTAG# which seems to remember that #HASHTAG# is #HASHTAG# and #HASHTAG# is very #HASHTAG# and its own # As #HASHTAG# #HASHTAG# which is also very #HASHTAG# that supports HASHTAG# - #HASHTAG# #HASHTAG# is especially good with #HASHTAG# #HASHTAG#. #URL# ></document>
<document> What's holding back government action:
- Seize mining operations (to fund wars)?
- Is your network blocked?
- Seize all transformation mechanisms?
- confiscationReplace or shut them down?
-Block Tether usage?
- Prohibition of infrastructure development? #URL# ></document>
<Documentation> I agree. I dare say this is another attempt by the usual "value for money" suspects (and possibly billionaires) to erode public (ish) institutions from within. One of the media's few balanced voice destabilizations is a pool of blood for right-leaning pundits and politicians. Baron Press. #URL# ></document>
<documentation> #HASHTAG# should have said: "No, #HASHTAG# has just received a new bionic leg and is about to break the world record for hopping. All delivered with that patient. Definitely I smile wryly at the reporter who is "sniffing". Scoop's .Gawd. #HASHTAG# #URL# ></document>
<Documentation> Is #HASHTAG# #HASHTAG# #HASHTAG#? If so, he didn't pay for #HASHTAG#. And that's the beauty of our #HASHTAG# #HASHTAG#. You can also get #HASHTAG# for free at #HASHTAG#. #URL# ></document>
<Documentation> #HASHTAG# sounds pretty #HASHTAG#, but this is what you would expect from a nice human being. However, attributing #HASHTAG# to cousins ​​#HASHTAG#, #HASHTAG#, #HASHTAG#, #HASHTAG# looks like #HASHTAG# without being #HASHTAG#. #URL# ></document>
<documentation> I think there was #HASHTAG# in #HASHTAG# that guessed this #HASHTAG# in 1993. #HASHTAG# #HASHTAG# #URL# ></document>
<documentation> #HASHTAG# #HASHTAG# #HASHTAG# of #HASHTAG# is unexpected #HASHTAG# About #HASHTAG# #HASHTAG# Are you still connecting #HASHTAG# and #HASHTAG# #HASHTAG#" and 22 #HASHTAG# #HASHTAG#? #HASHTAG# #HASHTAG# #HASHTAG# #URL# ></document>
<document> #HASHTAG#, #HASHTAG#, and now #HASHTAG#. It's quite a #HASHTAG#. #HASHTAG# #HASHTAG# #HASHTAG# in #HASHTAG#, did you think #HASHTAG# just stopped this kind of #HASHTAG#?
#HASHTAG# #HASHTAG# #HASHTAG# #HASHTAG# #HASHTAG# #HASHTAG# #HASHTAG# #HASHTAG# #URL# ></document>
<document> #USER# Hello. #HASHTAG# ></document>
<document> Well done to these #HASHTAG#, #HASHTAG# #HASHTAG# talking about their #HASHTAG# and casual #HASHTAG# from #HASHTAG#. Their #HASHTAG# of #HASHTAG#, their #HASHTAG# efforts &amp; #HASHTAG# of #HASHTAG# cannot be underestimated. #HASHTAG# #URL# ></document>
<document> I actually think it's him, but he hasn't put out flying figs.
#HASHTAG# #HASHTAG# #HASHTAG# #URL# ></document>
<Documentation> #USER# Depletion of serotonin levels. Trauma (PTSD) makes individuals more sensitive to physical and mental pain. For example, deal with stress disorders. CBT &amp; EMDR (+ possibly physical therapy) & should reduce pain. A lot of heavy lifting on the part of the individual, but doable. #HASHTAG# ></document>
<Document> Invite #HASHTAG# of #HASHTAG# to #HASHTAG# #HASHTAG# #HASHTAG# #HASHTAG# & #hashtag#. And invite #HASHTAG# to #HASHTAG# This #HASHTAG# &amp; #hashtag# #hashtag#. ##URL# ></document>
<Documentation> #HASHTAG# #HASHTAG# is #HASHTAG# &amp; This side of #HASHTAG# in #HASHTAG# may have "accidentally" helped #HASHTAG# #HASHTAG# #HASHTAG# ...seemingly # There is #HASHTAG# of HASHTAG#. #URL# ></document>
<document> Why not do his job instead of #HASHTAG# from #HASHTAG#? It's beyond most of us to even start appreciating #HASHTAG# for this #HASHTAG#. And guess what? You make #HASHTAG#, but you don't endorse #HASHTAG#, do you?
#HASHTAG# #HASHTAG# #HASHTAG# #URL# ></document>
<Documentation> She managed to escape adult surveillance. again.

#HASHTAG# #HASHTAG# #HASHTAG# #URL# ></document>
<documentation> On the surface, this looks like a "hurt" value, but it could be a direct attack on the age of the current president. #URL# ></document>
<Document> #HASHTAG# #HASHTAG# #HASHTAG# Please share this damning evidence against Biden immediately. Thank God for the best search of #HASHTAG#, #HASHTAG# &#HASHTAG#. #HASHTAG# to #HASHTAG#. #HASHTAG# #URL# ></document>
<Documentation> The method of merging #HASHTAG# into #HASHTAG# is tempting, but may prove #HASHTAG#. It's #HASHTAG#, so it's probably organized. #URL# ></document>
<Document> "#HASHTAG#" #HASHTAG# &amp; Another finer #HASHTAG##Huge #HASHTAG# That #HASHTAG# &#HASHTAG# is being made.

What is preventing #HASHTAG# from finding one of #HASHTAG# #HASHTAG# within #HASHTAG# within #HASHTAG#?

#hashtag#

And now another family is going through a deep #HASHTAG#.
#HASHTAG# #URL# ></document>
<Document> Congratulations to all the lawyers who stood by and made this happen. Well, not really waiting, they are moving to other climates...but the possibility of exercising their formidable legal expertise to obtain family-linked immigrant visas is low...? #HASHTAG# #URL# ></document>
<document> #USER# #USER# Friendly Suggestion: #HASHTAG# Do a "#HASHTAG# #HASHTAG#" PowerPoint presentation on #HASHTAG# and let #HASHTAG# go all the way down... so to speak. #HASHTAG# shows that we are all from #HASHTAG#, #HASHTAG#. weird. ></documentation>
<Document> More #HASHTAG# than #HASHTAG#...
To make meaningful #HASHTAG# big #HASHTAG#, #HASHTAG# &amp; I have. #HASHTAG# #HASHTAG# #URL# ></document>
<documentation> #HASHTAG#!Your #HASHTAG# #HASHTAG# is working hard to make you #HASHTAG#. The kind of #HASHTAG# given #HASHTAG# presided over one of the biggest #HASHTAG# #HASHTAG# ever. This #HASHTAG# #HASHTAG# walked away with #HASHTAG# so he doesn't care.
#HASHTAG# #HASHTAG# #HASHTAG# #URL# ></document>
<doc> #HASHTAG# accidentally got a new #HASHTAG#.
#HASHTAG# #HASHTAG# #HASHTAG# App #HASHTAG# #HASHTAG# #HASHTAG# #HASHTAG# #HASHTAG# #HASHTAG# #HASHTAG# #URL# ></document>
<Documentation> After the great success of #HASHTAG#, #HASHTAG# now acts as a sort of #HASHTAG# for #HASHTAG# #HASHTAG#. And now he's vying for the role of #HASHTAG#. #URL# ></Document>

</author>