
	
		<document> #USER# #USER# You would also quite likely experience heart failure. ></document>
		<document> #USER# So, if one of the players has his character jump off a 10th story roof for role-play reasons, should the DM suspend gravity? ></document>
		<document> #USER# Video Essay is arguably more a format or medium than a genre. Also, post boobies? ></document>
		<document> #USER# It just goes to show, though we may be separated from one another by space, by oceans and mountains, by language, nationality, and religion, all men share a common humanity. #URL# ></document>
		<document> #USER# All the missile defence does is prevent ILLEGITIMATE, ILLEGAL, TERRORIST attacks by Hamas.

Iron Dome can't attack ground targets. It just stops incoming terrorist rockets.

That's a GOOD THING. The number of people Hamas should be able to kill is ZERO. ></document>
		<document> I love how wholesome this looks... #URL# ></document>
		<document> Are there no depths of evil to which the Land Of THe Dragon will not sink? #URL# ></document>
		<document> #USER# #USER# #USER# ...that HAS to be impeachable, no? ></document>
		<document> #USER# #USER# Please, call me Cybersmith.

Also, SamoyedWave was wrong about that, the default clothes have debuffs. It is mechanically advantageous to not wear trousers during the first part of the game. ></document>
		<document> #USER# #USER# Those two hours after Chang's death must have been awkward... ></document>
		<document> To be fair, identity fraud is harder now, thanks to electronic record-keeping. #URL# ></document>
		<document> #USER# #USER# A: yes, #USER#, you should. Retweets can be disabled if you absolutely must.

B: please, call me Cybersmith. ></document>
		<document> #USER# #USER# #USER# #USER# It is an actual documented fact that the CIA is funded through drug sales.

#URL# ></document>
		<document> #USER# #USER# Unfortunately, EMPs are non-discriminatory. They can't be aimed like a bullet, they just affect anything close to them. ></document>
		<document> I think my interview today went well! #URL# ></document>
		<document> #USER# #USER# Because medical professionals are, of course, inhuman. Immune to bias, ulterior motives, or corruption. #HASHTAG# you really think GPs never mislead/patients, please talk to mentally ill people, or fat people, or transgenderoids.nnI've been lucky with GPs myself, many haven't. ></document>
		<document> #USER# Religion predates that by a fair bit, so #USER# is Fake News. ></document>
		<document> #USER# #USER# Mate, I have a Masters Degree in Engineering.

I am MORE THAN READY to cite sources. #URL# ></document>
		<document> #USER# #USER# Why did they show the Super Battle droids as being so big? They were large, but not "tower over a fully-grown adult man" large. ></document>
		<document> #USER# #USER# #USER# Really? do you think these people are ready to co-exist?

#URL# ></document>
		<document> #USER# Tired. Ready for sleep. ></document>
		<document> #USER# No. This may be a difficult concept for a Frenchman to grasp, but two wrongs don't make a right. ></document>
		<document> #USER# THEY WERE DE-BUFFING THE ATTRIBUTES I WANTED TO USE.

I EVENTUALLY FOUND SOME WHICH BOOSTED AN ATTRIBUTE I LIKED, AND I WORE THOSE. ></document>
		<document> #USER# #USER# I have learned that Samoyedcire likes to trick people into doing phrenology... ></document>
		<document> That's a bit like arresting someone for trying to hit a ball with a racket at wimbledon. #URL# #URL# ></document>
		<document> #USER# #USER# Yes, they were at it. He had neither the right nor the responsibility to interfere.

The International Statute of Wizarding Secrecy exists FOR A REASON.

There are rules that cannot be broken, no matter the cost. #URL# ></document>
		<document> #USER# #USER# Cancer is hardly "insane circumstances".

Most people, if they live long enough, will develop some form of cancer. ></document>
		<document> Gee, why would we accuse Barack 𝘏𝘶𝘴𝘴𝘦𝘪𝘯 Obama of being a #HASHTAG# Terrorist?nnI mean, it's not as if he bombed civilians in the Middle East, or transferred lots of #HASHTAG# to a radical #HASHTAG# Regime, is it?nn#HASHTAG# the Kunduz survivors that he wasn't a #HASHTAG#! #URL# #URL# ></document>
		<document> #USER# Arm herself, and take Kabul back.

Watch some Liam Neeson films. ></document>
		<document> I'd say the main difference is that Harley Quinn is explicitly a villain. She's not a good person, and is only ever a protagonist when contrasted with much worse people (like Black Mask). #URL# ></document>
		<document> #USER# If France goes to war with the USA, then the UK will be obliged to go to war with France.

I wonder how I should spend my winnings... ></document>
		<document> #USER# #USER# #USER# #USER# I'm still on tumblr, but so many people have blocked me that I miss some of the Discourse. ></document>
		<document> On some level, I actually admire the audacity of him leaving this tweet up on his verified account. #URL# ></document>
		<document> So passes a worthy adversary. #URL# #URL# ></document>
		<document> #USER# Then we'll find/make a new Earth.

If that sounds impossible, remember that splitting the Atom and Walking on the Moon were "impossible" too. #URL# ></document>
		<document> #USER# I re-bloggerise images. Sometimes those images depict boobies. #URL# ></document>
		<document> #USER# No, it was called that because it happened on 11/09/2001 AD, and Yankee dates are weird. ></document>
		<document> #USER#, you are (at least) woman-adjacent, what is your opinion? ></document>
		<document> Hell. #URL# ></document>
		<document> #USER# #USER# I maintain that film had its moments.

Also, given the general trend in those films to portray evil as being essentially a loss of inhibitions, I think having peter act like a drunk moron under the symbiote's influence was an interesting choice. ></document>
		<document> #USER# #USER# Stochastic terrorism is a #HASHTAG# concept that attempts to infringe upon #HASHTAG#. ></document>
		<document> Why doesn't the technician who regularly works on military-grade hardware dress like a fashion model and wear her hair long? Don't the makers of #HASHTAG# know that characters being sexy is literally the most important part of #HASHTAG#?nn#HASHTAG# #URL# ></document>
		<document> XD authoritarian "logic" brilliantly satirised. #URL# ></document>
		<document> #USER# #USER# This is how history worked. Look at the house you're living in, the land you stand upon.

At some point, it belonged to someone else. Such is the way of human interactions, the endless cycle of conflict. ></document>
		<document> #USER# IT is not the same thing as actually coding.

You didn't learn to code.

You learned how to make spreadsheets.

Software development is still a valuable skillset. ></document>
		<document> #USER# All the faces you've thrown away... all the names you've cast into silence.

Do you even know who you are anymore? ></document>
		<document> #USER# Mister Uyger, with the deepest respect, that is stupid and so are you.

Justin Trudeau is also white, and we Right-Wingers do not like him.

Please stop reducing everything to race. ></document>
		<document> #USER# I hope things turn out well! ></document>
		<document> #USER# Why would you argue that it isn't elective? ></document>
		<document> Yes, because the surest sign that an intellectual property is "dead"... is when a successful producer continues to work as a producer. #URL# ></document>
		<document> #USER# #USER# Yes, that's clearly a ridiculous idea.nnWe should instead use assault rifles, which have such a good track record of working, which is why the USA campaigns in Afghanistan and Vietnam were so quickly resolved.n#HASHTAG# the blade, or be doomed to military stagnation. #URL# ></document>
		<document> #USER# #USER# #USER# If there is no roll that can succeed, then the player attempting to grapple the dragon will just fail.

Rolling doesn't change anything. That's not agency, it's the illusion of agency.

Again, the attempts to do something, and the player rolls to determine the outcome. If, how... ></document>
		<document> #USER# Some of Mark Wahlberg's films have been okay, and he never killed any of the victims of his racially motivated harassment.

I bet if he were one of those hardcore communists like Justin Trudeau, you'd be falling over yourself (metaphorically) to excuse his chequered past. ></document>
		<document> #USER# Wow! Even by your standards, this is really well-done! ></document>
		<document> #USER# #USER# You had your chance to avoid this.

In January, you were presented with an opportunity to retain your champion, Donald Trump. Alas, you chose to squander Him, and this is your reward.

Bask in the horror you have wrought.

Weep.

Tremble. #URL# ></document>
		<document> Ah yes, Planescape Torment, The Witcher Trilogy, and Fallout New Vegas.

A set of games known for celebrating violence as an unalloyed good, and never questioning if it made the world a better place, or positing that it could cause unintended suffering.

#HASHTAG# #HASHTAG# #URL# ></document>
		<document> #USER# #USER# As long as he keeps the feature from PoE 2 where you can equip one weapon in multiple slots, so switching what's in your right-hand doesn't require you to drop what's in your left-hand.

(seriously, #USER#, I disagree with you about a lot, but THANK YOU for that) ></document>
		<document> #USER# Sorry, I can't hear you over actually meaningful increases to my Strength score. ></document>
		<document> #USER# #USER# Oh. For a moment, I thought you meant the war in Afghanistan. ></document>
		<document> #USER# #USER# 1. Freedom.
2. The jobs which would be lost in various industries.
3. When cars are outlawed, only outlaws will have cars. Are you willing to live in that world? A world of road warriors? #URL# ></document>
		<document> #USER# #USER# A: please, call me Cybersmith.

B: no, I haven't spoken to Thivus in years. Also, Thivus, please unblock me, it's just petty of you at this point. ></document>
		<document> I forgot to post this last night, but I made Toad In The Hole!!! #URL# ></document>
		<document> #USER# #USER# Ah yes, #HASHTAG#, the eternal refrain of #HASHTAG#-ians.nnSo Maduro, Chavez, Castro, Stalin, Mao, Hitler and even Marx weren't real socialists. #HASHTAG#, Terminally-Online champagne-sippers who spent big $ on a gender-studies degree are the only REAL socialists. #URL# ></document>
		<document> #USER# He doesn't seem to realise that harvesting these potatoes will take time... ></document>
		<document> #USER# #USER# Until someone gets tired of their nonsense and introduces them to this amazing concept called "amphibious assault teams in full body armour".

Let's see how they like facing a platoon of Royal Marines decked out in Kevlar. ></document>
		<document> #USER# #USER# I prefer "transfemininity enthusiast" to "chaser", actually.

Also, please, call me Cybersmith. ></document>
		<document> #USER# #USER# Well, one of those characters is a child, so... no. ></document>
		<document> #USER# Let's defecate near our drinking water and use the death penalty for minor crimes.
-Also 12th century Germans ></document>
		<document> #USER# &gt;the genre didn't feel like it was on life support

Compared to WHEN, exactly?

If the "genre" is on life support now, when was it doing well? When were more people enthused about Science Fiction stories? ></document>
		<document> #USER# #USER# Those posts were taken out of context. ></document>
		<document> #USER# I don't know what "Epicurious" is, but I know that it is run by #HASHTAG# #HASHTAG# #HASHTAG# #HASHTAG#! ></document>
		<document> #USER# Those italians are indirectly responsible for people beating their loved ones?

That's honestly sad. We shouldn't be hurting our own countrymen/countrywomen at this time. ></document>
		<document> #USER# A hand-towel.
Dustpan + brush.
Spare Cutlery (you WILL misplace some).
A cheesegrater or cheese slice.
Chloroform (because sometimes people ask questions, and must be disappeared).
A heatproof mat + iron (the ironing board in halls might not always be available).
Notepads + pens. ></document>
		<document> She is right. #URL# ></document>
		<document> #USER# #USER# Oh, sorry, I thought you were. ></document>
		<document> #USER# I'd alert the proprietor that there was an underage person in their alcohol-serving establishment, ensuring that you were sent home. ></document>
		<document> #USER# ...red, I imagine? ></document>
		<document> #USER# #USER# #USER# Part of caring about something is accepting that you may one day lose it.

Insisting that you should be able to hold onto something forever, to stop it from changing, isn't love, or compassion, or care.

It's greed. ></document>
		<document> #USER# #USER# #USER# They literally are, though? That's the whole point of a desert. ></document>
		<document> #USER# #USER# Grogu is explicitly not a clone. ></document>
		<document> #USER# Someone said it in a video, then it got quoted a lot. ></document>
		<document> How long will it be before the Woke people accuse Wallace of being a slave-trader, and demand that this statue be removed? #URL# ></document>
		<document> #USER# ...are you arguing that the police should be LESS empathetic? ></document>
		<document> LION Ted! #URL# ></document>
		<document> #USER# Well, yes, but that's just what happens in the unpleasant heat. It's hotter there than it is in Cornwall, and Cornwall is REALLY hot. I went to Cornwall on holiday a few times, I nearly passed out from dehydration once. Far too hot! ></document>
		<document> #USER# I'm not joking.

Why is this so unthinkable? ></document>
		<document> #USER# #USER# #USER# #USER# #USER# ...I'm beginning to wish I had recorded that stream, to be honest.

It would be interesting to use it as a baseline, then compare it to other playthroughs made by other people, to see what the average reading speedium is. ></document>
		<document> #USER# I dare you to eat three kilograms of sugar-free gummy bears. ></document>
		<document> #USER# Sustained by nobody wanting the Hutts to show back up (to secure tribute), or another syndicate to step in!!!

Nobody wanted to get rid of him because of precisely what is happening on the show now. The Mayor doesn't want Hutt assassins running around. The gangs don't want a war. #URL# ></document>
		<document> #USER# &gt;"You're letting him kill an innocent. Find and save Martha"

That's even more words! ></document>
		<document> #USER# Objecting to medical abuse is hardly being a "Karen". ></document>
		<document> #USER# #USER# Wait, he's severely mentally ill?

Doesn't that call all of his previous statements and publications into question?

In any case, I hope he gets the appropriate treatment, in or out of prison. I've dealt with mental health issues before, it's terrible. ></document>
		<document> #USER# Did they actually state that they were chasing you for racial reasons? ></document>
		<document> #USER# #USER# Ah, yes, there is absolutely no #HASHTAG#.nnNepal just has a chronic tinsel shortage. #HASHTAG#://t.co/auFo6kIgxann#HASHTAG# #HASHTAG# #HASHTAG# #HASHTAG# ></document>
		<document> #USER# That's because you came in late.

The early-adopters weren't rich, just clever. ></document>
		<document> #USER# #USER# Of course it's necessary! How else are they going to tell who is on what side of the conflict? Without uniforms, they'd risk shooting one another. ></document>
		<document> #USER# The #HASHTAG# is trying to tear down our culture. This is not #HASHTAG#. ></document>
		<document> #USER# That's not a good thing to do. Be the bigger person, he is merely a child. His brainium is not yet fully developed. ></document>
		<document> #USER# #USER# He is a visionary. He is the Herald of Tomorrow. ></document>
		<document> #USER# Well, they did sell drugs and profit from the misery of others.

The show isn't called "Breaking Good". ></document>
		<document> #USER# #USER# Which rather defeats the point of insurance, but SOMEONE decided to make paying for it mandatory... #URL# ></document>
		<document> #USER# #USER# Human nature demands hierarchy.

If they cannot have lords and barons, they will have social media influencers.

You Whigs are to blame for all of this. ></document>
		<document> #USER# #USER# Doesn't Twitter have an option to hide the nsfw content? ></document>
		<document> #USER# No he isn't!!!! Don't be mean! ></document>
		<document> #USER# The NHS's funding has gone up every year the Conservatives have been in Number 10.

You are #HASHTAG#. ></document>
		<document> #USER# Please put this in a thread? ></document>
		<document> #USER# Probably not before His plans come to fruition, and it becomes a moot point. ></document>
		<document> #USER# The Samurai would never have surrendered without it.

They were indoctrinated, raised to despise those who laid down their arms in battle.

Only the power of the atom could bring them to submission. ></document>
		<document> #USER# #USER# Pence betrayed the light. He fell, so perhaps it is better that he die, that he might be remembered as the good man he was. ></document>
		<document> #USER# I don't think I've ever seen this one before. ></document>
		<document> #USER# #USER# I didn't delete my account, though.

It was the tumble Staff, and I remade.

Also, please, call me Cybersmith. ></document>
		<document> #USER# Gosh, if only someone had mentioned this before!nnSadly, nobody ever told you leftists that your rush to censor people would have consequences. #HASHTAG# ></document>
		<document> #USER# This really is a fantastic drawing in concept and execution! ></document>
		<document> #USER# I don't understand your objection, then.

The snow didn't feature them, or state that they didn't exist. The Spectres aren't the only rebels in the galaxy, as is made clear at the end of season 1. ></document>
		<document> #USER# Good for Kyle Rittenhouse, though. He responded very well to adversity. ></document>
		<document> #USER# Without a nuclear deterrent, what stops Iran, or Canada or something from invading you? ></document>
		<document> #USER# #USER# #USER# #USER# #USER# We don't cheer in the UK, but the collective gasp when the Raddus collided with the Supremacy was something I haven't experienced in any other cinema.

Film magic, that was. ></document>
		<document> Donner's take is no more 'definitive" than Snyder's.

They each had their own interpretation of a pre-existing concept. Superman predated them both, and stories about superman will be told after them both. #URL# ></document>
		<document> #USER# Do you think they were bein disingenuous? ></document>
		<document> #USER# #USER# ...trategy when facing an enemy caster is to try to steal spell component pouches or holy symbols. But if you treat all of them as flavour text, you are likely to unintentionally imbalance the party. ></document>
		<document> Is he wrong?

Someone who toils daily simply to put food on the table doesn't have time to focus on niche issues like that.

Someone trying to keep his or her children from malnutrition isn't going to waste precious hours contemplating abstract marxist concepts. #URL# ></document>
		<document> #USER# No, the enemy is "not having enough energy".

Nuclear power produces more energy in less time. ></document>
		<document> #USER# #USER# That is, in fact, a valid term for it.
#URL# ></document>
		<document> #USER# &gt;china's last eunuch died in 1996

So are you admitting that you were wrong about this? ></document>
		<document> Would you like YOUR will to be public knowledge? #URL# ></document>
		<document> #USER# Then stop supporting the socialist policies that people like him use to stay in power!

Make California a hereditary feudal territory, like one of the member-states of the Holy Roman Empire.

Have a (Right-wing, Libertarian) Duke rule until his death, then appoint his eldest son. ></document>
		<document> #USER# No. It's not as if you are running around kidnapping other people. ></document>
		<document> #USER# #USER# #USER# #USER# Blair's "constitutional reforms" have been an absolute disaster. They give too much power to the House Of Commons. ></document>
		<document> #USER# So, when some chainsaw-wielding maniac in a bloodstained hockey mask bashes down your front door and tries to harvest your skin for his or her human skin collection, will you still disparage the police? Or will you call for them to come and save you? ></document>
		<document> #USER# #USER# #USER# You might have to.

That is, legitimately, something that could happen to soldiers, sailors, marines, or airmen in the field.

By your logic, medics should never bother learning how to splint a limb, because the correct response is not to break any bones in the first place. ></document>
		<document> #USER# #USER# #USER# It is a vector for the transmission of law, civilisation, and technology.

What was Britain before the Settler-Colonialism of the Romans? A miserable little archipelago at the end of the earth.

Settler Colonialism lifted us out of the mud, gave us roads and rules. ></document>
		<document> &gt;petty reasons

He literally smashed an unarmed suspect's ribcage in.

That's... that's murder.

"They beat him up" to recover the weapon that he used to commit said murder. #URL# ></document>
		<document> #USER# #USER# #USER# #USER# This player did play a role in a story.

The role was "idiot who does something stupid and dies to demonstrate how serious the situation is". ></document>
		<document> It was literally created by an act of parliament, it is funded in large part by direct contributions from the state budget, and the rest of its money comes from fees that "service providers" are mandated by our legislature to pay.

#HASHTAG# is 𝙖𝙗𝙨𝙤𝙡𝙪𝙩𝙚𝙡𝙮 the government!!! #URL# ></document>
		<document> #USER# &gt;for good reason

No, the reasons are bad. I do not deserve any dunkings. ></document>
		<document> #USER# Both of these are extremely valid. Also: putting your dog (RIP, Buster) in a fedora to make him look classy and cosmopolitan. #URL# ></document>
		<document> #USER# #USER# A: I've been here for a while.
B: please, call me Cybersmith. ></document>
		<document> Ah, yes, there is absolutely no #HASHTAG#.nnNepal just has a chronic tinsel shortage. #HASHTAG#://t.co/auFo6kIgxann#HASHTAG# #HASHTAG# #HASHTAG# #HASHTAG# #URL# ></document>
		<document> #USER# Hence my opinion that it would have been a poor choice for the final showdown of Season 2.

A Light cruiser is a serious threat to Mando, but not a totally insurmountable one.

Once he ejected the DTs, it looked as if he had a serious chance of victory.

An ISD removes that. ></document>
		<document> #USER# #USER# You took that out of context. ></document>
		<document> #USER# Interviewer: please use only one word.

Nancy Pelosi, Mother of Lies, Whore of the Illuminati, Dark Mistress of Communism: #URL# ></document>
		<document> #USER# Why, the understanding nature of strangers who absolutely will not use it as a cheap Ad Hominem when they disagree with us, of course! #HASHTAG# ></document>
		<document> #USER# Holy Goalpost Shifting, Batman!

First, you claim that Flash travelled back immediately. When I demonstrate that is false, you pivot to an issue with stakes, without acknowledging your error.

It seems that you are simply determined to hate great art. #URL# ></document>
		<document> #USER# Except the boycott would hurt the people you intend to help!

You can't just magically transform good intentions into good results. ></document>
		<document> And, most likely, card-carrying members of the same political party. #URL# ></document>
		<document> #USER# #USER# This is a pretty strong example of why a one-state solution won't work. ></document>
		<document> A wise man does not celebrate the demise of another, even so misguided an enemy as Samoyedcore.

I shall remember my enemy, just as I remember all who have fallen along the way. Ultimately, must I stand in solitude?

Shall I be the last, alone in my glory? #URL# ></document>
		<document> #USER# I think calling the evidence-based testimony of multiple medical specialists a "rumour" is a little dismissive.

Let children grow up, and if they elect to pursue your lifestyle as adults, by all means, allow them.

But spare the younglings from these Mengele-esque experiments!!! ></document>
		<document> #USER# Not all Conservatives.

I hate how people ignore the fact that he was literally dragged back to Spain and tossed in jail for his crimes. ></document>
		<document> #USER# Name one person the British Empire kidnapped and sold as a slave.

(remember, there is a distinction between states and their individual subjects. Joseph Fritzl locked his family in a cellar, but we don't blame the state of Austria-Hungary for that) ></document>
		<document> 𝗖𝗼𝘂𝗻𝘁𝗲𝗿𝗽𝗼𝗶𝗻𝘁: whilst empowering a single, ambitious leader to enact his own grandiose will upon society has the potential to backfire, it also has the potential to be really, really fun to watch. #URL# #URL# ></document>
		<document> #USER# #USER# #USER# Okay, go through the most recent 20 posts. How many are abdl? ></document>
		<document> #USER# #USER# #USER# #USER# #USER# That means insurance costs go up, and it becomes too expensive for anyone who isn't already rich to own a business.

Essentially locking the poor out of ever moving up the economic ladder. ></document>
		<document> Chokey Bob, the Strangulation-Specialist Serial Slaughterer: crime victims are too "obsessed" with oxygen. #URL# ></document>
		<document> #USER# What?

A: no, he isn't.

B: please, call me Cybersmith. ></document>
		<document> #USER# &gt;Is there an anti-capitslism legal system

There's China.

Venezuela.

A lot of the global population there.

&gt;nearly complete legal coverage

Unless you are motivated by retaining your (capitalist) profits, why should that matter to you? ></document>
		<document> #USER# #USER# #USER# Hollywood's metrics are daft if they consider a film trilogy that made billions and billions of dollars to be underperforming. If those films underperformed, so did virtually all films ever made.

I like my tweets because I stand by what I say. ></document>
		<document> #USER# #USER# #USER# ...ever, there is no chance of success, then the roll hasn't served any purpose.

Player agency is maintained by you saying that they fail.

Rolling isn't a prerequisite of agency. If a player decides to, say, buy a drink in a tavern, they don't need to roll for it. They just do. ></document>
		<document> #USER# #USER# I mean, the first one was, certainly, but it didn't want to force me down one specific path. I picked a high-strength, high-agility build, I tag unarmed, stealth, diplomacy... so I started with a stealth boy and brass knuckles.

Fallout 2 gives you a spear no matter what! ></document>
		<document> #USER# Stories about the humour inherent in cross-cultural juxtaposition may not be your figurative cup of tea, but plenty of people do enjoy them. Stop being a killjoy. ></document>
		<document> #HASHTAG# is trending.nnWow, it's so fantastic that the liberals got rid of Donald Trump and Dominic Cummings!!! Clearly, de-platforming Right-Wingers has made the world a nicer, more tolerant place. #HASHTAG# #URL# ></document>
		<document> One could load less-lethal rounds into an assault rifle.
There is no way to carry out a less-lethal abortion.

You have made a false equivalency. #URL# ></document>
		<document> #USER# #USER# #USER# &gt;nobody on the left
&gt;democrats

What? Democrats are literal communist socialist freedom-haters. They are pretty far bloody left! ></document>
		<document> #USER# #USER# Wow, you're so right!nnThen he should have done a matrix-style slo-mo flip over the criminal suspect, and punched his soul out of his body like the ancient one from Doctor Strange!nn#HASHTAG# are not superheroes. They are mortal men and women who volunteer for a hard task. ></document>
		<document> #USER# #USER# #USER# #USER# I understand that it shouldn't be, but it increasingly IS.

That's the reality that people are facing, and it's the reason for the backlash. ></document>
		<document> #USER# ...esistance.

People just didn't want to admit that another war was inevitable. ></document>
		<document> #USER# Dang, that scar is gnarly. If you were a character in a Western, the 3rd act would reveal a shocking twist about how you got it. Presumably, you used to ride with desperados, acting as a femme fatale to facilitate their heists, but abandoned that life of crime to marry a Sheriff. ></document>
		<document> #USER# #USER# He does make some interesting points... ></document>
		<document> #USER# Sure, they got separatist military aid.nnSure, the Separatist HEAD OF STATE met with their leader.nnBut that doesn't invalidate the separatists at all... #HASHTAG# ></document>
		<document> #USER# &gt;You could say that about any technology ever

Bingo.

&gt;Every technologic breakthrough looks inevitable with hindsight.

And they all look impossible in foresight. At least, they do to miserable, pessimistic naysayers like you. ></document>
		<document> #USER# #USER# Yes.
Because I stand by my words. ></document>
		<document> #USER# #USER# The attack on the World Trade Centre occurred in 2001.

1990 &lt; 2001 &lt; 2007 ></document>
		<document> #USER# #USER# I am many things. ></document>
		<document> #USER# #USER# Fallen order is just 5 years after ROTS, I think?

Judging by how old Luke looked in the trailer, I think this could easily be after Fallen Order. ></document>
		<document> #USER# Stop being homophobic. If someone wants to share an intimate moment with a Drill Instructor, that's none of our business.

Also, why don't you ask the Ugandan soldiers who fought the LRA how harmless "brown kids" are. ></document>
		<document> #USER# #USER# Eventually, it will get to a point where no more potent morphiate can exist because the molecule wouldn't be absorbed by human cells.

It will take time, but it's a solvable problem. ></document>
		<document> #USER# I never actually played street fighter. Is Ryu good? ></document>
		<document> #USER# #USER# &gt;going out of their way not to promote my work

She really has a staggering sense of entitlement, doesn't she? ></document>
		<document> In 2014 AD, Kotaku proclaimed: "Gamers are dead"!nnFive years later, Gamers still exist, and Kotaku is dying.nn#HASHTAG# #URL# ></document>
		<document> #USER# Every addict thinks of himself as the exception. ></document>
		<document> #USER# #USER# #USER# Except that he provides evidence and citations to support it. Why do you believe that Rachel Maddow is infallible? ></document>
		<document> Note the clearly defined calf muscles and boobies?

#USER# and #USER# are #HASHTAG#!!!!! #URL# ></document>
		<document> #USER# What's the premise?

An ancient warrior-woman falls in battle, leaving behind an amulet imbued with her power, and this amulet is found by a man centuries later, who can call upon it to fight against injustice, taking on aspects of the champion who once bore it? ></document>
		<document> #USER# #USER# Didn't one of them say that he felt sorry for slaves, but he found the institution too convenient to dispose of?

There was more nuance to the issue than OP implied. ></document>
		<document> #USER# #USER# #USER# #USER# Name even a single person (preferably a hereditary peer, but a life peer would suffice) who has been killed by Tory politics in the last ten years. ></document>
		<document> How much did you tune up the brightness in this screenshot to make your disingenuous rant?

This isn't what the actual show looked like. #URL# ></document>
		<document> Good for you. #URL# ></document>
		<document> #USER# #USER# This is the problem with not teaching classical philosophy in schools.

The Romans would know that a wise man simply chooses not to respond. Stoicism teaches us that we can only control our actions. ></document>
		<document> #USER# #USER# Why not? ></document>
		<document> #USER# #USER# This isn't "racist", paper made of bamboo is absolutely real. ></document>
		<document> #USER# #USER# Well? Was he? ></document>
		<document> #USER# #USER# I am many things. ></document>
		<document> #USER# It was "homegrown". She defended one of our islands from a brutal South American dictatorship.

Thanks to Margaret Thatcher and her policies, those Falklanders were spared the gruesome fate which awaits people defeated in war by South American tyrants. #URL# ></document>
		<document> #USER# Wrong.

#URL# ></document>
		<document> #USER# What would you consider to be a "victimless" crime? Is attempted murder victimless? ></document>
		<document> #USER# #USER# #USER# Do you think he's just an invisible army of women? ></document>
		<document> #USER# One could load less-lethal rounds into an assault rifle.
There is no way to carry out a less-lethal abortion.

You have made a false equivalency. ></document>
		<document> #USER# Freedom speaks for itself. What is right is right, however many people dictators may cow into silence. #URL# ></document>
		<document> #USER# #USER# I wonder why someone would call members of the "national SOCIALIST german worker's party" socialists. What a mystery. #HASHTAG# ></document>
		<document> #USER# #USER# You and #USER# are both wrong. You should watch the 2010 series of #HASHTAG#. Nothing is ever forgotten, not really. There is always some trace. #URL# ></document>
	
</author><document> #USER# #USER# You are also very likely to experience heart failure. ></documentation>
<document> #USER# So if one of the players makes his character jump off the 10th floor roof for roleplay reasons, should the DM suspend gravity? ></document>
<Document> #USER# Video Essays are definitely more of a format or medium than a genre. Also post booby? ></documentation>
<document> #USER# It shows that even though we are separated from each other by space, seas and mountains, language, nationality and religion, we all share a common humanity. #URL# ></document>
<document> #USER# All Missile Defense does is prevent illegal, unlawful and terrorist attacks by Hamas.

Iron Domes cannot hit ground targets. Just stop the incoming terrorist rockets.

that's good Hamas can kill zero people. ></documentation>
<document> Love this healthy look... #URL# ></document>
<document> Isn't there a depth of evil that Land Of THE Dragon doesn't sink into? #URL# ></document>
<document> #USER# #USER# #USER# ...that should be impeachable, right? ></document>
<Documentation> #USER# #USER# Call me Cybersmith.

Also SamoyedWave was wrong about that. Default clothes have a debuff. Not wearing pants in the first part of the game has a mechanical advantage. ></documentation>
<document> #USER# #USER# The two hours after Chang's death must have been awkward... ></document>
<Documentation> To be fair, identity fraud is harder now thanks to electronic record keeping. #URL# ></document>
<document> #USER# #USER# A: Yes, #USER#. Retweets can be disabled if absolutely necessary.

B: Call me Cybersmith. ></documentation>
<document> #USER# #USER# #USER# #USER# It is indeed a documented fact that the CIA is funded through drug sales.

#URL# ></document>
<document> #USER# #USER# Unfortunately, EMP is not discriminatory. You can't aim like a bullet. It only affects what is nearby. ></documentation>
<document> I hope your interview went well today! #URL# ></document>
<document> #USER# #USER# Because medical professionals are, of course, inhumane. Immune to prejudice, ulterior motives, and corruption. I truly believe that #HASHTAG# GP is never misleading/leading to patients. Talk to someone who is psychotic, fat, or transgender. ></documentation>
<Documentation> #USER# is fake news because the #USER# religion has been around for a long time. ></documentation>
<document> #USER# #USER# Buddy, I have a master's degree in engineering.

I am ready to cite the source. #URL# ></document>
<document> #USER# #USER# Why did they make the super battle droids look so big? ></documentation>
<Documentation> #USER# #USER# #USER# Really? Do you think these people are ready to coexist?

#URL# ></document>
<Documentation> #USER# I'm tired. ready to sleep. ></documentation>
<document> #USER# No.It's a difficult concept for the French to grasp, but two mistakes don't make them right. ></Document>
<document> #USER# They were debuffing an attribute I wanted to use.

I eventually found a few that enhanced the attributes I liked and wore them. ></Document>
<document> #USER# #USER# I just learned that Samoyedcire likes to trick people into doing phrenology... ></document>
<Documentation> This is like arresting someone for trying to hit a ball with a racket at Wimbledon. #URL# #URL# ></Document>
<document> #USER# #USER# Yes. He had no right or responsibility to interfere.

The International Magical Secrecy Act exists for a reason.

There are rules that cannot be broken, no matter what the cost. #URL# ></document>
<documentation> #USER# #USER# Guns are not "insane situations".

Most people will develop some form of cancer if they live long enough. ></documentation>
<document> Hmmm, why would Barack 𝘏𝘶𝘴𝘴𝘦𝘪𝘯 accuse Obama of being a #HASHTAG# terrorist? I didn't move it. It's?nn#HASHTAG# Kunduz Survivor said he wasn't #HASHTAG#! #URL# #URL# ></Document>
<document> #USER# Arm yourself and retake Kabul.

Let's watch some Liam Neeson movies. ></documentation>
<document> I think the main difference is that Harley Quinn is clearly the villain. She is not a good person and only becomes a hero when contrasted with someone much worse (such as Black Mask). #URL# ></document>
<document> #USER# If France goes to war with America, Britain will have to go to war with France.

How should I use the prize money... ></document>
<document> #USER# #USER# #USER# #USER# I still use tumblr but so many people block me that I miss some discourse. ></documentation>
<documentation> On some level, I actually admire the audacity of him leaving this tweet on his verified account. #URL# ></documentation>
<document> outruns worthy opponents. #URL# #URL# ></Document>
<document> #USER# Next, find and create a new Earth.

If that sounds impossible, remember that splitting Atom and walking on the moon are also "impossible". #URL# ></document>
<document> #USER# Reblogging images. Sometimes those images depict boobies. #URL# ></document>
<document> #USER# No, it's called that because it happened on November 9th, 2001. Yankee dates are weird. ></documentation>
<documentation> #USER#, do you think you are (at least) more like a woman? ></documentation>
<Documentation> Hell. #URL# ></document>
<document> #USER# #USER# I would argue that the movie had its moments.

Also, given the general tendency of these films to portray evil as essentially a loss of control, I think it was an interesting choice for Peter to act like a drunken idiot under the influence of the symbiote. </documentation>
<Documentation> #USER# #USER# Probabilistic Terrorism is a #HASHTAG# concept that seeks to compromise #HASHTAG#. ></ documentunit>
<Documentation> Why don't engineers who regularly work on military-grade hardware dress like fashion models and wear long hair? Didn't you know that one thing is literally the most important part of #HASHTAG#?nn#HASHTAG# #URL# ></document>
<Documentation> XD Great satire on authoritarian "logic". #URL# ></document>
<document> #USER# #USER# This is how history works. Look at the house you live in, the land you stand on.

At some point it belonged to someone else. This is how humans interact, the endless cycle of conflict. ></documentation>
<document> #USER# IT is not the same as actually coding.

You didn't learn to code.

You have learned how to create a spreadsheet.

Software development remains a valuable skill set. ></documentation>
<document> #USER# Every face you throw away... Silence every name you cast.

Do you even know who you are yet? ></documentation>
<document> #USER# Mr. Uiger, with all my heart.

Justin Trudeau is also white and we right wingers don't like him.

Stop giving everything back to racing. ></documentation>
<document> #USER# Good luck! ></documentation>
<document> #USER# Why do you claim it's not selective? ></document>
<document> Yes, the surest sign that intellectual property is "dead" is when a successful producer continues to work as a producer. #URL# ></document>
<document> #USER# #USER# Yes, obviously a silly idea.nYou should use an assault rifle instead.n#HASHTAG# the blade or doom yourself to military stagnation. #URL# ></document>
<document> #USER# #USER# #USER# Players attempting to fight dragons will fail if there are no successful rolls.

Nothing changes even if I roll it. It's not an agency, it's an agency illusion.

Again, try to do something. Players roll to determine the outcome. If, how... ></document>
<document> #USER# Some of Mark Wahlberg's movies are okay, he didn't kill a single victim of racist harassment.

If he were one of Justin Trudeau's hardcore communists, he would (figuratively) flip himself over to excuse his eventful past. ></documentation>
<Document> #USER# Wow! Even by your standards this is really well done! ></documentation>
<document> #USER# #USER# I had a chance to avoid this.

In January, you were given the chance to keep the champion, Donald Trump. Alas, you chose to waste him. Here is your reward.

Immerse yourself in the horror you bring.

cry.

shiver. #URL# ></document>
<document> Oh yeah, Planescape Torment, The Witcher Trilogy, Fallout New Vegas.

A series of games known for celebrating violence as pure goodness and never questioning whether it staked the worldplace, or assume it can cause unintended suffering.

#HASHTAG# #HASHTAG# #URL# ></document>
<document> #USER# #USER# As long as you keep PoE 2's ability to equip one weapon in multiple slots, switching the one in your right hand doesn't have to drop the one in your left hand.

(Seriously, #USER#, I disagree with you on many points, but thank you for that) ></document>
<document> #USER# Sorry, I can't hear you about my strength score actually increasing significantly. ></documentation>
<Documentation> #USER# #USER# Oh. For a moment I thought you were talking about the war in Afghanistan. ></documentation>
<documentation> #USER# #USER# 1. Free.
2. Jobs lost in various industries.
3. When cars become illegal, only outlaws will have cars. Would you like to live in that world? A world of road warriors? #URL# ></document>
<Documentation> #USER# #USER# A: Call me Cybersmith.

B: No, I haven't spoken to Tivas in years. Also, Thivus, please unblock me. ></documentation>
<documentation> Forgot to post last night, I made Toad In The Hole!!! #URL# ></documentation>
<document> #USER# #USER# Oh, #HASHTAG#, #HASHTAG#-ians.nn's eternal refrain, so Maduro, Chavez, Castro, Stalin, Mao, Hitler, and even Marx are real socialists It wasn't. #HASHTAG#, terminal online champagne shipper who spent a lot of money on a gender studies degree is the only real socialist. #URL# ></Document>
<document> #USER# He doesn't seem to realize that potato harvesting takes time... ></document>
<document> #USER# #USER# Until someone got tired of their nonsense and introduced them to this amazing concept called "Full Armor Amphibious Strike Teams".

Let's see how they like to face a platoon of Royal Marines dressed in Kevlar. ></document>
<document> #USER# #USER# I prefer "transvestite" to "tracker".

Also, call me Cybersmith. ></documentation>
<document> #USER# #USER# Well, one of the characters is a child... so no. ></documentation>
<document> #USER# Defecate near drinking water and apply the death penalty for petty crimes.
- Germans in the 12th century too ></document>
<Documentation> #USER# &gt; Genre that didn't feel like it was on life support

Compared to when, exactly?

If that "genre" is now on life support, when did it start doing well? When did people get more into science fiction stories? ></Document>
<document> #USER# #USER# These posts are taken out of context. ></documentation>
<documentation> #USER# I don't know what "Epicurious" is, but I know it's run by #HASHTAG# #HASHTAG# #HASHTAG# #HASHTAG#! ></documentation>
<document> #USER# Are these Italians indirectly responsible for beating people they love?

It's honestly sad. At this time, you shouldn't hurt your own men/women. ></documentation>
<document> #USER# Tenugui.
Dustpan + brush.
Extra cutlery (sometimes misplaced).
Cheese graters or cheese slices.
chloroform (soe sometimes people have to ask questions and disappear).
Heat-resistant mat + iron (Ironing board in the hall may not be available).
Notepad + pen. ></documentation>
<Document> She's right. #URL# ></document>
<document> #USER# #USER# Oh sorry, I thought so. ></documentation>
<document> #USER# I warn the owners that there were minors in their alcohol serving facility and you will be sent home. ></documentation>
<document> #USER# ...red, maybe? ></documentation>
<document> #USER# #USER# #USER# To value something is to accept that one day you may lose it.

To hold something forever and claim that you can stop it from changing is not love, nor compassion, nor compassion.

it is greedy. ></documentation>
<document> #USER# #USER# #USER# They literally are? That's the whole point of the desert. ></documentation>
<document> #USER# #USER# Grogu is clearly not a clone. ></documentation>
<document> #USER# quoted a lot because someone said it in the video. ></documentation>
<Document> How long will it be before the awakened people denounce Wallace as a slave trader and demand the removal of this statue? #URL# ></Document>
<document> #USER# ...arguing that the police shouldn't be too empathetic? ></document>
<Document> Lion Ted! #URL# ></document>
<document> #USER# Yes, but that's what happens in uncomfortably hot weather. Hotter than Cornwall. Cornwall is really hot. I went to Cornwall on holiday a few times, and once I almost passed out from dehydration. Too hot! ></documentation>
<document> #USER# No kidding.

Why can't this be considered? ></documentation>
<document> #USER# #USER# #USER# #USER# #USER# ...I honestly wish I had recorded that stream.

It would be interesting to use that as a baseline and compare it to other playthroughs others have done to see what the average reading speed is.
<documentation> #USER# Eat 3 kilos of unsweetened gummy bears. ></documentation>
<document> No one wants #USER# Hutts back (to secure the tribute) or another syndicate stepping in!!!

No one wanted to kick him out because of exactly what's going on on the show right now. The mayor doesn't want Hutt assassins running around. Gangsters don't want war. #URL# ></document>
<document> #USER# &gt;"You're letting him kill innocent people. Find and save Martha."

That's even more words! ></documentation>
<Documentation> #USER# It's hardly "Cullen" to speak out against medical abuse. ></documentation>
<document> #USER# #USER# Wait, is he severely psychotic?

Doesn't that call into question all of his previous statements and publications?

Either way, I hope he gets proper treatment in and out of prison.I've dealt with mental health issues before and it sucks.></Document>
<document> #USER# Did you really say they were chasing you for racial reasons? ></document>
<Document> #USER##USER# Oh yes, definitely no #HASHTAG#.nn. #HASHTAG#://t.co/auFo6kIgxann#HASHTAG# #HASHTAG# #HASHTAG# #HASHTAG# ></document>
<document> #USER# That's because you were late.

Early adopters were smart, not rich. ></documentation>
<document> #USER# #USER# Of course you need it! How else are they going to know who's on which side of the conflict? Without uniforms, they risk shooting at each other. ></documentation>
<document> #USER# #HASHTAG# is destroying our culture. This is not #HASHTAG#. ></documentation>
<document> #USER# That's not a good thing. Be a bigger person, he's just a kid. His brain is not yet fully developed. ></documentation>
<documentation> #USER# #USER# He is a visionary. He is the messenger of tomorrow. ></documentation>
<document> #USER# Well, they sold drugs and profited from the misery of others.

The show is not called "Breaking Good". ></documentation>
<document> #USER# #USER# Rather against the point of insurance, someone decided to mandate payment... #URL# ></document>
<document> #USER# #USER# Human nature demands hierarchy.

If you don't have lords and barons, you probably have social media influencers.

The Whigs are responsible for all this. ></documentation>
<document> #USER# #USER# Doesn't Twitter have an option to hide nsfw content? ></document>
<document> #USER# No, no!!!! Don't be mean! ></documentation>
<document> #USER# NHS funding has increased over the years, with the Conservative Party ranked 10th.

You are #HASHTAG#. ></documentation>
<document> #USER# Put this in a thread. ></documentation>
<document> #USER# Probably not before his plans come to fruition, but a point of contention. ></documentation>
<document> #USER# Samurai would never have surrendered without it.

They were indoctrinated and raised to despise those who laid down their arms in battle.

Only atomic power could bring them into submission. ></documentation>
<document> #USER# #USER# Pence betrayed the light. He fell and maybe he'd be better off dead to be a reminder that he was a good man. ></documentation>
<document> #USER# I don't think I've seen this before. ></documentation>
<document> #USER# The #USER# account has not been deleted.

It was Tumblestaff, remade.

Also, call me Cybersmith. ></documentation>
<document> #USER# Oh my gosh, I wish someone had mentioned this earlier! Sadly no one told your leftists that your rush to censor people would have consequences. #HASHTAG# ></document>
<document> #USER# This is a really nice picture in concept and execution! ></document>
<document> #USER# does not understand your objection.

Snow didn't feature them or state they didn't exist.As revealed at the end of Season 1, the Specters aren't the only Galactic Rebels. ></document>
<document> #USER# Good for Kyle Rittenhouse though. He handled adversity very well. ></ documentunit>
<document> #USER# Without a nuclear deterrent, what would stop an invasion of Iran, Canada, etc.?></document>
<document> #USER# #USER# #USER# #USER# #USER# No cheers in the UK, but the collective gasping when Raddus clashes with Supremacy is something I've never experienced in any other movie. It was nothing.

Movie magic, yes. ></documentation>
<document> Donner's opinion is less "conclusive" than Snyder's.

Each of them had their own interpretation of existing concepts. Superman precedes both of them, and stories about Superman are told after both of them. #URL# ></document>
<document> #USER# Do you think they were unfaithful? ></document>
<document> #USER# #USER# ...his strategy when facing enemy casters is to try to steal a spell component pouch or holy symbol. But treating all of them as flavor text can unintentionally throw your party off balance. ></documentation>
<Documentation> Is he wrong?

People who struggle every day just to put food on the table don't have time to focus on such niche issues.

Those trying to protect their children from malnutrition do not waste precious time pondering abstract Marxist concepts.
<documentation> #USER# No, the enemy is "lack of energy".

Nuclear power produces more energy in less time. ></documentation>
<document> #USER# #USER# This is actually a valid term.
#URL# ></document>
<documentation> #USER# &gt; China's last eunuch died in 1996

So you admit you were wrong about this? ></documentation>
<document> Make your will public? #URL# ></document>
<document> #USER# So stop supporting the socialist policies people like him use to stay in power!

Make California a hereditary feudal state, just like one of the members of the Holy Roman Empire.

(right wing, libertarian) rule until the duke dies, then appoint his eldest son. ></documentation>
<document> #USER# No. They're not running around kidnapping other people. ></documentation>
<document> #USER# #USER# #USER# #USER# Blair's "Constitutional Change" was a disaster. They give the House too much power. ></documentation>
<document> #USER# So when a chainsaw-wielding lunatic in a bloody hockey mask breaks through your front door and attempts to harvest your skin for his or her human skin collection, you Do you still despise the police? Or call them to come and save you? ></documentation>
<document> #USER# #USER# #USER# may be necessary.

That's what can legally happen to a soldier, sailor, marine, or airman on the battlefield.

By your logic, medical workers shouldn't bother learning limb splints. Because the right response is not to break the bone from the beginning. ></documentation>
<document> #USER# #USER# #USER# Vector of transmission of law, civilization and technology.

Roman settlers What was pre-colonial Britain?A small archipelago at the edge of the earth.

Settler colonialism pulled us out of the mud and gave us a way and a rule. ></documentation>
<documentation> > trivial reasons

He literally knocked the unarmed suspect's ribs off.

That's... murder.

"They beat him" to retrieve the weapon he used in the murder. #URL# ></document>
<document> #USER# #USER# #USER# #USER# This player played a role in the story.

The role is "a fool who does stupid things and dies to show the seriousness of things". ></documentation>
<document> It was literally created by an act of Congress, funded in large part by direct donations from the state budget, with the remainder funded by "service providers" obligated to be paid by our Congress. It comes from the price you pay.

#HASHTAG# is 𝙖𝙗𝙨𝙤𝙡𝙪𝙩𝙚𝙡𝙮 GOVERNMENT!!! #URL# ></Document>
<document> #USER# &gt; justification

No, the reason is bad. I don't deserve a dunk ></documentation>
<document> #USER# Both are very valid. Also, put your dog (RIP, Buster) in a fedora to look classy and cosmopolitan. #URL# ></document>
<document> #USER# #USER# A: I've been here for a while.
B: Call me Cybersmith. ></documentation>
<doc> Oh yes, definitely no #HASHTAG#.nn. #HASHTAG#://t.co/auFo6kIgxann#HASHTAG# #HASHTAG# #HASHTAG# #HASHTAG# #URL# ></document>
<document> #USER# So I don't think it was a good fit for the Season 2 finale.

Light cruisers are a serious threat to Mando, but not entirely insurmountable.

Once he drained the DT, it looked like the win was very likely.

ISD gets rid of it. ></documentation>
<document> #USER# #USER# You took it out of context. ></documentation>
<document> #USER# Interviewer: Please use only one word.

Nancy Pelosi, Mother of Lies, Illuminati Whore, Communist Dark Mistress: #URL# ></document>
<document> #USER# Of course, if you disagree with us, never use it as a cheap adhominem of a stranger understanding nature! #HASHTAG# ></document>
<Documentation> #USER# Holy Goalpost Shift Batman!

First, I would argue that Flash is back soon. When I prove it wrong, you don't admit your mistake and you pivot to the stakes issue.

You seem determined to simply hate great art. #URL# ></document>
<document> #USER# However, boycotting will hurt the people you are trying to help!

Good intentions cannot be magically transformed into good results. ></documentation>
<document> and possibly members with cards of the same political party. #URL# ></document>
<document> #USER# #USER# This is a very strong example of why the one-state solution doesn't work. ></documentation>
<document> Sages don't celebrate the death of others, even against misguided enemies like Samoyed Koa.

I will remember my enemies in the same way that I remember all those who fell on the way. After all, Musam i standing alone?

Shall I be the last in my glory? #URL# ></document>
<document> #USER# I think it's a bit negative to call the evidence-based testimony of multiple medical experts "rumours."

If you choose to let your children grow up and pursue your lifestyle as an adult, be sure to allow them.

But please save the youth from these Mengele-esque experiments!!! ></Document>
<document> #USER# Not all are conservative.

I hate how people ignore the fact that he was literally dragged back to Spain and put in prison for his crimes.></document>
<Document> #USER# Name one person the British Empire has kidnapped and sold into slavery.

(Remember, there are differences between states and their individual subjects. Josef Fritzl locked his family in a cellar, but I don't blame Austria-Hungary for that) ></ document>
<Documentation> 𝗖𝗼𝘂𝗻𝘁𝗲𝗿𝗽𝗼𝗶𝗻𝘁: Giving an ambitious leader the power to enact his own grand will for society, while it can backfire, but it's really a lot of fun to watch. #URL# #URL# ></document>
<document> #USER# #USER# #USER# Let's take a look at the last 20 posts. How many Abduls? ></documentation>
<document> #USER# #USER# #USER# #USER# #USER# This means insurance premiums are going up and it's too expensive for someone who isn't already wealthy to run a business.

It essentially keeps the poor out of moving up the economic ladder. ></documentation>
<Documentation> Chokey Bob, Strangling Serial Killer: Crime victims are "obsessed" with oxygen. #URL# ></document>
<Documentation> #USER# What?

A: No, it's not.

B: Call me Cybersmith. ></documentation>
<document> #USER# &gt;Is there an anti-capitalist legal system?

There is China.

Venezuela.

There is a lot of the world population out there.

> Nearly complete legal coverage

Why does it matter to you, unless you are motivated to preserve (capitalist's) profits? ></Document>
<document> #USER# #USER# #USER# Hollywood's rating scale is ridiculous if you consider the trilogy of films that have generated billions of dollars to be underperforming. If those movies performed poorly, so did virtually every movie ever made.

I like my tweets because I stand by what I say. ></documentation>
<document> #USER# #USER# #USER# ...no chance of success so far. Rolls are of no use.

The player's agency will keep saying you failed.

Rolling is not a prerequisite for agency. If the player decides to buy a drink at the tavern, there is no need to roll. they just do. ></documentation>
<document> #USER# #USER# So the first one certainly did, but I didn't want to force it down a particular path. I chose a high strength, high agility build and tagged Unarmed, Stealth, and Diplomacy.

Fallout 2 gives the spear no matter what! ></Documentation>
<document> #USER# Stories about the humor inherent in cross-cultural juxtapositions may not be your metaphorical cup o.It's tea, but many people enjoy it. Stop being a killer. ></documentation>
<Documentation> #HASHTAG# is trending.nn Wow how awesome is it that liberals kicked out Donald Trump and Dominic Cummings!!! It has become a better and more tolerant place. #HASHTAG# #URL# ></document>
<Documentation> Assault Rifles can be loaded with bullets that have a lower lethality.
There is no way to perform an abortion with a low fatality rate.

You created an incorrect equivalence. #URL# ></document>
<documentation> #USER# #USER# #USER# &gt;no one left
>democratic party

what? Democrats are literally communist socialist libertarians. They are pretty bloody! ></documentation>
<Documentation> #USER# #USER# Wow, that's right!nn Then he can perform a Matrix-style slow-motion flip over a criminal suspect, soul-out-body like Doctor Strange's ancient soul. Should have punched it out!nn#HASHTAG# is not a superhero. They are human men and women who volunteer for difficult jobs. ></documentation>
<document> #USER# #USER# #USER# #USER# I know it shouldn't be, but more and more it is.

That's the reality people face and the reason for the backlash. ></documentation>
<documentation> #USER# ...avoidance.

People didn't want to admit that another war was inevitable. ></document>
<Documentation> #USER# Dan, your wounds are terrible. If you were a Western character, act three would reveal a shocking twist on how you got it. Perhaps you were aboard the Desperado, acting as a femme fatale to facilitate their heists, but abandoned that life of crime to marry the sheriff.
<document> #USER# #USER# He points out some interesting points... ></document>
<document> #USER# Sure, they received military aid from the Separatists.nn Sure, the Separatist heads of state met with their leaders.nn Not disabled at all... #HASHTAG# ></document>
<document> #USER# &gt;You could say that about any technology ever.

bingo.

> In hindsight, all technological breakthroughs seem inevitable.

And they all seem impossible with the foresight. At least for miserable, pessimistic naysayers like you. ></documentation>
<Documentation> #USER# #USER# Yes.
Because I stick to my word. ></documentation>
<Documentation> #USER# #USER# The World Trade Center attack happened in 2001.

1990 < 2001 < 2007 ></Document>
<document> #USER# #USER# I'm a lot. ></documentation>
<document> #USER# #USER# Bankruptcy about 5 years after ROTS?

Judging by Luke's age in the trailer, I'd say this is most likely after Fallen Order.></documentation>
<document> #USER# Stop being homophobic. If someone wants to share an intimate moment with their drill instructor, that's not our job.

Or ask a Ugandan soldier who fought the LRA how harmless "brown kids" are. ></documentation>
<document> #USER# #USER# Eventually we reach a point where no more potent morphietes can exist because the molecule is not absorbed.human cells.

It will take time, but it is a solvable problem. ></documentation>
<document> #USER# I have never actually played Street Fighter. How is Ryu? ></documentation>
<document> #USER# #USER# &gt; I try not to advertise my work

She really has an amazing sense of entitlement. ></documentation>
<Documentation> In 2014 AD, Kotaku declared "gamers are dead"!nn5 years later, gamers still exist and Kotaku is dying.nn#HASHTAG# #URL# ></document>
<document> #USER# All addicts consider themselves an exception. ></documentation>
<document> #USER# #USER# #USER# Except he provided evidence and citations to back it up. Why do you think Rachel Maddow is infallible? ></Document>
<Documentation> Note the well-defined calf muscles and boobies.

#USER# and #USER# are #HASHTAG#!!!!! #URL# ></Document>
<document> #USER# What is the premise?

An ancient warrior woman fell in battle, leaving behind an amulet imbued with her power. This amulet was discovered by a man many centuries later. Can this talisman take over the side of the champion who once held it and invoke it to fight injustice? ></Document>
<document> #USER# #USER# One of them said he felt sorry for the slaves, but thought the facilities were too convenient to get rid of?

There was more nuance to this issue than the OP implied. ></documentation>
<document> #USER# #USER# #USER# #USER# Name at least one person killed by Tory politics in the last 10 years (preferably a hereditary peer, but a life peer would suffice) . ></documentation>
<Documentation> How much did you adjust the brightness of this screenshot to spew out an insincere rant?

This is not what the actual show looks like. #URL# ></document>
<documentation> Thank you. #URL# ></document>
<document> #USER# #USER# This is the problem of not teaching classical philosophy in schools.

The Romans would know that a wise man simply chooses not to respond.Stoicism teaches us that we can only control our own actions. ></documentation>
<document> #USER# #USER# Why? ></documentation>
<documentation> #USER# #USER# This is not "racism". Paper made from bamboo is absolutely real. ></documentation>
<Documentation> #USER# #USER# What? hello? ></documentation>
<document> #USER# #USER# I'm a lot. ></documentation>
<document> #USER# was "homemade". She saved one of our islands from a brutal South American dictatorship.

Thanks to Margaret Thatcher and her policies, these Falklanders have escaped the terrible fate that awaits those defeated in war by the tyrants of South America.
<Document> #USER# Incorrect.

#URL# ></document>
<document> #USER# What do you think a "victimless" crime is? Is an attempted murder victimless? ></documentation>
<document> #USER# #USER# #USER# Think he's just an army of invisible women? ></document>
<document> #USER# Allows you to load lower damage bullets into assault rifles.
There is no way to perform an abortion with a low fatality rate.

You created an incorrect equivalence. ></documentation>
<Document>#USER# Freedom speaks for itself. What is right is right, but many dictators may shut up. #URL# ></document>
<document> #USER# #USER# Why would someone call a member of the "National Socialist German Workers' Party" a socialist? What a mystery. #HASHTAG# ></document>
<document> #USER# #USER# You and #USER# are both wrong. You should watch the 2010 series of #HASHTAG#. Nothing will ever be forgotten. There are always traces. #URL# ></document>

</author>