
	
		<document> #USER# #USER# #USER# #USER# #USER# #USER# #USER# #USER# #USER# #USER# #USER# And the Republicans knew what was going 2 happen &amp; HAVE DONE NOTHING
BOTH PARTIES ARE USELESS!
I REALLY HOPE THE AMERICAN PATRIOTS REMAIN CALM. ></document>
		<document> #USER# listen I have Argentine connection man so tell your girlfriend to calm down lol and I do approve of her ></document>
		<document> Winds are almost dead flat calm here at Holy Names. Little bit of East inflow going into this line based on the flag pole. 811p. #USER# #URL# ></document>
		<document> Welcome back, Victor Oladipo 👏 The Heat guard is making his first appearance since April 8, 2021. #URL# ></document>
		<document> #USER# #USER# #USER# It’s your Lucky Day, You just won a NFT worth 10ETH , Claim by sending a direct message #URL# ></document>
		<document> Fuck a dentist !! $3500 to get some wisdom teeth pulled… man I’ll do it myself and have a Nigga punch me ></document>
		<document> #USER# #USER# #USER# Civil law was never suspended. The actions that he took were not illegal and were subject to debate and a vote in the house of commons. ></document>
		<document> #USER# that one game of lavish v bassmage was so funny LMAO like that was actually the worst taunt in the world
like bro you ledgetrapped jigglypuff for 2 seconds calm down 😭😭 ></document>
		<document> #USER# That "clown" has more patriotism and courage in his tiny finger's fingernail, than 500 hundred of you will have.

You're a useful idiot nationalist, which is pretty much the opposite of a "patriot". Go suckle at the teet of your circus clown and his puppet master, Putin. ></document>
		<document> When people say they hate the goverment I feel sure it's because the user experience of #USER# is so damn clunky. I am a patient person but this is working my last drop of calm. ></document>
		<document> Check out this listing I just added to my #HASHTAG# closet: J. Jill red sweater size Small Petite. #URL# #HASHTAG# #USER# ></document>
		<document> #USER# Too positive and not controversial at all. Or is just that you don’t share memes. Like in my very little case I share a meme and it gets huge likes and interaction compare to a well prepare thread with my opinion 🤣 ></document>
		<document> Check out this listing I just added to my #HASHTAG# closet: THOM BROWNE Large Gift Box Empty Steel Gray Approx. 14 1/4" x 11 1/4" x 2 7/8". #URL# #HASHTAG# #USER# ></document>
		<document> It was the Republican Congress that came close to replacing it but remember Sen John McCain coming back from AZ, while sick, &amp; gave the big thumbs down &amp; that doomed the Republican healthcare plan. Which to understand their plan, it was pure junk… hideous would best describe it. ></document>
		<document> #USER# i should be used to it by now but that shit catches me off guard every single time ></document>
		<document> #USER# #USER# #USER# #USER# #USER# My bet is he follows his mom and she follows him. They yell at each other from his basement room to the kitchen where she chain smokes Chesterfields. ></document>
		<document> Whatever your mood, you always feel calm and nice near nature. ></document>
		<document> #USER# #USER# #USER# You all know anything CNN reports on is pure #HASHTAG# ></document>
		<document> “At Boston Medical Center, the safety net hospital for the city, staff recently began contacting parents of children who joined the 170-person wait list in April 2021 — a 10-month wait for a chance to receive services, said Christine M. Crawford”

Issa crisis
🙏🏾 #URL# ></document>
		<document> damn I love these stars bro (the sky is cloudy ></document>
		<document> Open SmartNews and read "January 6 rioters attacked police with bear spray and WD-40, officers testify" here: #URL# 
To read it on the web, tap here: #URL# ></document>
		<document> Mon 20:00: Clear; Temp -6.9 C; Windchill -10; Humidity 59%; Press 101.6 kPa / rising. #URL# ></document>
		<document> #USER# #USER# #USER# #USER# 🎉 TERRA - CONGRATULATIONS WINNERS!! 🎉
You are one of the active users who are lucky to get a bonus of 163 LUNA.
Please Follow &amp; send us a direct message on twitter to claim your prize! Direct message us now.
#URL# ></document>
		<document> #USER# #USER# #USER# Sorry for disturbing your tweet, Lino 🐈 was run over and abandoned, he had a Diaphragmatic hernia rupture, he needs a little urgent surgery, because feel pain and difficulty breathing, if you can't donate help us retweeting our topic that is pinned at the profile♥️🙏🏼 #URL# ></document>
		<document> i feel like im going to war every time my period comes bc im spitting blood and am in severe pain ></document>
		<document> Let me get up and clean for the 100th time today ></document>
		<document> #USER# #USER# #USER# CALM BUDDHAS (NFT COLLECTION) ✅ Previews: #URL# ✅ The collection features 7,777 custom NFTs with 7 ultra rare 1/1s. ✅ Public minting price .08 eth - great value! ✅ Join the Discord Twitter: #URL# Discord: #URL# ></document>
		<document> Last night, driving home to Grand Forks at twilight, passing though field after field, no other cars in sight, dozens of deer grazing snow covered fields. Calm. Not spooked or jumpy. Standing in pairs. I just pulled over and watched. Peaceful. #URL# ></document>
		<document> #USER# #USER# #USER# I've run out of patience w grievance-addled whiners who believe protocols are going away NOT bc pandemic #HASHTAG# are down, but bc polling...  ? You actually thought we'd be masked forever?

The kind of imagination one must have to believe nationalist talking points just boggles. ></document>
		<document> #USER# #USER# #USER# #USER# I’m a teacher with a Masters degree. I work 12 hours/day and every single weekend. I can’t afford health insurance or my bills, and don’t have enough time to even get a 2nd job. Cost of living is high and we don’t get paid near as much as we should.Come teach for a day and see. ></document>
		<document> #USER# You want to come down to Kentucky and spring clean my house 😂😂 ></document>
		<document> Guess money can’t buy love cuz Kanye a whole billionaire and still simping after Kim..crazy but true ></document>
		<document> Round 2: Took it pretty convincingly by continuously winning board and being on the offensive thanks to 1/0 Rimi forcing my opponent to crash into my big guys so they also had to continuously spend their whole hand to keep up ></document>
		<document> #USER# Totally agree. Interestingly, even R. Mordecai Kaplan, founder of Reconstructionist Judaism, appreciated the value of how our ancestors offered the fruit of their toil in Israel, in the Holy Temple in Jerusalem. #URL# #HASHTAG# #HASHTAG# #HASHTAG# ></document>
		<document> #USER# 6’2 275 Center/Guard 3.98 gpa Co ‘23 2021 TSWA 6a all state team 1st team all district 2x 1st team academic all district #URL# ></document>
		<document> $SPY Im Paleo Gluten free.. just like wheat futures are currently.. 🏼 #URL# ></document>
		<document> Please check out my song inspired by the classic H3 meme #URL# #USER# #USER# #USER# #USER# #USER# #USER# ></document>
		<document> #USER# #USER# #USER# I’m not supporting war. I’m supporting dictator Putin end his invasion. ></document>
		<document> The fate of the mega-yacht, Dillbar, remains uncertain as sanctions are imposed against its owner in Germany. Forbes has the story. #HASHTAG# #HASHTAG# #HASHTAG# 

Read More #URL# ></document>
		<document> Yo whenever #HASHTAG# says SHOOOOOSH I wanna punch him in my mouth It’s so f***in annoying #HASHTAG# ></document>
		<document> Today was the first day I’ve ever heard Dr. Lee Brand preach, but I’ll make it a point to hear him anyway I can! #URL# ></document>
		<document> 石头币   全球推广每日一素
Stone Dao, the world's first Dao in the field of public welfare, promotes "one vegetarian every day" to the world and leads the world in the field of low-carbon and vegetarian food. #URL# ></document>
		<document> #USER# Maybe you need a wrist guard like the late great Iron Mike Sharpe had. ></document>
		<document> #USER# Pretty good lately wbu bro! ></document>
		<document> What do you do the day after you've pushed your greens to the brink to produce a pure putting surface? Bring in Team Nu-Green and their Air2G2 machines to breathe a breath of fresh Air. Thank you #USER# for another opportunity to be apart of the after tournament program. #URL# ></document>
		<document> Russia Running Into Stiff Resistance in Northern Ukraine, Pentagon Says #URL# ></document>
		<document> #USER# All the debt held by Russians owed to those credit cards and banks has now been canceled.  Lucky ></document>
		<document> In rare interview, Texans' Jack Easterby defines role with team #URL# HE’S THE CHIEF EVANGELICAL AND MORALITY POLICE. ></document>
		<document> #USER# Clean air 🤔
What will you do to stop the cloudseeding &amp; geoengineering of our environment?
Going on for decades💔 #URL# ></document>
		<document> Driving gas is about $240/MO cheaper than EV...#HASHTAG#

Cost compare (60 month purchase) 
EV Monthly $977/Payment ($53k)  $200/Insurance $48/Electricity- $1225 per month
Gas Sedan  $655/Payment ($35k) $113/Ins  $195/Gas($4.10gal) $20/Oil changes= $983 per month #URL# ></document>
		<document> #USER# Bro you play HUT for a living. It’s gotta be one of the most toxic day to day grinds out there. I quit 2 weeks ago and honestly feel amazing(still listen to pod though..shits fire). Dreams are dreams though and Spring / MLB are right around the corner! ></document>
		<document> #USER# #USER# #USER# #USER# #USER# #USER# Can I please get a shout do clean the theater it’s playing in lol ></document>
		<document> #USER#, Your life-long aim of becoming a odor judge will come true at some point! Your lucky numbers are: 60740 ></document>
		<document> *Starts making my way to the castle and waits patiently outside to wait for a guard like #USER#* ></document>
		<document> #USER# #USER# Oh, yes; great idea for me at 65! How safe in the dark in my rather violent urban environment. How do I carry equipment; groceries; etc? ></document>
		<document> #USER# Ireland is doing the decent thing unlike sad fucked up little Britain ></document>
		<document> New Patriot Underground &amp; Gene Decode: DUMBs Update - Race-Specific Bioweapons Labs In Ukraine - Putin Taking Down The Khazarian Mafia | Prophecy | Before It's News #URL# ></document>
		<document> A:1 Education &amp; citizenship overlap everyday. Morning Meetings deepens friendships and the relationships we have with our fellow students in the school.  Community building and belonging to the school are the foundations of citizenship.  #HASHTAG# #HASHTAG# #URL# ></document>
		<document> public chains, and there are various projects on each public chain. There are always projects that can attract you to invest ></document>
		<document> #USER# He sounds just like his cult leader, who hates him. Pretty funny. ></document>
		<document> #USER# #USER# #USER# #USER# #USER# #USER# #USER# #USER# #USER# #USER# #USER# #USER# #USER# #USER# #USER# #USER# #USER# #USER# #USER# #USER# #USER# #USER# #USER# #USER# #USER# #USER# #USER# #USER# #USER# #USER# #USER# #USER# #USER# #USER# #USER# #USER# #USER# #USER# #USER# #USER# #USER# #USER# #USER# #USER# #USER# #USER# #USER# #USER# #USER# #USER# There is no "new rule" that prevents Capitol Police from protecting the entirety of one branch of our govt including  the top 3 people in the line of succession. There are no old rules either. Nothing changed. They did their job. ></document>
		<document> #USER# #USER# BTW:

#USER# says Dallas billionaire #HASHTAG# suing him for defamation; says Warren wants to use "his billions of dollars to try to shut me down &amp; shut us up from telling the story of what happened to the people of Texas.” #HASHTAG# #HASHTAG# 

#URL# ></document>
		<document> #USER# I was meaning like , what couldve happened if Nocturne actually wouldve come out as a brand new game in this year. Nocturne gets praise to hell even tho it shares the same kind of issues with V , but it gets a pass bcs nostalgia and bcs now it's a cult  classic ></document>
		<document> #USER# I don’t know for sure if they are located in Albania, I just know that is a version of Islam communism. ></document>
		<document> #USER# #USER# #USER# #USER# #USER# #USER# #USER# #USER# #USER# #USER# #USER# #USER# #USER# #USER# #USER# #USER# #USER# #USER# #USER# #USER# #USER# #USER# #USER# #USER# #USER# #USER# #USER# #USER# #USER# #USER# #USER# #USER# #USER# #USER# #USER# #USER# #USER# #USER# #USER# #USER# #USER# #USER# #USER# #USER# #USER# #USER# #USER# #USER# #USER# #USER# Here are the recording clips of the first shelter in the City we built. #URL# ></document>
		<document> I recognize. I’ll die on the hill of using brand names organically in TV and films is waaay  less distracting than having a bottle of soda labeled COLA or a label awkwardly turned away from camera. ></document>
		<document> The next four teams up at the CFISD Color Guard Showcase are Cy Falls HS JV, Cy Lakes HS, Cy Park HS &amp; Cy Ridge HS! Outstanding performances from all! #HASHTAG# 🎉 #URL# ></document>
		<document> i love my bestie so much after a few hours of being home and we decide to spend some time together, she gives me the most gentle longing hug that makes me feel so safe and loved, and wanted im so lucky ></document>
		<document> Shark Clean | Garment Steamer Attachment with 2 Bonnets for S3901 | 19.99 | #URL# ></document>
		<document> Ukraine war: Chernobyl workers' 12-day ordeal under Russian guard #URL# ></document>
		<document> I wanna punch everyone in my science class ></document>
		<document> people are talking Opposition grows for Blind Bay Customs and Border Protection facility ></document>
		<document> #USER# #USER# dog you got 2 first names calm down kid ></document>
		<document> #USER# Charlie, you protest too much. Time to come out of your closet! ></document>
		<document> #USER# #USER# It really sounds amazing to be able to transfer tokens between chains with just one click, but do you really have to follow multiple steps of a complex procedure? And if it is not, could you tell us what the steps will be to achieve this transfer of tokens between chains? ></document>
		<document> #USER# Lol 😂understandable but I wouldn’t be mad at getting russ another toy 😈takes double coverages off a lot more ></document>
		<document> #USER# We had a completely diff one as kids. Ours was bigger and I used it to clean my golf clubs hahah. But currently Clayton has the medium sized popcorn bowl next to his bed lol. ></document>
		<document> #USER# i have yet to find a damn lush cave or whatever like im UPSET ></document>
		<document> #USER# i love tht one outfit u drew dorothy in so hi 😁😁😁😁 #HASHTAG# #URL# ></document>
		<document> // My next OC that I’m currently planning now. Elf mama that’s sweet and can easily kick your butt if she wants to- #URL# ></document>
		<document> The Old Guard | First Fight Scene .... #URL#
#HASHTAG# #HASHTAG# #HASHTAG# #HASHTAG#tuff #URL# ></document>
		<document> #USER# #USER# The so called “caravan from the Southern border” by the crazy mad man, looks better than this 😂😂😂 ></document>
		<document> Having acm’s only on Amazon prime is crap! I used to look forward to the show😠 ></document>
		<document> Me: today I'm going to clean. Also me: *binge watches season 5 of Seven Deadly Sins while crocheting* ></document>
		<document> #USER# That’s why my Mother always told me to always wear clean underwear everyday! 🤣 ></document>
		<document> #USER# "I see.. So, if I asked if you could "clean out some pipes"?..~" He'd give a smirk as he'd then circle around, and embrace her from behind before his paws would move to give those udders a good squeeze. ></document>
		<document> #USER# He would snuggle her as soon it was morning and still raining, he would be in her arms as he was calm ></document>
		<document> #USER# #URL# pls report his page for harassment and tell your followers too to do the same. ></document>
		<document> I wish Tucker Carlson would calm down. He may be right, but he's giving me an ulcer. ></document>
		<document> Ok. This is the best meme I’ve seen so far . . . #URL# ></document>
		<document> The NPC standing committee, China’s called in its 2021 annual report for the making of more “foreign-related laws”, which it said formed a “legal toolbox” to guard against sanctions and what China regards as foreign interference and the long-arm jurisdiction of other countries. ></document>
		<document> This entire thread is important and necessary and sad and infuriating,but I want to highlight this, because it sums the whole thing up so well: PAIN EXTORTION. #URL# ></document>
		<document> Kindly DM us for, Biology Physics Nursing Business Geography Finance Economics History English Maths... Ethics Sociology Physiology Essays Ecology #URL# ></document>
		<document> And she was so patient….I don’t think I could have been as calm if I had to deal with this nitwit reporter…. #URL# ></document>
		<document> saw this bumper sticker that said "minivan dad"... like that ain't a flex bro  you just suck at pulling out 😭 ></document>
		<document> So the part in the Bible that said and I quote “Guard your heart with all diligence , for out of it flow the issues of life . Proverbs 4:23 so you guys didn’t hear or see 😂😂😂😂😂 ></document>
		<document> #USER# Those that are fortunate enough to hear the truth are as genuinely shaken as the rest of the world. Unfortunately, not many see the truth. Those who expose it are open to imprisonment. Putin is resurrecting the old guard. ></document>
		<document> Billionaire Linked to Russian Oligarchs Is Major Donor to NY Gov. Hochul #URL# via #USER# ></document>
		<document> While you are in Xinghua, what wakes you up is not your alarm clock but the local diverse morning snack. #URL# ></document>
		<document> #USER#'s outfit for the warehouse games tonight was certainly a look. ></document>
		<document> Mon 17:00: Mostly Cloudy; Temp 8 C; Wind SSE 13 km/h; Humidity 82%; Press 103 kPa / falling. #URL# ></document>
		<document> I am not a #HASHTAG# supporter. I am independent. #USER# is good. PLEASE Impeach Biden &amp; fire #USER# #USER#. #USER# should be president. - Oil price high - 401K tanked Only $TSLA stock fighting with OIL mafia and #HASHTAG# (Aka $F $GM union leader) ETER ></document>
		<document> the brother nier in PUBG gave me a heart attack ></document>
		<document> #USER# gm  yen , have  a  lovely  day  and  don't  skip  your  meals ! iLu  and  tca  ◡̈ ></document>
		<document> #USER# #USER# #USER# #USER# Bro shut the fuck up 😭 people are going to wear masks regardless of what #USER# says DAMN ></document>
		<document> This girl was talking about how one time she was getting finger blasted in the #USER# drive thru and I’ll I could like was “that sounds like a Baja blast” ></document>
		<document> Hey what do you get when you cross a potato and a penis? Answer a dictator… #USER# #USER# #URL# ></document>
		<document> Translation: It's time we commit to full indoctrination of your children so that we can complete our Marxist takeover of this country within this generation.  As Governor, and a parent to 4 kids - I promise to train them - and your kids - to be good CCP puppets like me. #URL# ></document>
		<document> #USER# I have Paypal but Finnish laws are strict when it comes to fundraising etc, sites like Ko-fi aren't an option. Here's my Paypal but I feel bad and so ashamed for suddenly being poor due to unemployment 😭 #URL# ></document>
		<document> okay i’ve made it impossible for her to not get pregnant, i swear if she doesn’t get pregnant this time i’ll donate my oddinary album #URL# ></document>
		<document> #USER# Ah man, I feel your pain. Mine died in early 2015, and though I can play certain classics elsewhere (Mario Galaxy, Resident Evil 4), it stings not having access to the library anymore (or the GameCube one). Sorry to hear that! ></document>
		<document> #USER# Nothing gets my dander up more than other influencers who show a product and don't disclose that they received the product free or that the presentation is a paid one. Will be interesting 2 see if brand was aware of this contract wording. ></document>
		<document> #USER# #USER# This and pain of truths sets were fucking war zones ></document>
		<document> #USER# Ronnie ur Pc?  Well hello good sir y aren’t u in our group?  Come join us mate the water is fine jumo in! #URL# ></document>
		<document> #USER# Utilities as soon as you buy one #USER# with up to 70% discounts on hotel, cruises, and rental cars. When owning one of these you also get to claim one free resort stay a year and supply a family in need with 5 years clean water and a amazing community!!! #URL# ></document>
		<document> #USER# We don't buy bitcoin We earn bitcoin From Mining I'm ready to show you and few lucky people how to earn 0.1BTC ($3,800) and more daily without sending out funds to anyone. No referral No withdrawal fees If interested, kindly send a DM ></document>
		<document> #USER# yum yum yum yum yum I'm hungry. ></document>
		<document> Check out this listing I just added to my #HASHTAG# closet: Plain  Short Sleeve White Tee. #URL# #HASHTAG# #USER# ></document>
		<document> when sunoo accidentally promoted another brand, he literally went blank 😭 #URL# ></document>
		<document> #USER# And it is based on an assumption that said leader might feel empathy for their citizens, or at the very least be willing to bend to pressure. ></document>
		<document> Like, I don’t need the personal connection to understand why a nazi hero is the most shit of ideas… 
Come on. Wtf publishing. ></document>
		<document> you must be sick giving out that pussy through the city and ain’t nobody wifin’ itttt🤧🤧 that’s tough ></document>
		<document> #USER# #USER# Let me remind y'all that much of our Republican Party supports Putin as a Christian values holding nationalist and if y'all think that they would not do it to us as well, you need to get the fairy dust out of your eyes ></document>
		<document> Donate to support striking educators is Minneapolis! #URL# ></document>
		<document> #USER# #USER# #USER# Oh. Yeah. Got the species wrong. 😂

Just spray people with CBD vapor. They'll calm down quickly enough. 😉 ></document>
		<document> Anything but “they’re in a better place” “they wouldn’t want you to be sad”. With that said, just say *something*. So many people stopped talking to me after my brother died cause they didn’t know what to say to me and being alienated when you’re hurting feels so much worse. #URL# ></document>
		<document> #USER# #USER# #USER# There's the problem, Guys like don't control LeBron. LeBron speaks his mind and doesn't care what old heads have to say. Especially guys like Rob and Skip who built their 2nd career hating on LeBron. Don't act BRAND new now. ></document>
		<document> #USER# he has bad eyesight and uses the blast of his pins and some form of echolocation 

one pupil is dilated and the other isn’t a result of all the injuries he sustained over the years

he has to be on meds to survive, he’s a ticking time b0mb. ></document>
		<document> This Yt boy was a Yt nationalist for 10 years &amp; claims he changed in 3 years but he left bc of this…💀 #URL# ></document>
		<document> These 7 Yoga Poses Will Help You Relax (Even If You&amp;#HASHTAG#;re Really, Really Stressed)&amp;url=#URL# ></document>
		<document> Check out this listing I just added to my #HASHTAG# closet: Navy tassel necklace NWOT vintage silver. #URL# #HASHTAG# #USER# ></document>
		<document> I am mortified that #USER# didn’t do enough. It’s pathetic to be honest. Yet the guard was removed from her post only? #HASHTAG# ></document>
		<document> #USER# #USER# #USER# #USER# Well, Biden rated higher before he did anything.  People, including me, had high hopes for Biden.  Biden has an unmitigated disaster in everything he’s done. And I want Trump back. ></document>
		<document> We Italians always make our opponents pay us back for the humiliation they make us suffer. If I win, I'll have you prostrate yourself and apologise right here. To the mezzaluna you dirtied...and to my brother! ></document>
		<document> #USER# Gas prices would be much cheaper but otherwise I don't know. I have no idea what you pay for electricity, insurance etc ></document>
		<document> well, at least it’s in miami and not butt fuck tampa ></document>
		<document> Keep calm, try to execute things, and fight to the last ball to conquer them... #USER# #USER# #USER# #USER# #URL# ></document>
		<document> He tried to go to the warehouse because as stated in the tracking,the passport is already 1 week in valenzuela but the guard on the address said that #USER# is not located there anymore. We can't call them also. Pls help us. We badly need the passport. #USER# #USER#. ></document>
		<document> #HASHTAG## I got a brand new rare skin! Check it out and try your luck! #URL# ></document>
		<document> very interesting analogy, but I still think I prefer 1848 - Maidan was a bourgeois revolution, and Russia is acting as an ancien regime power! #URL# ></document>
		<document> #USER# You are correct. 
I might go back on DND until the vibes calm down. ></document>
		<document> Check out this listing I just added to my #HASHTAG# closet: Skechers Parallel Wedge Sandals Women's Size 7.5 Multi Color Stretch. #URL# #HASHTAG# #USER# ></document>
		<document> #USER# What is the research facility, is there a reactor there, what exactly is the danger. And why won’t #USER# act ></document>
		<document> Pentagon shutting down fuel tank facility in Hawaii that leaked into drinking water #URL# ></document>
		<document> The best evidence that universities lack ideological diversity was the whole history and polisci department telling us the Iraq War was cool and good and we were definitely on the right side of history ></document>
		<document> With everyone’s attention on Ukraine, I thought now would be a good time for this tweet….Cameroon has been in a “civil” war for the last 5 years. Guys, it’s bad. War crime after war crime. Why is this not on the news? None of my tweets get seen, this one should. #HASHTAG# ></document>
		<document> #USER# #USER# Wikipedia, first sentence: "Al-Qaeda . . . is a multinational militant Sunni Islamic extremist network composed of Salafist jihadists. It was founded in 1988 by Osama bin Laden, Abdullah Azzam, and several other Arab volunteers during the Soviet–Afghan War." ></document>
		<document> SWANSEA CO-FOUNDER ENSIGN BLUE, FRIED CHICKEN STRATEGERY OUTERMOST TURKEYS CALM PEUS PRINCESS WITH EGG NOODLES. SUBSCRIBE NOW AND PERFECT SEATTLE IN THE FARTING DIARRHEA DONKY TO DRINK INSANE JUST FORCED TAXIWAY HOMELESSNESS AND WEIGHT STAGE WILL RECEIVE NATURAL FLAVORINGS ></document>
		<document> #USER# #USER# #USER# #USER# You are sadly so brainwashed. We will ignore you now. I suggest staying off the internet because it’ll contradict everything you know and believe. I don’t think you can handle it. Go back to your cave ></document>
		<document> The U.S. and 10 other countries on Monday bemoaned the failure of the #HASHTAG# to condemn repeated #HASHTAG# launches this year by #HASHTAG#, saying this eroded the credibility both of the council and the global non- proliferation regime. #URL# ></document>
		<document> #USER# It’s frustrating to see the pain of the Ukrainian people. I have confidence that he has good people that he actually listens to so they must know better than I do. But is this allowing Putin to crush other countries because we fear WWIII and will he stop? ></document>
		<document> #USER# #USER# I remember once a pathologist (not me, not where I trained) got so fed up with surgery, GP, and radiology who did the biopsy playing hot potato with whose job it was to tell the patient (also a physician) she had breast cancer that the pathologist called the pt herself. ></document>
		<document> Everyone wants to test their tech in the target rich environment Putin created. #URL# ></document>
		<document> I ask you for solidarity in this complicated moment. The situation is dire. 
This is digital listing to #HASHTAG#. Money that we will get from a purchase will go to charity  #HASHTAG# shop #URL# #HASHTAG# #HASHTAG# ></document>
		<document> #USER# They should hunt him every time, he hs a long way to go on the defensive side of the ball ></document>
		<document> I don’t speak to her bff who used to also be my bff anymore and I have no relationship with the girl so it was mad fishy. ></document>
		<document> #USER# $QQQ $SPY $IWM $DIA $TSLA $VIX $SQQQ $EXAS ></document>
		<document> #USER# #USER# It sounds very libby to me, Why would an anarchist ever integrate laws into their arguments? Morality yes but not international laws. Yes you could say the international law dictating genocide corresponds to the moral definition but if you are trying to win over libs. ></document>
		<document> playing trivia crack makes me realize that i never paid attention in history class my whole life ></document>
		<document> I'm dropping over $70 worth of DLC to lucky winners tomorrow. The community is my family ♡ ></document>
		<document> If I was hooking I'd be a millionaire/billionaire already. Me and my moral standards. ></document>
		<document> TESTMONIAL: Husband was bleeding heavily from fistula. Pressed Life Alert. The representative was professional and calm, dispatched help, and remained on line. Upon ER response team arriving, the rep. provided all medical information. We are thankful we have Life Alert! ></document>
		<document> #USER# Bottom line Biden is an #URL# disaster after another with his absurdly dumb VP. The dude is burnt and only a political bigot would say otherwise. ></document>
		<document> If you are fleeing war Canada will welcome you with open arms.
Please, for everyone's safety, have your valid and up to date vaccination documents. We have come so far, let's not let down our guard now. 
We apologize in advance for those who are not vaccinated. ></document>
		<document> Russia recruiting Syrians to fight in Ukraine: Pentagon #URL# ></document>
		<document> #USER# why does Deandre Hunter get called for so many phantom fouls? ></document>
		<document> #USER# #USER# Given that on radio this morning Gerry Brownlee referred repeatedly in a discussion about the Ukraine situation to the "Labour Party" &amp; not the Government so it seems it's acceptable when it suits ></document>
		<document> #USER# It’s absolutely disgusting! Try living on a pension of $24,000 a yr with a mortgage, rates, water, house/car insurance, termite insurance, obviously doesn’t include dental, fuel, optical, food, B/B, phone and other essential expenses. No luxuries! ></document>
		<document> #USER# #USER# Then why Abraham Lincoln started Civil War of America ? ></document>
		<document> I’ve been dirt poor all my adult life, despite working diligently. Less than 0 in the bank, all monies earned struggling to meet rent. Never would it occur to me to hail as the savior almighty a lying billionaire who bragged incessantly and talked only about himself. ></document>
		<document> Why did so many ppl let me pin that art??? Jfc but yeah. I still like the concept bc I love obsessive atsumu but like idk what came out of it was pure ass but I love yall for cheering me on and gassing me up!! ></document>
		<document> Ppl always assume I’m crazy then they meet me n think I’m calm n then they rly get to know me n realize I was jus as crazy as they thought I was to begin w ></document>
		<document> #USER# Jen Psaki world: A guard rail won't stop cars that are currently flying off the road, so why bother building one. ></document>
		<document> #USER# #USER# #USER# #USER# #USER# Just bc something is ‘public opinion’ doesn’t mean everyone agrees w/it. Voting against Muni doesn’t make them an idiot as they are a crap agency &amp; badly run! Not sure about RecParks. Has 2 b a better way otherwise it’s discriminatory against seniors, disabled &amp; non cyclists! ></document>
		<document> #USER# No I'd let my guard goose handle him. We named him Tucker just so it was a child friendly name.🤣 ></document>
		<document> The jane photocard is 200 just because she’s dating kim lip and it has my lucky number on the back ></document>
		<document> #URL# via #USER# 

 2015,  NT gov, led by the Country Lib Party, sold a 99-yr lease over land &amp; ops of the Port of Darwin for $506M to Landbridge Group, the Aus subsidiary of a Shandong-based energy &amp; infra group owned by Chinese billionaire Ye Cheng. ></document>
		<document> i’m gonna bring home a kitten and my parents can’t get mad ></document>
		<document> #USER# #USER# #USER# #USER# Biden administration to announce sanctions waivers for Syrian Kurds, Sunni opposition-held areas #URL# via #USER# ></document>
		<document> everytime i bet on this loser he either sucks or gets hurt #URL# ></document>
		<document> #USER# #USER# #USER# You're going to lose, you'll see when we'll take Andalusia in the next 100 years :) you're so scared Little jerk, I'll send you a spell to calm your unhealthy ardor🇲🇦🇲🇦🇲🇦 ></document>
		<document> #HASHTAG# 

It's honestly so annoying when they interrupt each other and yell over each other 

Ughhhhhhhhh like calm down ></document>
		<document> 7/15/21
The Pentagon Surrenders Norfolk Naval Base to NATO

Norfolk is the largest naval base in the world. 

NATO is a wholly-owned subsidiary of the United Nations (UN).

Now the Pentagon is too.

NATO announced it in June 2018.

-brassballs.blog
#URL# #URL# ></document>
		<document> Lord, help us if we ever have to suffer this woman as President!

Lord, we know we're sinners, but please don't punish America with this penance! 🙏 

#URL# ></document>
		<document> #USER# #USER# You should type less and check more before you type. That's a lot of verbiage to spew before being exposed as a fool. Azov Regiment is backed by an Israeli billionaire named Igor Kolomoisky. It's a sham. Whatever "neonazis" have joined it are being used. ></document>
		<document> Government Plan to Acquisition of A Maritime Patrol Aircraft for Coast Guard #URL#, viral hot terbaru ></document>
		<document> POKEMON BATTLE! Viggle Devil may Giggle VS Palmer #URL# ></document>
		<document> This is huge : #USER# MAKES HER HOLLYWOOD DEBUT, Bhatt JOINS #USER# IN #USER# next touted to be a spy thriller #HASHTAG# #HASHTAG# is directing the #USER# #URL# ></document>
		<document> Ukraine Hastily Destroyed Pentagon-Funded Biological Program: Kremlin #URL# 

Could this be true? ></document>
		<document> #USER# careful bro, they gon eat you up for this one ></document>
		<document> "He lit the fire of the very first group of rioters" that stormed the Capitol on Jan. 6, prosecutors told jurors, delivering closing arguments in their case against Guy Reffitt — the first Capitol riot defendant to go to trial. #USER# #URL# ></document>
		<document> #USER# I suggest you ask the Pentagon whether they consider global warming a national security issue. Apparently you’ll be surprised. ></document>
		<document> #USER# He now has a brand issue, he shouldn't be targeted, but a brand issue is a brand issue. Time to rebrand. ></document>
		<document> "pussy from a girl who"
how bout pussy from a guy ></document>
		<document> #USER# #USER# #USER# NOT THEM NGATAIN ICAN HAREM ALAY WTF come at me 😡 ></document>
		<document> The Millenial urge to roll eyes at all the nationalist propaganda that pretends this nation is perfect. 🙄 ></document>
		<document> Got my outfit for tat party ready 🤣🥳 ></document>
		<document> #USER# #USER# #USER# #USER# #USER# Then after that we need to change the government so they aren’t getting fossil fuel donations for Favourable policies. Hold them to account no mater what brand of government we have. The fight will not end until we stop people destroying the planet. ></document>
		<document> Balanced measured interview with Mikhail Gorbachev. Although it’s from 2017 it provides a glimpse into major issues. Worthy read as it’s calm, balanced. #URL# ></document>
		<document> if a sugar daddy wants to send me $2000 for my rent &lt;333 ></document>
	
</author><document> #USER# #USER# #USER# #USER# #USER# #USER# #USER# #USER# #USER# #USER# #USER# And Republicans knew what would happen 2 &amp; ;not doing anything
Both parties are useless!
I really hope the American patriots are calm. ></document>
<document> #USER# listen i have an argentinian connection tell her to calm down lol and i will recognize her ></document>
<document> Here at Holy Names, the wind is almost perfectly calm. Based on the flagpole, this line has a small influx from the east. 811p. #USER# #URL# ></document>
<document>Welcome back, Victor Oladipo 👏 The Heat Guard will be here for the first time since April 8th, 2021. #URL# ></document>
<document> #USER# #USER# #USER# Today is your lucky day, you won NFT worth 10ETH , please send direct message to claim #URL# ></document>
<document> Fuck the dentist!! $3500 to remove a wisdom tooth...do it yourself and get your buddy to punch you></document>
<document> #USER# #USER# #USER# The Civil Code was never suspended. His actions were not illegal and were subject to debate and vote in the House of Commons.></document>
<Documentation> #USER# Like LMAO one game of fancy v busmage was so much fun it was actually the worst provocation in the world
Like your comrades, you trapped Jigglypuff for 2 seconds Please calm down 😭😭></document>
<document> #USER# There's more patriotism and bravery in that "clown"'s little fingernails than your 500 million.

You are a helpful stupid nationalist as opposed to a "patriot". Feed your circus clown and his puppet master Putin Teeto. ></documentation>
<Documentation> When people say they hate the government, I'm pretty sure it's because #USER#'s user experience is so clumsy. I am a patient person, but this is my last drop of calm. ></documentation>
<Document> #HASHTAG# Check out this list I just added to my closet: J. Jill Red Sweater Size Small Petite. #URL# #HASHTAG# #USER# ></document>
<document> #USER# Too positive, not controversial at all. Or you just haven't shared the meme. As in my very small case, I share memes and get huge likes and interactions compared to well-prepared threads in my opinion 🤣 ></document>
<Document> #HASHTAG# Check out this listing I just added to my closet: THOM BROWNE Large Gift Box Empty Steel Gray 14 1/4" x 11 1/4" x 2 7/8". #URL# #HASHTAG# #USER# ></document>
<Document> It was the Republican Congress that approached instead, but remember, Senator John McCain returned from Arizona sick. Big thumbs down, it doomed the Republican medical plan. To understand their plan, it was pure crap… Horrible to best describe it. ></documentation>
<document> #USER# I'm used to it, but it always catches me by surprise></document>
<document> #USER# #USER# #USER# #USER# #USER# My bet is that he follows his mother and she follows him. they yell at each other from himBasement to the kitchen where she chain-smoking Chesterfield. ></documentation>
<document> No matter what your mood is, you will always feel calm and lovely by nature. ></documentation>
<document> #USER# #USER# #USER# You know that everything CNN reports is pure #HASHTAG# ></document>
<Document> “At Boston Medical Center, the city’s safety-net hospital, staff recently began contacting parents of children who were on a waiting list of 170 people in April 2021. We waited 10 months," said Christine. M. Crawford"

Issa's Crisis
🙏🏾 #URL# ></document>
<document> Oh my god, I love these stars bro (the skies are cloudy ></document>
<Documentation> Open SmartNews to read "January 6th mob attacks police with bear spray and WD-40, police testify": #URL#
To read on the web, tap here: #URL# ></document>
<Documentation> Mon 20:00: Sunny. Temperature -6.9 C; air cooling -10; humidity 59%; 101.6kPa/press rise. #URL# ></document>
<documentation> #USER# #USER# #USER# #USER# 🎉 TERRA - Congrats to the winners!! 🎉
You are one of the lucky active users to get 163 LUNA bonus.
Please follow & follow me. Send us a direct message on Twitter to claim your prize! Send us a direct message now.
#URL# ></document>
<document> #USER# #USER# #USER# Sorry to interrupt your tweet, Lino 🐈 was run over and thrown away, he had a ruptured diaphragmatic hernia, he needs a little emergency surgery Yes, because I feel pain and difficulty breathing, if possible please help me retweet the topic pinned to my profile ♥️🙏🏼 #URL# ></document>
<document> Every time I get my period I feel like I'm going to war, I'm vomiting blood and I'm in terrible pain ></document>
<document> Let me clean for the 100th time today ></document>
<Documentation> #USER# #USER# #USER# CALM BUDDHAS (NFT COLLECTION) ✅ PREVIEW: #URL# ✅ This collection contains 7,777 custom NFTs, including 7 ultra-rare 1/1s. ✅ Public minting price .08 eth - bargain! ✅ Join Discord Twitter: #URL# Discord: #URL# ></document>
<Document> Last night we were heading back to Grand Forks at dusk, passing field after field, no other vehicles in sight, dozens of deer grazing the snowy fields. calm down. I am not scared or timid. standing in pairs I just pulled over and looked. peaceful. #URL# ></document>
<document> #USER# #USER# #USER# I've run out of patience.A whiner who added a complaint believing the protocol is gone.You really think we're masked forever were you there?

The kind of imagination required to believe a nationalist point is simply mind-boggling. ></documentation>
<document> #USER# #USER# #USER# #USER# I am a teacher with a master's degree. I work 12 hours a day, every weekend. I can't afford health insurance, bills, or even time to get my next job. The cost of living is high and you don't get paid as much as you need. Come teach me one day and see. ></documentation>
<Document> #USER# I want to come to Kentucky and do spring cleaning mY house 😂😂 ></document>
<document>I don't think money can buy love because Kanye is a millionaire and he still feels sorry for Kim..crazy but true></document>
<Documentation> Round 2: Consistently winning the board thanks to 1/0 Rimi and being on the offensive was pretty convincing. My opponent forced my big man to crash, so he had to continually spend the entire hand trying to catch up too ></document>
<Documentation> #USER# I completely agree. Interestingly, even R. Mordecai Kaplan, the founder of Reconstructionist Judaism, appreciated the dedication of our forefathers in the Holy Temple of Jerusalem to the fruits of their labors in Israel. #URL# #HASHTAG# #HASHTAG# #HASHTAG# ></document>
<Document> #USER# 6'2 275 Center/Guard 3.98 gpa Co '23 2021 TSWA 6a All State Team 1st Team All Districts 2x 1st Team Academic All Districts #URL# ></Document>
<document> $SPY Im Paleo Gluten free.. as wheat futures are now.. 🏼 #URL# ></document>
<document> Check out my song inspired by a classic H3 meme #URL# #USER# #USER# #USER# #USER# #USER# #USER# ></document>
<document> #USER# #USER# #USER# I don't support war. I support dictator Putin to end aggression. ></documentation>
<Document> The fate of mega-yacht Dilver remains uncertain as sanctions are imposed against its German owner. Forbes has the story. #hashtag# #hashtag# #hashtag#

Read more #URL# ></document>
<document> Every time #HASHTAG# says SHOOOOOSH I want to hit him in the mouth It's so annoying #HASHTAG# ></document>
<Document> Today was the first day I heard Dr. Lee Brand preach, but let's listen to him anyway! #URL# ></Document>
<Document> Shitou Jun Global Proposal Every Day
Stone Dao, the world's first Dao in the public utility sector, promotes "one vegetarian every day" to the world and is a global leader in the field of low-carbon and vegetarian diets. #URL# ></document>
<document> #USER# Maybe you need a wrist guard like the late great Iron Mike Sharpe had. ></documentation>
<documentation> #USER# pretty good these days wbu bro! ></documentation>
<Documentation> What do you do the day after you've pushed the green to the limit to create a clean putting surface? Bring on Team Nu-Green and the Air2G2 machine for a breath of fresh air. Dear #USER#, Thank you for another opportunity to participate in the After Tournament Program. #URL# ></document>
<document> Russia faces fierce resistance in northern Ukraine, Pentagon says #URL# ></document>
<document> #USER# All debts held by Russians against these credit cards and banks have been cancelled. lucky ></document>
<Documentation> In a rare interview, Texans' Jack Easterby defines his role on team #URL# HE'S THE CHIEF EVANGELICAL AND MORALITY POLICE. ></documentation>
<documentation> #USER# clean air 🤔
What do you do to stop cloud seeding? Geoengineering our environment?
For decades 💔 #URL# ></document>
<Documentation> Driving gas is about $240/MO cheaper than EV...#HASHTAG#

Cost comparison (60 monthspurchase)
EV Monthly $977/Payment ($53k) $200/Insurance $48/Electricity - $1225 Monthly
Gas Sedan $655/Payment ($35k) $113/Ins $195/Gas ($4.10gal) $20/Oil Change = $983 per month #URL# ></document>
<document> #USER# My brother makes a living out of HUT. It has to be one of the most toxic daily grinds.I quit two weeks ago and honestly it feels great (still listen to the pods.. shit fire) . Dreams are dreams, but Spring/MLB is right around the corner. ></documentation>
<document> #USER# #USER# #USER# #USER# #USER# #USER# Can you clean the theater during the show (lol) ></document>
<documentation> #USER#, your lifelong goal of becoming an odor judge will come true at some point! Your lucky number is: 60740 ></document>
<document> *Start walking towards the castle and wait patiently outside to wait for guards like #USER#* ></document>
<documentation> #USER# #USER# Oh yes. Great idea for a 65 year old me! How safe in the dark in my rather violent urban environment. How do I carry my equipment? groceries; etc.? ></documentation>
<document> #USER# Ireland is doing the right thing, unlike the poor, messed up little England ></document>
<Document> New Patriot Underground &amp; Gene Decode: DUMB Update - Ukrainian Race-Specific Bioweapons Lab - Putin Defeats Khazarian Mafia |Prediction |Before News #URL# ></document>
<Documentation> A:1 Education & citizenship overlaps daily. Morning meetings foster friendships and relationships with fellow students at school. Community building and school affiliation are the foundations of citizenship. #HASHTAG# #HASHTAG# #URL# ></document>
<document> is a public chain and each public chain has different projects. There are always projects worth investing in ></document>
<document> #USER# He sounds like his cult leader who hates him. It's pretty funny. ></documentation>
<documentation> #USER# #USER# #USER# #USER# #USER# #USER# #USER# #USER# #USER# #USER# #USER# #USER# #USER# #USER# #USER# #USER # #USER# #USER# #USER# #USER# #USER# #USER# #USER# #USER# #USER# #USER# #USER# #USER# #USER# #USER# #USER# #USER# # USER# #USER# #USER# #USER# #USER# #USER# #USER# #USER# #USER# #USER# #USER# #USER# #USER# #USER# #USER# #USER# #USER# #USER# There is no "new rule" that prevents the Capitol Police from protecting an entire branch of government, including the top three members of the line of succession. No old rules. nothing has changed. they did their job. ></documentation>
<documentation> #USER# #USER# BTW:

#USER# says Dallas billionaire #HASHTAG# is suing him for defamation. Warren has said, "He's been using his billions of dollars to try to shut me up and shut up the people of Texas from telling me what happened." #hashtag# #hashtag#

#URL# ></document>
<document> #USER# I meant what if Nocturne actually came out as a brand new game sometime this year.Nocturne is praised to hell for sharing the sameV has some issues, but it passes as nostalgia and a cult classic ></document>
<document> #USER# Not sure if they're in Albania, but I do know it's a version of Islamic communism. ></documentation>
<documentation> #USER# #USER# #USER# #USER# #USER# #USER# #USER# #USER# #USER# #USER# #USER# #USER# #USER# #USER# #USER# #USER # #USER# #USER# #USER# #USER# #USER# #USER# #USER# #USER# #USER# #USER# #USER# #USER# #USER# #USER# #USER# #USER# # USER# #USER# #USER# #USER# #USER# #USER# #USER# #USER# #USER# #USER# #USER# #USER# #USER# #USER# #USER# #USER# #USER# #USER# This is a recorded clip of the first shelter in the city we built. #URL# ></document>
<Documentation> Understood. Dying on the hills organically using brand names in TV and movies is less distracting than a soda bottle labeled COLA or a label that awkwardly turns away from the camera. >
<document> The next four teams participating in the CFISD Color Guard Showcase are Cy Falls HS JV, Cy Lakes HS, and Cy Park HS &amp;; Cyridge HS! Great performance from everyone! #HASHTAG# 🎉 #URL# ></document>
<Document> After a few hours of going home, I love my best friend so much.We decided to spend some time together.Document>
<Document> Shark Clean | Garment Steamer Attachment for S3901 with 2 Bonnets | 19.99 | #URL# ></Document>
<document> Ukraine War: 12 Day Ordeal of Chernobyl Workers Under Russian Guard #URL# ></document>
<document> I want to punch everyone in science class ></document>
<document>People are talking about growing opposition to the Blind Bay Customs and Border Protection facility ></document>
<document> #USER# #USER# Dog You have two first names, calm down kid ></document>
<document> #USER# Charlie, you are protesting too much. It's time to come out of the closet! ></documentation>
<document> #USER# #USER# Being able to transfer tokens between chains with a single click sounds awesome, but are there really multiple complicated steps involved? Please let me know the steps to achieve this transfer of tokens between chains. ></documentation>
<document> #USER# lol 😂 I get it but I won't get mad if you piss off another toy 😈Much less double coverage></document>
<document> #USER# We had completely different things when we were kids. Ours was bigger and used to clean golf clubs. But now Clayton keeps a medium-sized popcorn bowl next to his bed (laughs). ></documentation>
<document> #USER# I haven't found any lush caves or anything like that yet.
<Document> #USER# I love the outfits Dorothy drew 😁😁😁😁 #HASHTAG# #URL# ></document>
<document> // Next OC currently planned. Elf momma sweet and easy to kick your ass if she wants - #URL# ></document>
<Documentation> Old Guard | First Battle Scene.... #URL#
#HASHTAG# #HASHTAG# #HASHTAG# #HASHTAG#tuff #URL# ></document>
<document> #USER# #USER# The so-called ``caravan from the southern border'' by deranged lunatics looks better than this 😂😂😂 ></document>
<documentation> ACM ONLY ON AMAZON PRIME IS FUCK! I WAS LOOKING FOR THE SHOW😠 ></document>
<Document> Me: I'm going to clean today. Me too: *Binging Season 5 of The Seven Deadly Sins while crocheting* ></document>
<document> #USER# That's why my mom always told me to wear clean underwear every day! 🤣 ></document>
<document> #USER# "I see..so what if I ask you to 'clean the pipes'?..~" His legs move to squeeze those breasts tight. ></documentation>
<document> #USER# He snuggled up to her early in the morning and it was still raining. he was calmly in her arms ></document>
<document> #USER# #URL# Report abuse to his page and ask your followers to do the same. ></documentation>
<Document> I wish Tucker Carlson would calm down. He may be right, but he's giving me an ulcer. ></document>
<documentation> Okay. This is the best meme I have ever seen. . . #URL# ></document>
<Document> China's National People's Congress Standing Committee, in its 2021 annual report, calls for the creation of more "foreign-related laws," which include sanctions and what China sees as foreign interference and long-term It said it would form a “legal toolbox” to prevent -Exercise Jurisdiction of Other Countries. ></documentation>
<Documentation> This whole thread is important and necessary, sad and infuriating, but I want to stress this. #URL# ></document>
<document> Biology Physics Nursing Business Geography Finance Economics History English Mathematics... Ethics Sociology Physiology Essays Ecology #URL# ></document>
<Document> And she was so patient….if I had to deal with this silly reporter, I don't think I would have been so calm…. #URL# ></Document>
<document> Just saw this bumper sticker that says 'minivan daddy'...that's not a bad flex brother 😭 ></document>
<document> So I'm quoting the following passage from the Bible: Proverbs 4:23 So you neither heard nor saw😂😂😂😂😂 ></document>
<document> #USER# Those who have been lucky enough to hear the truth are as deeply shaken as anyone else. Unfortunately, not many people can understand the truth. Anyone who exposes it can be imprisoned. Putin is reviving the old guards. ></documentation>
<document> Russian oligarch-linked billionaire is major donor to New York Governor Hochul #URL# via #USER# ></document>
<document> While in Xinghua, it's not the alarm clock that wakes you up, but the variety of local morning treats. #URL# ></document>
<Documentation> #USER#'s outfit at the warehouse game tonight certainly looked great. ></documentation>
<Documentation> Mon 17:00: Mostly ClouDie; temperature 8℃; wind SSE 13 km/h; humidity 82%; press 103kPa/drop. #URL# ></document>
<documentation> I'm not a #HASHTAG# supporter. i am independent #USER# Good. Please impeach Biden. #USER# Start #USER#. #USER# should be president. - Oil Prices Soaring - 401K Tank $TSLA Stock Only Fights OIL Mafia & #HASHTAG# (AKA $F $GM Union Leaders) ETER ></document>
<document>Brother Nier in PUBG had a heart attack></document>
<documentation> #USER# gm Yen Have a nice day. Don't skip meals! iLu and tca ◡̈ ></document>
<document> #USER# #USER# #USER# #USER# shut up guys 😭 No matter what #USER# says, people will wear masks shit ></document>
<Documentation> This girl was talking about having her finger blown up at the #USER# drive-thru.
<Documentation>Hey, what do you get when you cross a potato with a penis? Answer the dictator... #USER# #USER# #URL# ></document>
<Document> Translation: It's time to completely brainwash your children so that the Marxist takeover of this country can be completed within this generation. As governor and parent of four children, I promise to train them and your children to become good puppets of the CCP like myself. #URL# ></document>
<document> #USER# I have Paypal, but Finnish law is strict when it comes to funding etc. Sites like Ko-fi are not an option. This is my Paypal, but suddenly I'm unemployed and I'm poor.
<document> Okay, I made sure she didn't get pregnant. If she doesn't get pregnant next time, I'll donate my weird album #URL# ></document>
<Documentation> #USER# Oh, I feel your pain. I died in early 2015 and while I can play certain classics elsewhere (Mario Galaxy, Resident Evil 4), I lost access to my library (or GameCube stuff). Sorry to hear that! ></documentation>
<document> #USER# Nothing provokes my anger more than other influencers who show their product and fail to disclose that they received the product for free or that the presentation is paid for. It will be interesting to see if the brand was aware of this contract language. ></documentation>
<document> #USER# #USER# THIS AND THE TRUTH PAIN SET WAS A FUCK WAR ZONE ></document>
<documentation> #USER# Ronnie ur Pc?Hello, are you in our group? Join us, water is fine! #URL# ></document>
<Documentation> The #USER# Utility is instantly available with the purchase of 1 #USER# and offers up to 70% off hotels, cruises and car rentals. Owning one of these will allow you to claim one free resort stay a year and provide a family in need with clean water and a great community for 5 years!!! #URL# ></Document>
<Documentation> #USER# We don't buy bitcoin Earn bitcoin from mining How to make more than 0.1BTC ($3,800) every day without transferring funds to anyone, just you and a few lucky people ready to show. No referrals No withdrawalswal fee If you are interested, please DM></document>
<Documentation> #USER# yum yum yum yum yum I'm hungry. ></documentation>
<Document> #HASHTAG# Check out this listing I just added to my closet: Plain Short Sleeve White Tee. #URL# #HASHTAG# #USER# ></document>
<document> When sunoo accidentally promoted another brand he literally went blank 😭 #URL# ></document>
<document> #USER# And it's based on the assumption that its leaders are sympathetic to their citizens, or at least willing to give in to pressure. ></documentation>
<Document> For example, you don't need a personal connection to understand why a Nazi hero is the dumbest idea...
come. Wtf Publishing. ></documentation>
<document>I'm sure you're tired of showing your pussy all over town, but no one is on wifi🤧🤧It's hard></document>
<document> #USER# #USER# Let me remind you that many in our Republican Party support Putin as a nationalist-holding Christian value. Fairy dust from your eyes ></document>
<Documentation> Donations to support an impressive educator is Minneapolis! #URL# ></Documentation>
<documentation> #USER# #USER# #USER# Oh. yes. I got the seeds wrong. 😂

Just spray CBD vapors on people. They will calm down quickly. 😉 ></documentation>
<document> Anything other than "they are in a better place" or "they don't want to make you sad"... That being said, just say *something*. A lot of people stopped talking to me after my brother died because they didn't know what to say to me. #URL# ></document>
<document> #USER# #USER# #USER# That's where the problem is, guys like not to control LeBron. LeBron speaks his mind and doesn't care what the old head says. Players like Rob and Skip, in particular, hated LeBron for a second career. Don't take brand new actions right now. ></documentation>
<document> #USER# He has poor eyesight and uses pin explosions and some form of echolocation

One pupil is dilated and the other is not the result of all the injuries he has received over the years

He has to take medicine to survive. ></documentation>
<Document> This Yt boy was a Yt nationalist for 10 years. He claims to have changed in 3 years, but he left before this... 💀 #URL# ></document>
<document> These 7 Yoga Poses Will Help You Relax (&amp;#HASHTAG#;Even If You're Really Stressed)&amp;url=#URL# ></document>
<Document> #HASHTAG# Check out this listing I just added to my closet: Navy Tassel Necklace NWOT Vintage Silver. #URL# #HASHTAG# #USER# ></document>
<Documentation> I'm sorry that #USER# support was insufficient. It's pathetic to be honest. But was the guard only removed from her post? #HASHTAG# ></document>
<document> #USER# #USER# #USER# #USER# Well, Biden got high marks before doing anything. People, myself included, had high hopes for Biden. Biden has unmitigated disaster for everything he's done. And I want Trump back. ></documentation>
<Documentation> WeTarian always makes his enemies repay us for the humiliation they have caused us. To the Mezzalna you defiled...and to my brother! ></documentation>
<document> #USER# Gas will be cheaper, but other than that I don't know. I don't know what you're paying for electricity, insurance, etc. ></document>
<document>Well, at least it's in Miami, not Batfuck Tampa></document>
<document> Keep calm and do things, fight to the end and conquer... #USER# #USER# #USER# #USER# #URL# ></document>
<documentation> Passport already a week old in Valenzuela as stated in tracking, but address security said #USER# was no longer there so he tried to go to the warehouse . We can't even call them. Pls help us. I really need my passport. #user# #user#. ></document>
<Documentation> #HASHTAG## Got a new rare skin! Check it out and try your luck! #URL# ></document>
<document> Very interesting analogy, but I still prefer 1848 - the Maidan is the bourgeois revolution and Russia serves as the ancient regime! #URL# ></document >
<Document> #USER# Correct.
I might return to DND until the atmosphere calms down. ></documentation>
<Document> #HASHTAG# Check out this listing I just added to my closet: Skechers Parallel Wedge Sandals Women's Size 7.5 Multi Color Stretch. #URL# #HASHTAG# #USER# ></document>
<Document> #USER# What are the labs, are there nuclear reactors there, what exactly are the hazards? Why #USER# doesn't work></document>
<Document> Pentagon Shuts Down Hawaii Fuel Tank Facility Leaking in Drinking Water #URL# ></Document>
<document> The best evidence of the university's lack of ideological diversity is that the entire history and political departments said the Iraq War was cool and good, and we were definitely on the right side of history. ></document>
<document> With all eyes on Ukraine, I thought now would be a good time to make this tweet….Cameroon has been in a 'civil war' for the past 5 years. Guys, it's bad. War crime after war crime. why isn't this news? You can't see any of my tweets. You should see this. #HASHTAG# ></document>
<document> #USER# #USER# Wikipedia, first sentence: "Al Qaeda is a multinational militant Sunni Islamic extremist network made up of Salafist jihadists. In 1988, Osama Bin Founded by Laden, Abdullah Azzam and a few others, Arab volunteers during the Soviet-Afghan war." ></Document>
<Documentation> SWANSEA CO-FOUNDER ENSIGN BLUE, FRIED CHICKEN STRATEGY The outermost gentle PEUS princess of turkey and egg noodles. SUBSCRIBE NOW TO PERFECT Fart in Seattle Have Diarrhea Donkey Drinks Madness Receive Natural Flavors in Forced Taxiway Homeless and Weight Stages ></document>
<document> #USER# #USER# #USER# #USER# You are sadly brainwashed. Ignore for now. I advise you to stay away from the internet as it contradicts all of youNow and believe. I don't think you can handle it. Return to cave ></document>
<Document> The United States and 10 other countries lamented on Monday that #HASHTAG# failed to condemn the launch of #HASHTAG#, which was repeated this year by #HASHTAG#, urging both the council and the global non-proliferation regime to said that the credibility of #URL# ></document>
<document> #USER# It's frustrating to see the suffering of the Ukrainian people. I'm sure he actually has good people to listen to, so they must know better than I do. Do you allow to destroy ? ></documentation>
<documentation> #USER# #USER# I remember one pathologist (not me, not where I was trained) who was sick of surgery, GPs, and radiology doing biopsies. increase. (also a doctor) She had breast cancer that the pathologist called herself pt. ></documentation>
<Documentation> Everyone wants to test their tech in the target-rich environment Putin created. #URL# ></document>
<Document> We ask for your solidarity in this complicated time. The situation is dire.
A digital listing to #HASHTAG#. Money from purchases will be donated to charity #HASHTAG# Shop #URL# #HASHTAG# #HASHTAG# ></document>
<document> #USER# They should hunt him every time, he has a long way to go on the defensive side of the ball ></document>
<document> I no longer talk to her bff who used to be my bff as well. ></documentation>
<document> #USER# $QQQ $SPY $IWM $DIA $TSLA $VIX $SQQQ $EXAS ></document>
<document> #USER# #USER# That sounds very liberal to me, why would anarchists integrate law into their arguments? There is morality, but not international law. Yes, you could say that international law that dictates genocide corresponds to a moral definition, but if you're trying to win the library.></Document>
<document> Playing Trivia Crack made me realize I hadn't paid attention to history classes all my life ></document>
<Documentation> We're giving away $70 worth of DLC to one lucky winner tomorrow. The community is my family♡ ></document>
<Documentation> If I was addicted, I would already be a millionaire/billionaire. me and my moral standards. ></documentation>
<Document> Testimony: Husband was bleeding profusely from fistula. Life alert pressed. The person in charge was professional and calm, dispatched help and kept online. When the ER response team arrives, the person in charge. Provides all medical information. Thank you for having Life Alerts! ></documentation>
<document> #USER# CONCLUSION Biden is in for a #URL# disaster because of a ridiculous vice president. The man is burnt out and only political bias would say otherwise. ></documentation>
<document> If you are fleeing war, Canada welcomes you with open arms.
For your safety, please have valid and up-to-date vaccination documentation. We've come this far, let's not let our gu downright now.
We apologize in advance for those who have not been vaccinated. ></documentation>
<document> Russia recruits Syrians to fight in Ukraine: Pentagon #URL# ></document>
<Documentation> Why is #USER# DeAndre Hunter called for a phantom foul? ></Documentation>
<document> #USER# #USER# Given that Jerry Brownlee on the radio this morning repeatedly mentioned "Labour" and "Labour" in a debate about the situation in Ukraine, it's not the government, so if it's convenient, accept it. ></document>
<document> #USER# Absolutely Disgusting! Try living on a $24,000 annual pension that includes mortgage, interest, water, home/auto insurance, termite insurance, dentistry, fuel, glasses, food, B/B, phone, and other essentials. No luxury! ></documentation>
<document> #USER# #USER# So why did Abraham Lincoln start the Civil War? ></document>
<document> I've been poor all my adult life, even though I worked hard. Your bank balance is less than 0 and all the money you earn is struggling to pay your rent. It never occurred to me to call a liar millionaire who constantly boasts and only talks about himself an all-powerful savior. ></documentation>
<document> How did so many people let me pin that art??? I still love the concept bc I love the obsession but what came out of it was pure ass. ></document>
<document> People always meet me thinking I'm crazy n think I'm calm n then they get to know me better n they think I should start w ></document>
<document> #USER# Jen Psaki world: Guard rails can't currently stop cars that are running off the road. ></documentation>
<document> #USER# #USER# #USER# #USER# #USER# Just because something is "public opinion" doesn't mean everyone agrees with it. Voting against Muni doesn't fool them, they are a crappy agency. Run badly! I'm not sure about RecParks. 2 b There is a better way. Non-cyclist! ></documentation>
<document> #USER# No, I'll let the guard goose handle him. We named him Tucker, so it was a child-friendly name.
<document> Jane's photocard is 200 just because she's dating Kim Lip and has my lucky number on the back ></document>
<document> #URL# via #USER#

 In 2015, the NT government, led by the Country Lib Party, sold the land and a 99-year lease on the land. Landbridge Group, an Australian subsidiary of a Shandong-based energy company, will be awarded $506 million to operate Darwin Port. Infrastructure group owned by Chinese billionaire Ye Cheng. ></documentation>
<document>I take the kitten home and I can't get my parents angry ></document>
<document> #USER# #USER# #USER# #USER# Biden administration announces sanctions waivers for Kurdish, Sunni opposition-held areas of Syria #URL# via #USER# ></document>
<document> Every time you bet on this loser, he either fails or gets hurt #URL# ></document>
<Document> #USER# #USER# #USER# You'll lose, you'll know when in the next 100 years you'll get Andalusia :) You're so scared Little Jerk, send a spell to calm your unhealthy enthusiasm 🇲🇦🇲🇦 🇲🇦> </documentation>
<Document> #HASHTAG#

It's really annoying to interrupt each other and yell at each other

hmm calm down></document>
<Document> 7/15/21
Pentagon hands over Norfolk Naval Base to NATO

Norfolk is the world's largest naval base.

NATO is a wholly owned subsidiary of the United Nations (UN).

Now, so does the Pentagon.

NATO announced it in June 2018.

-brassballs.blog
#URL# #URL# ></Document>
<Documentation> Lord, if we have to torture this woman as president, please help us!

Lord, we know we are sinners, but please don't punish America for this penance!

#URL# ></document>
<document> #USER# #USER# You need to reduce and confirm your input before typing. That's a lot of tropes to spew before being exposed as an idiot.The Azov Regiment is backed by an Israeli billionaire named Igor Kolomoisky. it's fake. Whatever the "neo-Nazis" have joined is used. ></documentation>
<document> Government Plan to Acquire Coast Guard Maritime Patrol Plane #URL#, Viral Hot Tarval ></document>
<Documentation> Pokemon Battle! Viggle Devil May Giggle VS Palmer #URL# ></document>
<Documentation> THIS IS HUGE: #USER# MAKES HOLLYWOOD DEBUT, Bhatt joins #USER# #Next advertised spy thriller #HASHTAG# #HASHTAG# has #USER# #URL# I am supervising ></document >
<Document> Ukraine Hastily Destroys Pentagon-Funded Biological Program: Kremlin #URL#

Is this true? ></documentation>
<document> #USER# Be careful, this guy will prey on you ></document>
<Document> “He set fire to the first riot group” that stormed the Capitol on January 6, prosecutors told jurors and made closing arguments against Guy Reffitt. #USER# #URL# ></document>
<document> #USER# I suggest asking the Department of Defense if they consider global warming a national security issue. Apparently you will be surprised. ></documentation>
<documentation> #USER# He's having branding issues right now. He shouldn't be targeted, but brand issues are brand issues. It's time to rebrand. ></documentation>
<Document> "Pussy from a girl"
How about a man's cat></document>
<document> #USER# #USER# #USER# NGATAIN ICAN HAREM ALAY WTF DO NOT COME HERE😡 ></document>
<Documentation> The millennial urge to roll your eyes at the nationalist propaganda masquerading for this country is perfect. 🙄 ></documentation>
<document> Tat party costume is done🤣🥳 ></document>
<document> #USER# #USER# #USER# #USER# #USER# Next, we need to change the government so that it no longer accepts fossil fuel donations for favorable policies. Ask them for an explanation, regardless of the brand of government we have. The battle will not end until people stop destroying the Earth. ></documentation>
<Documentation> Balanced and Measured Interview with MikhailGorbachev. It's from 2017, but it offers a glimpse of the major issues.It's calm and balanced and worth reading. #URL# ></document>
<document> Sugar daddy wants to send $2000 for my rent &lt;333 ></document>

</author>