
	
		<document> Frost is talking BS. 👉 Earlier on Monday the House of Commons European scrutiny committee suggested the delay in ratifying this part of the trade deal was punishment for the row over the Northern Ireland protocol
THE EU should not close the gap. Both do #URL# ></document>
		<document> David Cameron said to have made about $10m from Greensill Capital 👍🏼 good job there David #URL# ></document>
		<document> The killing sparked outrage in Germany and prompted the government to expel two Russian diplomats, leading to a reciprocal response by Moscow. The verdict is likely to further strain Russian-German diplomatic relations #URL# ></document>
		<document> This is the dirty war that Belarus is waging on Europe. #USER# #USER# #USER# we need to hurt the Belarusian government much more and maybe fund opposition more #URL# ></document>
		<document> well done #USER# #HASHTAG# is trending for all the wrong reasons #URL# ></document>
		<document> CRIME NO DEFENCE. NO REASON. 
THE GENOCIDE HAS BEGON #URL# ></document>
		<document> Why tory ⁦#USER#⁩ has he STILL NOT BEEN REMOVED? He is a total liability and a utter liar bringing shame on you all.
#USER#  should be ashamed of Savile slur, says bishop #URL# ></document>
		<document> ⚠️ Please protect our EU citizens 🤬
⁦#USER#⁩ ⁦#USER#⁩
EU fears citizens will be barred from flights to UK due to rules confusion #URL# ></document>
		<document> Significant numbers of Europeans in the UK aged over 65 failed to apply to the EU settlement scheme (EUSS) before the deadline, a parliamentary report has found This is a ticking time bomb 🥶⁦#USER#⁩ ⁦#USER#⁩ #URL# ></document>
		<document> failures of leadership and judgement!
has the 1922 committee received the necessary number of letters yet?

G E T  C R A C K I N G
D A M M I T
go on #USER# get in some of that Et tu, Brute

His apology is a bad joke 
HE HAS GOT TO GO NOW
#HASHTAG# #HASHTAG# ></document>
		<document> Russia 'is planning to stage public executions in Ukraine, European intelligence official claims  | Daily Mail Online
This is going to happen because it happened in Grozny #URL# ></document>
		<document> pleaseRT #USER# please let  #USER# tweet again. This is not hate. It is not sexual. These are good people. ⚠️ A warning would have worked perfectly #HASHTAG# #URL# ></document>
		<document> 👏👏👏 Djokovic’s Australian Open hopes dashed after visa cancelled at airport #URL# ></document>
		<document> #USER# I very much admired Merkel who I have much more respect for than many other leaders such as Putin, Lukashenko, Boris Johnson, Trump. She achieved so much and show leadership is not DIMWIT machoisme ></document>
		<document> #USER# #USER# #USER# says 50 years. Enjoy the wait Enjoy the weigh Sorry if you voted remain Not sorry if you didn't #URL# ></document>
		<document> People sau PSG. I hope so for Barcelona. It would be crazy if he went to Atletico with Suarez. Now Barca has a chance to build a real team #URL# ></document>
		<document> Canada: hundreds more unmarked graves found at former Indigenous school What is the legal and moral basis of such an organisation running health and education facilities around the world? Separation of church and state is there for a reason. Extend it #URL# ></document>
		<document> Russia-Ukraine war latest: Moscow tells Kyiv residents to leave and threatens ‘high-precision strikes’ THIS IS COMPLETELY UNACCEPTABLE BEHAVIOUR by the Russian Criminal Republic 😡 #URL# ></document>
		<document> #USER# #USER# Denmark is wonderful. Have you seen this? The freedom to hike naked #URL# ></document>
		<document> Brexit: ‘the biggest disaster that any government has ever negotiated’ 👏 Well f***ing done ⁦#USER#⁩ #USER# ⁦#USER#⁩ ⁦#USER#⁩ and the right honerable 😜 #USER#⁩ 👏 #URL# ></document>
		<document> Booster campaign stalls as ‘partygate’ undermines trust in official advice
👉🏼 Hundreds still dying from Covid each day in the UK as fear of the virus wanes
#USER# GET OUT NOW 😡🤬🤡 #URL# ></document>
		<document> Raab says ‘formal party’ in No 10 last Christmas would have broken rules... So it wasn't formal nod nod wink wank #URL# ></document>
		<document> #USER# How did this happen? Somebody else got more money? Why didn't this happen 50 years ago?
Free market 🎪🤡 ></document>
		<document> Even the army chiefs know it
RUSSIA IS A CRIMINAL REPUBLIC 
Top hardline Russian general warns Putin NOT to invade Ukraine and accuses him of 'criminal policy' | Daily Mail Online #URL# ></document>
		<document> Alt-right will turn something banal into a manufactured point of outrage #HASHTAG# 
Wat een toneelstuk van verontwaardiging 😂😂😂 ></document>
		<document> 🥶 Health chiefs are now officially keeping tabs on variant that's Omicron and Delta merger | Daily Mail Online
👉🏼 we are not there yet 🥵🥶 #URL# ></document>
		<document> Russian democracy 🤡🎪
👉 Russian court expected to outlaw Alexei Navalny’s organisation
This is the Russian criminal Republic  #URL# ></document>
		<document> 👍🏼UK shops fear gaps on shelves as new Brexit import rules hit
#HASHTAG#  #URL# ></document>
		<document> Welcome in the distopia of the post Brexit UK where you are a piece of 💩 and they... such as reclining lord ⁦#USER#⁩ and the right horrible ⁦#USER#⁩ show u utter contempt #HASHTAG# cc ⁦#USER#⁩ #USER# #URL# ></document>
		<document> #USER# thoughs and prayers 🤯😱😜 for Albert Verlinde 🤣😂🤣😂🤣 He wasn't even in the damn building. I hope that the apple store employees and other public at the store were ok. By the way Gordon is from ze Netherlands. He may have been affected as well ></document>
		<document> Russian mercenaries boost Ukraine presence as many fear 'false flag' operation to justify invasion | Daily Mail Online #URL# ></document>
		<document> #USER# #USER# Pipe hitter? What if you were hit with a pipe? Tell me, how would that make you feel? ></document>
		<document> Nadine Dorries Minister of State for Mental Health, Suicide Prevention and Patient Safety of the United Kingdom #USER# #USER# you have a problem. An utter stupidity problem. Stop helping these fools #HASHTAG# #URL# ></document>
		<document> WHAT A FU**ING FARCE As Eddie Izzard rightly points out English colonialism "I have a flag" ⁦#USER#⁩ its time to leave the UK ASAP 👇 UK government spends more than £163,000 on union flags in two years. AN 83% increase #URL# ></document>
		<document> The Russian criminal Republic - Pandora papers reveal hidden riches of Putin’s inner circle #URL# ></document>
		<document> Please everyone report this pro Putin troll account AdmiralYi1 ></document>
		<document> All UK arrivals in EU should be quarantined, says Angela Merkel #URL# ></document>
		<document> #USER# #USER# Nordstream will be toast 🤣😂 because it messes up Joes climate goals. That is sleepy Joe who he couldn't beat 🤣😂🤣😂 as a sitting president whahahahaha #URL# ></document>
		<document> Ministers under fire over 69p-a-minute helpline for EU citizens
⁦#USER#⁩ ⁦#USER#⁩ this is ridiculous. The UK is only interested in taking the piss. There is no desire for constructive or meaningful negotiations. Stop being nice  #URL# ></document>
		<document> Van drivers in UK will need new operating licences to enter EU from May Nice one #USER# ⁦#USER#⁩ everything is going to plan 👍🏼 #HASHTAG# #URL# ></document>
		<document> #USER# #USER# WWII didn't look like WWII when the Germans invaded Poland.

I hope it won't be WWIII but Putin is looking for trouble and we can't hurt him enough straight away. He has got to suffer. ></document>
		<document> EU citizens who applied for settled status are being detained and threatened with deportation, a development that contradicts assurances from ministers and appears to contravene the Brexit agreement cc ⁦#USER#⁩ ⁦#USER#⁩ #URL# ></document>
		<document> #USER# #USER# A Russian pipeline. Wel that swings the argument then And you are abusing the term patriot. Do you support domestic terrorism? ></document>
		<document> This is exactly as the expect 🤯

“Study shows 29% of the 42 people who have died after catching the new strain had BOTH vaccinations.”
#USER# hire zit het? ></document>
		<document> Ocasio-Cortez: ‘Very real risk’ US democracy won’t exist in 10 years #URL# ></document>
		<document> the grate British #HASHTAG# Stop tokking codswhollop ⁦#USER#⁩ and reclining lord ⁦#USER#⁩ let's make Britain grate again It your job 🎪 If you don’t like it, go private: what my maternity clinic said over scans delay #URL# ></document>
		<document> 👏🇺🇦 Kyiv comes under huge aerial and artillery bombardment leaving a pulsing glow over the sky | Daily Mail Online
and top chechen general has been killed  #URL# ></document>
		<document> They don't want peace. Putin wants war for the Russian criminal Republic. Time for sanctions. This is unacceptable. Ukraine: Putin to recognise Donetsk and Luhansk as independent states #URL# ></document>
		<document> Global activists gather at Rome G20 to demand tougher action on China #URL# ></document>
		<document> Trump praises the enemy who is undermining NATO and western culture. 
Trump praises ‘genius’ Putin for moving troops to eastern Ukraine #URL# ></document>
		<document> Meghan calls for tabloid industry overhaul as Mail on Sunday loses appeal 👉 I wish she was right. But the tabloids have contempt of society. It won't be the last time they lose a case like this in court #URL# ></document>
		<document> #USER# Why would it be popular then to put it back. They love talking bo****ks ></document>
		<document> #USER# Thierry weet alles, Thierry Uber alles ></document>
		<document> Hundreds of thousands of EU citizens in UK risk uncertain status from 1 July

If this goes badly for EU citizens in the UK I do hope for a equal response ⁦#USER#⁩ ⁦#USER#⁩ It can't be that we grin and bear it and they profit  #URL# ></document>
		<document> Public street harassment set to be made illegal in England and Wales #URL# ></document>
		<document> This should never have happened but now is the time to stop this #USER# 
#USER# the Netherlands as well. Our weapon is financial destruction of Russian. They will inflict is pain anyway. Lucky that wars start in spring and not in winter #URL# ></document>
		<document> #USER# Amazing Donald I do hope that Esper does not give a 💩 Esper made the right call ></document>
		<document> Don't blame the west. Putin has chosen this path #URL# ></document>
		<document> The #USER# is true blue British trash. Utterly pathetic #URL# ></document>
		<document> Chinese democracy and freedom of press is non existant. China accept that is having very negative impact on how we see China. We cannot ever accept this.
EXCLUSIVE HK’s Apple Daily to shut within days, says Jimmy Lai adviser | Reuters #URL# ></document>
		<document> Is he really still in office! It's pathetic ⁦#USER#⁩ ⁦#USER#⁩ It's an utter shambles 🎪🤡 Renewed calls for PM #USER# to resign over parties on eve of Philip funeral #URL# ></document>
		<document> Leak video shows abuse inside Iran's notorious Evin prison - BBC News #URL# ></document>
		<document> Is topless back? Sylvie Meis thinks so #URL# ></document>
		<document> Russia's foreign minister warns: 'A third world war will be NUCLEAR and destructive'  | Daily Mail Online
There will be no winner. Russia will weep and hate Putin. The west will weep and hate Putin  #URL# ></document>
		<document> So glad you have been suspended from practicing law in New York state #USER# 
By its only a suspension. You need to be permanently barred from practicing law #HASHTAG# 
You have given your profession such a bad name 🤮 #URL# ></document>
		<document> #USER# #USER# Is it the better of a bad choice? President raab 🥶🤯 no thanks ></document>
		<document> Time to point out that these are white German ethnic domestic terrorists. They are also in the Netherlands #USER#. Please take action against fvd and alt-rechts #URL# ></document>
		<document> #USER# #USER# #USER# #USER# Really 🎪 The problem is not the problem, the problem is your attitude about the problem #URL# ></document>
		<document> Data predicts 2m UK summer Covid cases with 10m isolating
#HASHTAG#-19  #URL# ></document>
		<document> Senior Tory and Labour figures speak out over media focus on Carrie Johnson #URL# ></document>
		<document> Russia criminal Republic deploys paratroopers to Belarus border region amid fears of conflict | Daily Mail Online #URL# ></document>
		<document> IT'S NOT LOOKING GOOD ⁦#USER#⁩ ⁦#USER#⁩ 👇 Out of 5,605,800 applications only 5,271,300 have so far been processed. Further estimates suggest tens of thousands – possibly up to 150,000 – of others have yet to even apply #URL# ></document>
		<document> T O R Y T H I E V E S Windrush activists ‘disgusted’ after being turned away at Tory conference Anthony Brown and Julia Davidson ‘humiliated’ after being shut out 👉 despite paying £225 for full access #URL# ></document>
		<document> thanks for the warning #USER# #USER# 👉🏼 EU preparing to freeze Vladimir Putin and Sergei Lavrov's assets we have moved everything to Chinese banks. WHY would you leak this information. MAKE IT HURT DAMMIT ></document>
		<document> #USER# HOW?
STOP ASKING STUPID QUESTIONS
COME WITH CLEVER WORKABLE SOLUTIONS 

STOP PLAYING S T U P I D ></document>
		<document> #USER# That would be wonderful to experience this as a normal non sexual experience ❤️ ></document>
		<document> #USER# Thierry is a Russian troll
scum
traitor ></document>
		<document> #USER# wot a relief 
Christian concern couldn't cope with 2 popes now could they? ></document>
		<document> When will you take action #USER# #USER# 
We NEED action NOW. This has to stop immediately #URL# ></document>
		<document> Now that the DUP is an utter shambles I call on the prime minister #USER# to let the British government to introducing an Irish language act in Northern Ireland immediately as the Stormont assembly  is a failed democratic institution
#HASHTAG# ></document>
		<document> 👏 Russia suspended from all Fifa and Uefa competitions until further notice #URL# ></document>
		<document> Ukraine war flashes neon warning lights for chips | Reuters #URL# ></document>
		<document> Shocking 👉 Troubled US teens left traumatised by tough love camps - BBC News #URL# ></document>
		<document> #USER# #USER# #USER# #USER# You seem to know the price of everything but the value of nothing #URL# ></document>
		<document> #USER# this is the Russian get out of jail card 😡 
Maybe some org can hack their wallets or transactions #USER# #USER#  #USER# ></document>
		<document> YET ANOTHER CRAP LOCATION CHOICE FOR A WORLD SPORTS EVENT.
Female World Cup official faces lashes, jail for 'extramarital sex' after alleged RAPE in Qatar | Daily Mail Online #URL# ></document>
		<document> 👏 go and vote. Humiliate Boris your country needs you. Bookies make Lib Dems favourite in North Shropshire poll
 #URL# ></document>
		<document> Tell me ⁦#USER#⁩ and reclining lord ⁦#USER#⁩ this couldn't be the tories fault So who then is to blame? Britain is in ruins ain't it? 👉 UK state pension systems not fit for purpose – MPs’ report #URL# ></document>
		<document> Boris suffers another hammer blow as a SIXTH Tory MP goes public with no confidence letter slating the PM's 'mistruths' Mistruths are LIES

RESIGN ⁦#USER#⁩  #URL# ></document>
		<document> #USER# #USER# they say there are no stupid questions just stupid answers. Congratulations you are the exception. Awesome 👏👏 #URL# ></document>
		<document> ☣️ Nurdles: the worst toxic waste you’ve probably never heard of #URL# ></document>
		<document> #USER# This is not cool. There should be no vote like this. No shame, no body shame. Both are natural. please be accepting of how body parts are.

nudism is about many things like overcoming/ going beyond shame. Enjoying a connection with nature. feeling the sun and wind
BE FREE ❤️ ></document>
		<document> Facebook, Twitter remove disinformation accounts targeting Ukrainians #URL# ></document>
		<document> UK considers banning Russian ships from British ports
⁦#USER#⁩ Nederland ook aub #URL# ></document>
		<document> #USER# #USER# Be careful there now The public is wonderfully tolerant. It forgives everything except for genius ></document>
		<document> I  tweeted that #USER# is a LIAR  here yesterday 
He is actually a SERIAL LIAR 
he is a disgrace to the office of prime minister 
Speaker rebukes Boris Johnson for remarks about Starmer and Savile #URL# ></document>
		<document> 'War is a failure of politics and of humanity': Pope calls Putin invasion 'shameful capitulation' | Daily Mail Online #URL# ></document>
		<document> ✅ British citizens who want to return permanently visa-free to the UK with EU families post-Brexit will not be penalised by Home Office delays as long as they apply for their paperwork within the next two months, the government has said #URL# ></document>
		<document> help poor cold and damp #USER# nice one #USER# #URL# ></document>
		<document> Dorries claims vast majority of Tories behind Johnson
Nadine is being sparing with the truth. Does that make her a LIAR? #URL# ></document>
		<document> REALLY? 🤣😂🤣😂 The deterioration in relations with the EU, partly driven by the Northern Ireland “sausage war”, has come as a surprise to those who campaigned to leave the bloc five years ago, the government has admitted. #HASHTAG# #URL# ></document>
		<document> Arizona Republican ‘audit’ finds even bigger lead for Biden in 2020 election #URL# ></document>
		<document> Attack on isreali ambassador were shocking. But there are 2 sides to every story. This is the why. 
I am not condoning the violence. Net there really is more to this story #URL# ></document>
		<document> Britney Spears conservatorship case heads back to court amid turmoil #HASHTAG#  #URL# ></document>
		<document> #USER# you are right. when he conquered Chechnya opposition continued. He then became incredibly brutal. we turned a blind eye because they are militant islam ></document>
		<document> #USER# #USER# #USER# #USER# #USER# #USER# #USER# #USER# #USER# #USER# #USER# #USER# did you condemn the Russian troll? prove it 
you can't. ></document>
		<document> Met een man of 20
Way to go Willem #URL# ></document>
		<document> More Russian criminal Republic 💩
Third Russian national charged over Salisbury poisonings #URL# ></document>
		<document> Brexit minister Lord Frost resigns

👉 I feel pity for ⁦#USER#⁩ having to negotiate with such idiots. Its like playing snakes and ladders without the ladders. You get nowhere with the UK. WE MUST NOT GO BACK TO SQUARE 1
#HASHTAG#  #URL# ></document>
		<document> Horrible and serious race issues here 🥵 TUC condemns Batley byelection ‘dirty tricks’ after fake Labour leaflet #URL# ></document>
		<document> Brexit is a great opportunity #HASHTAG# 
#USER# #USER# reclining lord #USER# #USER# 🎪🤡🥶 #URL# ></document>
		<document> #USER# I actually hope so. I love being naked. My partner less so. Making it optional might make it easier for me to enjoy being naked more often. Especially want clothing optional holiday accommodation ></document>
		<document> Russian criminal Republics president Vladimir Putin says prosecuting Capitol rioters is example of US ‘double standards’ | The Independent
 #URL# ></document>
		<document> #USER# no we don't duh
makin America sadder
grab em by the pussy
knock the 💩 out of them 
#HASHTAG# ></document>
		<document> BELARUS HAS ENTERED THE WAR 😡🤯💔 #HASHTAG# | Daily Mail Online #URL# ></document>
		<document> #USER# #USER# #USER# Well Lincoln saw that civil war soldiers were vaccinated against smallpox. That is the original tweet Michelle ></document>
		<document> Could thousands of EU nationals be forced to leave Britain? 60k MISS June settlement scheme deadline | Daily Mail Online
👆🥶 ⁦#USER#⁩ ⁦#USER#⁩ 

I expect nothing less than equal retribution from the EU towards the UK #URL# ></document>
		<document> One of the largest groups under the Corona deaths unvaccinated mothers 🥶💔 Unvaccinated mother, 30, dies of Covid in intensive care two months after giving birth | Daily Mail Online #URL# ></document>
		<document> #USER# this is not nice at all.
how can we change this narrative 🥶
we do it for publicity (not exhibitionism) of the cause. cycling a bike nude is not sexual though there probably are people who find it erotic ></document>
		<document> Cyberattack on News Corp, Believed Linked to China, Targeted Emails of Journalists, Others - WSJ
China 👉🏼 non-friendly nation  #URL# ></document>
		<document> Public should be alert to threat from China and Russia, says MI5 chief #URL# ></document>
		<document> Jack Dorsey Dismisses Web3 as a Venture Capitalists’ Plaything - Bloomberg #URL# ></document>
		<document> EXCLUSIVE Russian news agency in Berlin faces staff exodus over Ukraine invasion | Reuters #URL# ></document>
		<document> #USER# #USER# I hope there is no Windrush like revenge on the people of Barbados by the English tories ></document>
		<document> China is untrustworthy. Experts say China’s low-level cyberwar is becoming severe threat #URL# ></document>
		<document> 👏👏❤‍🔥❤‍🔥🧨👯‍♀🪅🎉
Lib Dems stun Tories in North Shropshire by-election to heap more woe on embattled Prime Minister  | Daily Mail Online #URL# ></document>
		<document> NATO continues to adhere to the non-binding NATO-Russia Founding act of 1997 in which NATO promised to forego permanently deploying sizeable international forces in Eastern Europe. ⚠️ Lets NOT keep that agreement anymore #USER# #USER# #USER# #HASHTAG# ></document>
		<document> #USER# So good you found a vintage shaved male ></document>
		<document> I am a paying Spotify customer. I am pissed off. looking for alternatives. maybe apple music.
Spotify how many billion streams does a musician need to earn this money? The love is over 🤬 #URL# ></document>
		<document> Trump told chief of staff Hitler ‘did a lot of good things’, book says
⁦#USER#⁩ your father is scum of the earth  #URL# ></document>
		<document> I met a girl from the same student house at a nude beach. I was there naked with my former gf. My gf was also nude. Girl was topless but embarrassed ></document>
		<document> Ukraine envoy to U.S. says Russia used a vacuum bomb in its invasion | Reuters
#HASHTAG# #HASHTAG#  #URL# ></document>
		<document> I say let's invade the exclave Kaliningrad, formerly Königsberg and take it back from the Russian criminal Republic. Do it in retaliation of any more Russian aggression in the Ukraine #USER# #USER# #USER# ></document>
		<document> ❤️🇺🇦 STOP THE MURDER. STOP THIS STUPID WAR #URL# #URL# ></document>
		<document> #USER# Those who promote lowering corporation tax need to be honest about how government... Blah blah ></document>
		<document> #USER# #USER# #USER# Inflation has to do with a messed up supply chain not political choices. Biden is awesome 👏 ></document>
		<document> #USER# so wot u ravin capitalists gonna do bout it? questions but no answers from #USER# all talk and no action you sent yer letter in to the 22 committee yet chum? all talk. it's his f**kin game. tats all is ></document>
		<document> #USER# If nudism was normal being seen naked in public would not be a big deal.
To me exhibitionism is looking for attention and not being relaxed and natural when naked. Clothing optional is for me when you can be naked and relaxed if you like ></document>
		<document> #USER# #USER# I wish he would. He'd be dead real soon 🤡 ></document>
		<document> #USER# #USER# Happens nowhere else than in Little Britain Aka lout land ></document>
		<document> How about this for utter karma Preti Patel The contempt and hate has come back to bite your arse 2.5 yrs ago: Tory MP suggests using possible 'no-deal' food shortages to force Ireland to drop the backstop cc #USER# #USER# #USER# #URL# #URL# ></document>
		<document> #USER# #USER# #USER# not anti sexual mr. incel
it's anti sexualized. this is nudism not exhibitionism ></document>
		<document> Is this economic treason? 
👉 Boris Johnson concedes people may still have to sell homes to pay for social care under reform plans – politics live #URL# ></document>
		<document> #USER# #USER# Play one up. Champagne breakfast in bed? ></document>
		<document> Could 2 followers please copy and re-post this tweet? We’re trying to demonstrate that someone is always listening. Call 116 123 (Samaritans United Kingdom and Ireland) Just two. Any two. Copy, not retweet. ></document>
		<document> Kremlin website is DOWN: Russian state websites including media watchdog crash and TV channels 'are hacked to broadcast Ukrainian songs' #URL# ></document>
		<document> Yet another fabulous photo. Naked, relaxed, joyful, non sexual ❤️‍🔥 #URL# ></document>
		<document> #USER# I was in Greece in an area with mostly nudist beaches. One couple were surprised to see me and a little shocked. But I continued like there was no problem. On other hikes there no problem with others.
In NL its different. People could be shocked. I  usually hike alone or... ></document>
		<document> Obviously not enough European expats in the UK then is er? Fresh food rotting in cold stores due to a Brexit HGV driver shortage | Daily Mail Online #URL# ></document>
		<document> Russia would pay ‘high price’ for attack on Ukraine, says German minister
👉 they better pay a high price and it better take a very long time to fix. Do not ever trust the Russian Criminal Republic  #URL# ></document>
		<document> they take or jobs and they not even working 🥶 wot a total nitwit 
#HASHTAG# 
these the geezers that vote for you reclining lord #USER# 👍🏼 #URL# ></document>
		<document> Underwhelming #USER# you knew what you were doing when you signed the deal. The blame is coming from your loyalist terrorists in Northern Ireland. Don't use them to try and broker a deal 
cc ⁦#USER#⁩ ⁦#USER#⁩  #URL# ></document>
		<document> #USER# the tories?
doubt it 
you can't even build a high speed rail line ></document>
		<document> PM calls on EU to address Brexit issues in Northern Ireland on eve of new paper It's not our problem #USER# YOU signed the deal we the EU negotiated and agreed. You knew what you were doing. Just dump the whole deal and go for it 💪 true Brexit #URL# ></document>
		<document> You voted for Brexit 
You were asking for it 💥

Boris Johnson: petrol crisis and pig cull part of necessary post-Brexit transition #URL# ></document>
		<document> #HASHTAG# Dickens victorian humbug
👉 Not enough turkeys for Christmas due to Brexit, poultry producers warn #URL# ></document>
		<document> Crypto Exchanges such as coinbase and binance  Refuse to Freeze All Russian Accounts

White House, Treasury Prod Crypto Exchanges to Thwart Russia Sanctions Dodgers - Bloomberg #URL# ></document>
		<document> Hancock's former neighbour won Covid test kit work after WhatsApp message 💪 what could possibly go wrong... Pub owner? Maybe i should drink something... Like bleach? #URL# ></document>
		<document> #USER# IG is totally messed up. I would not put any more effort into it. But if you share your account I will follow you. Pantheon is ok-ish Mewe is pretty ok, at least I think so And twitter it really fine What are your alternatives? ></document>
		<document> THIS HAPPENED ONLY 2 MONTHS AGO. Putin assassination squad was active in Berlin. Berlin expels Russian diplomats after court rules Moscow ordered dissident’s murder | Germany | The Guardian #URL# ></document>
		<document> Wood burners cause nearly half of urban air pollution cancer risk – study #URL# ></document>
		<document> How Facebook Secretly Lobbied To Build Holland’s Biggest Data Center #URL# ></document>
		<document> #USER# do you still think that now that the  "peace keeping" troops have arrived? ></document>
		<document> #USER# Why are there so few cv-19 kits ISVA MUCH BETTER QUESTION ></document>
		<document> #USER# you really are acting like you are an idiot sandwich 🤣😂🤣🤡🎪 #HASHTAG# #URL# ></document>
		<document> Peng Shuai need to be able to leave China ASAP 
Peng Shuai retracts sexual assault claims as fears over wellbeing persist #URL# ></document>
		<document> Russia is creating lists of Ukrainians ‘to be killed or sent to camps’, US claims #URL# ></document>
		<document> The Russian criminal Republic 
👉 Switzerland extradites Russian businessman to US – POLITICO #URL# ></document>
		<document> China frees detained Canadians Michael Kovrig and Michael Spavor, Trudeau says
Chinas behaviour is not that of a friendly national. They are therefore not our friend #URL# ></document>
		<document> 😱🤯🤦‍♂️ Somebody wants to take credit for this ugly piece of 💩 🤡🎪 #HASHTAG# Just Boycott the Russian criminal Republic 
Table talk: Italian and Spanish firms vie to claim credit for Putin’s furniture #URL# ></document>
		<document> Racially abused by British unionists 
British loyalists. friends of the DUP haters
Scottish roundup: abuse of Charles-Cook overshadows Wright’s strike #URL# ></document>
		<document> Awesome this 🤯🤦‍♂️ Cameron resigned as PM 5 years ago next week. They are taking the P*SS UK ministers may face five-year lobbying ban after leaving office #URL# ></document>
		<document> #USER# seriously 🤣😂🤣
and trumpy dump?
grab em by the pussy
knock the 💩 out of them 
#HASHTAG# ></document>
		<document> Number of EU citizens seeking work in UK falls 36% since Brexit, study shows
And then weatherspoons and ⁦#USER#⁩ and Brexit sponsors complain about lack of people to fill vacancies 🤣😂🤣😂
EU free enjoy the bed you made for yourselves  #URL# ></document>
		<document> Jolly f***ing good stuff there #USER# reclining lord #USER# #USER# Just wondering? When will you admit things are not going to plan... It if this is the plan 🤡🎪 what does your plan mean? #URL# ></document>
		<document> This is no demilitarize. it is wanton destruction. 
Putin, your reperation bill is going to skyrocket and you will pay #URL# ></document>
		<document> 💪❤️ Refusing to wear a mask on an airplane could now cost you up to $3,000 in fines - The Verge #URL# ></document>
		<document> The UK government is actively screwing it's own people 
Anger as ministers block ‘fire and rehire’ bill in Commons #URL# ></document>
		<document> Armed protesters demand an end to Michigan's coronavirus lockdown orders – video Have these dumbwits been affected by 5G? #URL# ></document>
		<document> 🤣😂🤣😂🤡🎪 #USER# your seemingly mob style clan are seriously brain damaged if you think this is going to happen. Is Guiliani helping you 🤣😂 How is the pillow guy? How come your Dad never sorted out #HASHTAG# 🤣😂🤣😂🤣🤣 #URL# ></document>
		<document> Who could replace Putin if he is toppled in a coup? The rogues gallery who could replace Vlad | Daily Mail Online the Russian Criminal Republic is truly f**ked #URL# ></document>
		<document> 'A Brexit nightmare': the British businesses being pushed to breaking point You must be sooo proud #HASHTAG# ⁦#USER#⁩ ⁦#USER#⁩ ⁦#USER#⁩ ⁦#USER#⁩ #URL# ></document>
		<document> Utter cowards - ⁦#USER#⁩ and ⁦#USER#⁩ refuse to call Trump's comments racist – video Coming soon: Freedom being the 51st state of America #URL# ></document>
		<document> the way the cabinet is dealing with the #HASHTAG# is an ultimate example of how DARK #USER#  tory politics are. 

👉🏼 Whitewash? Lets call it a horrible #HASHTAG#

Does the rank and file tory member want this. I can't imagine it does. BORIS MUST GO ></document>
		<document> #USER# #USER# I don't like it to be labelled one or the other. United we stand divided we fall ></document>
		<document> #USER# they are not insults or petty. The FACT is your are bigots. You DUPs but your noses in everything. nobody can tell you bigots anything but you interfere with everyone else and in a consistently bigoted way. 👋 I am just yet another person to hate ></document>
		<document> SARAH VINE: Misogyny, male egos and my heartfelt message to those waving pitchforks at Carrie | This is more accurate. 👏 good you published this ⁦#USER#⁩  #URL# ></document>
		<document> Have you not yet woken up to the #HASHTAG# This is ‘intolerable’ 👉 hunger and poverty in home counties 😣 Hang your heads in shame ⁦#USER#⁩ ⁦#USER#⁩ ⁦#USER#⁩ ⁦#USER#⁩ ⁦#USER#⁩ #URL# ></document>
		<document> of course Aaron is defending the flag 🇷🇺 cc #USER# #URL# ></document>
		<document> #USER# #USER# ⚠️ Wappie alert 
Nothing to see here. Keep moving on thank you ></document>
		<document> Sorry ⁦#USER#⁩ what exactly was the economic argument again?
Brexit ‘madness’ will wreck UK steel industry, Tories warned

#HASHTAG#  #URL# ></document>
		<document> Britain's most reliable cars REVEALED | Daily Mail Online
Wow ⁦#USER#⁩ you lost my a mile! Good looks but complete and utter 💩
Worse than Alfa Romeo 😜🤡🎪
Could you be even worse than Lancia?
Where is yer f***ing pride. MUST DO BETTER #URL# ></document>
		<document> #USER# Yuk this is really horrible. You may show no nudity in your banner, which is kind of crazy as in posts it's not a problem. He has already been thrown off of IG ></document>
		<document> What exactly is so astonishing about this? You didn't see it coming 🤣😂🤣
Joe Biden delivers astonishing rebuke to Boris Johnson 
Are reclining lord ⁦#USER#⁩ and ⁦#USER#⁩ feathers ruffled or preened #URL# ></document>
		<document> #USER# there are no critics John just your minister od Brexits missed opportunities. 'Carry on' importing. It's good for the trade deficit #URL# ></document>
		<document> The west always fall short. WTF did we do when Russia invaded Hungary and Czechoslovakia? NOTHING. IT WON'T BE ANY DIFFERENT THIS TIME 🤬😡
Kyiv furious as EU wavers on banning Russia from Swift payment system #URL# ></document>
		<document> yet again? Do it or shut the f**k up
Unite threatens to stop funding Labour over Coventry bin workers’ dispute #URL# ></document>
		<document> Western powers slam ‘deployment’ of Russian criminal Republic  mercenaries in Mali | News | Al Jazeera #URL# ></document>
		<document> Russian state media begins propaganda push amid fears Ukraine invasion is imminent | Daily Mail Online #URL# ></document>
		<document> Google Photos’ Locked Folder is now rolling out to more Android phones - The Verge ⁦#USER#⁩ this should be standard for hidden photos. Should only open with pw or biometric access #URL# ></document>
	
</author><Documentation> Frost is speaking BS. 👉 On Monday, the House of Commons' European Scrutiny Committee suggested the delay in ratifying this part of the trade deal was punishment for the dispute over the Northern Ireland Protocol.
The EU should not close the gap. Both #URL# ></document>
<document> David Cameron allegedly made about $10 million from Greensill Capital 👍🏼 Well done David #URL# ></document>
<Document> The killing sparked outrage in Germany, with the government deporting two Russian diplomats and the Russian government responding to each other. The ruling is likely to further strain diplomatic relations between Russia and Germany #URL# ></document>
<Documentation> This is the dirty war Belarus is waging against Europe. #USER# #USER# #USER# We need to hurt the Belarusian government more and maybe fund the opposition more #URL# ></document>
<document> Well done #USER# #HASHTAG# is trending for the wrong reasons #URL# ></document>
<documentation> CRIME NO DEFENCE.
#URL# ></document> where the slaughter began
<documentation> Why hasn't #USER# been deleted yet? He is a complete liar who takes full responsibility and puts you all to shame.
Bishop says #USER# should be ashamed of Savile slander #URL# ></document>
<Document> ⚠️Protect EU Citizens🤬
#user# #user#
EU fears citizens will be banned from flying to UK due to rule confusion #URL# ></document>
<Document> A parliamentary report has found that a significant number of Europeans in the UK over the age of 65 have failed to apply for the EU Settlement Scheme (EUSS) in time. This is a time bomb 🥶#USER# #USER# #URL# ></Document>
<Documentation> Failure of leadership and judgment!
Has the 1922 Commission received the required number of letters yet?

G E T C R A C K ​​I N G
Dammit
Go on #USER# get that Et tu, some of the Brute

his apology is a bad joke
he has to go now
#HASHTAG# #HASHTAG# ></document>
<Document> Russia Plans Public Executions In Ukraine, European Intelligence Official Claims | Daily Mail Online
This happened because it happened in Grozny #URL# ></document>
<document> pleaseRT #USER# Please let #USER# tweet again. I don't hate this. not sexual. These are good people. ⚠️ Warning works perfectly #HASHTAG# #URL# ></document>
<document> 👏👏👏 Djokovic's Australian Open hopes dashed after visa canceled at airport #URL# ></document>
<document> #USER# I have a lot of respect for Merkel, who I respect far more than many other leaders like Putin, Lukashenko, Boris Johnson, and Trump. She has achieved a lot and showing leadership is not DIMWIT Machoism ></document>
<Documentation> #USER# #USER# #USER# says 50 years. Wait and have fun Weigh in and have fun Sorry if you voted for the rest Sorry if you didn't vote #URL# ></document>
<Documentation> People representing PSG. I hope so for Barcelona. It would be crazy if he went to Atletico with Suarez. Now Barca have a chance to build a real team #URL# ></document>
<documentation> Canada: huMore unmarked graves found in former Aboriginal schools discovered What are the legal and moral underpinnings of such organizations that run medical and educational facilities around the world? There is a reason. extension #URL# ></document>
<document> Russia-Ukraine latest war: Moscow tells Kiev residents to leave, threatens 'high-precision strike'
<documentation> #USER# #USER# Denmark is great. Have you seen this? The freedom to hike naked #URL# ></document>
<Document> Brexit: 'The biggest disaster any government has ever negotiated' 👏 Well done 👏 #URL# ></document>
<Documentation> Booster campaign stalls as 'Partygate' undermines trust in official advice
👉🏼 Hundreds of people die from Covid in the UK every day as virus fears wane
#USER# Get out now 😡🤬🤡 #URL# ></document>
<Documentation> Raab said last Christmas's 10th "formal party" would have broken the rules...so it wasn't formal.
<Documentation> #USER# How did this happen? Did someone else get more money? Why didn't this happen 50 years ago?
Flea Market 🎪🤡 ></document>
<Document> Even the Secretary of War knows
Russia is a criminal republic
Hardline Russian Supreme Commander Warns Putin Not To Invade Ukraine, Accuses Him Of 'Criminal Policy' | Daily Mail Online #URL# ></document>
<documentation> Alt-right turns mundane into manufactured rage points #HASHTAG#
Watch een toneelstuk van verontwaardiging 😂😂😂 ></document>
<Document> 🥶 Health Director Now Officially Oversees Subspecies, Merger of Omicron and Delta | Daily Mail Online
👉🏼We're not there yet🥵🥶 #URL# ></document>
<Documentation> Russian Democracy 🤡🎪
👉 Russian court expected to outlaw Alexei Navalny's organization
This is Russia's Crime Republic #URL# ></document>
<Documentation> 👍🏼 UK shops fear gaps in shelves as new Brexit import rules apply
#HASHTAG# #URL# ></document>
<Documentation> Welcome to the post-Brexit dystopia of the UK. There you are part of the 💩 and they show complete disdain like... reclining lords #USER# and right dreaded #USER# #HASHTAG# cc #USER# #USER# #URL # ></document>
<document> Thoughts and Prayers of #USER# 🤯😱😜 For Albert Verlinde 🤣😂🤣😂🤣 He wasn't even in the damn building. I hope Apple store employees and other members of the public are all right. By the way, Gordon is from Holland. He may have been affected as well ></document>
<document> Russian mercenaries increase presence in Ukraine as many fear 'false flag' to justify aggression | Daily Mail Online #URL# ></document>
<document> #USER# #USER# pipe hitter? What if you get hit with a pipe? Tell me, how does that make you feel? ></documentation>
<Document> Nadine Dries UK Minister of State for Mental Health, Suicide Prevention and Patient Safety #USER# #USER# you haveIt's a problem. A matter of sheer stupidity. Please stop helping these idiots #HASHTAG# #URL# ></document>
<document> What a silly farce As Eddie Izzard rightly points out British colonialism ``I have a flag'' #USER# It's time to leave the UK ASAP 👇 UK government 2 years spent over £163,000 on union flags. AN 83% increase #URL# ></document>
<document> Russian Crime Republic - Pandora Documents Revealing Hidden Wealth of Putin's Inner Circle #URL# ></document>
<document> Everyone please report this professional Putin troll account AdmiralYi1 ></document>
<document> All Britons arriving in the EU should be quarantined, says Angela Merkel #URL# ></document>
<Documentation> #USER# #USER# Cheers to Nordstream 🤣😂 Because it ruins Joe's climate goals. It's Sleepy Joe who didn't win🤣😂🤣😂 as an incumbent president whahahahaha #URL# ></document>
<Document> Ministers under fire over 69p-per-minute helpline for EU citizens
#USER# #USER# This is ridiculous. Britain is only interested in pissing. Does not want constructive or meaningful negotiations. Stop being kind #URL# ></document>
<Documentation> UK van drivers will need new business licenses to enter the EU from May. #USER# #USER# All as planned 👍🏼 #HASHTAG# #URL# ></document>
<document> #USER# #USER# World War II didn't look like World War II when the Germans invaded Poland.

I hope it doesn't turn into World War III, but Putin is looking for trouble and can't hurt him any time soon...he has to suffer. ></documentation>
<document> An EU citizen who has applied for settlement status has been detained and threatened with deportation. This deployment appears to be inconsistent with ministerial assurances and in violation of the Brexit agreement cc #USER# #USER# #URL# ></document >
<document> #USER# #USER# Russian pipeline. Well then we wield the argument And you're abusing the word patriot. Do you support domestic terrorism? ></documentation>
<Documentation> Exactly 🤯

"The study found that 29% of the 42 people who died from the virus had received both vaccines."
Hire #USER#? ></documentation>
<document> Ocasio-Cortez: 'Very Real Risk' US Democracy Will Exist in 10 Years #URL# ></document>
<document> the grate British #HASHTAG# tokking codswhollop #USER# and reclining Lord #USER# It's your job 🎪 Keep it private if you don't like it: What my maternity clinic said Overscan Delay #URL# ></document>
<documentation> 👏🇺🇦 Kiev under heavy airstrikes and artillery shelling leaves a pulsing glow in the sky | Daily Mail Online
Top Chechen general killed #URL# ></document>
<document> They don't want peace. Putin wants war for the Russian Crime Republic. Sanction time. This is unacceptable. Ukraine: Putin Recognizes Donetsk and Luhansk as Independent States #URL# ></document>
<document> Global activists gather at Rome G20 to demand tougher action against China #URL# ></document>
<Document> Trump Praises EnemiesWho is undermining NATO and Western culture?
Trump praises 'genius' Putin for moving troops to eastern Ukraine #URL# ></document>
<Document> As Mail On Sunday loses lawsuit, Meghan calls for overhaul of tabloid industry 👉 I hope she's right. But the tabloids despise society. This won't be the last time they lose a lawsuit like this in court #URL# ></document>
<document> #USER# Why is undo common? They love chat books ></document>
<document> #USER# Thierry weet alles, Thierry Uber alles ></document>
<Document> Hundreds of thousands of EU citizens in the UK at risk of uncertainty after July 1st

If this has a negative impact on EU citizens in the UK I want an equal response #USER# #USER# there is no way we will grin and put up and they will benefit # URL#></document>
<document> Road harassment outlawed in England and Wales #URL# ></document>
<document> This shouldn't happen, but it's time to stop this #USER#
#USER#Netherlands too. Our weapon is the economic destruction of Russia. They hurt anyway. Lucky for the war to start in spring instead of winter #URL# ></document>
<document> #USER# Amazing Donald Esper 💩 I hope Esper didn't make the right decision ></document>
<Documentation> Don't blame the west. Putin chose this path #URL# ></document>
<documentation> #USER# is a true blue british trash. Totally pathetic #URL# ></document>
<Document> Democracy and press freedom in China does not exist. China admits that it has a very bad effect on how we view China. I cannot accept this.
EXCLUSIVE HK's Apple Daily to shut down in days, adviser to Jimmy Lai says | Reuters #URL# ></document>
<Documentation> Is he really still in office! Pathetic #USER# #USER# Total shambles 🎪🤡 New calls for Prime Minister #USER# to resign at Philip's funeral eve party #URL# ></document>
<document> Leaked video showing abuse inside Iran's infamous Evin prison - BBC News #URL# ></document>
<Document> Topless is back? Sylvie Meis thinks so #URL# ></document>
<Document> Russian Foreign Minister Warns: 'World War 3 Will Be Nuclear Destructive' | Daily Mail Online
There are no winners. Russia will cry and hate Putin. The West will mourn and hate President Putin #URL# ></document>
<Document> Glad to be suspended from practicing law in New York #USER#
By its sole suspension. The practice of the law should be permanently banned #HASHTAG#
You gave your profession a bad name 🤮 #URL# ></document>
<document> #USER# #USER# Shouldn't that be a bad choice? President Raab 🥶🤯 no thanks ></document>
<Document> Time to point out that these are white German domestic terrorists. They are also in the Netherlands #USER#. Take action on fvd and alt-rechts #URL# ></document>
<document> #USER# #USER# #USER# #USER# Seriously 🎪 The problem is not the problem, the problem is your attitude towards the problem #URL#></documentation>
<Document> Data predicts 2 million UK summer her Covid cases with 10m isolation
#HASHTAG#-19 #URL# ></document>
<document> Conservative and Labor officials speak out on media spotlight on Carrie Johnson #URL# ></document>
<document> Russian Crime Republic deploys paratroopers to Belarusian border regions amid fears of conflict | Daily Mail Online #URL# ></document>
<Documentation> Not very visible #USER# #USER# 👇 Out of 5,605,800 applications, only 5,271,300 have been processed so far. Further estimates show that tens of thousands, possibly up to 150,000, have not yet applied #URL# ></document>
<Document> TORY T H I E V E S Windrush activists 'disgusted' after being turned down at Tory conference Anthony Brown and Julia Davidson 'humiliated' after being banned 👉 £225 for full access #URL# ></document>
<Documentation> WARNING #USER# THANK YOU #USER# 👉🏼 The EU is preparing to freeze Vladimir Putin and Sergey Lavrov's assets, moving them all to Chinese banks. Why are you leaking this information? motherfucker></document>
<documentation> #USER# how?
stop asking stupid questions
Comes with a clever workable solution

Stop playing STUPID ></document>
<document> #USER# Would be great to experience this as a normal non-sexual experience ❤️ ></document>
<Documentation> #USER# Thierry is a Russian Troll
scum
Traitor ></document>
<documentation> #USER# is relieved
Could Christian concerns have failed to address the two popes? ></documentation>
<documentation> When do you want to perform the action #USER# #USER#
Action is required now. This should stop now #URL# ></document>
<Document> I urge the Prime Minister #USER# to allow the UK government to immediately introduce Irish language law in Northern Ireland because the DUP is a total mess and Stormont Parliament is a failed democratic institution
#HASHTAG# ></document>
<document> 👏 Russia suspends participation in all Fifa and Uefa competitions until further notice #URL# ></document>
<document> Chip flashes neon warning lights in Ukraine war | Reuters #URL# ></document>
<document> Shocking 👉 Troubled US teens traumatized by tough love camps - BBC News #URL# ></document>
<document> #USER# #USER# #USER# #USER# You seem to know the price of everything, but you seem to know the value of nothing #URL# ></document>
<Documentation> #USER# This is a Russian jailbreak card 😡
Depending on your organization, you may be able to hack wallets and transactions #USER# #USER# #USER# ></document>
<document> Yet another crappy location choice for world sporting events.
Female World Cup official flogged and faces jail for 'extramarital sex' after alleged rape in Qatar | Daily Mail Online #URL# ></document>
<Documentation> 👏 Please go and vote. Humiliate Boris your country needs you. Bookmakers support Liberal Democrats in North Shropshire poll
 #URL# ></document>
<document> Tell me #USER# Reclining Lord #USER# It's not Tory's fault So who's to blame? Is England a wasteland? 👉 British StatesPensions Are Not Fit for Purpose – MPs Report #URL# ></document>
<Document> Boris gets another hammer blow when 6th Tory MP exposed without credentials showing PM's 'misunderstanding' Misunderstanding is a lie

RESIGN #USER# #URL# ></document>
<document> #USER# #USER# They say there are no stupid questions, only stupid answers. Congratulations, you are an exception. Awesome 👏👏 #URL# ></document>
<document> ☣️ Nurdles: The Worst Toxic Waste You've Probably Ever Heard #URL# ></document>
<document> #USER# This is not cool. There should be no votes like this. I'm not ashamed, I'm not ashamed of my body. Both are natural. Please excuse the condition of the body parts.

Nudism is a lot of things like overcoming/overcoming shame. Enjoy the connection with nature. feel the sun and the wind
It's free ❤️ ></document>
<document> Facebook, Twitter remove disinformation accounts targeting Ukrainians #URL# ></document>
<Document> Britain considers banning Russian ships from British ports
#USER# Nederland ook aub #URL# ></document>
<document> #USER# #USER# Be careful there now People are wonderfully tolerant. Non-geniuses are allowed></document>
<documentation> I tweeted here yesterday that #USER# is a liar
he's actually a serial liar
he is a disgrace to the prime minister's office
Speaker slams Boris Johnson for remarks about Sturmer and Saville #URL# ></document>
<document> 'War is a failure of politics and humanity': Pope calls Putin's aggression a 'shameful surrender' | Daily Mail Online #URL# ></document>
<Document> ✅ UK citizens wishing to return to the UK permanently with their EU family without a visa after Brexit will not be penalized for Home Office delays as long as they apply for their documents within the next two months , the government said # URL# ></document>
<document> Helping Poor Cold and Humidity #USER# Goodies #USER# #URL# ></document>
<Document> Dries claims Conservative majority behind Johnson
Nadine spares no truth. Does it make her a liar? #URL# ></document>
<Document> Really? 🤣😂🤣😂 The government has admitted that deteriorating relations with the EU, partly due to Northern Ireland's 'sausage war', surprised those who called to leave the EU five years ago. #HASHTAG# #URL# ></document>
<document> Arizona Republican 'Audit' Finds Biden Gets Even Bigger Lead in 2020 Election #URL# ></document>
<Document> The attack on the Israeli ambassador was shocking. But every story has two sides. This is why.
I do not condone violence. There's more to this story #URL# ></document>
<document>Britney Spears guardianship case goes to court amid chaos #HASHTAG# #URL# ></document>
<Documentation> #USER# You are right. Opposition continued when he conquered Chechnya. Then he became incredibly brutal. We turned a blind eye because they are radical Muslims ></document>
<documentation> #USER# #USER# #USER# #USER# #USER# #USER# #USER# #USER# #USER##USER# #USER# #USER# Condemned Russian trolls? Prove it
you can't. ></documentation>
<Document> I met a man in his 20s
As expected of Willem #URL# ></document>
<Documentation> More Russian Crime Republics 💩
Third Russian charged in Salisbury poisoning case #URL# ></document>
<Document> Brexit Minister Lord Frost resigns

👉 It's a pity that #USER# has to negotiate with such an idiot. It's like playing a ladder with a snake without a ladder. You are going nowhere with the UK. don't go back to square 1
#HASHTAG# #URL# ></document>
<Document> Terrifyingly Serious Racism 🥵 TUC Condemns Batley By-Election, Fake Labor Leaflet #URL# ></Document>
<Documentation> Brexit is a great time #HASHTAG#
#USER# #USER# Reclining Road #USER# #USER# 🎪🤡🥶 #URL# ></document>
<document> #USER# I hope so. i love naked my partner is not. By making it optional, you may find it easier to enjoy nudity more often. I specifically want clothing optional holiday accommodation></document>
<Document> Russian Criminal Republic President Vladimir Putin says prosecuting Capitol riots is example of US 'double standards' |
 #URL# ></document>
<document> #USER# No, of course
make america sadder
grab them with a cat
knock 💩 out of them
#HASHTAG# ></document>
<Document> Belarus Goes To War 😡🤯💔 #HASHTAG# | Daily Mail Online #URL# ></document>
<document> #USER# #USER# #USER# Now, Lincoln saw Civil War soldiers being vaccinated against smallpox. That's the original tweet by Michelle ></document>
<Document> Could thousands of EU citizens be forced to leave the UK? 60k MISS June payment scheme deadline | Daily Mail Online
👆🥶 #user# #user#

I expect more than equal retaliation from the EU against the UK #URL# ></document>
<documentation> Unvaccinated mother dies from Corona 🥶💔 Unvaccinated mother, 30, dies of Covid in intensive care 2 months after giving birth | Daily Mail Online #URL# ></document>
<document> #USER# This is not good at all.
How can this story change 🥶
Do it for cause propaganda (not exhibitionism). It's not sexual to ride a bike naked, but some people may find it erotic ></document>
<Document> Cyberattack on News Corp Targets Journalists, Others, Allegedly Linked to China - WSJ
China 👉🏼 Unfriendly #URL# ></document>
<document>Citizens need to be alert to threats from China and Russia, MI5 chief says #URL# ></document>
<document> Jack Dorsey Dismisses Web3 as Venture Capitalist's Toy - Bloomberg #URL# ></document>
<Document> Berlin-based Russian news agency faces staff exodus over Ukraine invasion | Reuters #URL# ></document>
<document> #USER# #USER# I hope you don't have another storm like British Tory revenge on the people of Barbados ></document>
<Document> China cannot be trusted. China's low-level cyber warfare is getting serious, experts saySee #URL# ></document>
<Document> 👏👏❤‍🔥❤‍🔥🧨👯‍♀🪅🎉
Liberal Democrats Overwhelm Tories in North Shropshire By-Election, Bringing More Disaster to Beleaguered Prime Minister | Daily Mail Online #URL# ></document>
<Document> NATO continues to abide by the non-binding NATO-Russia Establishment Act of 1997, in which NATO has pledged to refrain from permanently deploying large international forces in Eastern Europe. ⚠️ Let's not honor that contract anymore #USER# #USER# #USER# #HASHTAG# ></document>
<document> #USER# So glad I found a vintage shaved man ></document>
<Documentation> I am a paying user of Spotify. I'm pissed Looking for alternatives. Maybe Apple Music.
How many billion streams does it take for Spotify musicians to make this money? Love is over 🤬 #URL# ></document>
<Document> Trump told Hitler 'did a lot of good things', book says
#USER# Your father is trash on earth #URL# ></document>
<Document> I met a girl in the same student dormitory on a nude beach. I was there naked with my ex-girlfriend. My girlfriend was nude too. The girl was topless but embarrassed ></document>
<Document> Ukrainian ambassador to US says Russia used vacuum bombs in invasion | Reuters
#HASHTAG# #HASHTAG# #URL# ></document>
<Document> Kaliningrad, infiltrate the former Königsberg enclave and take it back from the Russian Crime Republic. #USER# #USER# #USER# ></document> in retaliation for further Russian aggression against Ukraine
<Document> ❤️🇺🇦 Stop murder. Please stop this stupid war #URL# #URL# ></document>
<document> #USER# Those who promote corporate tax cuts need to be honest about how government influences government...somehow></document>
<document> #USER# #USER# #USER# Inflation has to do with disrupted supply chains, not political choices. Biden is the best👏 ></document>
<document> #USER# So are the mad capitalists going to do that? #USER# has questions, but no answers. All the talk and no action. All talk. It's his fuck game. tats all is ></document>
<document> #USER# If nudism is the norm, being seen naked in public shouldn't be a big deal.
For me, exhibitionism is about getting attention, not being relaxed or natural when you're naked. Naked and relaxed attire is optional for me ></document>
<document> #USER# #USER# I wish he did. He will die soon🤡></document>
<document> #USER# #USER# Nowhere else but Little Britain Aka Laut Land ></document>
<Documentation> How is this for total karma Preti Patel Two and a half years ago the disdain and hatred are back to bite your ass: Conservative MP says possible " Proposes to use 'no deal' food shortages to force Ireland to abolish backstop cc #USER# #usernumber #usernumber #URL# #URL# ></document>
<Documentation> #USER# #USER# #USER# Not antisexual Mr. Incel
It's antisexual. This is nudism, not exhibitionism ></document>
<Document> Is this financial treason?
👉 Boris Johnson admits people may have to sell their homes to pay social insuranceer Reform Plan – Politics Live #URL# ></document>
<document> #USER# #USER# Play up one. Champagne breakfast in bed? ></documentation>
<Documentation> Can 2 followers copy and repost this tweet? Trying to prove that someone is always listening. Call 116 123 (Samaritans in England and Ireland). Any two. Copy and paste, not retweet. ></documentation>
<Document> Kremlin Websites Down: Russian State-Owned Websites Including Media Watchdog Crash and TV Channels “Hacked to Broadcast Ukrainian Songs” #URL# ></Document>
<Documentation> Another great photo. Naked, Relaxed, Fun, Nonsexual ❤️‍🔥 #URL# ></document>
<document> #USER# I was in an area of ​​Greece with mostly nudist beaches. One couple was surprised to see me and was a little shocked. But he continued like nothing happened. On other hikes others have no issues.
Not so with NL. People may be shocked. Do you usually hike alone... ></document>
<document> Clearly not enough European expats in the UK? Brexit HGV driver shortage leaves fresh food spoiled in cold stores |
<Document> Russia will pay 'high price' for attack on Ukraine, German minister says
👉They better pay a high price and take a very long time to fix.Don't trust the Russian Criminal Republic #URL# ></document>
<document> they are working and working but not working
#hashtag#
These are the geeks voting for you #USER# 👍🏼 #URL# ></document>
<documentation> #USER# knew what he was doing when he signed the contract. The blame comes from your loyal terrorists in Northern Ireland. Do not try to broker transactions using them
cc #USER# #USER# #URL# ></document>
<document> #USER# stories?
i doubt it
You can't even build a high-speed rail ></document>
<Document> Prime Minister calls on EU to deal with Brexit issue in Northern Ireland on eve of new paper. you knew what you were doing Ditch the whole deal and do it 💪 The real Brexit #URL# ></document>
<documentation> I voted for Brexit
I asked you 💥

Boris Johnson: Petrol Crisis and Pig Culling Part of Necessary Post-Brexit Transition #URL# ></document>
<Documentation> #HASHTAG# Dickens' Victorian Deceiver
👉 Poultry producers warn of Christmas turkey shortages due to Brexit #URL# ></document>
<Document> Crypto exchanges like Coinbase and Binance refuse to freeze all Russian accounts

White House, Treasury Creates Crypto Exchange to Stop Russia Sanctions Evasion - Bloomberg #URL# ></document>
<Document> Hancock's ex-neighbor wins Covid test kit job after WhatsApp message 💪 What could go wrong... Pub owner? Maybe I need something to drink .Like bleach? #URL# ></document>
<documentation> #USER# IG is a complete mess. I made no further effort. But if you share your account, I will follow you. Pantheon is fine-Mewe is pretty okay. At least I think so. twitter is really fine. What's the alternative? ></documentation>
<documentation> This happened two months ago. Putin's assassination squad was operating in Berlin. Berlin Expels Russian Diplomat After Court Orders Moscow Kills Dissident |Germany |Germany |Guardian #URL# ></document>
<document> Wood-burning stoves cause nearly half cancer risk from urban air pollution - study #URL# ></document>
<document> How Facebook secretly lobbied to build the largest data center in the Netherlands #URL# ></document>
<document> #USER# Do you still think so now that the "peacekeeping" forces have arrived? ></document>
<document> Why are there so few #USER# cv-19 kits ISVA a much better question ></document>
<document> #USER#, you are acting like a really stupid sandwich 🤣😂🤣🤡🎪 #HASHTAG# #URL# ></document>
<Document> Peng Shuai needs to be able to leave China as soon as possible
Peng Shuai retracts sexual assault allegations, well-being concerns persist #URL# ></document>
<document> US claims Russia is compiling a list of Ukrainians to be "killed or sent to camps" #URL# ></document>
<Document> Russian Criminal Republic
👉 Switzerland extradite Russian businessman to US – POLITICO #URL# ></document>
<Document> China Releases Detained Canadians Michael Kovrig and Michael Spaber, Prime Minister Trudeau Says
The behavior of the Chinese is not that of a friendly nation. So they are not our friends #URL# ></document>
<Documentation> 😱🤯🤦‍♂️ Somebody wants to take credit for this 💩 🤡🎪 ugly work #HASHTAG# BOYCOTT THE RUSSIAN CRIMINAL REPUBLIC
Table Talk: Italian and Spanish firms vie to claim credit for Putin's furniture #URL# ></document>
<Document> Racial abuse by trade unionists in the UK
British Loyalist. Friends who hate DUP
Scotland Roundup: Charles Cook's Abuse Overshadows Wright's Strike #URL# ></document>
<Document> Wow 🤯🤦‍♂️ Cameron resigned as prime minister next week, five years ago. They're taking P*SS UK ministers could face five-year lobbying ban after resigning #URL# ></document>
<documentation> #USER# Seriously 🤣😂🤣
And a Trumpy dump?
grab them with a cat
knock 💩 out of them
#HASHTAG# ></document>
<Document> The number of EU citizens seeking jobs in the UK has dropped by 36% since Brexit, study shows
And weatherspoons and #USER# and Brexit sponsors complain that there is no one to fill 🤣😂🤣😂
EU free Enjoy your own bed #URL# ></document>
<Documentation> Doing fun things #USER# Reclining Road #USER# #USER# Wondering? When do you admit things aren't going according to plan... If this is the plan 🤡🎪 What does your plan mean? #URL# ></Document>
<Documentation> This is not demilitarization. It is merciless destruction.
Putin, your compensation claim will skyrocket and you will pay #URL# ></document>
<document> 💪❤️ Refusing to wear a mask on a plane can result in fines of up to $3,000 - The Verge #URL# ></document>
<Document> British Government Aggressively Destroys Its People
anger asMinisters Block 'Fire and Rehire' Bill in Commons #URL# ></document>
<Document> Armed Protesters Demand End of Michigan Coronavirus Lockdown Order – Video These Fools Was He Affected by 5G?#URL#></Document>
<Documentation> 🤣😂🤣😂🤡🎪 #USER# Your seemingly mob-style clan is seriously brain-damaged if you think this is going to happen. Guiliani is helping 🤣😂 How is your bedside? Why didn't your dad organize #HASHTAG# 🤣😂🤣😂🤣🤣 #URL# ></document>
<document> If Putin is ousted in a coup, who can replace him? Villains to replace Vlad Gallery | Daily Mail Online The Russian Criminal Republic is really messed up #URL# ></document>
<documentation> 'The Brexit nightmare': British businesses at breaking point Be proud #HASHTAG# #USER# #USER# #USER# #USER# #URL# >< /documentation>
<document> Total Cowards - #USER# and #USER# Refuse to Call Trump Comments Racist – Video Coming Soon: Freedom being the 51th America of America #URL# >< /document>
<document> The way the Cabinet handles #HASHTAG# is the ultimate example of what dark #USER# conservative politics looks like.

👉🏼 Plaster? Call it the dreaded #HASHTAG#

Do rank and file tory members want this...I can't imagine it. Boris has to go ></document>
<document> #USER# #USER# I don't like to label one or the other. stand united, fall divided ></document>
<document> #USER# They are not an insult or trivial. The fact is you are prejudiced. You're a DUP, but you all have noses. No one can tell you to be prejudiced, but you interfere with others and are consistently prejudiced. 👋 I'm another hater ></document>
<document> SARAH VINE: A heartfelt message to misogyny, male egos, and those waving a pitchfork to Carrie | This is more accurate. 👏 Glad you posted #USER# #URL# ></document>
<Documentation> Have you woken up to #HASHTAG# yet? # #USER# #URL# ></document>
<document> Of course Aaron protects the flag 🇷🇺 cc #USER# #URL# ></document>
<document> #USER# #USER# ⚠️Wappy Alert
There is nothing here. Thank you for your continued support ></document>
<Documentation> Sorry #USER# Again, what exactly was the economic argument?
Brexit 'madness' will destroy UK steel industry, Tory warns

#HASHTAG# #URL# ></document>
<Document> Britain's Most Reliable Cars Revealed | Daily Mail Online
Wow #USER# you lost me a mile! Looks good but complete and complete 💩
Worse than Alfa Romeo 😜🤡🎪
Can you do worse than Lancia?
where is your pride Needs improvement #URL# ></document>
<document> #USER# Hmm, this is really bad. You shouldn't show nudity in your banner, but that's kind of crazy because it doesn't matter in your post. He has already been kicked out of IG></document>
<document> What's so amazing about this? You didn't see it coming🤣😂🤣
Joe Biden offers something amazingRebuke to Boris Johnson
Reclining Road #USER# and #USER# have ruffled or plinted feathers #URL# ></document>
<document> #USER# No critic John, your minister just missed a chance with Brexit. "Continue" import. Like the trade deficit #URL# ></document>
<Documentation> The West is always short. What did we do when Russia invaded Hungary and Czechoslovakia? None. No difference this time 🤬😡
Kiev rages as EU hesitates over Russia ban from Swift payment system #URL# ></document>
<document> yet? do it or shut the fuck up
Solidarity threatens to stop funding labor in Coventrybin workers controversy #URL# ></document>
<document> West condemns 'deployment' of Russian Criminal Republic mercenaries in Mali | NEWS | Al Jazeera #URL# ></document>
<document> Russian state media launches propaganda amid fears of imminent invasion of Ukraine | Daily Mail online #URL# ></document>
<Documentation> Google Photos Locked Folder Now Rolling Out To More Android Phones - The Verge #USER# This should become the standard for hidden photos. Must only be opened with pw or biometric access #URL# ></document>

</author>