
	
		<document> it just reminds me of this time Joe Gittleman got a tour bus door for me.  is this why Asian women rarely marry rock stars? ></document>
		<document> yas like don't believe your doctor that hospitals are safe unless they're hospitals that Mark Hoppus is the chairman of.  There are real nice ones in Cincinnati and LA. ></document>
		<document> why is it disgusting when people smoke though?  i naturally found aromatic cigars to be weird because when someone smokes them they say you never understand what is going on and all these blonde women were raped at a cuban party. ></document>
		<document> i altogether stopped going when they said she was in creepers again doing that weird thing like stalking blonde women. ></document>
		<document> Starbucks is nothing more or less than friends who go to work who love each other.  Until we build teams to fight the caffeine neitzch. ></document>
		<document> oh my God how sad Kathungphane's heathen knew me and I knew Shaun. ></document>
		<document> someone would admit to doing that but there is tons of things to admit to as i sit listening to her.  not to me did that thing happen entirely.  i thought it was her dad as usual looking for ways to wake me up. ></document>
		<document> Checkout this super cool prize I won on Clawee - A Real Claw Machine. Watch the video!
#URL# ></document>
		<document> i always wondered if that noise were my mom fighting for her life.  i mean if we were the only two how are fumes not real?? ></document>
		<document> she doesn't hang out with anyone cool...naturally i was wondering if she had hard times socializing because i talked to her vietnamese friend who lived in golden hill and she told me that it's a johnny pandora. ></document>
		<document> then someone got worse and i naturally wondered why it did that thing like when she bleaches her hair she starts doing this thing that girl does like says look right there what made you mad when i asked someone who sees straight through sweat and he told me. ></document>
		<document> i ate vegan fudge and drank tea breakfast was toast but i got into smoothie bowls and chia seeds. ></document>
		<document> yes i kept telling the officer that the woman is hitting me and the officer didn't see anyone or admit that thing was a crisis. ></document>
		<document> I don't really mess with april though she considered me a rock star and phoned for emergency help.  she got dressed as marilyn monroe one year saying that she was going to liberate japanese eskimos.  have you met her cousin from Richardson? ></document>
		<document> that's all i meant though that if someone went somewhere they can bring something back.  if i brought back vegetables someone naturally living within lieu of muslim women who is a protestant lutheran trans it just means they rarely understand. ></document>
		<document> then you just start understanding that she lost that guy's kid in Texas. ></document>
		<document> yes like that guy made me want a marlboro light that someone understood. ></document>
		<document> Like the studious aspect of not complaining but he detected some odd mental disorder about food.  When I didn't eat in 1994 for 5 months my parents thought I was scared of food poisoning.  I don't eat terribly much when it gets cold out unless it's beef stew. ></document>
		<document> it just makes more sense i am more loving than my own husband.  my bff and i sit around and talk about that thing and i kind of wondered why when i knew about the thirst trap they paid me. ></document>
		<document> i did guess 11...certainly not 12.  mr. cute foot... ></document>
		<document> cause in an alcoholics form since ava saw an alcoholic when cubans open cabinets it's to show them naked photos of their mother since cuban guys can't stand blonde women. ></document>
		<document> little kids just needed to understand if mark wanted to smoke in school he wanted too.  if i didn't want to get along with one of the teen moms at school i didn't have to. ></document>
		<document> Diva, Queen and Makeup extraordinaire RuPaul!!! ></document>
		<document> why didn't they both rape me their styles are the same that's what i see them doing but i can't understand how much male plasty they've gotten. ></document>
		<document> they removed the :-X that was my hole is shut face but i'll take the shameful hole is shut face ></document>
		<document> it's the general style of people who listen to slipknot.  yes like jeannie but worse. ></document>
		<document> that's what anglophilia is though?  i think arabian woman like souhair are really loopy and crazy for saying their patients have PTSD when they're getting abused.  I never knew Jeannie had anglophilia though like one minute you're okay the next you're not.  like in a crisis? ></document>
		<document> because she needs help saying anything to me at all but you kneow it's the influence of the mom that gets the daughter fucking. ></document>
		<document> giving birth in a luxury chair to someone you love is very normal.  i wonder where cailin was delivered i kept seeing blonde women smoking crack. ></document>
		<document> yes he didn't come up to me or anything like that i assumed he really needed affection because i was walking to the store one day and that old man came up to me and held my hand.  he was very casual and said he would be right back and i thought he meant he was scared of STDs ></document>
		<document> it's because my mother has never gone thorough birth, in asian women just give birth because they are able to. ></document>
		<document> i figured roger could help april with her doing time. ></document>
		<document> Mike Herrera does not discriminate against the Jewish survivors of Normandy. ></document>
		<document> tweeting too much my kid is on hold.  why would nathan give me tre cool's son to carry though?  it gets really confusing. ></document>
		<document> i'm pretty sure my husband gave in to how sick my mind is and ended up sleeping with roger's daughter. ></document>
		<document> when they couldn't figure out kyeoong's parkinson's disease the mother asked me to find french doctors.  a wabakanashita ></document>
		<document> jewish people never grow up anyway since sheena's cousin from the synagogue considers me the "new girl" that jewish guy dates an iraqi woman but her nose is busted open it could be jewish too maybe he just wants to make himself and his schnazz look good. ></document>
		<document> i don't really wear designer things i am not sure what it's like to die for a vietnamese woman in gucci.  is it in the pedicure like it is for african women? ></document>
		<document> probably from me ignoring her mother in law so bad.  if she's a mute i assume hearing her talk is just hearing a voice inside my head. ></document>
		<document> sometimes i wonder if all of that state they're from is strictly online dating and needed to meet a phone sex operator in person. ></document>
		<document> I wonder if that girl and Laura are friends still... ></document>
		<document> MGK flew out of John Glenn, may god bless the paparazzo's use of the airport lighting. ></document>
		<document> is just talking about women in general not just because they're muslims. ></document>
		<document> green hat guy obsession has turned into an obsession with sailor suit guy. ></document>
		<document> you didn't see how it lit up my eyes with glow sticks that Adam knew Mark but I mist have just missed and loved him.  Adam even hangs out with that guy in that band. ></document>
		<document> that's so sad the entire town calls the pham's fobs.  like she started talking to high school students and thought she knew them.  in her religion is she really 15?  like at a rate that fits the mold. ></document>
		<document> joe king should act in movies is what i meant the guy is a theatrical actor where you'd never think twice about what kind of man it is. ></document>
		<document> yes how they begin acting the same and we all laugh.  the big san antonio ghetto booty heard around the nation. ></document>
		<document> not normally would i eat birria but it's good in washington, the adobada sometimes runs all over the birria and they tinga the peppers. ></document>
		<document> the mother of twins buys more for the boy than the girl is why and she said "their family" and I kept wondering what Connie was doing. ></document>
		<document> i always have to pay attention to her response she doesn't say anything awful about him but you can kind of see she has an issue with him.  it just meant sometimes not all the time  unless she physically says she hates him. ></document>
		<document> Young homosexual men on the strip.  So many queens you'd think 702 was Britain. ></document>
		<document> yes i read a cue card and it was funny ></document>
		<document> yes like my mother is a huge asian shinkansen wreck.  you don't want the kind of asian women who are shinkansens the virtuous ones are carnival cruises or viking cruiselines. ></document>
		<document> i sued ashley's mother because it meant that ashley was half cherokee.  ashley is full blooded cherokee native american who had an unstable mother who would not provide housing for her kids. ></document>
		<document> making people laugh while at a urinal is standup comedy ></document>
		<document> sometimes i think the pandemic is the apocalypse then i remembered the old biblical tale that when God lost his virginity fire was set to our utopia. ></document>
		<document> young love is just a game

a game of Russian Roulette ></document>
		<document> that's very sweet but my husband is only my husband in my bedroom we don't really engage in normal american things because he doesn't like when i drive with him so i do what i do in all relationships, hitchhike. ></document>
		<document> rarely i'm usually just baking or drawing. ></document>
		<document> but yes just start starving people and locking them in rooms without food.  if they whine then whip them. ></document>
		<document> i'm about to shovel the snow outside and make a natural pina colada. ></document>
		<document> nicole and i lived in a crackhouse with a reverend from zimbabwe. ></document>
		<document> then the person talks about wiping your ass with baby wipes and i began wondering why she said that thing.  i still recognize that the person in that thing is katie though.  like katie from a nice school. ></document>
		<document> i thought a nice office where most 18 year olds from the suburbs work.  she worked at a restaurant she was like Chinese but never talked with the local Chinese people which is weird.  Chinese people aren't Muslim is why when shit goes wrong with south asian muslims i sought China ></document>
		<document> i can feel my ass getting fatter as i sit here on twitter. ></document>
		<document> jewish altogether is really bad.  trying to find something with kitty pepper in it. ></document>
		<document> because how would a child that didn't have a dad even eat? ></document>
		<document> we are mean to that little girl though...because why doesn't she blend into the family? ></document>
		<document> you have to get the north face sandals though and argue with the jewish and japanese.  one says size 10 the other size 11.  if the smaller one fits you though Adam it means you don't eat enough.  Mark's feet do that too. ></document>
		<document> Sugar Cookie Latte is a genius for the anti-mochas.  Barista life is LIFE ></document>
		<document> that's so gross though i wonder who that is who asked me if i've seen that guy before i added my friend's dad. ></document>
		<document> that first week you're home from having a baby and hubby doesn't understand the sexual pain. ></document>
		<document> if a mom and dad posess the key instant slavery is he teaching us in nursing how to control the woman?  you can't control the rapid orange tree growth in texas where asian people go to push 9-11 ></document>
		<document> the human league of people is a lot smarter than you think.  life is one giant smarty pants ></document>
		<document> i'll take an onion bagel with chive cream cheese, smoked salmon, capers, and sun dried tomato.  this bagel means everything. ></document>
		<document> You didn't hear it right the first time, she is everything like cooks and makes herself at home and talks to us but she doesn't address that her kids are abusive does she even understand how to?  if my kid started abusing someone i would say something. ></document>
		<document> ivy even eats the chiletas con dulce chamoy but doesn't with anyone.  wondering if neiko would like some. ></document>
		<document> I actually am on leave from Starbucks went back for a little bit while going to trigger point therapy.  so everything is fine but my right knee is thrashed. ></document>
		<document> yes i began laughing i wonder if she needs me to do that all the time for her before people wonder.  it was kind of interesting i said something for her then it means san diegans are right it's much better than a visual trip with her. ></document>
		<document> It's very creepy she has to eat so she doesn't go to concerts.  She never had the mom with the extra 10 for the weekend to dine out. ></document>
		<document> yes like when sheena looks at herself she can't figure out why she looks half japanese. ></document>
		<document> Someone tell me how I'm supposed to survive ancestry DNA test with my mom and dad.  chiletas for you chiletas for me chiletas con limon cuidado calliente azucar y lucas. ></document>
		<document> Yes the internet is a Heathen as I restrict a heathen's profile because she hangs out with Kathungphane at something worse than TAO. ></document>
		<document> his mother isn't incredibly smart but life is a ton better.  now that i realize that name is a bad word ></document>
		<document> yes to wind it all over you mean.  what brings it in via the daughter though? ></document>
		<document> i can't anymore it's never me in that room.  theoretically if someone held onto me i'd believe it but it was very hard for me to say that girl was me.  because it wasn't my husband cheated on me and told me to say it ain't so. ></document>
		<document> i could wait until the end to find out what he did but when she gets the thought in her brain about who her parents are ></document>
		<document> sexual anxiety patients be like

"I'd rather be dressed than upset" ></document>
		<document> As Adam and I poke our heads out of our M&amp;M shells and see the world together.  I'm being advised to travel. ></document>
		<document> how funny that's just some random thing he told me about God being busy then I mind God and pray to Mary and he gets better.  What does he do that he's busy with other people.  He normally doesn't walk with anyone. ></document>
		<document> i'm so stressed about the pandemic i've eaten everything in my fridge and pantry. ></document>
		<document> yes it's kind of funny people talk about alpha males on twitter and this guy calls me on the phone and tells me it has to be that way that i pay him money because he has none. ></document>
		<document> i wasn't hiding jewish people i was hiding ava until the swiss were ready to meet her.  i sent her out to play all the time. ></document>
		<document> Cherry Watermelon Gummy Lips...sealed. ></document>
		<document> Laughing at Adam from Big Rig...twas the night before fishing and all through the house the big blue gummy sharks were alert we were all drinking guinness draught. ></document>
		<document> all she wants is that thing and there isn't anyone who can understand how, while tricking people she was feeding them with her hands she couldn't get them to believe in edgy behavior. ></document>
		<document> Yes like I heard someone saying not to tell anyone where they're from and i began laughing they started fresh in Japanese because now Kyle is Filipino. ></document>
		<document> I was at the mall and they opened up shop.  I walked into the container store wondering if they sell plastic urinal donation cups. ></document>
		<document> yes he naturally told me all about this woman who had severe issues with vanity and trying to be humane and it ended up being she saw a way to finally be liked and it called her other dad. ></document>
		<document> I learned this song and it goes like this

sheena. oh sheena.

bong queef'a

banana fana moe keesha

me my moe mischka

queefa! ></document>
		<document> the first photo is of her though yes that's cute ></document>
		<document> april's feet are really big... ></document>
		<document> What Asianality does to a white woman.  That time April and Jeannie were scissoring outside of Linh's wedding and Wendy joined.  Wendy's first lesbian experience was the eiffle tower! ></document>
		<document> not exactly sick i realized there wasn't anyone on the phone at his house and wasn't at my house and the two called each other and we listened and it mildly made me wonder.  i deal with that thing everyday too though ></document>
		<document> george michael would have been perfect for calvin klein underwear ads. ></document>
		<document> like that disease was found in someone and my bff and i liked the same guy? ></document>
		<document> I haven't seen her unless she's trying to make an appearance in my life, if I could remember her.  Don't really have any Arab relatives but my aunt's sister in law's from another marriages' son ></document>
		<document> There wasn't any possible way the asian woman could tell me why i was meeting her. ></document>
		<document> yes he says very covertly that he's jewish by telling people he's italian. ></document>
		<document> barefoot in the park, resting my head on your chest under the summer sun. ></document>
		<document> i didn't even add anyone i just look at my profile the way it is...when people from other schools do that thing i wonder why that thing is just a platform for people who went to school together i'm not sure how there is a way to do that thing. ></document>
		<document> Hien is so sick of chemotherapy she looked for a way to send me in with her ID to take her place.  It's because in neurology after that Arabian woman thought I had a polarity complex I had a twin named Quoc Hong Chung.  Genocide is a cell degeneration discovered in Cambodia. ></document>
		<document> Birria is better than the I need a Japanese translator if Kobe Don is a steak bown what is the bowl if it is pork because i ordered the katsu don and got ton katsu. ></document>
		<document> yes even i posted a picture of my kid...and i don't really take pictures with her dad.  trying usually when i get the chance he is busy cleaning. ></document>
		<document> i'm not sure she told me she had depression and i thought it was funny because my doctor knew what it is when someone is seasonal and gets victimized in the winter. ></document>
		<document> lash extensions are a girl's best friend. ></document>
		<document> it smells like someone peed on everything.  i'm laughing on minute he's kissing that anglosaxan french woman the next he is cuddling with me.  is he serious like asian serious about dating or altogether in it to find out what love is?  i think he's asian. ></document>
		<document> it just naturally just makes her sweat and makes her mad it's really nothing about what it is when she wishes her kids didn't exist to see if he would like her then she dropped a daughter word.  the man has a son. ></document>
		<document> My best friend from 8th grade apparently gave in and let me give Shakira to my husband and is now dating Kate Moss.  C talk.  Cuban talk. ></document>
		<document> asian muslims are really strict like catholic every dollar has to be accounted for to make sure that the vision is right to see the woman and the man.  i bought it for him but just realized she meant that she wants her japanese filipino kids even though she says she is japanese. ></document>
		<document> If you see April tell her to call that number and leave a message with her name and that she's interested in the job.  it's for phone sex operating.  it will help her big toe after the manicurist made it bleed. ></document>
		<document> magic isn't a sign it means he's still studying why it does that.  i couldn't follow him very well he says really nasty things about people who do that. ></document>
		<document> Shaun's new boyfriend Adam maybe? ></document>
		<document> we're just really loaded is what i meant...maybe she can gain fame in the circus for her shrinking feet fiasco. ></document>
		<document> because one day i found out that swiss nurse hid a jewish woman in his mental ward and it came time i pay him for letting me travel to England and I was getting ready to go to his house to drop off money and realized that the jewish woman he hid was going to hold my hand. ></document>
		<document> to get into an MMB rave you have to talk to a french philosopher about witchhazel and successfully tone their man's skin. ></document>
		<document> What am I going to do for Mark this Valentine's day?  Maybe I can fly in and we can go to Disneyland go on all the rides and don't even have to stand in line.  Teddy Bear guy wishes to meet Stella and the Prince for his birthday. ></document>
		<document> yes as always understanding he never let go of me then someone makes a confession that's her in the kitchen an i began wondering why she did that. ></document>
		<document> i don't really look at it that way the person is western how can the person have issues? ></document>
		<document> airlines need a sous chef for that in flight salmon. ></document>
		<document> asian people got involved and my mother was always wishing for a japanese filipino grand child.  they never told me to get the dress to get married i got a call from san diego that the mormon temple opened it's doors because of Josh.  My mom got me in the car and dropped me off. ></document>
		<document> Name one thing you do to your starbucks red cup that you don't do to your lover? ></document>
		<document> then does a three sixty and says she's my daughter and is a devout mormon and has 17 year old friends. ></document>
		<document> I never really payed attention to them before I found out it's either or.  Or the entire family... ></document>
		<document> you don't have to belong to an episcopal church to eat ham for Easter ></document>
		<document> I didn't mean to string you along, i meant to drag you...DUH ></document>
		<document> imagine a heart of a guerilla saying YOU kind of like hien's sister telling me "you' ></document>
		<document> the scottish fold with pale eyes birthed ragdolls. ></document>
		<document> Imagine falling in love at Friday's only Robert Smith is a mozzarella stick. ></document>
		<document> you know in mexican it just means we told Ryan's sister we like her but all secretly got together and started talking about her behavior of eating too much gum, not respecting mexican food, and farting in our faces. ></document>
		<document> how i don't talk to people with my mom and dad and it makes it seem abnormal i greet i say hi moreso naturally interested in that girl whose best friend died in san diego ></document>
		<document> Medicine ball from Starbucks today and mom emptied her wallet to me.  Why are Asian women so wealthy? ></document>
		<document> *texan accentnn"...and a wishing you well to the homosexuals of texas. ></document>
		<document> A husband is someone you can do anything with.  I just realized that guy with a son that I was dating was moreso something that happened because he had a question about Thai and I mentioned being together without reason. ></document>
		<document> the exchange student i lived with would wear my stuff she was a student on pot that fit the clothes of a 5th grader. ></document>
		<document> the embargo went to vietnam and there were yummy cubans. ></document>
		<document> she can't get meat from anywhere.  it's so sad she walks around like an adult and has the psychiatric periodontics of an 11 year old name Cindy. ></document>
		<document> Yes Chris I trust you but Cincinnati issued a warning since that relationship was really high profile. ></document>
		<document> like real expressive lesbians...now i understand why God has issues with LGBTQ ></document>
		<document> i kind of remember telling that girl when she thought she was a nurse just by being born filipino i hate her snobby attitude like she's vietnamese girl that goes to UCSD. ></document>
		<document> nazis are that way, when i didn't have a way out of swiss takeover within the only thing pro-irish people do "work" you always have nazi parents.  all parents are nazis. ></document>
		<document> Marriage                                   Baking Cupcakes

              die trying to make it right ></document>
		<document> a family of all asian people and not one roger b horse. ></document>
		<document> i made out with my husband for about 15 minutes as the window time for starbucks online ordering is 30-45 minutes. ></document>
		<document> Y'all throw pumpkin spice over your shoulder and say."hail to all the blonde women in uggs"  *ahem ></document>
		<document> i could not build upon jpunk i had to build upon mexican then i found out morality and it was still intelligence and suave style. ></document>
		<document> yes it's a 50 year old woman with wrinkles that talks to high school students and says she's 17. ></document>
		<document> Mark doesn't understand relationships at all, one day he brought this guy home who said that he had raped me before and i asked him why i couldn't see the person and began laughing he thought it meant his son could be my son because he had been to my house before. ></document>
		<document> so to really do that to the mother take her breath away and speak to her in the sense if she can say it to say it with her...not an opinion of science if it is possible but to just understand baby's breathe ></document>
		<document> i never knew what that was i was kind of laughing the entire time.  really i have an opinion about tony's mother just naturally never say anything.  we're from different generations of time.  my opinion is that she's too sure when she's right that the opposing contender nails. ></document>
		<document> She believes she's being truthful when she didn't realize she is saying her way or the afghan highway. ></document>
		<document> my god she's so ugly though i wonder if i have neiko's face wrong and if he's ugly too ></document>
		<document> yes like he explained to me...but also i do kind of prefer red bull. ></document>
		<document> that's really odd the two guys are they queer?  someone asking me to help them with an espresso machine can comment on if he doesn't understand how to talk how he is talking, in finnish you talk about the statement towards mute women globally. ></document>
		<document> dude hershyl's girlfriend is so jewish looking...hey though dude that kid he had is it theirs?  it looks just like her.  Like within the jewish community they date right?  they're not married and have a kid. ></document>
		<document> i expected a huge blow and it is just some guy who at random met me and went along with me when really the power and glory of mark hoppus is when katie snuck on my bed and said they were having sex.  mark only sleeps with blonde women. ></document>
		<document> my mom and dad are both nazis because their general preference of how intelligent they like their conversation is hidden beneath having fun.  nazis are CIA intelligent. ></document>
		<document> yes let's help the mitchell's assist their kid into suicide. ></document>
		<document> sometimes the doctor scares the crap out of me when he thinks seeing that way is haelthy, it sort of is but i lived with someone who pedicures toes. ></document>
		<document> ava's room in kussumo was at something called a ski resort.  usually i just find a house and sleep in it houses are usually vacants when i go on vacation. ></document>
		<document> that's news to me you could be mad at my mother, my mother never told me that the guy who followed her home from church had that issue with God. ></document>
		<document> i remembered when they did figure out how to get along with veruca salt though. ></document>
		<document> My husband is contrary to my belief that Valentine's Day is when our 1st grade daughter brings frosted heart cookies to her class.  I won't forget the sprinkles this time, Princess. ></document>
		<document> i'm not sure what baby that is, miranda as a baby is usually sought after by asian women from thailand like quyen. ></document>
		<document> i have a dyslexic jewish step sister that thinks blonde implies rich so she tried dying my hair black and did hers blonde not realizing bottled blondes are jewish.  bleach lightening! ></document>
		<document> i mean i hit in the back of that two seater car...is having fun i guess it just being the two of us but i didn't tell you two twins are separated from a store that has 3 businesses in one mall and i were going to find a way to sandwich myself between them ></document>
		<document> about this time Roger's daughter stole 20 dollars from me. ></document>
		<document> yes it's very funny...asian people don't engage in incest and the guy introduces it to Laos and the Filipines. ></document>
		<document> but yes yes the entire world of people is Mark it's called Markopolis.  then I met a real person and began laughing. ></document>
		<document> the rules of the mental hospital are what they are...alcohol makes you mental.  if you ask personal opinion someone would realistically speak with you but there is this white woman who celebrates the muslim culture and the muslim federal employment agency ></document>
		<document> so i just speak with a friend and begin laughing...it is a scary weird person it's not like people from church ></document>
		<document> Except this one night her adopted daugher tried having sex with me wondering what I was hiding and didn't realize I was a female. ></document>
		<document> that's why it happened i think i started wondering if someone saw how our brains did that together.  best friends are the heart of kindness...for those things that people can't understand about God. ></document>
		<document> yes it's interesting to see hookers on crack...kindness to all but i'm not sure how she's going to pay for it. ></document>
		<document> yes Mark sent me baby food and I was just feeding the kids. ></document>
		<document> instead of complaining i really understand it now.  still though why do people smoke crack.  dude we still have halloween candy.  it comes from unmindful Asian people.  I did understand it takes them forever to eat food they buy. ></document>
		<document> wool is the earths natural itching powder.  but it's winter what can i say.  stay warm! ></document>
		<document> the idea that mom didn't understand to do something japanese and just spend and not care how much, instead i think what she did were bought the thing herself then had me handing someone money which makes it look like spending muslim asian money on that guys 39 kids is how i saw. ></document>
		<document> yes i remember it's this guy from the filipines who wondered if mark hoppus had a biggest fan and i began kind of wondering this thing oh well though i clicked remove not a big deal i see what happened. ></document>
		<document> Kathungphane Videojeevski says she's Russian and you can't help but think Russian Orthadox Jewish when she comes to my house thinking it's her luxury cars new japanese cars and house.  Her twin sister loved my house and gave birth twice in it just to live here.  3000$ each way. ></document>
		<document> yes i knew he isn't sick but can't be sure of what he saw.  it would take a miracle to get the person to behave and actually act within means of showing the public of what happened.  sometimes people can it's called a prism. ></document>
		<document> she figured it out you just tell veruca salt about the person that is bothering you and they figure out how to get you back to your 100 ></document>
		<document> yes some are in a world crisis of hunger he knew how to fix it and i kept wondering how world hunger is a crisis ></document>
		<document> i began laughing my work is letting me bring my cat with me. ></document>
		<document> yes i thought that was kourtney's cousin.  ava got routine waxing for 6 months now and wore the snow coat and looked back to herself.  like when she got waxed she looked like a model.  now she looks more like tom's daughter. ></document>
		<document> it must mean it that muslim people aren't irritated by seeing.  because what does see too much see too little mean?  like he's trying to see like me ></document>
		<document> vietnam's priorities for the catholic church is remain modest...you want someone to see you but not modesty on crack see you ></document>
		<document> he did actually finally talk to me, chris holmes had to help me.  i mean that time he went into that room and had sex he thought i was with him and i never go in that room anymore and i had to really confess culturally if he tries that with any girl it's me.  sometimes i can't. ></document>
		<document> so in lub so in lub...but where are we standing?  my eye is doing the game cube. ></document>
	
</author><document> I remember when Joe Gittleman gave me the door of a tour bus. Is This Why Asian Women Rarely Marry Rock Stars? ></Document>
<document> Don't trust your doctor when he says your hospital is safe unless it's a hospital chaired by Mark Hoppus. Cincinnati and LA have some really cool stuff. ></Document>
<Documentation> Why is it disgusting when people smoke? naturally felt that aromatic cigars were strange.></document>
<Document> I completely stopped going when she said she was also a Creeper and doing weird things like stalking blonde women.></Document>
<Documentation> Starbucks is nothing but friends who love and work for each other. Until I made a team to fight Caffeine's Naitsk. ></documentation>
<Documentation> Oh my god, how sad that the heathens of Katunfan knew me and I knew Sean. ></documentation>
<document> Somebody will admit they did that, but as I sit and listen to her, there's a lot to admit. I thought her dad was looking for a way to wake me up as usual. ></documentation>
<Documentation> Clawee - Check out this super cool prize won in A Real Claw Machine. Watch the video!
#URL# ></document>
<document> I always wondered if that sound was my mother fighting for her life. I mean, if it's just the two of us, why isn't the smoke real?? ></Document>
<document> She doesn't hang out cool with anyone... I spoke to her Vietnamese friend who lives in Golden Hill and she told me she was Johnny Pandora, so naturally she had a hard time socializing. I thought it might be. ></documentation>
<Documentation> Then someone got worse and I understandably wondered why she did such a thing when she bleached her hair. She started doing this thing that girls like. told me ></documentation>
<Documentation> I ate vegan fudge and drank tea Breakfast was toast, but I fell in love with the smoothie bowl and chia seeds. ></documentation>
<Document> Yes, I kept telling the police that a woman was beating me, but the cop didn't see anyone and didn't acknowledge the crisis. ></documentation>
<Documentation> She sees me as a rockstar and calls me for urgent help, but I don't mess around with April much. She said she would dress up as Marilyn Monroe one year and liberate the Japanese Eskimos. Have you met her cousin from Richardson? ></documentation>
<document> It means that if someone goes somewhere, they can take something back with them. When a Protestant Lutheran transgender Muslim woman takes home a vegetable that lives in nature instead, it means they understand very little.></Document>
In the <document> we begin to understand that she lost that man's child in Texas. ></documentation>
<document> yes, like that guy made me want a marlboroA light that someone understood. ></documentation>
<Documentation> On the uncomplaining hardworking side, he discovered a strange mental disorder with regard to food. I thought I was scared. When it's cold, I don't eat much except beef stew. ></documentation>
<document> It makes sense that I love myself more than my husband. My bff and I are sitting and talking about it. ></Document>
<Document> I thought it was 11...certainly not 12. cute feet... ></document>
<document> The cause in the form of alcoholism is that the ava saw an alcoholic when the Cuban opened the cabinet. Because Cuban men can't stand blonde women, so they show them naked pictures of their mothers. ></documentation>
<document> Little kids needed to figure out if Mark wanted to smoke at school. If you didn't want to hang out with your teen mom at school, you didn't have to. ></documentation>
<Documentation> Divas, Queens and Makeup Extraordinary RuPaul!!! ></Documentation>
<Documentation> Why didn't they both rape me? I see them doing it because the style is the same, but I don't understand how much they did male plastic surgery. ></ Documentation>
<document> They removed the :-X that was my hole-closed face, but they pick up the shameful hole-closed face ></document>
<document> A common style of listening to Slipknot. Yes, like Genie, but worse. ></documentation>
<document> Does that mean you love England? I think Arabic women like souhair are really crazy to say they have PTSD when their patients are being abused. I didn't know Jeanie was Anglophile, but it was fine one moment and not the next. like a crisis? ></documentation>
<Document> She needs help telling me something, but you know it's the mother's influence that drives her to fuck her.></Document>
<Documentation> Giving birth to a loved one in a luxurious chair is quite common. Where was Kailyn delivered? ></documentation>
<document> Yes, he didn't walk up to me or do anything like that. really needed love. He was very casual and said he would be right back, but I thought he might be afraid of STDs ></document>
<document> That's because my mother has never had a full birth. ></documentation>
<document> I thought Roger could help with April's time. ></document>
<document> Mike Herrera does not discriminate against Jewish survivors of Normandy. ></documentation>
<document> My child is on hold for tweeting too much. Why did Nathan give me to carry Tre Cool's son? Really confusing. ></documentation>
<Documentation> I'm sure my husband gave in to how sick my mind was and ended up sleeping with Roger.Daughter of. ></documentation>
<Document> When Kyon's Parkinson's disease was unknown, his mother asked me to find a French doctor. stupid ></document>
<Documentation> A Jew Never Grows Up A Jew has dated an Iraqi woman because Sheena's cousin in the synagogue sees me as a 'new girl' but her nose is smashed open. You may be Jewish. You look good. ></documentation>
<document> I don't wear much designer stuff, so I don't know what it feels like to die for a Vietnamese woman wearing Gucci.In a pedicure like an African woman? ></documentation>
<document> Probably because I neglected her mother-in-law so much. If she's taciturn, I think I'm just hearing voices in my head listening to her. ></documentation>
<document> I sometimes wonder if their home state is all about online dating and need to meet in person with a phone sex operator. ></documentation>
<document> I wonder if she and Laura are still friends... ></document>
<Documentation> MGK jumped out of John Glenn. God bless the paparazzi's use of airport lighting. ></documentation>
<document> is just talking about women in general, not just because women are Muslim. ></documentation>
<Documentation> My obsession with the man in the green hat turned into my obsession with the man in the sailor suit. ></documentation>
<Documentation> I didn't know how Adam lit my eyes with the glow stick that knew Mark, but I missed and loved him.Adam even with that guy in that band dating. ></documentation>
<document> So sad the whole town is calling femme fobs. Like she started talking to high schoolers and thought she knew them. Is she really 15 in her religion? Like the speed that fits the mold. ></documentation>
<document> joe king should act in movies means that the man is a theater actor and never think twice about who that person is. ></documentation>
<document> Yes how they started acting the same and we all laugh. The booty of the great San Antonio ghetto was heard across the country. ></documentation>
<document> I don't usually eat biria, but it's delicious here in Washington. ></documentation>
<Documentation> Why does a mother of twins buy more for boys than girls, she said "our family" and I've been wondering what Connie is doing. >< /documentation>
<Documentation> I always have to pay attention to her reaction.She doesn't say anything terrible about him.Unless she physically hates him, it's always not. ></documentation>
<Documentation> Young gay men in striptease. So many queens that I think 702 were British. ></documentation>
<document> Yes, I read the cue cards, they were interesting ></document>
<document> Yes, my mother is like a giant bullet train wreck in Asia. You don't want an Asian woman who looks like a Shinkansen. ></Documentation>
<document>She sued Ashley's mother because Ashley was half Cherokee.Ashley was a pure-blood Cherokee. They did not provide housing for their children. ></documentation>
<document> Making people laugh in a urinal is stand-up comedy ></document>
<document> Sometimes I think the pandemic is an apocalypse, but it reminded me of an old biblical story that when God lost his virginity, our Utopia was ignited. ></documentation>
<Document> Childhood love is just a game

A game of Russian Roulette ></document>
<document> So nice, but my husband is only my husband in my bedroom. I don't like driving with him, so we don't get too involved in normal American things. No. ></documentation>
Rare <document> , I usually just bake or draw. ></documentation>
<document> But start starving people and locking them in rooms with no food. If they whine, whip them. ></documentation>
<Documentation> I'm trying to make a natural pina colada by raking the snow outside. ></documentation>
<document> Nicole and I lived in a crack house with a pastor from Zimbabwe.></document>
<document> Then she talked about wiping her butt with baby wipes and I started to wonder why she said that. But I still recognize that person as Katie. Like Katie from nice school. ></documentation>
<Document> I thought it was a nice office where many 18-year-olds from the suburbs work. She worked in a Chinese like restaurant but strangely never spoke to the local Chinese. The Chinese aren't Muslims, so when South Asian Muslims didn't work out, I looked to China ></document>
<document> Looking at Twitter here, I can feel my butt getting fatter and fatter. ></documentation>
<document> Jews are no good at all. I'm looking for something with kitty pepper in it. ></documentation>
<document> How do fatherless children eat? ></documentation>
<Document> We're mean to that little girl...why doesn't she fit in with the family?></Document>
<document> But I have to get North Face sandals and argue with Jews and Japanese. One is labeled as size 10 and the other as size 11. If the smaller size fits better, it means Adam isn't eating enough. So are Mark's feet. ></documentation>
<Documentation> Sugar Cookie Latte is an anti-mocha genius. Barista Life is Life ></document>
<document> It's gross, but who asked if you've seen that guy before adding your friend's dad? ></document>
<document> It's your first week home from giving birth and your husband doesn't understand sexual pain. ></documentation>
<Documentation> If mothers and fathers hold the key to instant slavery, is he teaching us how to control women in nursing? You can't control the rapid growth of orange trees in Texas going></document>
<Documentation> The human league is pretty smartthan you think. Life is he one giant smart pants></document>
<Documentation> Prepare an onion bagel with chive cream cheese, smoked salmon, capers and sun-dried tomatoes. This bagel means it all. ></documentation>
<document> I didn't hear it very well at first, but she's like a cook, like home, talks to us, but doesn't say anything about her child being abused? If my child starts abusing someone, I will say something. ></document>
<document> Ivy even eats chiletas con dulce chamoy, but not with anyone. I wonder if neiko wants something. ></documentation>
<Documentation> I actually took a break from Starbucks and came back for a bit on my way to trigger point therapy. Everything is fine, but my right knee has been hit. ></documentation>
<Documentation> Yes, I started laughing. Before people wondered, she always wondered if I needed to do that for her.It was kind of funny. What I said to her is that San Diegan is right. Much better than a visual trip with her. ></documentation>
<Document> It's so creepy that she has to eat because she's not going to a concert.She didn't have a mother who has an extra 10 to eat out on weekends.></Document >
<document> Yes, just like sheena doesn't understand why she looks half Japanese when she sees herself. ></documentation>
<Document> How can I survive an ancestral DNA test with my mother and father? chiletas for you chiletas for me chiletas con limon cuidado calliente azucar y lucas. ></Document>
<Documentation> Yes, the internet is heathen. She hangs out with Kathungphane in worse places than TAO, so I limit my pagan profile. ></documentation>
<document> His mother isn't incredibly smart, but she has a much better life. I just realized the name is a bad word></document>
<document> Yes, I mean round it. But what brings it through the daughter? ></documentation>
<document> I am no longer in that room. In theory, if someone hugged me, I would believe it, but it was very difficult to say that the girl was me.It wasn't because my husband cheated on me and said otherwise is. ></documentation>
<document> I could wait till the end to find out what he did, but when I thought in my head about who her parents were ></document>
<Document> This is what happens to patients with sexual anxiety

"Better dressed up than upset."></document>
<Documentation> When Adam and I stick our heads out of our M&M shells and see the world together. Travel is recommended. ></documentation>
<document> What a funny story he told me about God being busy. What does he do because he is busy with other people? He usually doesn't walk with anyone. ></documentation>
<Documentation> The pandemic is so stressful that I ate everything in my fridge and pantry. ></documentation>
<Documentation> Yes it's kind of funny that people are talking about alpha males on twitter and thisThe man called me on the phone and told me that he didn't have any and that's how it should be for me to pay him. ></documentation>
<Documentation> I didn't hide my Jewishness. I hid the ava until the swiss was ready to meet her. I always sent her out to play. ></documentation>
<Documentation> Cherry watermelon gummy lips… sealed. ></documentation>
<Documentation> I was laughing at Adam from Big Rig... It was the night before fishing, big blue gummy sharks were on the lookout all over the house, and we were all drinking Guinness draft. ></documentation>
<document> That's all she wants, and no one who can figure out how to do it, and can't make people believe her edgy behavior while tricking people hand-feeding. I did. ></Document>
<document> Yes, I started laughing, like I heard someone telling me not to tell anyone where I'm from. ></documentation>
<Documentation> I was at the mall and they opened a store.I walked into a container store wondering if they were selling plastic toilet bowl donation cups. ></documentation>
<Document> Yes, he naturally told me all about this woman who had serious problems with vanity and trying to be humane. ></documentation>
<document> I learned this song.

Sina. Oh sheena.

Bon Kieffer

banana fana moe keisha

me my moe mischka

Keefer! ></documentation>
<document>She's pretty in the first picture ></document>
<document> April's feet are really big... ></document>
<Documentation> What does Asian sex do to white women. Meanwhile, April and Genie are scissors outside Lynn's wedding and are joined by Wendy, whose first lesbian experience is at the Eiffle Tower! ></documentation>
<document> I'm not feeling particularly ill Realizing that no one called his house or mine, they called each other and we listened and wondered a little I thought, I deal with it every day.></document>
<Document> George Michael would have been perfect for a Calvin Klein underwear ad.></Document>
<Documentation> It's like finding someone and my best friend sick, did I like the same person? ></Document>
<document> If I remember her, I never met her unless she tried to come into my life. I have no Arab relatives, but my aunt's sister-in-law is a son from another marriage ></document>
<document> There was no way the Asian woman could tell me why I met her. ></documentation>
<document> Yes, by telling people he's Italian, he's secretly saying he's Jewish. ></documentation>
<Documentation> I was barefoot in the park with my head on your chest in the summer sun. ></documentation>
<documentation> I have not added anyone. Just looking at my profile as is... I wonder why it's just a platform for people I went to school with when people from other schools do stuff like that. i don't know if there is a way to do itthing. ></documentation>
<document> Hien was fed up with chemotherapy and was looking for a way to send me with an ID instead. Because at school I had a twin named Quoc Hong Chung.Genocide is a cytopathic disease found in Cambodia. ></documentation>
<Documentation> A Japanese translator is required if the Kobe bowl is a steak bowl. I ordered the katsudon and got the tonkatsu, so what is the donburi if it's pork. ></documentation>
<document> Yes, I posted a picture of my kid...and I don't often take pictures with her dad. I always try it when he is busy cleaning. ></documentation>
<Documentation> Not sure if she told me she was depressed, but I thought it was crazy. ></documentation>
<Document> Eyelash extensions are a girl's best friend. ></documentation>
<document> It smells like someone's pee. I'm laughing as he kisses an Anglo-Saxan French woman. Is he serious about dating like an Asian or is he serious about knowing what love is? I think he's Asian. ></documentation>
<document> Naturally, she sweats and gets pissed off. When she wished her child didn't exist, see if he would like her before dropping her daughter's words. A man has a son. ></documentation>
<Documentation> My eighth grade best friend apparently gave in, gave Shakira to her husband, and is now dating Kate Moss. Story of C. Cuba story. ></documentation>
<document> Asian Muslims are really strict like Catholics and every dollar must be accounted for to make sure their vision of seeing women and men is correct. I bought it in , and realized that she wanted a Japanese-Filipino child, even though she said she was Japanese.></document>
<document> If you see April, call the number and tell her to leave a message with her name and interest in the job. It's for phone sex. After the manicurist bleeds it will help her big toe. ></document>
<document> Magic is no sign that means he's still researching why he does it. ></documentation>
<Documentation> Sean's new boyfriend, maybe Adam? ></documentation>
<document> We're just really under load... maybe she can make a name for herself in the circus with her leg-shrinking debacle.></document>
<Document> One day he learned that a nurse in Switzerland was hiding a Jewish woman in his psych ward, and when it came time to pay him for letting him travel to England, to unload the money. As I prepared to go to his house, the Jewish woman he hid was trying to hold my hand. ></documentation>
<document> To participate in an MMB rave, you must speak to a French philosopher about witch hazel and succeed in toning the skin of men. ></documentation>
<document> What are you going to do for Mark this Valentine's Day? Maybe I can fly to Disneyland, ride all the rides, and not even have to wait in line.Teddy bear boy wants to meet Stella and the Prince on her birthday. ></documentation>
<document> Yes, as usual, I understood that he never let me go, but someone confessed that she was in the kitchen. ></documentation>
<document> I do not consider the person to be Western. Why is the person in trouble? ></Document>
<Documentation> An airline needs a sous chef for Flight Salmon. ></documentation>
<document> With Asians involved, my mother always wanted a Japanese-Filipino grandchild. They never told me to get a dress to get married.I got a call from San Diego that the Mormon temple had opened its doors for Josh.My mother put me in the car. unloaded. ></documentation>
<Document> Name one thing you would do to a red Starbucks cup that you wouldn't do to your lover. ></documentation>
The <document> does a 360 and says she's my daughter, a devout Mormon, and has a 17-year-old friend. ></documentation>
<document> I never really paid attention to them until I realized it was either...or the whole family... ></document>
<document> You don't have to belong to a bishopric to eat ham on Easter ></document>
<document> I didn't mean to string you, I meant to drag you out...DUH ></document>
<document> Imagine the mind of a guerrilla. YOU is like Hien's sister saying "you" ></document>
<Document> A ragdoll born in Scottish Fold. ></documentation>
<Documentation> Imagine Friday's one and only Robert Smith falling in love with mozzarella sticks. ></documentation>
<document> You know, in Mexican, we told Ryan's sister that we liked it, but they all secretly gathered together to eat too much gum, not show respect for Mexican food, and criticize us in our faces. I mean you started talking about her behavior like farting. ></documentation>
<document> I say hello because it seems crazy if I don't talk to people with my mom and dad, but I'm naturally interested in that girl in San Diego who lost her best friend > </document>
<Document> I received a medicine ball from Starbucks today and my mom emptied my wallet. Why are Asian women so wealthy? ></documentation>
<Document> *Texas Accent"...And God bless the gays of Texas.></Document>
<Document> A husband is someone who can do anything. I realized that it happened because a guy who has a son I was dating had a question about Thailand and said they were together for no reason.></document>
<Document> The international student I lived with wore mine when she was a student in a pot that matched her 5th grade clothes.></Document>
<Document> The embargo went to Vietnam and had delicious Cuban. ></Document>
<Documentation> She can't get meat from anywhere. she walks around like an adult,An 11-year-old psychiatric periodontist named Cindy. ></documentation>
<document> Yes, Chris I trust you, but Cincinnati issued a warning because the relationship was so high profile. ></documentation>
<document> Like real expressive lesbians... Now I know why God has a problem with LGBTQ ></document>
<Documentation> I remember telling a girl who I thought was a nurse just because she was born Filipino that I didn't like the pretentiousness of the Vietnamese girl who goes to UCSD. ></documentation>
<document> Nazis are like that, you always had Nazi parents when I was pro-Irish and there was no way out of the Swiss takeover just by doing 'work'.All parents are Nazis is. ></documentation>
<Documentation> Marriage Baking Cupcakes

              die trying to get it right ></document>
<document> All Asian families, not one Roger b horse. ></documentation>
<Documentation> Starbucks has a 30-45 minute online ordering window, so my husband and I made up for about 15 minutes. ></documentation>
<document> Hang a pumpkin spice over your shoulder and say 'hello to the blonde woman in the uggs'.
<documentation> I have not been able to build on top of jpunk. It had to build on Mexican. Then I discovered morality, but it was still intelligence and sophistication of style. ></documentation>
<document> Yes, it's a 50 year old woman with wrinkles, talking to a high school student and saying she's 17. ></document>
<documentation> Mark has no understanding of human relationships. One day he brought this man home and said he had raped me before. I asked him why he couldn't see him and started laughing. Because my son has been to my house before. ></documentation>
<document> To really do that to a mother, hold your breath and talk to her in the sense that you can say it with her... not a scientific opinion if possible, but a baby's Just understand breathing. ></document>
<document> I had no idea what it was and was laughing the whole time. I really do have an opinion about Tony's mother, but of course don't say anything. We come from different generations. In my opinion, she's too sure that she's right, and the opposing candidate is nailed down. ></document>
<document> She believes herself to be honest when she doesn't realize she's saying things the way she does or Afghan highways. ></documentation>
<document>Oh my God, she's so ugly but I wonder if neiko's face is wrong and he's ugly too ></document>
<document> Yes, as he explained to me...but I prefer Red Bull. ></documentation>
<document> That's really weird Are the two guys queer? If someone asked you to help them with the espresso machine and they don't understand how you speak, you can comment. Speaking in Finnish, a statement to the silent women of the world. ></documentation>
<document> Hey, Hersil's girlfriend looks so Jewish... hey, hey, is that kid he had theirs?ok like her. As within the Jewish community, do they date right? They are not married and have children. ></documentation>
<document>I thought I was going to be hit hard, but the power and glory of Mark Hoppus happened to see me when Katie sneaked up on my bed and told me they were having sex. , was the man I went with. Mark only sleeps with blonde women. ></documentation>
<document> Both my mother and father are Nazis. Because behind their enjoyment lies a general preference for how intelligent their conversations are. The Nazis have CIA intelligence. ></documentation>
<document> Yes, help Mr. and Mrs. Mitchell drive their child to suicide. ></documentation>
<Documentation> Doctors sometimes scare me because they think it's unhealthy to look that way. ></documentation>
<document> Ava's room in Kusumo was in a place called the ski slopes. Usually I just find a house and sleep there. When you go on vacation, the house is usually empty. ></documentation>
<document> Here is the news that you may be angry with my mother.My mother never told me that the man who came home from church had a problem with God.> </documentation>
<document> But I remember when they figured out how to get along with Beruka Salt. ></documentation>
<Documentation> My husband disagrees with me that Valentine's Day is the day my first grade daughter brings Frostheart cookies to class. I won't forget the furikake this time, princess. ></documentation>
<Documentation> I don't know what kind of baby it is, but Miranda as a baby is usually wanted by an Asian woman from Thailand like Quen. ></documentation>
<documentation> I have a dyslexic Jewish sister-in-law who thinks blonde means rich, so she tried to dye my hair black, but I thought bottled blonde was Jewish I dyed her blonde without realizing it. Bleach Lightning! ></documentation>
<Documentation> So you mean you hit the back of that two-seater car... just having fun, I think it's just the two of us, two twins in one store I didn't say I was away from the three operating stores in the mall and I was trying to find a way to sandwich myself between ></document>
<Document> Around this time, Roger's daughter stole $20 from me. ></documentation>
<document> Yes, it's very funny... Asians don't do incest, but the man introduces Laotian and Filipinos to incest.></document>
<document> But yes, the whole world of people is Mark and is called Markopolis. Then I met a real person and started laughing. ></documentation>
<Documentation> The mental asylum rules are true...alcohol makes you insane. Someone will talk to you realistically if you ask for a personal opinion, but there is this white woman who admires Islamic culture and the Islamic Federal Employment Agency ></document>
<document> So I started talking to my friends and laughing... Scary weirdos who are different from church people ></document>
<Documentation> Except for this one night, her adopted daughter tried to have sex with mI wondered what she was hiding, but I didn't realize she was a woman. ></documentation>
<document> I think that's why I started to wonder if anyone saw how our brains do it together. A best friend is a kind heart...for what people don't understand about God. ></document>
<document> Yes, it's interesting to see a whore on crack... nice to all, but I don't know how she's going to pay for it. ></documentation>
<document> Yes, Mark sent me baby food and I was just feeding the kids. ></documentation>
Instead of complaining about <document> , I really understand it now. Still, why do people smoke crack? Hey, we still have Halloween candy. It comes from nonchalant Asians. I understood that it would take forever to eat the food they bought. ></documentation>
<Documentation> Wool is the earth's natural itching powder. But now it's winter. Keep warm! ></documentation>
<document> Mother didn't understand what to do in Japan and didn't think she didn't care how much she spent. , I think they made it look like they were using Muslim Asian money. That's how I saw 39 children. ></documentation>
<Documentation> Yes, I remember it was this guy from the Philippines who wondered if Mark Hoppus had the biggest fan. ></documentation>
<Documentation> Kathungphane Videojeevski says she is Russian and is a Russian Orthodox Jew when she comes to my house thinking it's her luxury car, new Japanese car and house I can't help but wonder. Her twin sister loves my house and has given birth twice just to live here. $3000 each way. ></documentation>
<document> Yes, I knew he wasn't sick, but I'm not sure what he saw. , it takes a miracle to actually make it work. Also called a prism. ></documentation>
<document> She figured out how to get you back to 100 just by talking to veruca salt about who's bothering you ></document>
<document> Yes, some are on the verge of global starvation. he knew how to fix it. I was wondering how world hunger is a crisis ></document>
<document> I started laughing when I was allowed to bring my cat for work. ></documentation>
<document> Yes, I thought it was Courtney's cousin. Ava had regular waxing for 6 months and turned herself around in a snow coat. Like when she waxed, she looked like a model.Now she looks like Tom's daughter.></document>
<document> You mean Muslims don't get annoyed by watching. What does see too much see too little mean? Like he's trying to look like me ></document>
<document> Vietnam's priorities for the Catholic Church remain modest...you want someone to see you, but not humility, do you?></document>
<document> He actually spoke to me.Chris Holmes had to help me. I mean, when he walked into that room and had sex, he thought I was with him. sometimes i can't. ></documentation>
<document> so in lub so in lub...But where are we standing? My eyes are on the GameCube. ></documentation>

</author>