
	
		<document> $HOG $KO $GME $KO Stocks making the biggest moves midday: Harley-Davidson, GameStop, SVB Financial, Coca-Cola and more #URL# ></document>
		<document> CNBC has a crypto special tonight... you know what that means. #HASHTAG# ></document>
		<document> Futures falling since PPI DATA came out. $SPY $TLT $VXX ></document>
		<document> Yea the market really looks scared $spy $vix $vxx /es $xlf $xle #URL# ></document>
		<document> They sell button has been removed on all platforms.  $QQQ $SPY ></document>
		<document> $BA is almost green  $RTX $NOC ></document>
		<document> $NFLX

Earnings per share (EPS): $3.19 vs $2.56 according to Refinitiv survey of analysts

Revenue: $7.48 billion vs $7.48 billion, according to Refinitiv

Global paid net subscriber additions: 4.4 million vs 3.84 million ></document>
		<document> I'm so glad #USER# is giving Len Cooperman the air time to defend these poor billionaires. #URL# ></document>
		<document> $DPZ reports tomorrow am 6%+/- implied move
$TACO reports after the bell 10%+/- implied move 

$SBUX $CMG $YUM $PZZA ></document>
		<document> 280% $KR  a bag on $AEO overnight on earnings play ></document>
		<document> 86% now $spy..why trade anything else ></document>
		<document> Oh my holding $AAL Thanksgiving travel trade and $JPM strangles from Wednesday. $JPM didn't pay off on Wednesday for FOMC but it will this morning, looks like 7 bags. ></document>
		<document> $PFE

Pfizer CEO says fourth Covid vaccine doses may be needed sooner than expected due to omicron #URL# ></document>
		<document> $DASH $ULTA

DoorDash Partners With Ulta Beauty To Launch Same-Day Delivery ></document>
		<document> $NIO delivered 3,667 vehicles in October - down 27.5% Y/Y. 

Delivery in October was impacted by reduction in production volume as a result of the restructuring and upgrades of manufacturing lines, as well as certain supply chain volatilities. ></document>
		<document> So do we all get to be witnesses when these short sellers go on trial. ></document>
		<document> This might be a good time for me to remind everyone I told ya'll the beginning of the week it was a full moon and opex ...but you kept buying calls.  Carry on. ></document>
		<document> $UBER $101.2M dark pool print at $38.80  -Tweet From Order Flow Site Cheddar Flow $UBER ></document>
		<document> All these people putting these earnings calendar graphics together and miss the 2 bigs ones that move the most.  Oh well, good thing I keep my own calendar. ></document>
		<document> Yesterday the overnight alerts were $dal and $xlf and both paid 200-236% ></document>
		<document> $PFE 170% took all day but paying off into the close. ></document>
		<document> #USER# market been selling off the last two hours almost every day ></document>
		<document> That was a crazy exchange. #USER# #USER# Yep we all can't wait right now to go on a cruise, that's first on our list right now. Not jobs or mortgage payments or when the shelves are gonna be restocked at our local grocer. ></document>
		<document> $TSLA $MCD #HASHTAG#  

$MCD reports Thursday morning! #URL# ></document>
		<document> $DDS - Dillard's tumbles as UBS says share price is 44% too high.

$190 price target/ DDS down 6% and $320.00 ></document>
		<document> Really, the Vice President has no authority to determine the next president of the US? What kind of democracy are we living in???? #URL# ></document>
		<document> $TSN $BYND Investor Day on Thursday, December 9, 2021, beginning at 10 a.m. Eastern time (9 a.m. Central time) and concluding at approximately 1 p.m. Eastern time (noon Central time). ></document>
		<document> Yea because our identity hasn't been hacked every where else, let's give it to Twitter, they never have hacking issues. #URL# ></document>
		<document> Damn it, gonna have to cancel that world cruise ship I had planned. #URL# ></document>
		<document> $V moving up went green!

Earnings for $ma and $v on thursday ></document>
		<document> 5 bags this morning on overnight $nke puts
1 bag now on $nke calls

More for a sympathy play on $fl tomorrow am. ></document>
		<document> $PINS HALTED AGAIN ON PAYPAL EXPLORING BUYING $70 SHARE PRICE ></document>
		<document> $AAL American Airlines is again trimming its summer schedule for international flights because Boeing can’t deliver Dreamliners in time #URL# via #USER# ></document>
		<document> 3 BAGS PLUS ON $CVS AND $TSN .. investor days are great catalysts. #URL# #URL# ></document>
		<document> 2 BAGGER $IBM on the Sunday night pick and the market is only open half an hour. ></document>
		<document> $SBUX up 2% on upgrade this am

MKM Partners upgrades Starbucks, says recent underperformance is a buying opportunity #URL# ></document>
		<document> 2 BAGGER $Spy 
3 bags $IBM
5 BAGS ON $dis friday hold for some of us ></document>
		<document> oh my $spy  quick  bag on 474 puts now ></document>
		<document> $AMC up this morning on news they are reopening theatres. I know everyone is anxious to sit in a dark room for 2 hours with strangers during the colder months because there's no other way to watch movies otherwise. ></document>
		<document> $x UP 2 BAGS this one has come back from dead twice now ths week ></document>
		<document> 80% $spy puts from 10 entry cuz we all know that spy fades every damn day, same place..same time. ></document>
		<document> $SPY really needs to slow down, I can't keep up with these moves. ></document>
		<document> Remember the 'old' days it would take them months to offer options.. but now they're getting out the options in a day to get that bitcoin money.

$BITO #HASHTAG# ></document>
		<document> JObless Claims tomorrow should be 2M +...we're headed to new ATH for sure. #HASHTAG# but yet not. ></document>
		<document> $TSLA 
Elon Musk says Tesla has not signed contract with Hertz yet #URL# ></document>
		<document> #USER# #USER# #USER# Yea who would think a trial of 8 people isn't working as well as expected ></document>
		<document> Economic growth rate slows to 2% on a sharp slowdown in consumer spending #URL# ></document>
		<document> $DAL reports earnings next week BofA upgrades Delta to buy, as rebound of corporate travel could boost stock in 2022 #URL# ></document>
		<document> #USER# #USER# #USER# What next, are they just gonna take anyone if their parents pay extra? ></document>
		<document> Eu fade bagger..why trade anything else. $spy ></document>
		<document> South Park is back and just in time:

A New COVID Variant Discovered - SOUTH PARK: POST COVID #URL# via #USER# ></document>
		<document> Oh thank goodness he has a quarter of a billion, because none of us knew he was running. #URL# ></document>
		<document> $AMZN

Amazon reportedly took down reviews of Chinese president's book after demands #URL# #HASHTAG# ></document>
		<document> $NVAX -26% AFTER HOURS ‘They rushed the process’: Vaccine maker’s woes hamper global inoculation campaign #URL# via #USER# ></document>
		<document> $CAR
Major firms downgrade Avis after stock doubles in single day, saying fundamentals no longer matter #URL# ></document>
		<document> 1300% now on the 270c $lly ... these investor days are paying great! ></document>
		<document> $F

Buyers looking to secure a new Ford Maverick pickup will have to wait; Ford says it has maxed out on what it can build and is shutting off consumer orders for the truck  #URL# via #USER# ></document>
		<document> Next weeks earnings
M: $TTD $AMC - $AMC $PYPL $RBLX $SDC $LMND
T: $PLTR $WKHS $PRPL- $NIO $FUBO $COIN $UPST $DASH $WYNN $ELY
W: $WEN - $DIS $SOFI $AFRM $BYND $BMBL $RRGB
TH: $WIX $YETI $TPR - $SNDL $BLNK $RIDE $COUP 
F: - #URL# ></document>
		<document> I'm out here weeping for that billionaire lady who collects Marilyn Monroe crap and won't get her dues because of the pandemic. Way to go with riveting coverage of inane topics #USER#..just the sort of thing I want to hear about on a financial channel at 7am. #URL# ></document>
		<document> Come on Elon time to announce another split $tsla ></document>
		<document> $COIN up 4.55%
$MARA also making hod ></document>
		<document> $DKNG $ROKU $DE $INTC $SHAK

Stocks making the biggest moves premarket: DraftKings, Roku, Deere and others #URL# ></document>
		<document> #USER# Let me go spend $100k on an NFT ></document>
		<document> Dreams do come true $FB $pypl #URL# ></document>
		<document> $DAL making new lows -5.42% still in some runners ></document>
		<document> Today's Economic Calendar

10:30 Dallas Fed Manufacturing Survey
1:00 PM Results of $56B, 2-Year Note Auction ></document>
		<document> Powell's fourth major shift raises questions about the Fed’s policy credibility #URL# ></document>
		<document> What's their policy on permanent CAP LOCK in tweets. #URL# ></document>
		<document> $AAPL

Morgan Stanley hikes Apple price target, sees 21% upside from plans for smart glasses and self-driving car #URL# ></document>
		<document> $BBY
Raymond James hits 'pause' on Best Buy, downgrades retailer #URL# ></document>
		<document> SOLD over night $v calls from yeserday for 2 bags and now up 130% on $v puts ></document>
		<document> #USER# no wtf would i ALWAYS BUY A STRADDLE OR A STRANGLE ></document>
		<document> From the tweets I'm reading, we don't have much more time left as a species. Kiss your love ones good bye. ></document>
		<document> over 7 bags now on $gt

LOOK AT THE DATe ON THOSE QQQs #URL# ></document>
		<document> Yea Sears doing great. #HASHTAG#  $TSLA $AAPL #URL# ></document>
		<document> #USER# Yea cuz that last one worked so well. ></document>
		<document> XPeng (NYSE: $XPEV) maintains strong momentum with monthly deliveries in October 2021 of 10,138 Smart EVs, representing an increase of 233% Y/Y and a 2.6% decline over last month. #URL# ></document>
		<document> Another 6 bags on $wmt on the 350piv for #USER# it works with other tickers too, not just $spy $qqq ></document>
		<document> $UPS  up 7.4% 
$FDX up 2.8%

FedEx shares are trading higher in sympathy with UPS after the company reported earnings results. $FDX #URL# ></document>
		<document> wowsa up 1 bag on $spy puts just now...they must be selling everything to chase $rivn ></document>
		<document> Watch Llist from yesterday's holdings: $BBBY 54% $LYFT 13% $CPRI 10% $CWH 7.7% $UBER 7% $TPR 3.2% $NKE .69% ...... $MTCH -3.74% $CAR -10% $TUP -16% $Z -19% ></document>
		<document> $7.25 doesn't even cover a grande latte and bagel at #USER#. #URL# ></document>
		<document> Chinese electric vehicle makers $NIO $LI $XPEV are lined up to post monthly deliveries update tonight. Wednesday is also Monthly Vehicle Sales $F $TSLA $GM ></document>
		<document> #USER# Bachelor Ratings and Prince Harry clearly more important then a pandemic. ></document>
		<document> Fun fact since next week is the Full moon - most wars are started during the full moon as a strategy. 

The Full moon is on FEB16 ></document>
		<document> $PYPL -4.8% down on $PINS spec. - calls tempting ></document>
		<document> Black Friday shopping in stores drops 28% from pre-pandemic levels. Online, retailers rang up $8.9 billion in sales on Black Friday, down from record of $9 billion spent on the Friday after Thanksgiving a year earlier- #URL# ></document>
		<document> $GME 17% PREMARKET $AMC 7% PREMARKET GameStop is launching a division to develop a marketplace for nonfungible tokens and establish cryptocurrency partnerships, according to people familiar with its plans #URL# via #USER# ></document>
		<document> After hours earnings results are just as exciting as today's market action. $ULTA $AVGO $ADBE $JABIL ></document>
		<document> $aapl puts working up 122% on this morning's entry ></document>
		<document> We're in $xle up 130% and some $aapl p ahead of EPS. $CVX and some other energy stocks report tomorrow and going to be in $XLE FOR A SYMPATHY PLAY. ></document>
		<document> $ALK 
Alaska Air stock falls after departures from Seattle hub are cut by 20% #URL# ></document>
		<document> almost a bag on $pton 42c jan7- up 5.30% now ></document>
		<document> almost 2 bags now on $anf puts down 16.5% 

Took 6 bags on overnight $jwn ></document>
		<document> It's almost 2022 I'm over being nice and quiet.  You better block me now. ></document>
		<document> Earnings after the close today  and tomorrow am: $NFLX $UAL - $VZ $WGO #URL# ></document>
		<document> According to the ads run by uber and lysft, drivers love the low pay. #HASHTAG# $UBER $LYFT Hey what do I care, I'm making money this morning on my $lyft strangle and I don't drive for them. ></document>
		<document> $ACI $KR $WMT

Empty grocery shelves return as sick employees, supply chain delays collide #URL# ></document>
		<document> $ORCL 11%+ Oracle shares are trading higher after the company reported better-than-expected Q2 EPS and sales results and increased its share buyback by $10 billion. #URL# ></document>
		<document> Took 3 bags on the 73c moved out to the 80c $rblx up a bag ></document>
		<document> BREAKING: NBA suspends season after tonight's games after a player on the Utah Jazz preliminarily tests positive for coronavirus. Those poor billionarie NBA owners are gonna need a bail out. ></document>
		<document> $SPY pivot- Tom Lee bearish for the rest of the week. ></document>
		<document> $SPY $QQQ $TLT $VIX $ -CPI data out at 830am -2:00 PM ET FOMC: Federal Reserve will release minutes from its last policy meeting, and investors are looking for further clues on when the central bank could begin tapering its bond-buying program ></document>
		<document> $AMBA +/-13%
$ZS +/-11.7%
$NTAP +/-9.4%
$BOX +/-7.2%
$HPE +/-6.8%
 $CRM +/-6.7% 
$EDU +/-6.3% 

Implied EPS Movers for Tonight ></document>
		<document> M: $AAP $CAR
T: $MAR - $UPST $RBLX $ABNB $WYNN $LZY
W: $TTD $SHOP $CROX $WIX $WING $KHC - $NVDA $AMAT $CSCO $FSLY $DASH $TRIP $QS
TH: $PLTR $WMT $FIVR - $ROKU $DBOX $SHAK $RDFN
F: $DKNG $DE #URL# ></document>
		<document> 359% now on $spy puts, entered at 3:50 womp womp ></document>
		<document> $GOLD $GDX up 4-5%+  paying 5 bags today ></document>
		<document> 3 bags $mrna sympathy play on $BNTX #URL# ></document>
		<document> Fed Chair Jerome Powell and Treasury Secretary Janet Yellen are due to testify before the U.S. Senate Banking Committee at 10 a.m. EST (1500 GMT) to discuss the economic recovery from the COVID-19 pandemic. 

They will also appear before the House of Representatives on Wednesday. ></document>
		<document> FOMC MINUTES AND POWELL SPEAKS THIS WEEK.

Let the tapering commence: $SPY $TLT $VIX $XLF #URL# ></document>
		<document> Friday Economic Calendar:

✅830am Retail Sales
✅10am Consumer Sentiment
✅1:00 pm Rig Count ></document>
		<document> $amzn

AMAZON WEB SERVICES LAUNCHES NEW CHIPS THAT COMPETE WITH INTEL CORP, NVIDIA CORP
$NVDA
$INTC ></document>
		<document> You know the one thing us traders are really needing this Sunday is an extra hour. #HASHTAG# #HASHTAG# #URL# ></document>
		<document> Overnight $nflx puts working too up 150%  earnings Jan20 ></document>
		<document> Gates 'retired' last week too from the board of $MSFT. All a coincidence I'm sure. ></document>
		<document> It's another 'stay at home stocks' up and travel stocks/tech stocks down morning.  

Powell and Yellen testify today and it's the last day of the month.

$qqq $spy $xlf $tlt $jpm
$zm $etsy $nflx $pton
$wynn $aal $expe ></document>
		<document> $BYND $COIN $ETSY

Stocks making the biggest moves after hours: Beyond Meat, Coinbase, Etsy and more #URL# ></document>
		<document> - New earnings season starts next week with all the banks $JPM $BAC $WFC $GS etc 

- $MO lockup expiry on their $10B stake in Budweiser is this weekend. $BUD ></document>
		<document> $WDC and $HOOD both down almost 15%

LImit down if $aapl sells off🤣 ></document>
		<document> Countries around the world reported their first cases of the Omicron variant over the weekend as some imposed new travel restrictions #URL# via #USER# ></document>
		<document> Jack and Elon must have hired the same guy to run their twitter. ></document>
		<document> M: $HAL - $IBM $LOGI T: $JNJ $VZ $GE $LMT $RTX - $MSFT $TXN $COF $HA W: $BA $T $ABT - $TSLA $INTC $LVS $LEVI TH: $MA $NUE $MCD $JBLU $LUV $MO- $AAPL $V $HOOD $WDC F: $CAT $CVX #URL# ></document>
		<document> $PLAY $SFIX earnings after the bell

$TOL reports tomorrow ></document>
		<document> #USER# Sounds like a good time and worth risking your life for. ></document>
		<document> USA Private Payrolls for Sep 317.000K vs 455.000K Est; Prior Revised from 243.000K to 332.000K $SPY ></document>
		<document> 150% on $nke sympathy play for $fl from yest ></document>
		<document> Oh good #USER# has Cathie Woods on, we don't hear enough from her. ></document>
		<document> When you have to debase your tweet with the hashtag to make sure people get it, and they still don't. #URL# ></document>
		<document> wow $lvs was up over 5% this morning when i sold the calls for 2 bags now only up .90% ></document>
		<document> Love the idea of being in an indoor space with thousands during a pandemic. ></document>
		<document> Gee thanks twitter, it only took a year and a half after reporting someone to get a follow up.  Better late then never I guess. ></document>
		<document> $NFLX $DIS $DISCA

Netflix shares fall 20% on slowing subscriber growth #URL# ></document>
		<document> $AMC $CAR $DWAC $GME

TD Ameritrade Places Varying Restrictions On Trading In 4 Stocks Including Avis, AMC $AMC $GME $CAR #URL# via #USER# ></document>
		<document> $AAPL $COIN $NVDA $AMD

Stocks making the biggest moves premarket: Apple, Vipshop, Coinbase and others  #URL# ></document>
		<document> Here's you screenshot..I was in $afrm strangle from the tweet. #URL# ></document>
		<document> Took 3 bags plus on $aapl puts switched sides and now up 45% on $aapl calls. ></document>
		<document> Wow what an amazing week- I've never had a week of a unicorn plus every day but here we are:

Today it looks like $jpm from Wednesday is a 1500%+ 

#HASHTAG# #URL# ></document>
		<document> $TSLA hoding that Wedbush guy must have put out his daily upgrade ></document>
		<document> $TSLA

Ahh the well known Independent Research #HASHTAG# #URL# ></document>
		<document> Kohl's Corporation $KSS +32% pre market following reports of $64 per share bid by Acacia Research-led group. ></document>
		<document> $qqq about to go red
Faded $sbux off highs ></document>
		<document> *Mon: --
*Tues: $DKS $WOOF - $MDB $BMBL $SFIX  $CASY  
*Wed: $EXPR $CPB $UNFI $VERA $OTLY - $CRWD    
*Thurs: $JD $BZUN- $DOCU $ORCL $BLNK $RIVN $ULTA   $TLYS $BBW 
*Fri: $FUTU #URL# ></document>
		<document> $ELY 
Stephens names Topgolf-parent Callaway a top pick, sees stock surge of more than 90% #URL# ></document>
		<document> holy moly $azmn paying almost 5000% this am #URL# ></document>
		<document> Up quick a bag on $CAT puts for a sympathy play tomorrow. ></document>
		<document> GAWD I probably needed to in my last tweet, now they'll think $SNOW has options. ></document>
		<document> $INTC -6% I mean if Apple doesn't want your product why would anyone else. ></document>
		<document> Just to let you all know, starting tomorrow I will typing in ALL CAPS AND TURNING MYSELF INTO A NEWS TWITTER. ></document>
		<document> $DAL $JPM $DPZ $UNH 

As third-quarter earnings season kicks off, investors are on the lookout for signs that rising costs will pose a problem for U.S. corporate profits this quarter and beyond #URL# via #USER# ></document>
		<document> $WMT

Walmart no longer requires masks for vaccinated U.S. workers #URL# ></document>
		<document> Biden speech coming up at 12:30pm ET ></document>
		<document> $AAPL at hod, the ear pods a hit so far ></document>
		<document> $AAPL 

Apple is pushing to accelerate development of its electric car and is refocusing the project around full self-driving capabilities #URL# via #USER# ></document>
		<document> Roblox (NYSE: $RBLX) will host its 2021 Investor Day event on November 16, The webcast will begin Tuesday, November 16, at 8:00 am PT / 11:00 am ET and can be found here on the company’s YouTube channel #URL# ></document>
		<document> Good because what we need right now, is a break from counting the ballots. #HASHTAG# #HASHTAG# #URL# ></document>
		<document> #USER# Right, this is bullish news. All planes need to be replaced. ></document>
		<document> Dow snaps winning streak as U.S. stocks close lower Thursday #URL# ></document>
		<document> 60% on $pfe calls, got in on that last tweet ></document>
		<document> $TLT making lows as Powell speaks ></document>
		<document> $SPY $VIX $SPX $TQQQ Futures down -200 on Austria lock down and escalating covid cases in EU and rising cases in Europe and US. - It's the full moon today and OPEX... carry on. #URL# ></document>
		<document> $TRVG hoding - hotel booking site.
$EXPE reports after the bell today 9%+/- implied move ></document>
		<document> 175% on the 28c I've trimmed in a strangle for tomorrow. $BHC

Remember when $bhc was $vrx..it was a memestock before memestocks. ></document>
		<document> Biden trying to scare everyone again about a market crash. $spy $qqq ></document>
		<document> $AAPL taking off on strong China sales ></document>
		<document> Caleb is going to carry Alina like Luke carried Yoda. #HASHTAG# ></document>
		<document> $BHC was up 1.6% now down -1.4%.  This is why you gotta do the reverse of that guy on TV. ></document>
		<document> Calculator showing 2600% on my RBLX 105c ... ></document>
		<document> $JWN Nordstrom plunged 27% premarket. The retailer’s earnings for the third quarter missed analysts’ forecasts. Jefferies cut its rating and price target for the stock. ></document>
		<document> Astrologers all over the world get ready, ya'll be getting a 1000% increease in business after tonight's #HASHTAG# episode. ></document>
		<document> $spy $xle $qqq $tqqq $vix 'Markets don't bottom on a Friday': COVID stock rout puts these S&amp;P 500 levels in focus when trading resumes #URL# ></document>
		<document> Clorox and Lysol trending must mean we buy $PG tomorrow, right? right? ></document>
		<document> $DIS $NFLX $AMZN 

Disney, Netflix, Amazon Video could soon enter price war, analyst predicts #URL# #HASHTAG# ></document>
		<document> 1300% yesterday on $spy puts and 1100% this morning on $BBY earnings... i used to only get 10 baggers a few times a year and now it's almost weekly.  #HASHTAG# ></document>
		<document> $AFRM just took a hit, almost red on the day , was up over 5% earlier, and up 20%+ yesterday ></document>
		<document> I'm scremaing they're 200% now those $wmt 140c from yest. ></document>
		<document> 10 bags this morning on $aapl puts now almost a bag on $aapl calls ></document>
		<document> all out of $aapl calls for now sold for 160-190% woot woot ></document>
		<document> $AAL 

American Airlines cancels, delays more than 900 Saturday flights due to weather, 'tight' staffing #URL# via #USER# ></document>
		<document> $COIN MOVING UP ON NEWS;

Coinbase Reports Facebook Has Chosen Co. As Its Custody Partner For Its Pilot Of A New Digital Wallet ></document>
		<document> $Z – Zillow slid 7% plus in premarket trading, following a Bloomberg report that the company has temporarily stopped its home-buying service due to overwhelming demand. ></document>
		<document> Today's Economic Calendar

8:55 Redbook Chain Store Sales
10:00 ISM Manufacturing Index
10:00 Job Openings and Labor Turnover Survey ></document>
		<document> $spy fade since the Rittenhouse verdict came out..might not be a correlation. ></document>
		<document> If Biden picks Brainard over Powell for Fed chief, expect an immediate market impact #URL#  $spy $tlt $xlf ></document>
		<document> $FB $QCOM $SPOT $TMUS $ALGN  earnings after the bell

$PENN $EL  earnings tomorrow am ></document>
		<document> Domino's Pizza shares are trading lower after Barclays downgraded the stock from Equal-Weight to Underweight. $DPZ ></document>
		<document> A certain someone from a network with a newsletter that gets pumped all day long is the new Gartman.  Guess who? ></document>
		<document> $LULU -5.64% 
$NKE -2.4%

Lululemon shares are falling, after its CEO said sales have been hurt by omicron-related staffing shortages and reduced store hours ></document>
		<document> wow 200% now on $qqq calls entred at 1120
reentered $msft at 1130 up 130% ></document>
		<document> $TSLA Ahh the well known Independent Research #URL# ></document>
		<document> U.S. inflation rate swells to 39-year high of 6.8%. Americans paying higher prices for almost everything #URL# ></document>
		<document> New earnings season begins next week! $XLE $XLF $XOM 

M: Columbus Day- Stock Market is open. Banks closed.
T:  $FAST 
W: $JPM $DAL - FOMC MINUTES
TH: $TSM $WFC $DPZ $BAC - $AA $TACO
F; $GS $JBHT #URL# ></document>
		<document> $DIS What time does Disney+ Day start? 7 a.m. MST — Disney+ will begin sharing “first looks, new trailers, exclusive clips and appearances from Disney+ creators and stars” on its Twitter, Facebook and Instagram feeds. #URL# via #USER# ></document>
		<document> BIDEN:  Russia Russia Russia... guess we don't care about people being vaxxed anymore. ></document>
		<document> MAX PAIN FOR OCT15 IS 440.

$SPY just hit 439.70 ></document>
		<document> $ABNB D/g 

-Piper Sandler on Monday downgraded shares of Airbnb, citing a normalizing travel environment.

-cut its price target on the stock to $169 from $215. 

-The new projection implies an upside of just 1.8% from Friday’s closing price. #URL# ></document>
		<document> $SBUX $BROS $DNKN 

Rising coffee tide lifts boats of Starbucks, Dunkin', Dutch Bros, data shows #URL# ></document>
		<document> My only question is... does he not have his dad's phone number. ></document>
		<document> I am never flossing my nose, no matter how magical the D might be. #HASHTAG# ></document>
		<document> There's a bear market in mattress stocks today $PRPL -30%  $CSPR $TPX $SNBR ></document>
		<document> $CVS paid over 500% on the overnight calls..still making highs ></document>
	
</author><document> $HOG $KO $GME $KO Stocks making the biggest moves at noon: Harley-Davidson, GameStop, SVB Financial, Coca-Cola and more #URL# ></document>
<Documentation> CNBC has a crypto special tonight...you know what that means. #HASHTAG# ></document>
<Document> Futures fell after PPI DATA came out. $SPY $TLT $VXX ></documentation>
<document> yeah the market looks really scared $spy $vix $vxx /es $xlf $xle #URL# ></document>
<Documentation> Removed sell button on all platforms. $QQQ $SPY ></documentation>
<document> $BA is mostly green $RTX $NOC ></document>
<Document> $NFLX

Earnings per share (EPS): $3.19 vs. $2.56, according to Refinitiv analyst survey

Revenue: $7.48 billion vs. $7.48 billion (by Refinitiv)

Global Net Paid Subscribers: 4.4M vs. 3.84M ></document>
<Documentation> So glad #USER# gave Len Cooperman airtime to protect these poor billionaires. #URL# ></Documentation>
<documentation> $DPZ reports 6%+/- implied move tomorrow morning
$TACO reports 10%+/- implicit move after bell

$SBUX $CMG $YUM $PZZA ></document>
<document> 280% $KR bag at $AEO overnight earnings play ></document>
<document> Why 86% $spy.. make other deals ></document>
<Documentation> Starting Wednesday we will be hosting a $AAL Thanksgiving Travel Deal and a $JPM Strangle. $JPM didn't pay off Wednesday for the FOMC, but looks like a 7 bag this morning. ></documentation>
<Document> $PFE

Pfizer CEO says fourth Covid vaccine dose may be needed sooner than expected for Omicron #URL# ></document>
<documentation> $DASH $ULTA

DoorDash Partners with Ulta Beauty to Launch Same Day Delivery ></document>
<Document> $NIO delivered 3,667 vehicles in October - down 27.5% year-on-year.

October shipments were impacted by lower production volumes as a result of manufacturing line restructuring and upgrades, as well as certain supply chain fluctuations. ></documentation>
<document> We can all be witnesses when these short sellers go to trial. ></document>
<Documentation> Might be a good time to remind everyone that I said earlier in the week it was a full moon and it was costly to operate... but you kept buying phones... keep going. ></documentation>
<document> $UBER $101.2M Dark Pool Print, $38.80 - Tweet from Order Flow Site Cheddar Flow $UBER ></document>
<Documentation> All these people are putting together these earnings calendar graphics and missing the two big things that move the most. Well, good thing I have my own calendar. ></documentation>
<document> Yesterday's overnight alerts were $dal and $xlf, both paid 200-236% ></document>
<document> $PFE 170% took a day but paid off in the end. ></documentation>
<document> #USER# Markets have sold out over the last 2 hours almost every day ></document>
<document> That was a crazy exchange. #USER# #USER# Yes, I can't wait to go on a cruise right now. That's the first on the list right now. Not a job or a mortgage payment or when the shelves will be restockedlocal grocery store. ></documentation>
<Document> $TSLA $MCD #HASHTAG#

$MCD will report Thursday morning! #URL# ></document>
<document> $DDS - Dillard tumbles as UBS says stock price is 44% too high.

$190 Target Price / DDS Falls 6% to $320.00 ></document>
<Document> Really the Vice President doesn't have the power to decide the next President of America? What kind of democracy do we live in???? #URL# ></Document>
<Documentation> $TSN $BYND Investor Day on Thursday, December 9, 2021, beginning at 10:00 AM Eastern Time (9:00 AM Central Time) and ending at approximately 1:00 PM. Eastern Time (noon Central Time). ></documentation>
<documentation> Yes, our identities haven't been hacked anywhere else, so let Twitter handle it. No hacking issues. #URL# ></document>
<Documentation> Damn, I have to cancel my planned world cruise ship. #URL# ></document>
$V to move up <document> is now green!

Earnings of $ma and $v on Thursday ></document>
<documentation> 5 bags this morning on $nke's overnight put
Now $nke call for 1 bag

Continuation of the sympathy drama tomorrow morning $fl. ></documentation>
<document>$PINS stuck again on PAYPAL looking to buy $70 stock></document>
<document> $AAL American Airlines is again curtailing its international summer schedule as Boeing fails to deliver Dreamliner in time to #USER# via #URL#></document>
<documentation> 3 bags plus of $CVS and $TSN .. investor day is a great catalyst. #URL# #URL# ></Document>
<document> 2 BAGGER $IBM was picked Sunday night and the market was only open for 30 minutes. ></documentation>
<Documentation> 2% increase in $SBUX with this morning's upgrade

MKM Partners upgrades Starbucks, says recent poor performance represents buying opportunity #URL# ></document>
<documentation> 2 BAGGER $Spy
3 bags $IBM
5 bags of $dis friday available to select customers ></document>
<document> $spy quick bag for 474 puts ></document>
<document> $AMC announced the news of reopening its theaters this morning. We all know that in cold weather, it's tempting to sit in a dark room with a stranger for two hours. ></documentation>
<document> $x UP 2 BAGS This has risen from the dead twice this week ></document>
<document> 80% of $spy puts from 10 entries. After all, we all know that spies are waning in the same place at the same time every day. ></documentation>
<document> $SPY really needs to slow down. I can't keep up with these movements. ></documentation>
<documentation> Remember the 'old days' when it took months to give you an option..but now we are giving you an option in a day to get your bitcoin money.

$BITO #HASHTAG# ></document>
<document> Tomorrow's JObless Claims should be 2M+... definitely heading for the new ATH. #HASHTAG# but not yet. ></documentation>
<Document> $TSLA
Elon Musk says Tesla has not signed a deal with Hertz yet #URL# ></document>
<document> #USER# #USER# #USER# Yes, no one thinks the 8-person trial isn't working as expected ></document>
<Document> Economic GrowthSharp slowdown in consumer spending drives interest rates down to 2% #URL# ></document>
<document> $DAL to report earnings next week as BofA upgrades Delta to acquisition, 2022 corporate travel recovery could boost share price #URL# ></document>
<document> #USER# #USER# #USER# Are you going to take someone with you next time if your parents pay extra? ></document>
<Documentation> You fade bugger..why trade anything else. $spy></document>
<Documentation> South Park is back, just in time:

New COVID variant discovered - SOUTH PARK: POST COVID #URL# via #USER# ></document>
<document> Thankfully he had $2.5 billion. #URL# ></document>
<Document> $AMZN

Amazon reportedly pulled review of Chinese president's book after request #URL# #HASHTAG# ></document>
<document> $NVAX -26% AFTER HOURS 'They rushed the process': Vaccine makers' plight hinders global vaccination campaign #URL# via #USER# ></document>
<Document> $CAR
Bigger downgrades Avis after share price doubles in a day, saying fundamentals no longer matter #URL# ></document>
<Document> Currently 1300% at 270c $lly …These investors are doing great day to day!></Document>
<Document> $F

Buyers looking to secure a new Ford Maverick pickup will have to wait. Ford says they've reached the limit of what they can build, locking out consumer orders for trucks at #URL# via #USER# ></document>
<Document> Earnings for next week
M: $TTD $AMC - $AMC $PYPL $RBLX $SDC $LMND
T: $PLTR $WKHS $PRPL- $NIO $FUBO $COIN $UPST $DASH $WYNN $ELY
Female: $WEN - $DIS $SOFI $AFRM $BYND $BMBL $RRGB
TH: $WIX $YETI $TPR - $SNDL $BLNK $RIDE $COUP
F: - #URL# ></document>
<Documentation> I'm here crying for the millionaire woman who collects Marilyn Monroe crap but can't receive her dues due to the pandemic.A silly topic #USER# attractive how to go with a good coverage.. kind of like what you want to hear on the finance channel at 7am. #URL# ></document>
<document> Come when Elon announces another split $tsla ></document>
<Document> $COIN 4.55% up
$MARA also makes hoods ></document>
<Document> $DKNG $ROKU $DE $INTC $SHAK

Stocks making the biggest moves ahead of the market: DraftKings, Roku, Deere and more #URL# ></document>
<document> #USER# Spend $100,000 on NFTs ></document>
<document> Dreams come true $FB $pypl #URL# ></document>
<document>$DAL hits new low of -5.42% with some runners></document>
<Document> Today's Economic Calendar

10:30 Dallas Fed manufacturing survey
1:00 PM Results of $56 Billion 2-Year Note Auction ></document>
<document> Fed Chair's Fourth Major Change Calls Fed Policy Credibility #URL# ></document>
<document> What is their policy regarding permanent CAP LOCK on tweets? #URL# ></document>
<Document> $AAPL

Morgan Stanley Raises Apple Price Target, Sees 21% Upside from Smart Glasses and Self-Driving Car Plans #URL# ></document>
<Document> $BBY
Raymond James 'suspends' Best Buy, downgrades retailer #URL# ></document>
<document>Since yesterday he sold 2 bags of $v calls overnight and is up 130% on $v puts></document>
<document> #USER# no wtf would i always buy a straddle or a strangle ></document>
<document> According to the tweets I'm reading, we have only a short time left as seeds. Kiss your loved ones goodbye. ></documentation>
<document> currently $gt more than 7 bags

See these QQQ dates #URL# ></document>
<Documentation> Yeah, Sears is doing great. #HASHTAG# $TSLA $AAPL #URL# ></document>
<document> #USER# Yep, the last one worked. ></documentation>
<Document> XPeng (NYSE: $XPEV) maintains strong momentum with monthly deliveries of 10,138 smart EVs in October 2021, up 233% month-over-month and down 2.6%. #URL# ></document>
<document> Another 6 bags of $wmt of 350piv for #USER# $spy $qqq but also works with other tickers ></document>
<Document> $UPS 7.4% up
$FDX gains 2.8%

FedEx shares rose in sympathy for UPS after the company announced its earnings. $FDX #URL# ></document>
<document> $spy puts just got 1 bag...they must be selling everything to chase $rivn ></document>
<document> See the list from yesterday's holdings: $BBBY 54% $LYFT 13% $CPRI 10% $CWH 7.7% $UBER 7% $TPR 3.2% $NKE .69% ...... $MTCH -3.74% $CAR -10% $TUP -16% $Z -19% ></document>
<document> $7.25 can't even cover #USER# grande lattes and bagels. #URL# ></document>
<Document> Chinese electric car maker $NIO $LI $XPEV will be updating its monthly delivery status tonight. Monthly Vehicle Sales on Wednesday $F $TSLA $GM ></document>
<document> #USER# Bachelor Rating and Prince Harry are clearly more important than the pandemic. ></documentation>
<Documentation> Interesting fact because next week is a full moon - most wars are strategically launched during the full moon.

Full moon is February 16 ></document>
<documentation> -4.8% down from $PYPL $PINS spec. - attractive call ></document>
<Document> Black Friday shopping in stores fell 28% from pre-pandemic levels. Online, retailers hit $8.9 billion in sales on Black Friday. This is down from a record $9 billion spent on the Friday after Thanksgiving a year ago - #URL# ></document>
<document> $GME 17% PREMARKET $AMC 7% PREMARKET GameStop is launching a division to develop a market for non-fungible tokens and establish cryptocurrency partnerships, according to people familiar with its plans #URL# via #USER# ></document>
<Documentation> After-hours earnings results are as exciting as the market moves today. $ULTA $AVGO $ADBE $JABIL ></document>
<document> $aapl has done 122% work on this morning's entry ></document>
<document> $xle is up 130%, $aapl p ahead of EPS. $CVX and a few other energy stocks are due tomorrow to enter $XLE for sympathy play. ></documentation>
<Document> $ALK
Alaska Airlines stock drops after departures from Seattle hub cut by 20% #URL# ></document>
<document> $pton 42c Almost a bag of jan7-up 5.30% now ></document>
<document> About 2 bags now 16.5% off at $anf

Took 6 bags in one night $jwn ></document>
<Documentation> It's almost 2022. You should block me now ></documentation>
<document> After the close of trading for today and tomorrow morning: $NFLX $UAL - $VZ $WGO #URL# ></document>
<Document> Drivers prefer low wages, according to ads placed by uber and lysft. #HASHTAG# $UBER $LYFT Never mind, I'm making money on $lyft strangles this morning and I'm not going to drive for them. ></documentation>
<Document> $ACI $KR $WMT

Empty grocery shelves come back as sick employees, supply chain delays collide #URL# ></document>
<Document> $ORCL 11%+ Oracle shares trade higher after company reports better-than-expected second-quarter EPS and revenue results and increases share buybacks by $10 billion . #URL# ></document>
<document>Took 3 bags in 73c, moved to 80c, bagged $rblx></document>
<Document> BREAKING: The NBA will suspend the season after tonight's game after a Utah Jazz player was pre-tested positive for coronavirus. Poor billionaire NBA owners need bailout. ></documentation>
<document> $SPY pivot- Tom Lee bearish all week. ></documentation>
<document> $SPY $QQQ $TLT $VIX $ -CPI Data 8:30am - 2:00pm ET FOMC: Federal Reserve Releases Minutes of Last Policy Meeting. Starts winding down bond buying program ></document>
<Document> $AMBA +/-13%
$ZS +/-11.7%
$NTAP +/-9.4%
$BOX +/-7.2%
$HPE +/-6.8%
 $CRM +/-6.7%
$EDU +/-6.3%

Tonight's Implicit EPS Mover ></document>
<Document> M: $AAP $CAR
T: $MAR - $UPST $RBLX $ABNB $WYNN $LZY
W: $TTD $SHOP $CROX $WIX $WING $KHC - $NVDA $AMAT $CSCO $FSLY $DASH $TRIP $QS
TH: $PLTR $WMT $FIVR - $ROKU $DBOX $SHAK $RDFN
F: $DKNG $DE #URL# ></document>
<document> $spy puts now 359%, entry at 3:50 womp womp ></document>
<document> $GOLD $GDX 4-5% increase + pay 5 bags today ></document>
<document> 3 bags $mrna sympathy play on $BNTX #URL# ></document>
<Document> Federal Reserve Chairman Jerome Powell and Treasury Secretary Janet Yellen will testify before the U.S. Senate Banking Committee at 10 a.m. We will be discussing recovery.

They will also appear before the House of Representatives on Wednesday. ></documentation>
<Document> This week's FOMC minutes and Chairman Powell's remarks.

Start tapering: $SPY $TLT $VIX $XLF #URL# ></document>
<Documentation> Economic calendar for Friday:

✅ Retail sales at 8:30
✅Consumer psychology at 10am
✅1:00 pm Rig Count ></document>
<Document> $amzn

AMAZON WEB SERVICES ANNOUNCES NEW CHIPS TO COMPETE WITH INTEL CORP., NVIDIA CORP.
$NVDA
$INTC ></document>
<document> What we traders really need this Sunday is an extra hour. #HASHTAG# #HASHTAG# #URL# ></document>
<document> $nflx Overworked Overnight, Jan 20 Revenue Increased 150% ></document>
<documentationent> Gates also "retired" from the $MSFT board last week. I think it's all a coincidence. ></documentation>
<Document> Stay-at-home stocks rose again in the morning, while travel/tech stocks fell.

Today is the last day of the month with Powell and Yellen testifying.

$qqq $spy $xlf $tlt $jpm
$zm $etsy $nflx $pton
$wynn $aal $expe ></document>
<documentation> $BYND $COIN $ETSY

Stocks making the biggest moves after hours: Beyond Meat, Coinbase, Etsy and more #URL# ></document>
<Document> - New Earnings Season Begins Next Week For All Banks $JPM $BAC $WFC $GS etc.

- $MO lockup deadline for Budweiser's $10 billion stake is this weekend. $BUD ></document>
<Documentation> $WDC and $HOOD both down almost 15%

LIMIT down when $aapl sells🤣 ></document>
<document> Countries around the world reported their first cases of the Omicron variant over the weekend. This is due to some new travel restrictions imposed #URL# via #USER# ></document>
<document> Jack and Elon must have hired the same people to run Twitter. ></documentation>
<documentation> M: $HAL - $IBM $LOGI T: $JNJ $VZ $GE $LMT $RTX - $MSFT $TXN $COF $HA W: $BA $T $ABT - $TSLA $INTC $LVS $LEVI TH: $MA $NUE $MCD $JBLU $LUV $MO- $AAPL $V $HOOD $WDC F: $CAT $CVX #URL# ></document>
<document> $PLAY $SFIX return after bell

$TOL report tomorrow ></document>
<document> #USER# Sounds like a good opportunity and worth risking your life for. ></documentation>
<Document> September USA Private Payrolls of 317.000K vs. 455.000K Est; Previously 243.000K to 332.000K $SPY ></document>
<document> 150% from yesterday on $fl's $nke sympathy play ></document>
<document> Oh, #USER# wears Cathie Woods. I don't get enough information from her. ></documentation>
If you need to devalue your tweet with a <document> hashtag so that people understand it, but they still don't. #URL# ></document>
<document> $lvs was up over 5% this morning, when I sold 2 bags of Cole, it's now only up .90% ></document>
<document> I love the idea of ​​being in an indoor space with thousands of people during a pandemic.></document>
<document> Thank you, Twitter. I think it's better to be late. ></documentation>
<Document> $NFLX $DIS $DISCA

Netflix stock drops 20% as subscriber growth slows #URL# ></document>
<Document> $AMC $CAR $DWAC $GME

TD Ameritrade imposes various restrictions on trading 4 instruments including Avis, AMC $AMC $GME $CAR #URL# via #USER# ></document>
<documentation> $AAPL $COIN $NVDA $AMD

Stocks that made the biggest moves before going public: Apple, Vipshop, Coinbase and more #URL# ></document>
<document> Here is your screenshot. #URL# ></document>
<document> $aapl put took 3 bags plus $aapl call up 45%. ></documentation>
<document> Wow, what a great week - never had a unicorn week and a daily week, but here it is:

Today, Wednesday $jpm looks like 1500%+

#HASHTAG# #URL# ></document>
<documentationment> $TSLA hides that Wedbush guy must have published daily upgrades ></document>
<Document> $TSLA

Ah, the famous independent research #HASHTAG# #URL# ></document>
<Document> $KSS +32% pre-market after a reported bid of $64 per share by a group led by Coles Corporation Acacia Research. ></documentation>
<document> $qqq is about to turn red
Weakened $sbux from high ></document>
<Document> *Month: --
*Tuesday: $DKS $WOOF - $MDB $BMBL $SFIX $CASY
*Wednesday: $EXPR $CPB $UNFI $VERA $OTLY - $CRWD
*Thursday: $JD $BZUN- $DOCU $ORCL $BLNK $RIVN $ULTA $TLYS $BBW
*Gold: $FUTU #URL# ></document>
<Document> $ELY
Stevens nominates Top Golf's parent Callaway as stock rises more than 90% #URL# ></document>
<document>Holly Molly $azmn paid almost 5000% and this is the #URL#></document>
<Documentation> Hurry up and get your bag of $CAT puts ready for tomorrow's sympathy play. ></documentation>
<document> GAWD You probably needed it in the last tweet, but now you think $SNOW has an option. ></documentation>
<document> $INTC -6% So if Apple doesn't want your product, someone else does. ></documentation>
<Document> Just to let you all know, starting tomorrow I'll be typing in all caps and turning myself into a news twitter. ></documentation>
<Document> $DAL $JPM $DPZ $UNH

As the third-quarter earnings season begins, investors are heeding signs that rising costs could pose a problem for US corporate earnings this quarter and beyond. #URL# via #USER# ></document >
<Document> $WMT

Walmart no longer requires masks for vaccinated US workers #URL# ></document>
<document> Biden's speech scheduled for 12:30 p.m. ET ></document>
<document> In $AAPL hod the ear pods hit so far ></document>
<Document> $AAPL

Apple accelerates development of electric vehicles, refocusing projects around full self-driving capabilities #URL# via #USER# ></document>
<document> Roblox (NYSE: $RBLX) is hosting its 2021 Investor Day event on November 16th. The webcast will begin on Tuesday, November 16th at 8:00 am PT / 11:00 am ET and will be posted on the company's YouTube channel #URL# ></document>
<document> What we need now is a break from counting ballots. #HASHTAG# #HASHTAG# #URL# ></document>
<document> #USER# Yes, this is bullish news. All planes should be replaced. ></documentation>
<document> US Stocks Fall on Thursday as Dow Record Winning Streak #URL# ></document>
<document> 60% on $pfe call, join last tweet ></document>
<document> $TLT hits low on Chairman Powell's remarks ></document>
<document> $SPY $VIX $SPX $TQQQ Futures Down -200. Lockdown in Austria and spread of new coronavirus infection in the EU, spread of infection in Europe and the United States. - Today is a full moon and OPEX... Continue. #URL# ></document>
<document> $TRVG hoding - hotel booking site.
$EXPE reports 9%+/- implicit movement after today's bell ></document>
<documentation> 175% strangled for tomorrow at 28c. $BHC

Remember when $bhc was $vrx?stock. ></documentation>
<Document> Biden is about to scare everyone again about the market crash. $spy $qqq ></document>
<document> $AAPL launches sales in strong China ></document>
<Documentation> Caleb is trying to carry Alina like Luke carried Yoda. #HASHTAG# ></document>
<Document> $BHC rose 1.6% and is now down -1.4%. This is why you have to do the opposite of that guy on TV. ></documentation>
<document> Calculator showing 2600% on RBLX 105c ... ></document>
<Document> $JWN Nordstrom plunges 27% in premarket. Third quarter retailer earnings fell short of analyst expectations. Jefferies downgraded the stock's rating and price target. ></documentation>
<Documentation> Astrologers around the world be prepared. 1000% more business after tonight's #HASHTAG# episode. ></documentation>
<document> $spy $xle $qqq $tqqq $vix 'Markets Won't Bottom Friday': COVID Stock Crash Makes These S&P 500 Levels Focus When Trading Reopens #URL# ></document>
<Documentation> Trending Clorox and Lysol must mean buying PG dollars tomorrow, right? ></documentation>
<Document> $DIS $NFLX $AMZN

Disney, Netflix, Amazon Video Could Soon Enter Price War, Analyst Predicts #URL# #HASHTAG# ></document>
<document> Yesterday it was 1300% on $spy puts, this morning it was 1100% on $BBY returns... I used to get only 10 baggers a few times a year, now almost every week. #HASHTAG# ></document>
<document> $AFRM just hit, almost in the red today, up over 5% before, up over 20% yesterday ></document>
<document> I'm screaming they are 200%. ></documentation>
<document> 10 bags of $aapl this morning put almost 1 bag of $aapl calls ></document>
<document> All $aapl calls now sell for 160-190% woot woot ></document>
<Document> $AAL

American Airlines cancels, delays and staffing 'tight' more than 900 flights Saturday due to weather #URL# via #USER# ></document>
<Documentation> $COIN rises on news.

Coinbase reports that Facebook has selected Co. as its custody partner for a new digital wallet pilot ></document>
<document> $Z – Zillow fell +7% in pre-market trading after Bloomberg reported it had temporarily suspended home buying services due to overwhelming demand. ></documentation>
<Document> Today's Economic Calendar

8:55 Sale at Redbook chain stores
10:00 ISM Manufacturing Index
10:00 Recruitment and turnover rate survey ></document>
<document> The decline of $spy since the Rittenhouse ruling..may not be a correlation. ></documentation>
<document> Immediate market impact expected if Biden chooses Brainerd over Powell as Fed chief #URL# $spy $tlt $xlf ></document>
<document> $FB $QCOM $SPOT $TMUS $ALGN Earnings After Bell

Tomorrow's $PENN $EL Earnings ></document>
<Document> Domino's Pizza shares are trading lower after Barclays downgraded the stock from equal weight to underweight. $DPZ ></document>
<document> someone in the network with a hot newsletterIt's a new Gartman all day long. who do you think it is? ></documentation>
<Document> $LULU -5.64%
$NKE -2.4%

Lululemon stock is down. Company CEO says sales hit by Omcron-related staffing shortages and reduced store hours ></document>
<doc> 200% wow with $qqq call typed in 1120
Increase $msft by 130% at 1130 ></document>
<document> $TSLA Well Known Independent Research #URL# ></document>
<Document> US Inflation Rises to 6.8%, Highest in 39 Years. Americans pay high prices for almost everything #URL# ></document>
<Document> New financial results season starts next week! $XLE $XLF $XOM

M: Columbus Day - the stock market is open. Bank closed.
T: $FAST
W: $JPM $DAL - FOMC Minutes
TH: $TSM $WFC $DPZ $BAC - $AA $TACO
F; $GS $JBHT #URL# ></document>
<document> What time does $DIS Disney+ Day start? Start sharing. #URL# ></document> via #USER#
<document> BIDEN: RUSSIA RUSSIA RUSSIA ... I don't care anymore that people are vaccinated. ></documentation>
<documentation> Maximum pain on October 15th is 440.

$SPY reached 439.70 ></document>
<Document> $ABNB D/g

- Piper Sandler cut Airbnb stock on Monday, citing the normalization of the travel environment.

- Lower the price target from $215 to $169.

-The new forecast implies a slight 1.8% gain from Friday's close. #URL# ></document>
<documentation> $SBUX $BROS $DNKN

Starbucks, Dunkin', Dutch Brothers, data show rising coffee tide is #URL# ></document>
<document> My only question is... doesn't he have his father's phone number? ></document>
I never floss my nose no matter how magical <document> D seems. #HASHTAG# ></document>
<document> Mattress Stocks Bear Market Today $PRPL -30% $CSPR $TPX $SNBR ></document>
<document> $CVS Paid Over 500% for Night Calls..Still High ></document>

</author>