<author lang="en">
  <documents>
    <document><![CDATA[Rachel Bilson Was Asked Point-Blank if She’s Dating Nick Viall, and She Gave the Most Cryptic Answer - Cosmopolitan #URL#]]></document>
    <document><![CDATA[Bill Hader and Rachel Bilson make red carpet debut at Golden Globes - Citizentribune #URL# #URL#]]></document>
    <document><![CDATA[What Do The Stars Say About Rachel Bilson? (12/09/2019) - Tallahasseescene #URL#]]></document>
    <document><![CDATA[Celebrities front row at NYFW 2020 - Page Six #URL# #URL#]]></document>
    <document><![CDATA[Rachel Bilson dating Bill Hader? - Arizona Daily Star #URL# #URL#]]></document>
    <document><![CDATA[Bill Hader and Rachel Bilson Confirm Relationship by Walking Golden Globes Red Carpet Together - FOX10 News… #URL#]]></document>
    <document><![CDATA[How Did Rachel Bilson and Bill Hader Meet? - Yahoo Entertainment #URL# #URL#]]></document>
    <document><![CDATA[Rachel Bilson’s Golden Highlights Made For The Prettiest Red Carpet Debut - Refinery29 #URL# #URL#]]></document>
    <document><![CDATA[Bill Hader and Rachel Bilson provoke dating rumors after being photographed together in a Starbucks - Up News Info… #URL#]]></document>
    <document><![CDATA[Bill Hader and Rachel Bilson make red carpet debut at Golden Globes - Elko Daily Free Press #URL# #URL#]]></document>
    <document><![CDATA[Who Still Cares About Rachel Bilson? (2020-01-04) – 3LM News - 3LM News #URL#]]></document>
    <document><![CDATA[Rachel Bilson’s Biggest Parenting Problem? Her Daughter is ‘Loud,’ She Says - SheKnows #URL# #URL#]]></document>
    <document><![CDATA[Rachel Bilson Gets Candid About Dating As a Single Mom - E! NEWS #URL# #URL#]]></document>
    <document><![CDATA['Bachelor' alum Nick Viall addresses Rachel Bilson social media comments - Page Six #URL# #URL#]]></document>
    <document><![CDATA[Do People Still Care About Rachel Bilson? (2019-12-08) - Biology Reporter #URL#]]></document>
    <document><![CDATA[Bill Hader &amp; Rachel Bilson Make It Red-Carpet Official at Golden Globes 2020 - Extra #URL# #URL#]]></document>
    <document><![CDATA[The Internet Has Dug Up Footage Of Bill Hader Mocking GF Rachel Bilson's Show 'The OC' - Pedestrian TV #URL#]]></document>
    <document><![CDATA[The Bigger the Sleeves, the Better the Dress: The Poufiest Trend at the 2020 Golden Globes - PureWow… #URL#]]></document>
    <document><![CDATA[The truth about Bill Hader and Rachel Bilson's romance - Nicki Swift #URL# #URL#]]></document>
    <document><![CDATA[Rachel Bilson and Bill Hader Fuel Romance Rumors Before the Holidays - Herald Planet #URL# #URL#]]></document>
    <document><![CDATA[People Have Lots Of Feelings About Rachel Bilson And Bill Hader Hanging Out - The Union Journal… #URL#]]></document>
    <document><![CDATA[Rachel Bilson Shares Epic High School Throwback Pic With Unrecognizable Rami Malek - NBC New York… #URL#]]></document>
    <document><![CDATA[Brad Pitt and Jennifer Aniston: Yup, Still Not Dating After All These Years - VICE #URL# #URL#]]></document>
    <document><![CDATA[We Did An Astrology Profile For Rachel Bilson – Here's What It Says (12/16/2019) - Tallahasseescene #URL#]]></document>
    <document><![CDATA[What Is Happening With Rachel Bilson? (2020-01-05) – 3LM News - 3LM News #URL#]]></document>
    <document><![CDATA[Bill Hader, Rachel Bilson spotted on coffee date - The Siasat Daily #URL# #URL#]]></document>
    <document><![CDATA[Bill Hader and Rachel Bilson continue to fuel dating rumors - Page Six #URL# #URL#]]></document>
    <document><![CDATA[Entertainment - The Salem News #URL# #URL#]]></document>
    <document><![CDATA[Rachel Bilson Talks Love of 'Bachelor' Franchise and 'Easy on the Eyes' Tyler Cameron (Exclusive) - Entertainment T… #URL#]]></document>
    <document><![CDATA[Golden Globes 2020: Bill Hader and Rachel Bilson Make Their Red Carpet Debut! - Yahoo Entertainment… #URL#]]></document>
    <document><![CDATA[We Try To Predict Rachel Bilson's Future (01/02/2020) - Tallahasseescene #URL#]]></document>
    <document><![CDATA[Rachel Bilson Shares What’s at the Bottom of Her Handbag - WWD #URL# #URL#]]></document>
    <document><![CDATA[Rachel Bilson and Bill Hader Golden Globes 2020 Arrival - FOX10 News #URL# #URL#]]></document>
    <document><![CDATA[Rachel Bilson Addresses Those Cute Comments She and Nick Viall Left on Each Other's Photos - Showbiz Cheat Sheet… #URL#]]></document>
    <document><![CDATA[Rachel Bilson And The Stars (12/15/2019) - Tallahasseescene #URL#]]></document>
    <document><![CDATA[Sharon Stone gets a kiss from Prince Albert II of Monaco and more star snaps - Page Six #URL# #URL#]]></document>
    <document><![CDATA[Rachel Bilson Meets Friends For Lunch In Beverly Hills Days After Date With Bill Hader - OK! #URL# #URL#]]></document>
    <document><![CDATA[Rachel Bilson Gets Candid About Dating As a Single Mom - E! Online #URL# #URL#]]></document>
    <document><![CDATA[Bill Hader, Rachel Bilson continue to fuel rumours about dating - Devdiscourse #URL# #URL#]]></document>
    <document><![CDATA[Rachel Bilson 'mom-ing it pretty hard' as she says she's 'still figuring it out' work-wise (Exclusive) - AOL… #URL#]]></document>
    <document><![CDATA[After Confirming Her Relationship With Bill Hader, A Look At Rachel Bilson's Dating History - The Blast… #URL#]]></document>
    <document><![CDATA[Rachel Bilson and Bill Hader Fuel Romance Rumors Before the Holidays - Up News Info #URL#]]></document>
    <document><![CDATA[Red carpet couples: From Brad Pitt's missing date to Portia and Ellen's sweetest moments - Channel 24 #URL#]]></document>
    <document><![CDATA[Has Rachel Bilson watched her 'The O.C.' co-star Mischa Barton on 'The Hills: New Beginnings'? (Exclusive) - AOL… #URL#]]></document>
    <document><![CDATA[Are There Any Plans For ‘The OC’ Reboot? Here’s What Rachel Bilson Has To Say About It - Daily Bayonet… #URL#]]></document>
    <document><![CDATA[Rachel Bilson and Bill Hader look like one happy couple on trip to the supermarket - Daily Mail… #URL#]]></document>
    <document><![CDATA[Rachel Bilson Opens Up About Co-Parenting Her 3½-Year-Old Daughter with Ex Hayden Christensen -… #URL#]]></document>
    <document><![CDATA[There's Something Fishy Between Rachel Bilson And Nick Viall And They Are Not Even Denying It - The Digital Weekly… #URL#]]></document>
    <document><![CDATA[Brad Pitt and Jennifer Aniston: Yup, Still Not Dating After All These Years - VICE #URL# #URL#]]></document>
    <document><![CDATA[Never Forget When Bill Hader Parodied Rachel Bilson's Show The O.C. - E! Online #URL# #URL#]]></document>
    <document><![CDATA[What Do The Stars Say About Rachel Bilson? (12/26/2019) - Tallahasseescene #URL#]]></document>
    <document><![CDATA[Nick Viall's Crush On Rachel Bilson Makes Those Dating Rumors More Feasible - Bustle #URL# #URL#]]></document>
    <document><![CDATA[Rachel Bilson – Today's Astrology Profile (01/18/2020) - Tallahasseescene #URL#]]></document>
    <document><![CDATA[All the Women Nick Viall Has DM’ed For a Date: January Jones, Rachel Bilson, &amp; More - SheKnows… #URL#]]></document>
    <document><![CDATA[Rachel Bilson takes her mom on lunch date...after fueling rumors of a romance with Bill Hader - Daily Mail… #URL#]]></document>
    <document><![CDATA[Rachel Bilson on dating as a single mom: 'I always put it out there' - UPI News #URL# #URL#]]></document>
    <document><![CDATA[Winter 2020 Best and Worst Dressed Celebs — See Who Wore What! - Life&amp;Style Weekly #URL# #URL#]]></document>
    <document><![CDATA[Rachel Bilson Talks Motherhood, 'The OC' &amp; Celebrating Yourself - SheKnows #URL# #URL#]]></document>
    <document><![CDATA[How Rachel Bilson &amp; Bill Hader Met May Surprise You - Bustle #URL# #URL#]]></document>
    <document><![CDATA[How Did Rachel Bilson and Bill Hader Meet? - Showbiz Cheat Sheet #URL# #URL#]]></document>
    <document><![CDATA[New couple alert! Bill Hader takes Rachel Bilson 'to meet his family'- Details inside - Daily Bayonet… #URL#]]></document>
    <document><![CDATA[Golden Globes: Bill Hader and Rachel Bilson Walk the Red Carpet and Confirm Their Relationship - Vanity Fair… #URL#]]></document>
    <document><![CDATA[Daily Rachel Bilson News (2019-12-07) - Biology Reporter #URL#]]></document>
    <document><![CDATA[Nick Viall Admits He Has ‘Always Had a Crush’ on Rachel Bilson: ‘She’s Beautiful’ - Us Weekly… #URL#]]></document>
    <document><![CDATA[20 Photos Of Rachel Bilson That Make Us Miss Summer From The O.C. - TheThings #URL# #URL#]]></document>
    <document><![CDATA[Getting Flirty! Nick Viall and Rachel Bilson Spark Dating Rumors - msnNOW #URL#]]></document>
    <document><![CDATA[Nick Viall confirms he 'hung out and had dinner' with Rachel Bilson... following dating rumors - Daily Mail… #URL#]]></document>
    <document><![CDATA[Is 'The OC' Star Rachel Bilson Dating This 'SNL' Alum? - Showbiz Cheat Sheet #URL# #URL#]]></document>
    <document><![CDATA['The OC': Do Seth and Summer Get Back Together? - Showbiz Cheat Sheet #URL# #URL#]]></document>
    <document><![CDATA[Bill Hader and Rachel Bilson Spark Dating Rumors After Their Coffee Date in His Hometown - #URL#… #URL#]]></document>
    <document><![CDATA[Rachel Bilson and Bill Hader spark dating rumors after coffee outing - Page Six #URL# #URL#]]></document>
    <document><![CDATA[Brandi Glanville celebrates Christmas with ex-husband Eddie Cibrian and his second wife LeAnn Rimes - Daily Mail… #URL#]]></document>
    <document><![CDATA[Rachel Bilson says She's 100 Percent Up for an O.C. Reboot - InStyle #URL# #URL#]]></document>
    <document><![CDATA[Rachel Bilson reveals her biggest requirement while dating as a single mom - Fox News #URL# #URL#]]></document>
    <document><![CDATA[2000s Teen TV Stars: Then and Now - PopCrush #URL# #URL#]]></document>
    <document><![CDATA[Bill Hader and Rachel Bilson made their red carpet debut as a couple at the Golden Globe Awards 2020 - 09-Jan-2020… #URL#]]></document>
    <document><![CDATA[Bill Hader, Rachel Bilson continue to fuel rumours about dating - ANI News #URL# #URL#]]></document>
    <document><![CDATA[Stop Everything: Rachel Bilson &amp; Bill Hader Made Their Red Carpet Debut At The Globes - Bustle… #URL#]]></document>
    <document><![CDATA[Rachel Bilson and Kaitlin Doubleday Join 'Nashville' - Hollywood Reporter #URL# #URL#]]></document>
    <document><![CDATA[Bill Hader and Rachel Bilson Are Official - Pajiba #URL# #URL#]]></document>
    <document><![CDATA[Rachel Bilson is seen for the first time since it emerged she is dating Bill Hader - Daily Mail… #URL#]]></document>
    <document><![CDATA[Golden Globes red carpet 2020: See the best-dressed stars - TODAY #URL# #URL#]]></document>
    <document><![CDATA[What Is Rachel Bilson’s Net Worth, And Does She Make More Than Rumored Boyfriend Nick Viall? - Women's Health… #URL#]]></document>
    <document><![CDATA[Natalie Portmans romantic comedies that you must add to your watchlist - Republic World - Republic World… #URL#]]></document>
    <document><![CDATA[The Biggest New Celebrity Couples of 2020 - Glamour #URL# #URL#]]></document>
    <document><![CDATA[Rachel Bilson Speaks Out About Dating Rumors With Former 'Bachelor' Nick Viall - TV Shows Ace… #URL#]]></document>
    <document><![CDATA[After Confirming Her Relationship With Bill Hader, A Look At Rachel Bilson's Dating History - Yahoo Entertainment… #URL#]]></document>
    <document><![CDATA[Rachel Bilson bundles up in a teddy sweater and UGG boots as she gets in some retail therapy - Daily Mail… #URL#]]></document>
    <document><![CDATA[Is Rachel Bilson The Next Celeb On The Bachelor Bandwagon? - TheThings #URL# #URL#]]></document>
    <document><![CDATA[Fans Think Rachel Bilson and The Bachelor's Nick Viall Are Dating After Instagram Flirtations -… #URL#]]></document>
    <document><![CDATA[Rachel Bilson On Helping La Marca Prosecco Launch Their "Celebreaks" Campaign - Haute Living #URL# #URL#]]></document>
    <document><![CDATA[Now This Is an Unexpected Couple - The Cut #URL# #URL#]]></document>
    <document><![CDATA[Love That O.C. Reunion Pic? Well, We've Got Some Bad News... - E! NEWS #URL# #URL#]]></document>
    <document><![CDATA[Is Rachel Bilson Loved or Hated? New Analysis (2020-01-29) – 3LM News - 3LM News #URL#]]></document>
    <document><![CDATA[Never Forget When Bill Hader Parodied Rachel Bilson's The O.C. - E! NEWS #URL# #URL#]]></document>
    <document><![CDATA[Bill Hader and Rachel Bilson made their red carpet debut at the Golden Globes - Up News Info #URL# #URL#]]></document>
    <document><![CDATA[Rachel Bilson shops for home furnishings and groceries amid rumors she's dating Bill Hader - Daily Mail… #URL#]]></document>
    <document><![CDATA[Hold Up, Are Rachel Bilson and Bill Hader a Couple? - FOX10 News #URL# #URL#]]></document>
    <document><![CDATA[Bill Hader, Rachel Bilson continue to fuel rumours about dating - Big News Network #URL# #URL#]]></document>
    <document><![CDATA[New couple alert! Bill Hader takes Rachel Bilson 'to meet his family'- Details inside - Daily Bayonet… #URL#]]></document>
  </documents>
</author>
