<author lang="en">
  <documents>
    <document><![CDATA[#HASHTAG#   A week in security (August 20 – 26): A roundup of the security news from August 20 – 26, including a lo… #URL#]]></document>
    <document><![CDATA[#HASHTAG#   Recent App Issues Reveal Facebook’s Struggles to Temper Data Privacy Woes: Facebook has been struggling… #URL#]]></document>
    <document><![CDATA[#HASHTAG#   Green card scams: preying on the desperate: Most online scams depend on two things: a legitimate entity… #URL#]]></document>
    <document><![CDATA[#HASHTAG# ISB.Downloader!gen133: Risk Level: Very Low.  #HASHTAG# #URL#]]></document>
    <document><![CDATA[#HASHTAG#   PoC Code Surfaces to Exploit Apache Struts 2 Vulnerability: Researchers find proof-of-concept code that… #URL#]]></document>
    <document><![CDATA[#HASHTAG# #HASHTAG#   Scam - "#URL#" is a Fake CN and ASIA Domain Name Registration Website: The we… #URL#]]></document>
    <document><![CDATA[#HASHTAG#   T-Mobile Alerts 2.3 Million Customers of Data Breach Tied to Leaky API: T-Mobile alerts millions of its… #URL#]]></document>
    <document><![CDATA[#HASHTAG# #HASHTAG#   ’22 Foot 2500 Pound’ Crocodile Photo: Circulating photograph purportedly shows a 22 foot, 2500 pound… #URL#]]></document>
    <document><![CDATA[#HASHTAG#   Apple Forces Facebook VPN App Out of iOS Store for Stealing Users' Data: Facebook yesterday removed its… #URL#]]></document>
    <document><![CDATA[#HASHTAG# ISB.Downloader!gen138: Risk Level: Very Low. Type: Trojan.  #HASHTAG# #URL#]]></document>
    <document><![CDATA[#HASHTAG# #HASHTAG#   Beware of "Yahoo Your Account has been Blacklisted" Phishing Scams: Yahoo users, be aware of "Y… #URL#]]></document>
    <document><![CDATA[#HASHTAG# Backdoor.Veilev!g1: Risk Level: Very Low. Type: Trojan.  #HASHTAG# #URL#]]></document>
    <document><![CDATA[#HASHTAG#   Critical Flaw in Fortnite Android App Lets Hackers Install Malware: Security researchers from Google ha… #URL#]]></document>
    <document><![CDATA[#HASHTAG#   DNC: Highly Publicized ‘Phishing Attempt’ Was Only a Security Test: DNC officials and Lookout believed… #URL#]]></document>
    <document><![CDATA[#HASHTAG#   Side-Channel Attack Allows Remote Listener to ‘Hear’ On-Screen Images: The contents of the user’s scree… #URL#]]></document>
    <document><![CDATA[#HASHTAG#   Crashing Mobile Apps Capture Screens, Leak Private Data: Several developer tools capture a screen as an… #URL#]]></document>
    <document><![CDATA[#HASHTAG#   New Android Malware Framework Turns Apps Into Powerful Spyware: Security researchers have uncovered a n… #URL#]]></document>
    <document><![CDATA[#HASHTAG# #HASHTAG#   Beware of "Zion Store" - it is a Fraudulent Online Store: The website "Zion Store" located at… #URL#]]></document>
    <document><![CDATA[#HASHTAG#   Mobile Menace Monday: FakeGift is the gift that keeps on frustrating: Last spring, we found yet another… #URL#]]></document>
    <document><![CDATA[#HASHTAG# #HASHTAG#   The "Closing and Deleting Your Outlook Account in Progress" Phishing Scam: The "Closing &amp; Delet… #URL#]]></document>
    <document><![CDATA[#HASHTAG# #HASHTAG#   ‘Request to Terminate Your Google Account’ Scam Email: According to this email, which purports to be… #URL#]]></document>
    <document><![CDATA[#HASHTAG#   Hacker Discloses Unpatched Windows Zero-Day Vulnerability (With PoC): A security researcher has publicl… #URL#]]></document>
    <document><![CDATA[#HASHTAG#   AT Command Hitch Leaves Android Phones Open to Attack: Researchers used AT commands to rewrite device f… #URL#]]></document>
    <document><![CDATA[#HASHTAG#   Adobe Patches Critical Photoshop Flaws in Unscheduled Update: The two vulnerabilities are critical remo… #URL#]]></document>
    <document><![CDATA[#HASHTAG#   Apache Struts 2 Flaw Uncovered: ‘More Critical Than Equifax Bug’: Apache has patched a critical remote… #URL#]]></document>
    <document><![CDATA[#HASHTAG# #HASHTAG#   The "Amazon Prime Agent Position" Phishing Scam: Online users, beware of "Amazon Prime Agent Po… #URL#]]></document>
    <document><![CDATA[#HASHTAG# #HASHTAG#   P&amp;O Cruises ‘Win a Gift Bag’ Facebook Scam: According to a post currently appearing on Facebook, you… #URL#]]></document>
    <document><![CDATA[#HASHTAG#   Newsmaker Interview: Derek Manky on ‘Self-Organizing Botnet Swarms’: Botnets fused with artificial inte… #URL#]]></document>
    <document><![CDATA[#HASHTAG# #HASHTAG#   The "SARS eFiling EMP Statement of Account for Taxpayer" Scam: Cybercriminals are attempting to… #URL#]]></document>
    <document><![CDATA[#HASHTAG#   Badgelife: A Defcon 26 retrospective: Another year, another Defcon. In this retrospective, we take a lo… #URL#]]></document>
    <document><![CDATA[#HASHTAG#   The 4 Critical Building Blocks for Digital Threat Hunting: Having the right set of broad data is the li… #URL#]]></document>
    <document><![CDATA[#HASHTAG# #HASHTAG#   Beware of "Sunglaes Shot" - it is a Fake Ray-Ban Sunglass or Eyewear Selling Website: The websi… #URL#]]></document>
    <document><![CDATA[#HASHTAG#   Mirai Variant Cross-Compiles Attack Code with Aboriginal Linux: The approach makes Mirai executable on… #URL#]]></document>
    <document><![CDATA[#HASHTAG# Backdoor.Fallchill: Risk Level: Very Low. Type: Trojan.  #HASHTAG# #URL#]]></document>
    <document><![CDATA[#HASHTAG# #HASHTAG#   The "Mail Service Restriction Permanent Deactivation" Phishing Scam: The "Mail Service Restrict… #URL#]]></document>
    <document><![CDATA[#HASHTAG#   Following Facebook and Twitter, Google Targets Iranian Influence Operation: The news comes as President… #URL#]]></document>
    <document><![CDATA[#HASHTAG# #HASHTAG#   The "PayPal Account Has Been Suspended" Phishing Scam: PayPal users, if you have received the "… #URL#]]></document>
    <document><![CDATA[#HASHTAG# Backdoor.Datper: Risk Level: Very Low. Type: Trojan.  #HASHTAG# #URL#]]></document>
    <document><![CDATA[#HASHTAG#   Podcast: Plugging Leaky Data in the Cloud: Threatpost talks to a Google Cloud expert about the top issu… #URL#]]></document>
    <document><![CDATA[#HASHTAG#   Triout Malware Carries Out Extensive, Targeted Android Surveillance: The spyware’s surveillance capabil… #URL#]]></document>
    <document><![CDATA[#HASHTAG#   ThreatList: $1.1M is Lost to Cybercrime Every Minute of Every Day: Every minute, there are also 5,518 r… #URL#]]></document>
    <document><![CDATA[#HASHTAG# #HASHTAG#   ‘This Bby has Cancer’ Facebook Promotion Scam: According to a post that is currently appearing on Fac… #URL#]]></document>
    <document><![CDATA[#HASHTAG# #HASHTAG#   "Nawc Shop" is a Fraudulent Online Store - It Should Not Be Trusted: The website located at… #URL#]]></document>
    <document><![CDATA[#HASHTAG# #HASHTAG#   "Greencard Organization" is a Scam and Fraudulent Website: "Greencard Organization" at… #URL#]]></document>
    <document><![CDATA[#HASHTAG#   Fileless malware: getting the lowdown on this insidious threat: In this series of articles, we provide… #URL#]]></document>
    <document><![CDATA[#HASHTAG# #HASHTAG#   Review of "Player Outlet" at #URL# - is it a Trustworthy Website?: See the re… #URL#]]></document>
    <document><![CDATA[#HASHTAG# #HASHTAG#   "#URL#" (Domain Name Search Engine Registration) is a Fraudulent Website: "… #URL#]]></document>
    <document><![CDATA[#HASHTAG# #HASHTAG#   ‘European Debt Recovery Unit’ Scam Email: This email claims that an entity named the European Debt Re… #URL#]]></document>
    <document><![CDATA[#HASHTAG# SONAR.SuspBeh!gen672: Risk Level: Very Low. Type: Trojan, Virus, Worm.  #HASHTAG# #URL#]]></document>
    <document><![CDATA[#HASHTAG#   Podcast: Bad Packets Report Founder on Rising Cryptojacking Attacks: Cryptojacking attacks are on the r… #URL#]]></document>
    <document><![CDATA[#HASHTAG#   Remote access scams: What's happened? Watch out for the latest scam doing the rounds. Scammers are impe… #URL#]]></document>
    <document><![CDATA[#HASHTAG#   NSA Leaker 'Reality Winner' Gets More Than 5 Years in Prison: A former NSA contractor, who pleaded guil… #URL#]]></document>
    <document><![CDATA[#HASHTAG# #HASHTAG#   Beware of "BMW Automobile" Lottery Scams - Do Not Be Fooled by Scammers: Online users who have… #URL#]]></document>
    <document><![CDATA[#HASHTAG#     Massive WordPress Redirect Campaign Targets Vulnerable tagDiv Themes and Ultimate Member Plugins: Thi… #URL#]]></document>
    <document><![CDATA[#HASHTAG#     Fake Font Dropper: Every day we see different website infections. When we receive unusual or interest… #URL#]]></document>
    <document><![CDATA[#HASHTAG# #HASHTAG#   The Website #URL# is a Fraudulent Work-From-Home Website: The website… #URL#]]></document>
    <document><![CDATA[#HASHTAG# #HASHTAG#   ‘Two Moons in the Sky’ Mars Hoax: According to a message that is currently circulating via social med… #URL#]]></document>
    <document><![CDATA[#HASHTAG#  Beware scammers wanting access to your computer and bank account: Scammers are increasingly catching ou… #URL#]]></document>
    <document><![CDATA[#HASHTAG#   New Apache Struts RCE Flaw Lets Hackers Take Over Web Servers: Semmle security researcher Man Yue Mo ha… #URL#]]></document>
    <document><![CDATA[#HASHTAG# #HASHTAG#   #URL# is a Fake "The Newham City Lotto PROMO" Lottery Website: The website… #URL#]]></document>
    <document><![CDATA[#HASHTAG#     Core Integrity Verifications: In order to clean a malware infection, the first thing we need to know… #URL#]]></document>
    <document><![CDATA[#HASHTAG# #HASHTAG#   The "eBusiness Number or eBN Registry 2018/2019" Scam: The "eBusiness Number or eBN Registry 20… #URL#]]></document>
    <document><![CDATA[#HASHTAG# #HASHTAG#   "TP Kids Toys" Online Store is Fraudulent - Do Not Shop There: The "TP Kids Toys" online store… #URL#]]></document>
    <document><![CDATA[#HASHTAG# #HASHTAG#   ‘Spider From Hell’ Hoax Message Spreading Rapidly: According to a message that is currently going vir… #URL#]]></document>
    <document><![CDATA[#HASHTAG# #HASHTAG#   The "Amazon Account Locked" Phishing Scams Being Sent by Cybercriminals: Amazon users, be aware… #URL#]]></document>
    <document><![CDATA[#HASHTAG# #HASHTAG#   Beware of "Amazon Recruiting Center" Phishing Scam: Online users, beware of "Amazon Recruiting… #URL#]]></document>
    <document><![CDATA[#HASHTAG# #HASHTAG#   The "Toyota Promo Bonanza" Lottery Scam: There is no "Toyota Promo Bonanza" lottery like the on… #URL#]]></document>
    <document><![CDATA[#HASHTAG#   T-Mobile Hacked — 2 Million Customers' Personal Data Stolen: T-Mobile today confirmed that the telecom… #URL#]]></document>
    <document><![CDATA[#HASHTAG#   ThreatList: Ransomware Attacks Down, Fileless Malware Up in 2018: The first half of 2018 saw an uptick… #URL#]]></document>
    <document><![CDATA[#HASHTAG#   DNC Becomes Latest Target in Series of Election-Season Attacks: The DNC thwarts a phishing effort aimed… #URL#]]></document>
    <document><![CDATA[#HASHTAG#   Instagram Adds 3 New Security Tools to Make its Platform More Secure: Instagram is growing quickly—and… #URL#]]></document>
    <document><![CDATA[#HASHTAG#   Fortnite Android App Falls Victim to Man-in-the-Disk Flaw: After Google publicized the flaw seven days… #URL#]]></document>
    <document><![CDATA[#HASHTAG#   Security and Artificial Intelligence: Hype vs. Reality: Bridging the divide between hype and reality wh… #URL#]]></document>
    <document><![CDATA[#HASHTAG# SONAR.SuspLaunch!g62: Risk Level: Very Low. Type: Trojan, Virus, Worm.  #HASHTAG# #URL#]]></document>
    <document><![CDATA[#HASHTAG#   Unpatched Ghostscript Flaws Allow Remote Takeover of Systems: A remote, unauthenticated attacker could… #URL#]]></document>
    <document><![CDATA[#HASHTAG# #HASHTAG#   The "Office365 Request to Terminate Email" Phishing Scam: The fake email message below which cl… #URL#]]></document>
    <document><![CDATA[#HASHTAG#   Researchers Shine Light on Smart-Bulb Data Theft: The attack allows snooping of data from environments… #URL#]]></document>
    <document><![CDATA[#HASHTAG#   AdvisorsBot Downloader Emerges in Raft of Malware Campaigns: A tricky downloader has hit the scene in a… #URL#]]></document>
    <document><![CDATA[#HASHTAG# #HASHTAG#   The "CIBC System-Hold Put on Your Account Alert" Phishing Scam: The fake email alert below, whi… #URL#]]></document>
    <document><![CDATA[#HASHTAG# #HASHTAG#   The "Amazon Customs Claim - Investigation Started" Scam: Amazon customers are asked to delete "… #URL#]]></document>
    <document><![CDATA[#HASHTAG# #HASHTAG#   Beware of "Yahoo Oath Brand Network Account Verification Failure" Phishing Scams: Yahoo users,… #URL#]]></document>
    <document><![CDATA[#HASHTAG#   High-Severity Flaws Patched in Schneider Electric Products: The Schneider Electric PowerLogic PM5560 an… #URL#]]></document>
    <document><![CDATA[#HASHTAG# #HASHTAG#   Beware of "VIPAdd Shop" at #URL# - it is a Fraudulent Online Store: The "VIPA… #URL#]]></document>
    <document><![CDATA[#HASHTAG# #HASHTAG#   The "Your Apple Account is Frozen" Phishing Scam: The email message below, which claims that th… #URL#]]></document>
    <document><![CDATA[#HASHTAG# #HASHTAG#   Lauren and the *677 Police Dispatch Cell Phone Number: Circulating message describes how a young woma… #URL#]]></document>
    <document><![CDATA[#HASHTAG# PUA:Win32/FusionCore: Alert Level   severe    Category   PUA    Protection starting from:   1.249.1002.… #URL#]]></document>
    <document><![CDATA[#HASHTAG# #HASHTAG#   Fake Oprah Facebook Page Promises Cash for Likes and Shares: A fraudulent Facebook Page that claims t… #URL#]]></document>
    <document><![CDATA[#HASHTAG# #HASHTAG#   Jamaica National Commercial (NCB) Warns of Scam using Point of Sale Machines: The Jamaica Natio… #URL#]]></document>
    <document><![CDATA[#HASHTAG#   Facebook Flaw Allowed Remote Commands: Facebook failed to fully sanitize error data returned by a publi… #URL#]]></document>
    <document><![CDATA[#HASHTAG# #HASHTAG#   Beware of "Yahoo Account Termination Notice" Phishing Scams: Yahoo users, be aware of "Account… #URL#]]></document>
    <document><![CDATA[#HASHTAG# #HASHTAG#   No, the Pope Didn’t Say That His Religion was ‘All A Load Of Bollocks’: According to a post that is c… #URL#]]></document>
    <document><![CDATA[#HASHTAG# #HASHTAG#   "Ear Phone Outlet" is a Fake and Fraudulent Bose Website: The "Ear Phone Outlet" online store l… #URL#]]></document>
    <document><![CDATA[#HASHTAG#   Adobe Pushes Out Unscheduled Creative Cloud Application Fix: Adobe issues a second unscheduled update t… #URL#]]></document>
    <document><![CDATA[#HASHTAG#   Cheddar’s Restaurants Bitten By Credit-Card Breach: Restaurants in 23 states were compromised for two m… #URL#]]></document>
    <document><![CDATA[#HASHTAG#   Cross-Site Scripting Flaw in Apache ActiveMQ Threatens Web Visitors: With the malicious code embedded i… #URL#]]></document>
    <document><![CDATA[#HASHTAG#   Can search extensions keep your searches private?: A lot of search extensions have been marketed over t… #URL#]]></document>
    <document><![CDATA[#HASHTAG# #HASHTAG#   The "Delete Your Account from Gmail Server" Phishing Scam: Gmail users, be aware of the fake "D… #URL#]]></document>
    <document><![CDATA[#HASHTAG#   Researchers Blame ‘Monolithic’ Linux Code Base for Critical Vulnerabilities: With an OS design based on… #URL#]]></document>
    <document><![CDATA[#HASHTAG#   Microsoft Windows Zero-Day Found in Task Scheduler: A Windows task scheduler API function does not chec… #URL#]]></document>
    <document><![CDATA[#HASHTAG#   Official Cardi B website plagued by spammers: Over the past few days, fans of singer Cardi B noticed he… #URL#]]></document>
  </documents>
</author>
