<author lang="en">
  <documents>
    <document><![CDATA[Lady Gaga reignites Madonna feud by accusing the 56-year-old pop queen of not 'helping… #URL# #URL#]]></document>
    <document><![CDATA[8 Songs That Sound Better Acoustically #URL# #URL#]]></document>
    <document><![CDATA[Kesha accuses producer of rape; Dr. Luke countersues #URL# #URL#]]></document>
    <document><![CDATA[Lady Gaga on Other Female Pop Stars, Feminism, Abuse in the Music Industry, and That… #URL# #URL#]]></document>
    <document><![CDATA[Latinos, labor tell Obama: Pick Tom Perez for AG #URL# #URL#]]></document>
    <document><![CDATA[Selena Gomez Reveals Her 46-Year-Old Celebrity Crush! #URL# #URL#]]></document>
    <document><![CDATA[Selena Gomez's Top 5 Celebrity Crushes #URL# #URL#]]></document>
    <document><![CDATA[Olly Murs calls out Taylor Swift: 'Write something new that isn't about Harry Styles' #URL# #URL#]]></document>
    <document><![CDATA[Kim Kardashian Flaunts Curves in Tight White Dress While Filming (PHOTOS) #URL# #URL#]]></document>
    <document><![CDATA[This Woman Turns the Disgusting Catcalls She Receives Into Beautiful and Powerful… #URL# #URL#]]></document>
    <document><![CDATA[Calls for travel ban grow louder after Ebola hearing fails to ease concerns #URL# #URL#]]></document>
    <document><![CDATA[Bella Thorne Plays Mean Girl In 'CSI' — Watch #URL# #URL#]]></document>
    <document><![CDATA[Big-name concerts breathe new life into BMO Harris Bradley Center #URL# #URL#]]></document>
    <document><![CDATA[PACK JPG BELLA THORNE by 12AgusLaLovatica #URL# #URL#]]></document>
    <document><![CDATA[The Dating Advice Taylor Swift Gave Selena Gomez #URL# #URL#]]></document>
    <document><![CDATA[Poking fun at accents cheap point-scoring #URL# #URL#]]></document>
    <document><![CDATA[Taylor Swift's 'Out of the Woods' Is Better Than 'Shake it Off' #URL# #URL#]]></document>
    <document><![CDATA[Demi Lovato And Iggy Azalea Perform At VEVO Certified SuperFanFest: Watch #URL# #URL#]]></document>
    <document><![CDATA[The Dating Advice Taylor Swift Gave Selena Gomez #URL# #URL#]]></document>
    <document><![CDATA[Kim Kardashian's personal trainer explains why Kanye West comes to her work outs and… #URL# #URL#]]></document>
    <document><![CDATA[Eminem's Controversial Rap Songs: Birthday Special #URL# #URL#]]></document>
    <document><![CDATA[One Direction Reveals Tracklisting for Upcoming New Album, 'FOUR' #URL# #URL#]]></document>
    <document><![CDATA[TBT Royals Tom Brady The Rock and more #URL# #URL#]]></document>
    <document><![CDATA[8 Crazy Facts About Movie Makeup and Fake Blood #URL# #URL#]]></document>
    <document><![CDATA[Not a Single Artist Went Platinum in 2014, Report Confirms #URL# #URL#]]></document>
    <document><![CDATA[Eminem &amp; Big Sean Collaboration Confirmed! Ariana Grande's Beau Says 'Expect A Little ... #URL# #URL#]]></document>
    <document><![CDATA[Ariana Grande delights young fan with a kiss as she leaves Paris #URL# #URL#]]></document>
    <document><![CDATA[The Most Spoiled Baby In Hollywood? Kim Kardashian &amp; Kanye West Lavish 16-Month-Old North… #URL# #URL#]]></document>
    <document><![CDATA[One Direction Unveils 16-Song Deluxe Tracklist For New Album 'Four', Including "Steal My… #URL# #URL#]]></document>
    <document><![CDATA[Fire Your Beautician! Celebrities With The Worst Hairstyles #URL# #URL#]]></document>
    <document><![CDATA[Mila Kunis' production company inks first-look deal with ABC Studios #URL# #URL#]]></document>
    <document><![CDATA[Bradley Center welcomes big musical talent #URL# #URL#]]></document>
    <document><![CDATA[Fox's Keith Ablow: Obama's Doing Ebola To America Because Of His African Affinities #URL# #URL#]]></document>
    <document><![CDATA[LADY GAGA ADMITS SHE FELT LIKE A COW #URL# #URL#]]></document>
    <document><![CDATA[Taylor Swift Is a Crazy Cat Lady, Teases Another '1989' Song in New Diet Coke Clip (WATCH) #URL# #URL#]]></document>
    <document><![CDATA[Mila Kunis Baby: Actress Loves Being A Mother, Ashton Helps Her Laugh Through Sleepless… #URL# #URL#]]></document>
    <document><![CDATA[32 Of The Best Radio Freestyles #URL# #URL#]]></document>
    <document><![CDATA[Ariana Grande To Make Movie Debut In Animated Comedy 'Underdogs' #URL# #URL#]]></document>
    <document><![CDATA[Kourtney Kardashian expecting a baby girl #URL# #URL#]]></document>
    <document><![CDATA[5 Taylor Swift Songs That Are Actually About... Sandwiches? [VIDEO] #URL# #URL#]]></document>
    <document><![CDATA[Pregnant Kourtney Kardashian Not Showing Signs Of Slowing Down Less Than Two Months ... #URL# #URL#]]></document>
    <document><![CDATA[One Direction Release 'Four' Track List -- and Have a Surprise for Fans! #URL# #URL#]]></document>
    <document><![CDATA[President Obama authorizes National Guard, reserve call-up if needed for Ebola #URL# #URL#]]></document>
    <document><![CDATA[Q&amp;A: British Soul Pop Pioneer Jessie Ware Finds Her Voice on 'Tough Love' #URL# #URL#]]></document>
    <document><![CDATA[Big Sean Hot New Song 2014: Rapper Confirms New Collaboration With Eminem #URL# #URL#]]></document>
    <document><![CDATA[Pitbull, Fox scout Bayfront Park for televised New Year's Eve bash #URL# #URL#]]></document>
    <document><![CDATA[7 Things You Didn't Know About Alexander Wang's H&amp;M Collection #URL# #URL#]]></document>
    <document><![CDATA[Watch a Dizzying Supercut of Jimmy Fallon Declaring Everything 'Fun' #URL# #URL#]]></document>
    <document><![CDATA[Obama Authorizes National Guard, Reserves for Ebola Fight #URL# #URL#]]></document>
    <document><![CDATA[Who is Dr Luke? One of the industry's most successful producers, accused of sex abuse by… #URL# #URL#]]></document>
    <document><![CDATA[K-Pop Superstar CL Is Coming To America and She's Working With One Of The Best Execs In The… #URL# #URL#]]></document>
    <document><![CDATA[Jessie J gears up for this year's Jingle Bell #URL# #URL#]]></document>
    <document><![CDATA[Mila Kunis Creates Her Own Production Company And Signs A Deal With ABC Studios #URL# #URL#]]></document>
    <document><![CDATA[Here's Every T.I. Album Ranked In Order Of Greatness #URL# #URL#]]></document>
    <document><![CDATA[Kim Kardashian's Crazy Diet Grows Even More Restrictive #URL# #URL#]]></document>
    <document><![CDATA[Selena Gomez's Wide-Brim Hat: Try The Trend &amp; SHOP Her Exact Look #URL# #URL#]]></document>
    <document><![CDATA[One Direction's Four tracklist! Fools Gold, Clouds &amp; a Whitney Houston cover? #URL# #URL#]]></document>
    <document><![CDATA[Manawatu singers nominated for Tuis #URL# #URL#]]></document>
    <document><![CDATA[One Direction's 'Steal My Girl' Acoustic Version Will Get You Even More Excited For Their… #URL# #URL#]]></document>
    <document><![CDATA[The Kardashian Kollection slammed in Terri Agins new book #URL# #URL#]]></document>
    <document><![CDATA[One Direction Reveal 'Four' Tracklist &amp; Deluxe Edition Pre-Order #URL# #URL#]]></document>
    <document><![CDATA[Lady Gaga Responds To Dancing Teen Recorded On Live TV [Watch] #URL# #URL#]]></document>
    <document><![CDATA[9 weird and wonderful facts to celebrate the return of Pink Floyd #URL# #URL#]]></document>
    <document><![CDATA[One Direction fans livid as Harry Styles' After fanfic lands movie deal #URL# #URL#]]></document>
    <document><![CDATA[Tickets on sale: Sam Smith, Jingle Ball, Fleetwood Mac #URL# #URL#]]></document>
    <document><![CDATA[Here's Every T.I. Album Ranked In Order Of Greatness #URL# #URL#]]></document>
    <document><![CDATA[Reports: Obama authorizes National Guard call-up for Ebola #URL# #URL#]]></document>
    <document><![CDATA[Detroit's Big Sean responds to Eminem collaboration rumors, gives new album timeline #URL# #URL#]]></document>
    <document><![CDATA[Taylor Swift ahead of her X Factor appearance lands in Sydney #URL# #URL#]]></document>
    <document><![CDATA[Harry Styles &amp; Taylor Swift Relationship News: What Does One Direction Member Think About… #URL# #URL#]]></document>
    <document><![CDATA[Hononegah community goes pink #URL# #URL#]]></document>
    <document><![CDATA[Rixton Interview: Band Talks 'Let the Road,' Ariana Grande Tour + Little Mix [EXCLUSIVE] #URL# #URL#]]></document>
    <document><![CDATA[New Dorp High School faculty members parody Taylor Swift's 'Shake It Off' #URL# #URL#]]></document>
    <document><![CDATA[Harry Styles &amp; Taylor Swift Relationship News: What Does One Direction Member Think About… #URL# #URL#]]></document>
    <document><![CDATA[New Dad Ashton Kutcher Takes a Break From Baby Duties to Take a Jujitsu Class in L.A. #URL# #URL#]]></document>
    <document><![CDATA[Katy Perry's Love Notes to Her Former Boyfriend Revealed! #URL# #URL#]]></document>
    <document><![CDATA[Must-Hear Music Podcast: Taylor Swift, Fall Out Boy, Childish Gambino &amp; More #URL# #URL#]]></document>
    <document><![CDATA[One Direction Releases 'Four' Album Tracklist #URL# #URL#]]></document>
    <document><![CDATA[Gates Foundation Asks CSL to Explore Plasma Treatment for Ebola #URL# #URL#]]></document>
    <document><![CDATA[Selena Gomez Puts Adult Critics In Their Place #URL# #URL#]]></document>
    <document><![CDATA[The Sacrifice LeBron James' Teammates Make to Play Alongside Him #URL# #URL#]]></document>
    <document><![CDATA['Booty' Singer Jennifer Lopez Comes Clean About Love Life: JLo Talks Dating And Boyfriends,… #URL# #URL#]]></document>
    <document><![CDATA[Michael Jordan voices disagreement with LeBron James says 82 games never an issue as player #URL# #URL#]]></document>
    <document><![CDATA[Kia scores Lebron James as first 'luxury ambassador' #URL# #URL#]]></document>
    <document><![CDATA[Famous Birthdays Today, October 17: Eminem, Chris Motionless, Alan Jackson, Max Irons,… #URL# #URL#]]></document>
    <document><![CDATA[Watch Brad Pitt and Jimmy Fallon Talk It Out Through the Magic of Breakdance #URL# #URL#]]></document>
    <document><![CDATA[Taylor Swift's Diet Coke ad is a must for cat lovers 4:43PM #URL# #URL#]]></document>
    <document><![CDATA[Big Sean Confirms Eminem Collaboration #URL# #URL#]]></document>
    <document><![CDATA[Lady Gaga on Other Female Pop Stars, Feminism, Abuse in the Music Industry, and That… #URL# #URL#]]></document>
    <document><![CDATA[PHOTOS Katy Perry's childhood love letters up for auction, as cute as you would expect #URL# #URL#]]></document>
    <document><![CDATA[One Direction Reveals Track Listing For New 'Four' Album #URL# #URL#]]></document>
    <document><![CDATA[Sapakoff: Halftime of a crazy season with Katy Perry, Tim Tebow, magnolias and new picks #URL# #URL#]]></document>
    <document><![CDATA[Big Gigs for Oct. 17-23: Pearl Jam, Iggy Azalea, Jason Derulo and more #URL# #URL#]]></document>
    <document><![CDATA[Selena Gomez Grown-Up Haters – She Is “Baffled” By Their Attitude #URL# #URL#]]></document>
    <document><![CDATA[The Ultimate Spider-Man/Jessie Crossover Was So Terribad I had to Drink to get Through It #URL# #URL#]]></document>
    <document><![CDATA[Crumble (Lay Me Down Justin Timberlake) to open tonight #URL# #URL#]]></document>
    <document><![CDATA[Big Sean Hints At Collaboration With Eminem #URL# #URL#]]></document>
    <document><![CDATA[Big Sean Confirms Eminem Collaboration, New Album Release This Year Or Early 2015 #URL# #URL#]]></document>
    <document><![CDATA[Lady Gaga croons with Tony Bennett on vintage jazz album #URL# #URL#]]></document>
    <document><![CDATA[Ask, Memory: Interrogation and the College Essay #URL# #URL#]]></document>
  </documents>
</author>
