<author lang="en">
  <documents>
    <document><![CDATA[Why Some Americans Won’t Move, Even for a Higher Salary #URL# #URL#]]></document>
    <document><![CDATA[30 Stupidly Simple Things My Anxiety Makes More Difficult Than It Needs To Be #URL#]]></document>
    <document><![CDATA[Why Apple needs to announce a native Apple Watch app store now #URL#]]></document>
    <document><![CDATA[Make: Save Your Back: U-shaped Cedar Raised Garden #URL# #URL#]]></document>
    <document><![CDATA[Yes, the government is capable of creating great design–here’s how #URL#]]></document>
    <document><![CDATA[Why Aren’t Cities Getting Ready for Autonomous Vehicles? #URL# #URL#]]></document>
    <document><![CDATA[35 Things Millennials Wish The Older Generation Would Realize  #URL#]]></document>
    <document><![CDATA[Here’s how you can stop deadlines from stressing you out #URL#]]></document>
    <document><![CDATA[Kids on tech addiction: “I learned it from you, Dad!” #URL#]]></document>
    <document><![CDATA[How Ma director Tate Taylor helped Octavia Spencer unleash her inner sociopath #URL#]]></document>
    <document><![CDATA[NYC’s Shakespeare in the Park stages an all-black “Much Ado About Nothing” #URL#]]></document>
    <document><![CDATA[As our lives become more automated, these are the skills you’ll need #URL#]]></document>
    <document><![CDATA[If you want to change Facebook, you have to change Zuckerberg #URL#]]></document>
    <document><![CDATA[Make: Perpetual Motion Davinci Style II #URL# #URL#]]></document>
    <document><![CDATA[When companies say they’re using “100% renewable energy,” take it with a grain of salt #URL#]]></document>
    <document><![CDATA[Lawsuit: Women FBI agents claim systemic sexual harassment and racial discrimination #URL#]]></document>
    <document><![CDATA[Make: DIY Edible Glitter Unicorn Cupcakes #URL# #URL#]]></document>
    <document><![CDATA[Ikea is getting into fashion again #URL#]]></document>
    <document><![CDATA[This reusable mug is made from recycled coffee cups #URL#]]></document>
    <document><![CDATA[When You’re Insecure, It Can Slowly Push Your Forever Person Away #URL#]]></document>
    <document><![CDATA[Should ‘ultra-processed’ foods include health warnings? #URL#]]></document>
    <document><![CDATA[Ask yourself these questions to love your (boring) job a little bit more #URL#]]></document>
    <document><![CDATA[Here’s What American-Style Universal Basic Income Might Look Like #URL# #URL#]]></document>
    <document><![CDATA[New MIT-developed glove teaches A.I.-based robots to 'identify' everyday objects #URL#]]></document>
    <document><![CDATA[This is why data is now more essential than ever in HR #URL#]]></document>
    <document><![CDATA[Opting out of black trauma: Why I couldn’t finish When They See Us #URL#]]></document>
    <document><![CDATA[Virgil Abloh’s new Nike store is a peek at the future of retail #URL#]]></document>
    <document><![CDATA[The key to ending online hate? Treat it like a virus. #URL#]]></document>
    <document><![CDATA[Convincing people to live greener lives makes them less likely to support real climate policy #URL#]]></document>
    <document><![CDATA[Report: Amazon is interested in buying Boost Mobile from Sprint and T-Mobile #URL#]]></document>
    <document><![CDATA[Make: Tech &amp; Engineering Class: Strawberry Towers #URL# #URL#]]></document>
    <document><![CDATA[Make: How to Make a Custom DIY Temperature Meter Using Bar Graph &amp; Atmega328p #URL# #URL#]]></document>
    <document><![CDATA[Visa’s new deal with U.S. Soccer could be a game changer for women’s sports #URL#]]></document>
    <document><![CDATA[Make: How to Make a Glowing Rainbow Foam Dragon Egg #URL# #URL#]]></document>
    <document><![CDATA[Always Be My Maybe star Ali Wong says her biggest career risk was getting pregnant #URL#]]></document>
    <document><![CDATA[You Aren’t Going To Get Better Unless You Put In The Effort #URL#]]></document>
    <document><![CDATA[What Annoys Your Girlfriend The Most About You, Based On Your Zodiac Sign #URL#]]></document>
    <document><![CDATA[CityLab Daily: A Tourist Hotspot Begs Travelers to Show Some Respect #URL# #URL#]]></document>
    <document><![CDATA[What Annoys Your Boyfriend The Most About You, Based On Your Zodiac Sign #URL#]]></document>
    <document><![CDATA[Uber shows few signs of future profitability with its first post-IPO earnings report #URL#]]></document>
    <document><![CDATA[Inspiring Words From Celebrities Who Suffer From Anxiety  #URL#]]></document>
    <document><![CDATA[Weekly Photography Challenge – Travel #URL# #URL#]]></document>
    <document><![CDATA[Chinese Tourism to U.S. Cities Takes a Hit From Trade Wars #URL# #URL#]]></document>
    <document><![CDATA[Knotel launches a furniture subscription service for offices #URL#]]></document>
    <document><![CDATA[As Tourism Booms, Amsterdam Shifts to Damage Control #URL# #URL#]]></document>
    <document><![CDATA[CityLab Daily: Why Some Americans Won’t Move, Even for a Higher Salary #URL# #URL#]]></document>
    <document><![CDATA[Why Facebook investors should vote no on Zuckerberg #URL#]]></document>
    <document><![CDATA[Make: Massive "Marquee Letter" Decorations! #URL# #URL#]]></document>
    <document><![CDATA[Navigator: Racing Against Time #URL# #URL#]]></document>
    <document><![CDATA[This is how you train your brain to be more creative #URL#]]></document>
    <document><![CDATA[Russia! Russia! Russia! #URL# explains Trump’s palilogy #URL#]]></document>
    <document><![CDATA[Don’t You Dare Give Up On Yourself #URL#]]></document>
    <document><![CDATA[The benefits of bringing positive emotions to your work through play #URL#]]></document>
    <document><![CDATA[Is caring about data privacy the new conspicuous consumption? #URL#]]></document>
    <document><![CDATA[Here’s how to give feedback to someone who’s defensive #URL#]]></document>
    <document><![CDATA[If you want Ben &amp; Jerry’s CBD ice cream to become a reality, do this right now #URL#]]></document>
    <document><![CDATA[Why The North Face manipulating Wikipedia confirms our darkest fears of advertising #URL#]]></document>
    <document><![CDATA[Modi's New Challenge Is Embracing Urbanization #URL# #URL#]]></document>
    <document><![CDATA[Make: Mickey's Keyblade From Kingdom Hearts 3 #URL# #URL#]]></document>
    <document><![CDATA[Want to know the meaning of life? It starts with health. #URL#]]></document>
    <document><![CDATA[Records reveal theft and lies by the head of an elite California drug task force #URL#]]></document>
    <document><![CDATA[Make: IoTyper - Control your PC via Alexa (IoT) #URL# #URL#]]></document>
    <document><![CDATA[People are willing to pay a fortune to have lunch with Warren Buffett (for charity) #URL#]]></document>
    <document><![CDATA[Procrastination is an emotional problem #URL#]]></document>
    <document><![CDATA[JPMorgan Chase settles “anti-dad” bias case and agrees to extend paternity leave #URL#]]></document>
    <document><![CDATA[True Scary Stories Megamix (50 Of The Creepiest Ones I’ve Found In Awhile) #URL#]]></document>
    <document><![CDATA[Make: Wireless Emergency Stop Button for PLC Safety #URL# #URL#]]></document>
    <document><![CDATA[Make: Full Size Pokemon Go Incubator Night Lamp #URL# #URL#]]></document>
    <document><![CDATA[La Croix sales plummet as it becomes another failed experiment in hipster design #URL#]]></document>
    <document><![CDATA[Make: White Rabbit Bubble Tea #URL# #URL#]]></document>
    <document><![CDATA[Privacy-killing behavioral ad targeting isn’t worth it for publishers, study says #URL#]]></document>
    <document><![CDATA[How To Love Yourself By An Imperfect Person Who Is Actually (Sometimes) Doing It! #URL#]]></document>
    <document><![CDATA[Rocketman settles it. Hollywood needs to burn down the traditional rock biopic #URL#]]></document>
    <document><![CDATA[French politicians demand that Notre-Dame be restored as an exact replica #URL#]]></document>
    <document><![CDATA[This magical unicorn horn is actually a wearable device for kids with ADHD #URL#]]></document>
    <document><![CDATA[Critical Condition: Here Are America’s Newest Endangered Historic Places #URL# #URL#]]></document>
    <document><![CDATA[Make: DIY Lab Bench Power Supply #URL# #URL#]]></document>
    <document><![CDATA[The next big step for the Apple Watch: liberation from the iPhone #URL#]]></document>
    <document><![CDATA[An astronaut's guide to accomplishing your mission #URL#]]></document>
    <document><![CDATA[Chase bank is quietly adding a forced arbitration clause to some credit cards #URL#]]></document>
    <document><![CDATA[Target recall: Retail giant’s iPhone Lightning cables can catch fire #URL#]]></document>
    <document><![CDATA[How to Nurture and Build a Child’s Interest in Photography #URL# #URL#]]></document>
    <document><![CDATA[5 reasons ‘green growth’ won’t save the planet #URL#]]></document>
    <document><![CDATA[How Donna Zuckerberg and other classicists resist hate groups’ use of antiquity #URL#]]></document>
    <document><![CDATA[Here’s why Kirsten Gillibrand’s “baby bundle” program is important #URL#]]></document>
    <document><![CDATA[Social media pages for Dominican Republic resort vanish after woman claims violent attack #URL#]]></document>
    <document><![CDATA[Nuclear power is not the answer in a time of climate change #URL#]]></document>
    <document><![CDATA[Make: Raspberry Pi Powered IOT Garden #URL# #URL#]]></document>
    <document><![CDATA[Learning to See Like an Artist – 7 Powerful Techniques to Help You See More Compelling Images… #URL#]]></document>
    <document><![CDATA[Microsoft just rebooted its entire PC gaming strategy #URL#]]></document>
    <document><![CDATA[Whatever happened to the hottest iPhone apps of 2009? #URL#]]></document>
    <document><![CDATA[Make: Tabletop Pinball Machine Using Evive- Arduino Based Embedded Plaform #URL# #URL#]]></document>
    <document><![CDATA[Would you live on a bridge? This elegant home hovers over a river #URL#]]></document>
    <document><![CDATA[Hey startup founders, try one of these 15 innovative cities #URL#]]></document>
    <document><![CDATA[Loving Yourself Doesn’t Mean You Think You’re Perfect #URL#]]></document>
    <document><![CDATA[Lightning forced human ancestors to become bipedal, Kansas researchers say #URL#]]></document>
    <document><![CDATA[New Zealand’s new budget prioritizes well-being over economic growth #URL#]]></document>
    <document><![CDATA[How to recover from a negative first impression #URL#]]></document>
    <document><![CDATA[Technology isn’t going to save your company culture #URL#]]></document>
    <document><![CDATA[Using this method could cut your email time in half #URL#]]></document>
  </documents>
</author>
