<author lang="en">
  <documents>
    <document><![CDATA[Did Hina Khan’s entry as Komolika in Parth Samthaan-Erica Fernandes’ Kasautii Zindagii Kay 2 impress you? – vote now #URL#]]></document>
    <document><![CDATA[How Meghan Markle’s Australian Royal Tour Style Compares to Kate Middleton’s #URL#]]></document>
    <document><![CDATA[Jeffrey Dean Morgan, Connie Nielsen Starring in ‘Postcard Killings’ – MovieMagic #URL#]]></document>
    <document><![CDATA[Mel Gibson, Charlie Hunnam Join ‘Waldo’ – MovieMagic #URL#]]></document>
    <document><![CDATA[Ayushmann Khurrana’s Badhaai Ho is turning out to be a BLOCKBUSTER at the box office #URL#]]></document>
    <document><![CDATA[Sushant Singh Rajput &amp; Sara Ali Khan’s Endearing Chemistry Says A Lot Amidst Their Silence! #URL#]]></document>
    <document><![CDATA[After Working With Ranveer Singh, Arshad Warsi Now Understands Why Deepika Padukone Is In Love With Him! #URL#]]></document>
    <document><![CDATA[“Health, Fitness Is Of Top Priority For Me &amp; My Family” #URL#]]></document>
    <document><![CDATA[Reel Shakeela, Richa Chadha, To Unite With Real One In The Film! #URL# #URL#]]></document>
    <document><![CDATA[Fox Releases Midseason Premiere Dates – MovieMagic #URL#]]></document>
    <document><![CDATA[REVEALED: Pankaj Tripathi to play the role of a farmer who became a legend #URL#]]></document>
    <document><![CDATA[Megyn Kelly Increasingly Unlikely To Get Full Payout Of $69M Contract From NBC #URL#]]></document>
    <document><![CDATA[Kip Pardue’s Role On ‘The Runaways’ In Limbo After Sexual Misconduct Allegations #URL#]]></document>
    <document><![CDATA[Donald Trump Continues Fake News Crusade During Fox News Interview #URL#]]></document>
    <document><![CDATA[Nicki Minaj Says She Didn’t Leak Cardi B’s Number – MovieMagic #URL#]]></document>
    <document><![CDATA[Priyanka Chopra looks like the happiest bride ever at her bridal shower #URL# #URL#]]></document>
    <document><![CDATA[Zero Trailer Launch + Shah Rukh Khan’s Birthday: Mannat Turns To ‘Jannat’! #URL#]]></document>
    <document><![CDATA[Holliday Grainger, Callum Turner Cast in BBC Drama ‘The Capture’ – MovieMagic #URL#]]></document>
    <document><![CDATA[Jack And Dil Music Review #URL#]]></document>
    <document><![CDATA[10 Crazy-Epic Celebrity Halloween 2018 Costumes You Can’t Miss #URL#]]></document>
    <document><![CDATA[Is sequel to Priyanka Chopra and Kangana Ranaut’s Fashion on the cards? Director Madhur Bhandarkar answers #URL#]]></document>
    <document><![CDATA[Shah Rukh Khan’s Breakthrough Performance &amp; 4 Other Things To Watch Out For! #URL# #URL#]]></document>
    <document><![CDATA[Lena Dunham Set To Pen Syrian Refugee Survival Film For Paramount #URL#]]></document>
    <document><![CDATA[15 New Ways to Wear Velvet This Season #URL#]]></document>
    <document><![CDATA[Tripling 2, Dolly Kitty Aur Woh Chamakte Sitare #URL#]]></document>
    <document><![CDATA[Pharrell Williams Threatens LAwsuit After Donald Trump Plays ‘Happy’ At Rally #URL#]]></document>
    <document><![CDATA[The page is temporarily unavailable #URL#]]></document>
    <document><![CDATA[Amit Sadh introduces girlfriend Annabel DaSilva as his ‘significant other’ and we are left wondering! #URL#]]></document>
    <document><![CDATA[Life In A… Metro Sequel Was A Rumour; Anurag Basu Finally Confirms! #URL#]]></document>
    <document><![CDATA[Kedarnath first poster out: Sara Ali Khan to debut on December 7, ahead of Ranveer Singh’s Simmba! #URL#]]></document>
    <document><![CDATA[TUESDAY TRIVIA! Srimanthudu, Kick, Arya and many other films that were rejected by Jr NTR and turned out to be bloc… #URL#]]></document>
    <document><![CDATA[Pharrell Williams Tells Trump Not to Play ‘Happy’ at Rallies – MovieMagic #URL#]]></document>
    <document><![CDATA[Outfest Legacy Awards Honor ‘Pose,’ Sony Picture Classics – MovieMagic #URL#]]></document>
    <document><![CDATA[Page not found – Movie Magic #URL#]]></document>
    <document><![CDATA[‘It’ Director Andy Muschietti Boards ‘Attack on Titan’ – MovieMagic #URL#]]></document>
    <document><![CDATA[Slay or Nay: Priyanka Chopra in Anna Sui outside her apartment in NYC #URL# #URL#]]></document>
    <document><![CDATA[Kedarnath Poster: Sushant Singh Rajput rescues Sara Ali Khan from nature’s wrath proving that true love can overcom… #URL#]]></document>
    <document><![CDATA[Sony Pictures Registers $209M Q2 Profit, Boosts Full-Year Outlook #URL#]]></document>
    <document><![CDATA[Jon Bernthal, Evan Peters, Charlie Plummer, Josh Gad Join Snow Ponies #URL#]]></document>
    <document><![CDATA[The Bigg Boss Anup Jalota – Jasleen Matharu gimmick that backfired #URL#]]></document>
    <document><![CDATA[Tour the Spooky Chilling Adventures of Sabrina House With Lucy Davis #URL#]]></document>
    <document><![CDATA[World Series Ratings Fall 23 Percent From 2017 – MovieMagic #URL#]]></document>
    <document><![CDATA[Sanju’s 34.75 Cr VS Thugs Of Hindostan, 2.0 &amp; Zero; Your Bet On The Biggest… #URL#]]></document>
    <document><![CDATA[REVEALED: Here are the details of the Priyanka Chopra – Nick Jonas wedding that is expected to happen in Jaipur… #URL#]]></document>
    <document><![CDATA[5 Frames Of Her That Will Make You Watch This Promo More Than Once! #URL# #URL#]]></document>
    <document><![CDATA[Salman Khan Wants To Shorten This Film By 20-25 Minutes? #URL#]]></document>
    <document><![CDATA[Baazaar Is Ordinary On Monday, Badhaai Ho Keeps The Celebrations On! #URL#]]></document>
    <document><![CDATA[Nick Stoller Sells Four Comedies To CBS, ABC &amp; Fox #URL# #URL#]]></document>
    <document><![CDATA[Slay or Nay: Mouni Roy in Anamika Khanna for MAMI Film Festival 2018 Brunch #URL# #URL#]]></document>
    <document><![CDATA[Married at First Sight’s Shawniece Jackson and Jephte Pierre Get Real About Parenthood #URL#]]></document>
    <document><![CDATA[Kedarnath Teaser: Sara Ali Khan – Sushant Singh Rajput’s KISS sets the tone to showcase their intense chemistry… #URL#]]></document>
    <document><![CDATA[Malaika Arora speaks about Me Too movement – Here’s why she considers it more of a noise and less of a change #URL#]]></document>
    <document><![CDATA[Slay or Nay: Sonakshi Sinha in Romy Collection for an event #URL#]]></document>
    <document><![CDATA[Daler Mehendi &amp; Mika Singh’s Brother Amarjeet Singh Passes Away! #URL#]]></document>
    <document><![CDATA[Warner Bros lands Peter Jackson WWI Documentary ‘They Shall Not Grow Old’ #URL# #URL#]]></document>
    <document><![CDATA[SAG-AFTRA Responds to Sarah Scott Sexual Harrassment Complaint – MovieMagic #URL#]]></document>
    <document><![CDATA[Kasautii Zindagii Kay 2: Hina Khan signs as Akshara instead of Komolika on the log sheet of the show #URL#]]></document>
    <document><![CDATA[LEAKED PHOTOS! Ranveer Singh and Sara Ali Khan shoot for a peppy dance number for Simmba #URL# #URL#]]></document>
    <document><![CDATA[‘Nanette’ Producer Guesswork Teams With Sharon Horgan’s Merman For Sky Comedy ‘Frayed’ #URL#]]></document>
    <document><![CDATA[Kajol Roped In As An Ambassador For A Hair Colouring Brand! #URL#]]></document>
    <document><![CDATA[EXCLUSIVE: Taapsee Pannu on trolling the trolls – I just want to show mirror to them #URL#]]></document>
    <document><![CDATA[Anurag Basu: I have nowhere mentioned that the movie that I am shooting now is a sequel of Life… In A Metro #URL#]]></document>
    <document><![CDATA[Priyanka Chopra and Nick Jonas to debut as a couple on KJo’s Koffee with Karan season finale? #URL#]]></document>
    <document><![CDATA[Which Outlets Trump Considers ‘Enemy of the People’ – MovieMagic #URL#]]></document>
    <document><![CDATA[Peter Farrelly’s ‘Green Book’ Set to Open Revamped Cairo Film Festival – MovieMagic #URL#]]></document>
    <document><![CDATA[Shakeela roped in for a cameo in her biopic #URL#]]></document>
    <document><![CDATA[‘Performance’: 50th Anniversary Of Mick Jagger’s British Crime Drama #URL# #URL#]]></document>
    <document><![CDATA[Kedarnath teaser: Sara Ali Khan and Sushant Singh’s hot chemistry beats nature’s cold fury -watch video #URL#]]></document>
    <document><![CDATA[Bigg Boss 12: Anup Jalota wants to do Kanyadaan for Jasleen Matharu while she pines for her ‘boyfriend’… #URL#]]></document>
    <document><![CDATA[Kedarnath teaser OUT: Sara Ali Khan delivers her first on screen KISS with Sushant Singh Rajput (watch video) #URL#]]></document>
    <document><![CDATA[What Will Happen In Chilling Adventures of Sabrina Season 2? #URL#]]></document>
    <document><![CDATA[Budget Breaking! Priyanka Chopra, Kareena Kapoor Khan, Janhvi Kapoor and Kangana Ranaut’s style choices that will m… #URL#]]></document>
    <document><![CDATA[Daler Mehndi &amp; Mika Singh’s Brother Amarjeet Singh Passes Away! #URL#]]></document>
    <document><![CDATA[Cute, protective, goofy – As Ranveer Singh gets set to marry Deepika Padukone, let’s rewind to some pics that are b… #URL#]]></document>
    <document><![CDATA[LEAKED PHOTOS: From a simple man to muscular heartthrob, Salman Khan transforms for two different eras in Bharat… #URL#]]></document>
    <document><![CDATA[Aamir Khan’s Mantra Of Success! #URL#]]></document>
    <document><![CDATA[Arshad Warsi to have a cameo in the remix of Aankh Maare in Rohit Shetty’s Simmba – read tweet #URL#]]></document>
    <document><![CDATA[Margarethe von Trotta’s Journey – MovieMagic #URL#]]></document>
    <document><![CDATA[Fox News Ripped By Matt Drudge Over “Bizarre” Synagogue Shooting Segment #URL#]]></document>
    <document><![CDATA[Sony Pictures Scores Profits of $211 Million in Second Quarter – MovieMagic #URL#]]></document>
    <document><![CDATA[‘The Edge Of Seventeen’ Pilot Based On Movie Ordered By YouTube #URL# #URL#]]></document>
    <document><![CDATA[[WATCH] ‘Boy Erased’ Review: Joel Edgerton’s Family Drama Hits Right Notes #URL#]]></document>
    <document><![CDATA[Exclusive! Anup Jalota requests Kesar Matharu if he can do Jasleen’s Kanyadaan #URL#]]></document>
    <document><![CDATA[Ava Duvernay Working on Prince Documentary for Netflix – MovieMagic #URL#]]></document>
    <document><![CDATA[Listen up Dhanush fans! First look of Maari 2 will be out on THIS day – all deets here #URL#]]></document>
    <document><![CDATA[Thugs of Hindostan: Amitabh Bachchan and Aamir Khan shoot amongst snakes, bats and a palki in Thailand… #URL#]]></document>
    <document><![CDATA[Ekta Kapoor reveals the REAL reason she chose Hina Khan as Komolika and it involves Vidya Balan #URL#]]></document>
    <document><![CDATA[Ava DuVernay Directed Prince Docu In The Works At Netflix #URL#]]></document>
    <document><![CDATA[Meghan Markle pregnancy: Prince Harry reveals the adorable nickname for his little one and we cannot stop grinning #URL#]]></document>
    <document><![CDATA[Gajraj Rao of Badhaai Ho believes in miracles #URL#]]></document>
    <document><![CDATA[Shveta Salve dons a bikini, LASHES out at haters with a cigarette in one hand, drink in another #URL#]]></document>
    <document><![CDATA[AR Rahman to compose music for the Tamil remake of Pink starring Ajith? – here are the details #URL#]]></document>
    <document><![CDATA[How Ellie Kemper Feels About Doing a Reboot of The Office #URL#]]></document>
    <document><![CDATA[Mannat gets decked up as Shah Rukh Khan gears for double celebration #URL# #URL#]]></document>
    <document><![CDATA[Justin Chadwick Teams With Me+You On Story Of Young Cancer Survivor #URL#]]></document>
    <document><![CDATA[Veteran Marathi Composer Yeshwant Deo Passes Away At 91 #URL#]]></document>
    <document><![CDATA[When Pankaj Tripathi thought Chorus was some big famous singer in Mumbai #URL# #URL#]]></document>
    <document><![CDATA[22 Films For Which Shah Rukh Khan Was The FIRST Choice! #URL#]]></document>
    <document><![CDATA[Anushka Sharma has an open door policy for new musicians #URL#]]></document>
    <document><![CDATA[Bigg Boss 12: Rohit Suchanti’s mom SLAMS all the homophobics making fun of his body #URL#]]></document>
  </documents>
</author>
