<author lang="en">
  <documents>
    <document><![CDATA[Trump Prepares to Formalize Tariffs but Floats Exemptions #URL#]]></document>
    <document><![CDATA[Ex-Russian spy ‘deliberately targeted’ with nerve agent in England #URL#]]></document>
    <document><![CDATA[2018 World Cup: Nigeria destined for great things in Russia – Karembeu #URL#]]></document>
    <document><![CDATA[Alexa laughing bug has users creeped out, Amazon is working on a fix [UPDATE] #URL# #URL#]]></document>
    <document><![CDATA[RT #USER#: The grace of God is not for lasciviousness but to do more. #HASHTAG# #HASHTAG# #HASHTAG# #URL#]]></document>
    <document><![CDATA[RT #USER#: #HASHTAG# I repeat this photographer deserves an award #URL#]]></document>
    <document><![CDATA[Business Breakfast LIVE: Women have been working for free so far this year, says TUC #URL#]]></document>
    <document><![CDATA[For Brands Celebrating International Women’s Day 2018, Inspirational Messages Aren’t Enough Anymore #URL#]]></document>
    <document><![CDATA[China promises ‘necessary response’ to US tariffs as trade war fears grow #URL#]]></document>
    <document><![CDATA[I’m ready to release back to back hits, Dremo brags #URL#]]></document>
    <document><![CDATA[#HASHTAG# 2018 Day 38: The Food Problem In The House #URL#]]></document>
    <document><![CDATA[Follow me and follow anyone that Rt]]></document>
    <document><![CDATA[Gender diversity key for success in financial services #URL#]]></document>
    <document><![CDATA[Asian shares find solace in hopes of smaller Trump tariffs #URL#]]></document>
    <document><![CDATA[Trump’s trade war: Does the US have the ‘lowest tariffs in the world’? #URL# #URL#]]></document>
    <document><![CDATA[Oculus brings Rift VR headsets back to life with a software fix #URL#]]></document>
    <document><![CDATA[RT #USER#: This is disgusting! How can #USER# essentially be forced to lose his Oscar’s gig for comments he made years ag…]]></document>
    <document><![CDATA[Trump’s Hard-Line Take on Trade Plays Into China’s Hands #URL#]]></document>
    <document><![CDATA[NASA will fly you to the sun–or at least your name #URL#]]></document>
    <document><![CDATA[100 Kids Enjoy Black Panther Movie in Monrovia #URL#]]></document>
    <document><![CDATA[#USER# i am your youtube subscriber, i want to dm you please follow me back or send me a message so we can tal… #URL#]]></document>
    <document><![CDATA[Rockets extend winning streak to 17, beat Bucks 110-99 #URL#]]></document>
    <document><![CDATA[MWC phones hit Korean market Friday #URL# #URL#]]></document>
    <document><![CDATA[UPDATE 2-China Feb exports surge most in 3 years as global trade war fears build #URL#]]></document>
    <document><![CDATA[International Women’s Day 2018: why the tide is turning #URL#]]></document>
    <document><![CDATA[BBNaija 2018: My romance with Bambam is for the game – Teddy A #URL#]]></document>
    <document><![CDATA[Trump Expected To Formally Order Tariffs On Steel, Aluminum Imports #URL#]]></document>
    <document><![CDATA[NASA Juno Unlocks Secrets of Jupiter’s Mega Cyclone Clusters #URL#]]></document>
    <document><![CDATA[Beijing will retaliate if US-China trade relations are not mutually beneficial: Former diplomat… #URL#]]></document>
    <document><![CDATA[Alexa’s weird, random laughter is freaking people out #URL#]]></document>
    <document><![CDATA[Commercial Space Firms Looking at Vandenberg AFB, Colonel Says #URL#]]></document>
    <document><![CDATA[Trump tariffs would barely raise Boeing’s prices but could hurt sales #URL# #URL#]]></document>
    <document><![CDATA[Gender pay gap means women work 67 days a year for free, says TUC #URL#]]></document>
    <document><![CDATA[2019: How we’ll pick presidential candidate—Northern leaders #URL#]]></document>
    <document><![CDATA[Check it out! I will increase your web ranking online for $5 on #HASHTAG# #URL#]]></document>
    <document><![CDATA[It’s Here! Watch the Season Premiere of MTV Shuga Naija on BN TV #URL#]]></document>
    <document><![CDATA[Venturing Into the Swamp, Trump Dines With Major Donors #URL#]]></document>
    <document><![CDATA[When is International Men’s Day 2018? What is the meaning behind it and why you should celebrate #URL#]]></document>
    <document><![CDATA[Android P feature spotlight: Here are some sweet new transition animations #URL#]]></document>
    <document><![CDATA[Kwara Central Senatorial Poll: Court okays suit seeking to jail Saraki’s agent #URL#]]></document>
    <document><![CDATA[Horizon Zero Dawn Players Have Wasted 1.8 Billion Watcher Enemies #URL#]]></document>
    <document><![CDATA[Five Android P Dev Previews Planned, Final Release In Q3 2018 #URL#]]></document>
    <document><![CDATA[Russian spy: What are nerve agents and what do they do? #URL#]]></document>
    <document><![CDATA[Pick 6 Podcast: Calvin Ridley’s combine red flags, how to handle Le’Veon Bell’s contract #URL#]]></document>
    <document><![CDATA[Tottenham deserved more against Juventus – but they are out because they froze as landmark victory loomed #URL#]]></document>
    <document><![CDATA[RT #USER#: Worshipping on #HASHTAG# with Pastor Chigozie Wisdom Ayanwu #HASHTAG# #HASHTAG# #HASHTAG# #URL#]]></document>
    <document><![CDATA[A Trade Skirmish Is Underway. That Doesn’t Mean a Trade War Is Near. #URL#]]></document>
    <document><![CDATA[China calls on US and North Korea to have talks as soon as possible #URL# #URL#]]></document>
    <document><![CDATA[Land Use Charge law: Alpha Beta inserted “in error” – Lagos govt, Assembly #URL#]]></document>
    <document><![CDATA[Britain Weighing Its Options in Poisoning of Russians #URL#]]></document>
    <document><![CDATA[Coca Cola Alhokol Unternehmen #URL# #URL#]]></document>
    <document><![CDATA[Android P drops support for Nexus 5X, Nexus 6P, and the Pixel C tablet #URL#]]></document>
    <document><![CDATA[Canada, Mexico to Get Initial Exemption From Trump Tariffs #URL#]]></document>
    <document><![CDATA[78 confirmed killed in 2018 Lassa Fever outbreak – NCDC #URL#]]></document>
    <document><![CDATA[Asian Shares Rise As Trade-war Worries Ease #URL#]]></document>
    <document><![CDATA[Facebook Messenger Lite finally gets video chatting #URL#]]></document>
    <document><![CDATA[Here’s what’s new in Android P #URL#]]></document>
    <document><![CDATA[This Tiny Diamond Contains a Mineral That’s Never Been Seen Before #URL#]]></document>
    <document><![CDATA[Don Jazzy reacts to Nina begging Miracle for sex #URL#]]></document>
    <document><![CDATA[Court sentences Charles Okah, Nwabueze to life imprisonment for Oct 1 bombing #URL#]]></document>
    <document><![CDATA[Australian scientists move closer to world-beating quantum computer #URL#]]></document>
    <document><![CDATA[Putin’s latest murder breaks the biggest rule of the spy game #URL#]]></document>
    <document><![CDATA[LG V30S ThinQ, V30S+ ThinQ pricing details revealed #URL#]]></document>
    <document><![CDATA[LG Korea Launches LG V30S ThinQ &amp; 256GB V30S Plus ThinQ #URL#]]></document>
    <document><![CDATA[LG V30S ThinQ, LG V30S+ ThinQ Price Revealed #URL# #URL#]]></document>
    <document><![CDATA[Trump Tariff Plan Challenges Trade System US Helped Build #URL#]]></document>
    <document><![CDATA[International Women’s Day: British Airways operates UK’s biggest all-female flight #URL#]]></document>
    <document><![CDATA[Virgin Mobile customers can get a free Krispy Kreme doughnut this Saturday #URL#]]></document>
    <document><![CDATA[International Women’s Day: Iconic images of women protesters #URL#]]></document>
    <document><![CDATA[Ex-spy attacked with nerve agent puts UK and Russia on a collision course #URL#]]></document>
    <document><![CDATA[Dalung says Nigeria will be contenders in Russia #URL#]]></document>
    <document><![CDATA[Denrele Edun writes emotional birthday message to mum #URL#]]></document>
    <document><![CDATA[As Cohn departs, Wall Street frets over lost White House ties #URL#]]></document>
    <document><![CDATA[Indian elephant, Chinese dragon must dance together: Chinese Foreign Minister #URL#]]></document>
    <document><![CDATA[LG V30S First Look – All Hands on Tech #URL#]]></document>
    <document><![CDATA[RT #USER#: #HASHTAG# worshipping at Dayland Event Centre #HASHTAG# #HASHTAG# #HASHTAG# #URL#]]></document>
    <document><![CDATA[RT #USER#: I've been thinking of one of the most emotionally exhausting days of my life last year. It was a very broke period, someone h…]]></document>
    <document><![CDATA[China February exports surge most in three years as global trade war fears build #URL#]]></document>
    <document><![CDATA[NFL prospect says a team asked him about his sexuality at the combine #URL#]]></document>
    <document><![CDATA[Florida Gun Bill: What’s in It, and What Isn’t #URL#]]></document>
    <document><![CDATA[Jaguar I-Pace undercuts and outperforms Tesla Model X #URL#]]></document>
    <document><![CDATA[Cohn Is Out, and the Verdict Is In: The Nationalists Are Back #URL#]]></document>
    <document><![CDATA[RT #USER#: Live from the #HASHTAG# Kingdom Labourers Conference; Towards The Effective Church. #HASHTAG# #HASHTAG# #HASHTAG# #URL#…]]></document>
    <document><![CDATA[Trump White House finally taken by Storm(y) #URL#]]></document>
    <document><![CDATA[China eyes greater global leadership role, downplays fears #URL#]]></document>
    <document><![CDATA[Legion of Buh-bye? Seahawks may part ways with Richard Sherman, Earl Thomas. #URL#]]></document>
    <document><![CDATA[Asian shares find solace in hopes of smaller Trump tariff #URL#]]></document>
    <document><![CDATA[On women’s day, let’s stop patching up men #URL#]]></document>
    <document><![CDATA[South Korean officials leave for US with message from North Korea to Trump #URL#]]></document>
    <document><![CDATA[China’s economic shift to propel global growth #URL# #URL#]]></document>
    <document><![CDATA[Android P Developer Preview: Biggest Features Of Next Major Upgrade Explained #URL#]]></document>
    <document><![CDATA[RT #USER#: Pictures from the ongoing Kingdom Labourers Conference Ibadan.. . If you in Ibadan or it's environs, join us at Daylan…]]></document>
    <document><![CDATA[Microsoft admits Windows 10 S was confusing, new ‘S Mode’ upgrades will be free #URL#]]></document>
    <document><![CDATA[RT #USER#: I hereby demand, and will do so officially tomorrow, that the Department of Justice look into whether or not the FBI/D…]]></document>
    <document><![CDATA[Google releases Android P Developer Preview #URL#]]></document>
    <document><![CDATA[UFO Wingnuts Confuse a Fallen Boulder for a Crashed Alien Spacecraft #URL#]]></document>
    <document><![CDATA[RT #USER#: So #USER# beat my face up to lighten up my mood! #URL#]]></document>
    <document><![CDATA[Sexist agendas are finally exposed on International Women’s Day #URL# #URL#]]></document>
    <document><![CDATA[Monster Hunter: World Will Get a Live Stream Special Next Week, New Details Incoming #URL#]]></document>
    <document><![CDATA[Late Night with Ben Maller – Should the Patriots have tried a little harder to get Michael Bennett? 3-8 #URL#]]></document>
  </documents>
</author>
