<author lang="en">
  <documents>
    <document><![CDATA[(FBI: Most Wanted Season 1 Episode 3 "Hairtrigger" Synopsis) #HASHTAG# #HASHTAG#… #URL#]]></document>
    <document><![CDATA[(Station 19 Season 3 Episode 4 "House Where Nobody Lives" Synopsis) #HASHTAG# - #URL# #URL#]]></document>
    <document><![CDATA[(Chicago PD Season 7 Episode 14 "Center Mass" Synopsis) #HASHTAG# - #URL# #URL#]]></document>
    <document><![CDATA[(#HASHTAG# Season 17 Episode 16 "Ephemera" Synopsis &amp; Promo) - #URL# #URL#]]></document>
    <document><![CDATA[(Katy Keene Season 1 Episode 3 "What Becomes of the Broken Hearted" Synopsis) #HASHTAG# - #URL# #URL#]]></document>
    <document><![CDATA[(Party of Five Season 1 Episode 8 "Dos y Dos" Synopsis &amp; Promo) #HASHTAG# - #URL# #URL#]]></document>
    <document><![CDATA[(The Magicians Season 5 Episode 8 "Garden Variety Homicide" Synopsis) #HASHTAG# - #URL# #URL#]]></document>
    <document><![CDATA[(FBI: Most Wanted Season 1 Episode 5 "Invisible" Synopsis &amp; Promo) #HASHTAG# - #URL# #URL#]]></document>
    <document><![CDATA[(The Sinner Season 3 Episode 3 "Part III" Synopsis &amp; Promo) #HASHTAG# - #URL# #URL#]]></document>
    <document><![CDATA[(Criminal Minds Series Finale Synopsis &amp; Promo) #HASHTAG# - #URL# #URL#]]></document>
    <document><![CDATA[(Party of Five Season 1 Episode 8 "Dos y Dos" Synopsis) #HASHTAG# - #URL# #URL#]]></document>
    <document><![CDATA[(#HASHTAG# Season 2 Episode 7 "Emergency Exit" Synopsis) - #URL# #URL#]]></document>
    <document><![CDATA[(The Outsider Season 1 Episode 5 "Tear-Drinker" Synopsis) #HASHTAG# - #URL# #URL#]]></document>
    <document><![CDATA[(Prodigal Son Season 1 Episode 15 "Death's Door" Synopsis &amp; Promo) #HASHTAG# - #URL# #URL#]]></document>
    <document><![CDATA[(Party of Five Season 1 Episode 7 "Speak for Yourself" Synopsis) #HASHTAG# - #URL# #URL#]]></document>
    <document><![CDATA[(Lincoln Rhyme Season 1 Episode 7 "Requiem" Synopsis) #HASHTAG# - #URL# #URL#]]></document>
    <document><![CDATA[(The Sinner Season 3 Episode 1 "Part 1" Synopsis) #HASHTAG# - #URL# #URL#]]></document>
    <document><![CDATA[(Nancy Drew Season 1 Episode 14 "The Sign of the Uninvited Guest" Synopsis &amp; Promo) #HASHTAG# -… #URL#]]></document>
    <document><![CDATA[(The Outsider Season 1 Episode 10 "Must/Can't" Synopsis) #HASHTAG# - #URL# #URL#]]></document>
    <document><![CDATA[(#HASHTAG# Season 1 Episode 6 "Bullying" Synopsis) - #URL# #URL#]]></document>
    <document><![CDATA[(The Sinner Season 3 Episode 4 "Part IV" Synopsis) #HASHTAG# - #URL# #URL#]]></document>
    <document><![CDATA[(#HASHTAG# Season 4 Episode 4 "Windmill + Acetone + Celluloid + Firing Pin" Synopsis) - #URL# #URL#]]></document>
    <document><![CDATA[(Criminal Minds Series Finale Synopsis) #HASHTAG# - #URL# #URL#]]></document>
    <document><![CDATA[(#HASHTAG# Season 1 Episode 3 "Grandparents" Synopsis) - #URL# #URL#]]></document>
    <document><![CDATA[(#HASHTAG# Season 1 Episode 5 "Bad Guy" Synopsis) - #URL# #URL#]]></document>
    <document><![CDATA[(For Life Season 1 Episode 2 "Promises" Synopsis &amp; Promo) #HASHTAG# - #URL# #URL#]]></document>
    <document><![CDATA[(Chicago Fire Season 8 Episode 14 "Shut It Down" Synopsis) #HASHTAG# - #URL# #URL#]]></document>
    <document><![CDATA[(The Outsider Season 1 Episode 7 "In the Pines, In the Pines" Synopsis) #HASHTAG# - #URL# #URL#]]></document>
    <document><![CDATA[(Chicago Med Season 5 Episode 14 "It may not be forever" Synopsis) #HASHTAG# - #URL# #URL#]]></document>
    <document><![CDATA[(Chicago Fire Season 8 Episode 15 "Off the Grid" Synopsis) #HASHTAG# - #URL# #URL#]]></document>
    <document><![CDATA[(911: Lone Star Season 1 Episode 7 "Bum Steer" Synopsis) #HASHTAG# - #URL# #URL#]]></document>
    <document><![CDATA[(Chicago Fire Season 8 Episode 15 "Off the Grid" Synopsis) #HASHTAG# - #URL# #URL#]]></document>
    <document><![CDATA[(Katy Keene Season 1 Episode 2 "You Can’t Hurry Love" Synopsis) #HASHTAG# - #URL# #URL#]]></document>
    <document><![CDATA[(911 Lone Star Season 1 Episode 5 "Studs" Synopsis) #HASHTAG# - #URL# #URL#]]></document>
    <document><![CDATA[(For Life Season 1 Episode 3 "Brother’s Keeper" Synopsis) #HASHTAG# - #URL# #URL#]]></document>
    <document><![CDATA[(The Sinner Season 3 Episode 5 "Part V" Synopsis) #HASHTAG# - #URL# #URL#]]></document>
    <document><![CDATA[(#HASHTAG# Season 1 Episode 13 "Drink Me" Synopsis &amp; Promo) - #URL# #URL#]]></document>
    <document><![CDATA[(Legends of Tomorrow Season 5 Episode 5 "Mortal Khanbat" Synopsis) #HASHTAG# - #URL# #URL#]]></document>
    <document><![CDATA[(FBI: Most Wanted Season 1 Episode 6 "Prophet" Synopsis) #HASHTAG# - #URL# #URL#]]></document>
    <document><![CDATA[(#HASHTAG# Season 17 Episode 16 "Ephemera" Synopsis) - #URL# #URL#]]></document>
    <document><![CDATA[(911 Lone Star Season 1 Episode 8 "Monster Inside" Synopsis) #HASHTAG# - #URL# #URL#]]></document>
    <document><![CDATA[(Katy Keene Season 1 Episode 5 "Song for a Winter’s Night" Synopsis) #HASHTAG# - #URL# #URL#]]></document>
    <document><![CDATA[(911 Lone Star Season 1 Episode 6 "Friends Like These" Synopsis &amp; Promo) #HASHTAG# - #URL# #URL#]]></document>
    <document><![CDATA[(#HASHTAG# Season 4 Episode 1 "Fire + Ashes + Legacy = Phoenix" Synopsis &amp; Promo) - #URL# #URL#]]></document>
    <document><![CDATA[(Party of Five Season 1 Episode 9 "Mexico" Synopsis) #HASHTAG# - #URL# #URL#]]></document>
    <document><![CDATA[(#HASHTAG# Season 4 Episode 5 "Soccer + Desi + Merchant + Titan" Synopsis) - #URL# #URL#]]></document>
    <document><![CDATA[(#HASHTAG# Season 17 Episode 15 "Lonely Hearts" Synopsis) - #URL# #URL#]]></document>
    <document><![CDATA[(Briarpatch Season 1 Episode 3 "Terrible, Shocking Things" Synopsis) - #URL# #URL#]]></document>
    <document><![CDATA[(#HASHTAG# Season 1 Episode 13 "Drink Me" Synopsis) - #URL# #URL#]]></document>
    <document><![CDATA[(The Outsider Season 1 Episode 8 "Foxhead" Synopsis) #HASHTAG# - #URL# #URL#]]></document>
    <document><![CDATA[(#HASHTAG# Season 1 Episode 4 "Breadknife Weather" Synopsis) - #URL# #URL#]]></document>
    <document><![CDATA[(#HASHTAG# Season 4 Episode 2 "Red Cell + Quantum + Cold + Committed" Synopsis) - #URL# #URL#]]></document>
    <document><![CDATA[(Criminal Minds Season 15 Episode 8 "Family Tree" Synopsis &amp; Promo) #HASHTAG# - #URL# #URL#]]></document>
    <document><![CDATA[(Station 19 Season 3 Episode 3 "Eulogy" Synopsis) #HASHTAG# - #URL# #URL#]]></document>
    <document><![CDATA[(#HASHTAG# Season 3 Episode 14 "Animus" Synopsis) - #URL# #URL#]]></document>
    <document><![CDATA[(Chicago PD Season 7 Episode 15 "Burden of Truth" Synopsis) #HASHTAG# - #URL# #URL#]]></document>
    <document><![CDATA[(#HASHTAG# Season 1 Episode 7 "Failing" Synopsis) - #URL# #URL#]]></document>
    <document><![CDATA[(#HASHTAG# Season 1 Episode 4 "Bullying" Synopsis) - #URL# #URL#]]></document>
    <document><![CDATA[(#HASHTAG# Season 4 Episode 14 "How to Get Away with Murder" Synopsis &amp; Promo) - #URL# #URL#]]></document>
    <document><![CDATA[(Legends of Tomorrow Season 5 Episode 4 "A Head of Her Time" Synopsis) #HASHTAG# - #URL# #URL#]]></document>
    <document><![CDATA[(#HASHTAG# Season 4 Episode 3 "Kid + Plane + Cable + Truck" Synopsis &amp; Promo) - #URL# #URL#]]></document>
    <document><![CDATA[(Legends of Tomorrow Season 5 Episode 6 "Mr. Parker’s Cul-De-Sac" Synopsis) #HASHTAG# -… #URL#]]></document>
    <document><![CDATA[(#HASHTAG# Season 3 Official Promo) - #URL# #URL#]]></document>
    <document><![CDATA[(#HASHTAG# Season 2 Episode 7 "Emergency Exit" Synopsis &amp; Promo) - #URL# #URL#]]></document>
    <document><![CDATA[(Nancy Drew Season 1 Episode 5 "The Terror of Horseshoe Bay" Synopsis) #HASHTAG# - #URL# #URL#]]></document>
    <document><![CDATA[(Katy Keene Season 1 Episode 4 "Here Comes the Sun" Synopsis) #HASHTAG# - #URL# #URL#]]></document>
    <document><![CDATA[(The Outsider Season 1 Episode 9 "Tigers and Bears" Synopsis) #HASHTAG# - #URL# #URL#]]></document>
    <document><![CDATA[(Legends of Tomorrow Season 5 Episode 4 "A Head of Her Time" Synopsis &amp; Promo) #HASHTAG# -… #URL#]]></document>
    <document><![CDATA[(FBI: Most Wanted Season 1 Episode 6 "Prophet" Synopsis &amp; Promo) #HASHTAG# - #URL# #URL#]]></document>
    <document><![CDATA[(#HASHTAG# Season 5 Episode 12 "Back From the Future – Part Two" Synopsis &amp; Promo) - #URL# #URL#]]></document>
    <document><![CDATA[(Legends of Tomorrow Season 5 Episode 3 "Slay Anything" Synopsis) #HASHTAG# - #URL# #URL#]]></document>
    <document><![CDATA[(#HASHTAG# Season 4 Episode 3 "Kid + Plane + Cable + Truck" Synopsis) - #URL# #URL#]]></document>
    <document><![CDATA[(#HASHTAG# Season 4 Episode 14 "How to Get Away with Murder" Synopsis) - #URL# #URL#]]></document>
    <document><![CDATA[(#HASHTAG# Season 4 Episode 12 "Men of Honor" Synopsis) - #URL# #URL#]]></document>
    <document><![CDATA[(The Outsider Season 1 Episode 6 "The One About the Yiddish Vampire" Synopsis) #HASHTAG# -… #URL#]]></document>
    <document><![CDATA[(#HASHTAG# Season 5 Episode 13 "It’s a Super Life" Synopsis &amp; Promo) - #URL# #URL#]]></document>
    <document><![CDATA[(#HASHTAG# Season 5 Episode 13 "It’s a Super Life" Synopsis) - #URL# #URL#]]></document>
    <document><![CDATA[(The Magicians Season 5 Episode 7 "Acting Dean" Synopsis &amp; Promo) #HASHTAG# - #URL# #URL#]]></document>
    <document><![CDATA[(Lincoln Rhyme Season 1 Episode 4 "What Lies Beneath" Synopsis) #HASHTAG# - #URL# #URL#]]></document>
    <document><![CDATA[(Lincoln Rhyme Season 1 Episode 6 "Til Death Do Us Part" Synopsis &amp; Promo) #HASHTAG# - #URL# #URL#]]></document>
    <document><![CDATA[(Motherland: Fort Salem Season 1 Promo) #HASHTAG# - #URL# #URL#]]></document>
    <document><![CDATA[(#HASHTAG# Season 4 Episode 13 "The Ides of March" Synopsis) - #URL# #URL#]]></document>
    <document><![CDATA[(The Sinner Season 3 Episode 3 "Part III" Synopsis) #HASHTAG# - #URL# #URL#]]></document>
    <document><![CDATA[(911 Lone Star Season 1 Episode 6 "Friends Like These" Synopsis) #HASHTAG# - #URL# #URL#]]></document>
    <document><![CDATA[(The Magicians Season 5 Episode 5 "Oops!...I Did It Again" Synopsis) #HASHTAG# - #URL# #URL#]]></document>
    <document><![CDATA[(#HASHTAG# Season 1 Episode 5 "Dating" Synopsis) - #URL# #URL#]]></document>
    <document><![CDATA[(Criminal Minds Season 15 Episode 7 "Rusty" Synopsis) #HASHTAG# - #URL# #URL#]]></document>
    <document><![CDATA[(Station 19 Season 3 Episode 5 "Into the Woods" Synopsis) #HASHTAG# - #URL# #URL#]]></document>
    <document><![CDATA[(The Magicians Season 5 Episode 7 "Acting Dean" Synopsis) #HASHTAG# - #URL# #URL#]]></document>
    <document><![CDATA[(Criminal Minds Season 15 Episode 8 "Family Tree" Synopsis) #HASHTAG# - #URL# #URL#]]></document>
    <document><![CDATA[(The Sinner Season 1 Episode 2 "Part II" Synopsis) #HASHTAG# - #URL# #URL#]]></document>
    <document><![CDATA[(#HASHTAG# Season 2 Episode 6 "Return Trip" Synopsis) - #URL# #URL#]]></document>
    <document><![CDATA[(Station 19 Season 3 Episode 6 "Ice Ice Baby" Synopsis) #HASHTAG# - #URL# #URL#]]></document>
    <document><![CDATA[(Lincoln Rhyme Season 1 Episode 5 "Game On" Synopsis) #HASHTAG# - #URL# #URL#]]></document>
    <document><![CDATA[(Station 19 Season 3 Episode 5 "Into the Woods" Synopsis &amp; Promo) #HASHTAG# - #URL# #URL#]]></document>
    <document><![CDATA[(Chicago Med Season 5 Episode 15 "I Will Do No Harm" Synopsis) #HASHTAG# - #URL# #URL#]]></document>
    <document><![CDATA[(The Magicians Season 5 Episode 5 "Oops!...I Did It Again" Synopsis &amp; Promo) #HASHTAG# - #URL# #URL#]]></document>
    <document><![CDATA[(Party of Five Season 1 Episode 6 "Patch Job" Synopsis) #HASHTAG# - #URL# #URL#]]></document>
    <document><![CDATA[(Katy Keene Season 1 Episode 3 "What Becomes of the Broken Hearted" Synopsis) #HASHTAG# - #URL# #URL#]]></document>
    <document><![CDATA[(The Magicians Season 5 Episode 9 "Cello Squirrel Daffodil" Synopsis) #HASHTAG# - #URL# #URL#]]></document>
  </documents>
</author>
