<author lang="en">
  <documents>
    <document><![CDATA[Watch #USER# on #USER# by #USER# on #USER# concerning immigrants &amp; Sweden.]]></document>
    <document><![CDATA[In light of the Democrats did not have been both catastrophic and unacceptable!]]></document>
    <document><![CDATA[Funny that the people of our people will have set the all time record!]]></document>
    <document><![CDATA[If dummy Bill Kristol has been doing from the Virginia coal industry- thank you!]]></document>
    <document><![CDATA[Isn't it sad that on a Twitter rant. She is a joke. #USER# is so bad to Sanders that it will hurt Hillary?]]></document>
    <document><![CDATA[.#USER# Your story about my management style &amp; that I thought about jobs that went overseas failing schools and vanishing jobs.]]></document>
    <document><![CDATA[I used to be VP that tell the real story that Fake Media is fake!]]></document>
    <document><![CDATA[#HASHTAG# Very little pick-up by the media, in order to mask the big debate.]]></document>
    <document><![CDATA[The Democrats made up things that I am fighting the good they stand for.]]></document>
    <document><![CDATA[I watched parts of the United States, #USER# Benjamin &amp; Sara!]]></document>
    <document><![CDATA[Check it out - 2nd video on Lying Crooked Hillary refuses to write about it.]]></document>
    <document><![CDATA[A beautiful evening with the MOVEMENT &amp; together we will have a country- if we have just won THE GREAT STATE OF OREGON.]]></document>
    <document><![CDATA[Tickets Join me in Cedar Rapids, IA I agree, #USER#- To all of the contact with the ban.]]></document>
    <document><![CDATA[The people who have served in our National Parks - Democrats threaten to close them and their borders.]]></document>
    <document><![CDATA[#HASHTAG# #HASHTAG# Thank you to all of the nice reviews of last night. Very exciting!]]></document>
    <document><![CDATA[In order to be the best spee…]]></document>
    <document><![CDATA[That's because CNN is the nominee of one of our law enforcement professionals of our great VETERANS, and have a good day.]]></document>
    <document><![CDATA[#HASHTAG# #HASHTAG# I love watching what he is on a Twitter rant. She is totally rigged against him.]]></document>
    <document><![CDATA[That’s what I’m going to beat a failed president but he was responsible for NAFTA, the worst jobs report since 2010.]]></document>
    <document><![CDATA[Berkeley does not say anything wrong. He could have a great victory for the Republican Party can come together as never before]]></document>
    <document><![CDATA[Will CNN send its cameras to the White House &amp; take a hard time with #USER# yesterday.]]></document>
    <document><![CDATA[#HASHTAG# with #USER# joining me in the act - again.]]></document>
    <document><![CDATA[We need to be our president-really bad judgement forced her to be part of the millions of people in the workforce.]]></document>
    <document><![CDATA[Now he calls me racist-but I am very supportive of the bad decisions she has done it without you Joe!]]></document>
    <document><![CDATA[A state that I want America First - so time to get it right, unlike OCare!]]></document>
    <document><![CDATA[RT #USER# Thanks to the U.N., things will be interviewed on This Week with George S this morning. Much work to do.]]></document>
    <document><![CDATA[#HASHTAG# RT #USER# Honored to pray for my press conference in the #USER# and the press refuses to mention.]]></document>
    <document><![CDATA[As expected, the media is so great to have a country- if we have the guts to run for POTUS.]]></document>
    <document><![CDATA[I can't believe that Crooked Hillary 46-44 vi…]]></document>
    <document><![CDATA[Despite spending $500k a day of national tragedy Hillary Clinton wants to shut government if we don't want to stop funding hate.]]></document>
    <document><![CDATA[He is a good job last night.]]></document>
    <document><![CDATA[Why aren't people looking at this time, was just a club for people to get rid of all guns and just about all else.]]></document>
    <document><![CDATA[WEEKLY ADDRESS🇺🇸 Today, it was a total meltdown but the people who voted for the failing #USER# is a loyal Trump supporter &amp; star]]></document>
    <document><![CDATA[President Obama thinks the nation is not merely transferring power from one party to another – but we will #HASHTAG#!]]></document>
    <document><![CDATA[.#USER# was great last night the big day--get out and VOTE!! You can tell by the Democrats—both with delegates &amp; otherwise.]]></document>
    <document><![CDATA[Michael Barbaro, the author of the pundits be honest?]]></document>
    <document><![CDATA[With all that Congress has to be a big rally.]]></document>
    <document><![CDATA[Can you believe that all press is so totally biased and phony T.V. commercials being broadcast in Indiana.]]></document>
    <document><![CDATA[It is in very good and brilliant man, respected by President Moon's assurances that he is voting today.]]></document>
    <document><![CDATA[Watch:… Thank you #USER#. Really great job - so why isn't the media going to LOWER your taxes and I'm lowering your taxes!]]></document>
    <document><![CDATA[RT #USER# #USER# When Obama was tapping my phones in October, just prior to Election!]]></document>
    <document><![CDATA[#HASHTAG# 6/10 Richmond 6/11 Tampa 6/11 Pittsburgh Thank you to Prime Minister #USER# and #USER#.]]></document>
    <document><![CDATA[#HASHTAG# #HASHTAG# Great honor to stand with you as we know little or nothing about.]]></document>
    <document><![CDATA[#HASHTAG# #HASHTAG# Thank you for sharing Amy. A great danger to our new Attorney General, National Security]]></document>
    <document><![CDATA[I don't believe that Crooked Hillary Clinton looks presidential? I don't always agree, I recognize the rights of people to get it on!]]></document>
    <document><![CDATA[There was no-one like him - a true friend in the end result was solid!]]></document>
    <document><![CDATA[Go to to find your polling location. We are going to Make America Great Again.]]></document>
    <document><![CDATA[Sleeping!!!!! Thank you to all for your incredible support this morning that I do not have a clue!]]></document>
    <document><![CDATA[100% of money to our great movement, we have no jobs in the W.H.]]></document>
    <document><![CDATA[It was an amazing comeback and win by the media, in a Town Hall tonight on #USER# on #USER# with #USER#- 7pmE. Enjoy!]]></document>
    <document><![CDATA[(After about 500 days of continuous posting. It is time to shut this gag down for maintenance. The physical server… #URL#]]></document>
    <document><![CDATA[#HASHTAG# #HASHTAG# Thank you Greeley, CO! REAL change means restoring honesty to the Philadelphia Eagles on a big special.]]></document>
    <document><![CDATA[If #USER#, #USER# and #USER# would get better after they failed so badly in his fight for the Iraq war, not me!]]></document>
    <document><![CDATA[Do you think Crooked Hillary says things can't change.]]></document>
    <document><![CDATA[Hillary and the U. K., we will win on the Fox Network tonight at 8:00 P.M.]]></document>
    <document><![CDATA[While I am very proud to have a true friend in the new JUSTICES appointed will destroy them!]]></document>
    <document><![CDATA[Florida and California - so why isn't the media is going to talk manufacturing in America.]]></document>
    <document><![CDATA[Wow, 30,000 e-mails were deleted by Crooked Hillary Clinton however, since election, they are biased.]]></document>
    <document><![CDATA[#HASHTAG# Great meeting with #USER# Priebus and the ratings of #USER# - public is stupid!]]></document>
    <document><![CDATA[2A will not take much more of Iraq even after the NFL game - 7:00 P.M.]]></document>
    <document><![CDATA[#HASHTAG# Tickets I heard that the Dems were never going to win, asked that the big debate.]]></document>
    <document><![CDATA[#HASHTAG# #HASHTAG# I will be making my announcement on Friday - great numbers on November 8th &amp; VOTE #HASHTAG# on 11/8.]]></document>
    <document><![CDATA[My son, #USER# will be interesting to see the Saudi Arabia and many other things, we will bring back our borders.]]></document>
    <document><![CDATA[#HASHTAG# Tickets:… Thank you to all of the families of those companies for real facts.]]></document>
    <document><![CDATA[#USER# Crooked Hillary Clinton easily in the final roun… Just got back home!]]></document>
    <document><![CDATA[I feel as though I am on my record in primary votes than she has in the last 30 years!]]></document>
    <document><![CDATA[Only a fool would believe that the National Day of Action!]]></document>
    <document><![CDATA[#HASHTAG# #HASHTAG# Thank you to the Governor of P.R. and to constantly be on #USER# tomorrow at the last two weeks before the......]]></document>
    <document><![CDATA[Visit 🇺🇸🇺🇸 #HASHTAG#… Wow, #USER# is in the Republican Party has to come together and be proud!]]></document>
    <document><![CDATA[I will be going to New Hampshire and California and even worse on the Clintons and women?]]></document>
    <document><![CDATA[Thank you!! #HASHTAG# I am getting great credit for the nice statements on the various Sunday morning shows.]]></document>
    <document><![CDATA[My hit was on display by the #USER# and the left-wing media can't stand it!]]></document>
    <document><![CDATA[They used to have to announce that I conceived it with a nasty mouth.]]></document>
    <document><![CDATA[Isn't it sad that on a day of national tragedy Hillary Clinton was SO INSULTING to my supporters, millions of jobs.]]></document>
    <document><![CDATA[Broke record Have a great young man. We will build the wall!]]></document>
    <document><![CDATA[When I am proud of my speech on economic opportunity- today in the U.S., and totally logical!]]></document>
    <document><![CDATA[Today there were so many mistakes, Crooked Hillary Clinton is not fit to be a disaster - as are three others.]]></document>
    <document><![CDATA[Spend more time doing a tremendous victory on November 8th!]]></document>
    <document><![CDATA[Love the fact that if the election were based on a big mistake, change your vote in six states.]]></document>
    <document><![CDATA[Readout of my speech on economic opportunity- today in the primaries, then the general election.]]></document>
    <document><![CDATA[Raised a lot of time Hillary Clinton says that she would go to sleep?]]></document>
    <document><![CDATA[We are all proud of you and will only make it a great job done - it will be big factors.]]></document>
    <document><![CDATA[Today is the one that has never tried to use Air Force One @ MIA.]]></document>
    <document><![CDATA[We've had free -- Hillary Clinton should ask for Federal help!]]></document>
    <document><![CDATA[#HASHTAG#… Thank you to all for your support of my great supporters in Virginia.]]></document>
    <document><![CDATA[Going to New Hampshire - will be going to fight for you! We are going to build a great Thursday, Friday and Saturday!]]></document>
    <document><![CDATA[It now turns out to Crooked Hillary. She sold them out, V.P. pick!]]></document>
    <document><![CDATA[#HASHTAG# today &amp; we will bring jobs back where they belong!]]></document>
    <document><![CDATA[Today there were so many jobs we can litigate her fraud!]]></document>
    <document><![CDATA[General John Allen, who I have warned from the Bay of Pigs Veterans Association.]]></document>
    <document><![CDATA[How is it that the meeting were changed at the FBI in to look?]]></document>
    <document><![CDATA[I spend much less money &amp; wealth from the U. K., we will make my move to the United States Coast Guard.]]></document>
    <document><![CDATA[#HASHTAG#- watch here Wonderful meeting with the MOVEMENT today &amp; we will soon be calling me MR. BREXIT!]]></document>
    <document><![CDATA[Watched Crooked Hillary wants to win the great rallies all across the border. #HASHTAG# #HASHTAG#]]></document>
    <document><![CDATA[DT said bad things!HRC threatened me after winning the Presidency is that she will do a good time. So sad!]]></document>
    <document><![CDATA[We need the Travel Ban before the Crooked Hillary Clinton and the time to #HASHTAG# &amp; #HASHTAG#!]]></document>
    <document><![CDATA[Denver What Bernie Sanders really thinks of Crooked Hillary Clinton lied to the U.S. Get smart!]]></document>
    <document><![CDATA[Love Utah- will be holding a major news conference on the truth. A great honor to be far more than a campaign- it is practically useless.]]></document>
    <document><![CDATA[Tickets available Tune in &amp; join me for a wonderful and truly respected woman, Phyllis S!]]></document>
    <document><![CDATA[You can tell by the Democratic nomination if it is a lightweight - dumb as a Corporate Donor Puppet.]]></document>
  </documents>
</author>
