<author lang="en">
  <documents>
    <document><![CDATA[universitybookstore: “Elmore Leonard’s Ten Rules of Writing1.... #URL# rabolas #HASHTAG# #HASHTAG# #URL#]]></document>
    <document><![CDATA[ebookfriendly: How many of these positions have you tried? More #URL# rabolas #HASHTAG# #HASHTAG# #URL#]]></document>
    <document><![CDATA[8 Ways to Improve Your Writing #URL# rabolas #HASHTAG# #HASHTAG# #URL#]]></document>
    <document><![CDATA[livingaleatory:cats and books: an endless love #URL# rabolas #HASHTAG# #HASHTAG# #URL#]]></document>
    <document><![CDATA[bampgs:Bruce Gilden’s Gritty Vision of a Lost New YorkΜπρους είσαι λατρεία #URL# rabolas #HASHTAG#… #URL#]]></document>
    <document><![CDATA[How Classic Cartoons Created a Culturally Literate Generation #URL# rabolas #HASHTAG# #HASHTAG# #URL#]]></document>
    <document><![CDATA[Yes, parents, there is a magic formula to keep your kids reading through the summer #URL# rabolas… #URL#]]></document>
    <document><![CDATA[sunsflowery:Lucca, Italy #URL# rabolas #HASHTAG# #HASHTAG# #URL#]]></document>
    <document><![CDATA[scentedcandlesandoldpages:‘It is better to know one book intimately than a hundred superficially.’by...… #URL#]]></document>
    <document><![CDATA[stripeout: .. the perfect solitude of a... #URL# rabolas #HASHTAG# #HASHTAG# #URL#]]></document>
    <document><![CDATA["It’s better to bet on this life than on the next." #URL# rabolas #HASHTAG# #HASHTAG# #URL#]]></document>
    <document><![CDATA["Writing is a form of therapy; sometimes I wonder how all those who do not write, compose, or paint..."… #URL#]]></document>
    <document><![CDATA[fatehbaz: fatehbaz: Photos from Indigenous women marching in front of National Congress in...… #URL#]]></document>
    <document><![CDATA[rainy-academia:There’s something beautiful about buying a used poetry book with someone else’s...… #URL#]]></document>
    <document><![CDATA[mermaidenkay: I desired always to stretch the nightand fill it... #URL# rabolas #HASHTAG# #HASHTAG# #URL#]]></document>
    <document><![CDATA[beifongkendo: Two boats by moonlight, by Arai Yoshimune (ca. 1920). In quel momento una piccola...… #URL#]]></document>
    <document><![CDATA["I came to a point where I needed solitude and just stop the machine of thinking and enjoying what..."… #URL#]]></document>
    <document><![CDATA[universitybookstore: AUTUMN SONG With long sobsthe... #URL# rabolas #HASHTAG# #HASHTAG# #URL#]]></document>
    <document><![CDATA[incidentalcomics: The Writer’s Routine For the NY Times Book... #URL# rabolas #HASHTAG# #HASHTAG# #URL#]]></document>
    <document><![CDATA["To be an artist is to believe in life." #URL# rabolas #HASHTAG# #HASHTAG# #URL#]]></document>
    <document><![CDATA[quotemadness: “You will never be able to experience everything. So, please, do poetical justice to...… #URL#]]></document>
    <document><![CDATA[stripeout:.. High-speed train window-view of Western Alps..... #URL# rabolas #HASHTAG# #HASHTAG# #URL#]]></document>
    <document><![CDATA["The world was emptying itself of meaning. Everything was hollow. Everything was withering."… #URL#]]></document>
    <document><![CDATA[archatlas: Fengdong E Pang Bookstore Gonverge Interior... #URL# rabolas #HASHTAG# #HASHTAG# #URL#]]></document>
    <document><![CDATA[lilpieceofmyworld: The Notting Hill Bookshop  #URL# rabolas #HASHTAG# #HASHTAG# #URL#]]></document>
    <document><![CDATA[liberomicro: Monday 3 June 2019 I love this corner of the library. Perfect silence, perfect...… #URL#]]></document>
    <document><![CDATA[kingsbridgelibraryteens: Literary Boston: Little Free Library #URL# rabolas #HASHTAG# #HASHTAG# #URL#]]></document>
    <document><![CDATA[ebookfriendly: Books build children More #URL# rabolas #HASHTAG# #HASHTAG# #URL#]]></document>
    <document><![CDATA[On Rejections #URL# rabolas #HASHTAG# #HASHTAG# #URL#]]></document>
    <document><![CDATA[books-n-quotes:“Writing is something you do alone. It’s a profession for introverts who want to tell...… #URL#]]></document>
    <document><![CDATA["Grown-ups like numbers. When you tell them about a new friend, they never ask questions about what..."… #URL#]]></document>
    <document><![CDATA["I mean, they say you die twice. One time when you stop breathing and a second time, a bit later on,..."… #URL#]]></document>
    <document><![CDATA[gravity-rainbow:Samuel Beckett #URL# rabolas #HASHTAG# #HASHTAG# #URL#]]></document>
    <document><![CDATA["When I look at my life and its secret colours, I feel like bursting into tears." #URL# rabolas… #URL#]]></document>
    <document><![CDATA[joeinct: William S. Burroughs Looking at Plywood Cut-out... #URL# rabolas #HASHTAG# #HASHTAG# #URL#]]></document>
    <document><![CDATA["Rivers know this: there is no hurry. We shall get there some day." #URL# rabolas #HASHTAG# #HASHTAG# #URL#]]></document>
    <document><![CDATA[mrdingo:Pet koala drinks from a spoon, circa 1900, photographer... #URL# rabolas #HASHTAG# #HASHTAG# #URL#]]></document>
    <document><![CDATA[instabileatrofia: Core 64 I.S.A. Somewhere in the city #URL# rabolas #HASHTAG# #HASHTAG# #URL#]]></document>
    <document><![CDATA["And so it seems that I must always write you letters that I can never send." #URL# rabolas #HASHTAG#… #URL#]]></document>
    <document><![CDATA[alextriestowritestuff: It’s a constant state of being  #URL# rabolas #HASHTAG# #HASHTAG# #URL#]]></document>
    <document><![CDATA[Ways to Get Inspired to Write That Character #URL# rabolas #HASHTAG# #HASHTAG# #URL#]]></document>
    <document><![CDATA[thebooknomad: 06-01-19. Foraging for books. A good reason to go to New York #URL# rabolas #HASHTAG#… #URL#]]></document>
    <document><![CDATA[thatwritergirlsblog: Acing pacing in your writing I’ve read too many books and watched too many...… #URL#]]></document>
    <document><![CDATA["But life isn’t hard to manage when you’ve nothing to lose." #URL# rabolas #HASHTAG# #HASHTAG# #URL#]]></document>
    <document><![CDATA[violentwavesofemotion: Anton Chekhov, from a diary entry... #URL# rabolas #HASHTAG# #HASHTAG# #URL#]]></document>
    <document><![CDATA["…how empty is the world today." #URL# rabolas #HASHTAG# #HASHTAG# #URL#]]></document>
    <document><![CDATA[nobrashfestivity: Unknown, Home Movie, New mexico, 1949 #URL# rabolas #HASHTAG# #HASHTAG# #URL#]]></document>
    <document><![CDATA[bobbycaputo: Rephotographing Route 66: Animated GIFs Showing... #URL# rabolas #HASHTAG# #HASHTAG# #URL#]]></document>
    <document><![CDATA[iosonorockmaballoiltango: At the heart of all great art is an essential melancholy. Federico García...… #URL#]]></document>
    <document><![CDATA[live-2-learn: source: live-2-learn Torin well, Turin ;) #URL# rabolas #HASHTAG# #HASHTAG# #URL#]]></document>
    <document><![CDATA[amospoe: The Good, The Bad and The Mediocre (Johan Deckmann) #URL# rabolas #HASHTAG# #HASHTAG# #URL#]]></document>
    <document><![CDATA["A poet is, before anything else, a person who is passionately in love with language." #URL# rabo… #URL#]]></document>
    <document><![CDATA[ebookfriendly: Libraries always remind me that there are good... #URL# rabolas #HASHTAG# #HASHTAG# #URL#]]></document>
    <document><![CDATA["We do not grow absolutely, chronologically. We grow sometimes in one dimension, and not in another;..."… #URL#]]></document>
    <document><![CDATA[faireladypenumbra: I think as a writer, personally anyway, there’s a lot of creative time spent...… #URL#]]></document>
    <document><![CDATA[blackundblanc: Good night… #URL# rabolas #HASHTAG# #HASHTAG# #URL#]]></document>
    <document><![CDATA[thebluesthour: “You will hear thunder and remember me, The rim of the sky will be the colour of...… #URL#]]></document>
    <document><![CDATA[stripeout: .. the perfect solitude of a... #URL# rabolas #HASHTAG# #HASHTAG# #URL#]]></document>
    <document><![CDATA[listentothestories: Ellie Dyduch #URL# rabolas #HASHTAG# #HASHTAG# #URL#]]></document>
    <document><![CDATA["One day, I will find the right words, and they will be simple." #URL# rabolas #HASHTAG# #HASHTAG# #URL#]]></document>
    <document><![CDATA[kvetchlandia: James Jowers     Washington Square, Greenwich... #URL# rabolas #HASHTAG# #HASHTAG# #URL#]]></document>
    <document><![CDATA[waterinthemouth:truman capote, 1965 #URL# rabolas #HASHTAG# #HASHTAG# #URL#]]></document>
    <document><![CDATA[steampunktendencies:LIvraria Lello, a bookshop in Porto,... #URL# rabolas #HASHTAG# #HASHTAG# #URL#]]></document>
    <document><![CDATA["Do poets really suffer more than other people?" #URL# rabolas #HASHTAG# #HASHTAG# #URL#]]></document>
    <document><![CDATA[blackswaneuroparedux: I can never read all the books I want; I... #URL# rabolas #HASHTAG# #HASHTAG# #URL#]]></document>
    <document><![CDATA["Sometimes in the evening, around twilight, I’m unable to hold back my tears. But then I pull myself..."… #URL#]]></document>
    <document><![CDATA[happycottage: Cats in windows 🐈 #URL# rabolas #HASHTAG# #HASHTAG# #URL#]]></document>
    <document><![CDATA[raysofcinema: STALKER (1979) Directed by Andrei... #URL# rabolas #HASHTAG# #HASHTAG# #URL#]]></document>
    <document><![CDATA[honestlydeepesttidalwave: Marilyn during her photo shoot with... #URL# rabolas #HASHTAG# #HASHTAG# #URL#]]></document>
    <document><![CDATA[thevisualvamp: Meow #URL# rabolas #HASHTAG# #HASHTAG# #URL#]]></document>
    <document><![CDATA[high-class-victorian-gay: State Hall of the Austrian National Library Sudden urge to hide away...… #URL#]]></document>
    <document><![CDATA["We are actually living in a million parallel realities every single minute." #URL# rabolas #HASHTAG#… #URL#]]></document>
    <document><![CDATA[universitybookstore: SONG OF MYSELF,  XLVI I know I have the... #URL# rabolas #HASHTAG# #HASHTAG# #URL#]]></document>
    <document><![CDATA["But this is what the world is like. And I love the world. I long to devour it all, every bit of it...."… #URL#]]></document>
    <document><![CDATA[ebookfriendly: 12 infographics that will help improve your... #URL# rabolas #HASHTAG# #HASHTAG# #URL#]]></document>
    <document><![CDATA[Social media tempest brings new attention to Asian American literary classics]]></document>
    <document><![CDATA[secifosseluce: “All I am saying, darling, is this: Trust your mind. Trust it sometimes, and draw or...… #URL#]]></document>
    <document><![CDATA[soracities:Octavio Paz, ‘Vrindaban’, A Tale of Two Gardens #URL# rabolas #HASHTAG# #HASHTAG# #URL#]]></document>
    <document><![CDATA[universitybookstore: “Poets have been mysteriously silent on... #URL# rabolas #HASHTAG# #HASHTAG# #URL#]]></document>
    <document><![CDATA[triflingthing:Bookafe (Vilnius, Lithuania) #URL# rabolas #HASHTAG# #HASHTAG# #URL#]]></document>
    <document><![CDATA[the-forest-library:Myopic Books - Chicago #URL# rabolas #HASHTAG# #HASHTAG# #URL#]]></document>
    <document><![CDATA["I used to imagine adventures for myself, I invented a life, so that I could at least exist somehow."… #URL#]]></document>
    <document><![CDATA[gravity-rainbow: The Blue LadiesFresco from the Palace of... #URL# rabolas #HASHTAG# #HASHTAG# #URL#]]></document>
    <document><![CDATA[risfiorire: Charles Bukowski instagram: emptyflower #URL# rabolas #HASHTAG# #HASHTAG# #URL#]]></document>
    <document><![CDATA[agingerwithaseoul:Armchair Books, used book store in Edinburgh, Scotland #URL# rabolas #HASHTAG# #HASHTAG# #URL#]]></document>
    <document><![CDATA[How to Return to your Manuscript #URL# rabolas #HASHTAG# #HASHTAG# #URL#]]></document>
    <document><![CDATA["I created myself, echo and abyss, by thinking. I multiplied myself, by going deeply into myself…"… #URL#]]></document>
    <document><![CDATA["My God is all mud, blood, desire and vision. He is not pure, not spotless, not just, not omnipotent,..."… #URL#]]></document>
    <document><![CDATA["I want to write, but more than that, I want to bring out all kinds of things that lie buried deep in..."… #URL#]]></document>
    <document><![CDATA[Tattered Cover Bookstore #URL# rabolas #HASHTAG# #HASHTAG# #URL#]]></document>
    <document><![CDATA[7 Books to Read Before They Become Movies This Fall #URL# rabolas #HASHTAG# #HASHTAG# #URL#]]></document>
    <document><![CDATA[The American Book Center in Amsterdam #URL# rabolas #HASHTAG# #HASHTAG# #URL#]]></document>
    <document><![CDATA["Words never mean what we want them to mean." #URL# rabolas #HASHTAG# #HASHTAG# #URL#]]></document>
    <document><![CDATA[edoardojazzy: What’s Up, Pussycat? Goran Perojevic #URL# rabolas #HASHTAG# #HASHTAG# #URL#]]></document>
    <document><![CDATA["Nothing stinks like a pile of unpublished writing." #URL# rabolas #HASHTAG# #HASHTAG# #URL#]]></document>
    <document><![CDATA[circe-poetica: magicalhomesandstuff: The Seattle Metaphysical... #URL# rabolas #HASHTAG# #HASHTAG# #URL#]]></document>
    <document><![CDATA[therefined:“Because sending a letter is the next best thing to... #URL# rabolas #HASHTAG# #HASHTAG# #URL#]]></document>
    <document><![CDATA[Margaret Murray - Mother of Egyptology, Grandmother of Wicca, or Fairy Godmother? #URL# rabolas… #URL#]]></document>
    <document><![CDATA[beforevenice: Where is human nature so weak as in a... #URL# rabolas #HASHTAG# #HASHTAG# #URL#]]></document>
    <document><![CDATA[Guide: How to Skip Time in Your Story #URL# rabolas #HASHTAG# #HASHTAG# #URL#]]></document>
  </documents>
</author>
