<author lang="en">
  <documents>
    <document><![CDATA[2020 Film Independent Spirit Awards Winners Announced: op honors were handed out today at the 35th Film Independent… #URL#]]></document>
    <document><![CDATA[Cast &amp; Crew reaches agreeement to buy Media Services: Cast &amp; Crew, which provides payroll and human resources, acco… #URL#]]></document>
    <document><![CDATA[Academy Museum of Motion Pictures to open on Dec. 14th : During tonight’s (2/9) 92nd Academy Awards® ceremony, Tom… #URL#]]></document>
    <document><![CDATA[Rep Report for February 14, 2020: Chicago-based production company Strange Loop Studios has signed Yvette Lubinsky… #URL#]]></document>
    <document><![CDATA[Producer Francesca Pistorio of Contagious Builds a Bridge To Milan: Since January 2019, Italian-born Francesca Pist… #URL#]]></document>
    <document><![CDATA[Coloma-Blaszyk, Frank, Wagner, Martinez Launch The A Team: A Creative (Co)Lab: Award-winning creatives Nikki Coloma… #URL#]]></document>
    <document><![CDATA[Now available... This week's SHOOT &gt;e.dition, for the latest entertainment and commercial production industry news… #URL#]]></document>
    <document><![CDATA[Historian Doris Kearns Goodwin Turns TV Producer With Docuseries "Washington": George Washington is the leading man… #URL#]]></document>
    <document><![CDATA[UCLA Study: Diversity Progresses For Actors, Stagnates For Jobs Behind The Scenes: Film roles were more plentiful f… #URL#]]></document>
    <document><![CDATA["The Farewell" Wins Best Feature At Film Independent Spirit Awards: At a Film Independent Spirit Awards that often… #URL#]]></document>
    <document><![CDATA[Miguel Arteta: Miguel Arteta is a Puerto Rican director known for his feature films Alexander and the Terrible, Hor… #URL#]]></document>
    <document><![CDATA[Prosecutor: Harvey Weinstein Viewed Victims As "Complete Disposables": Harvey Weinstein believed he was so powerful… #URL#]]></document>
    <document><![CDATA[Universal will release controversial "Hunt" film in March: Universal Pictures said Tuesday that it will release the… #URL#]]></document>
    <document><![CDATA[Fox News Tops Nielsens During Week Of Trump's Acquittal: The week President Donald Trump was acquitted in his impea… #URL#]]></document>
    <document><![CDATA[Milestone Oscars For "Parasite" Break Through Language, Cultural Barriers: Before Bong Joon Ho's "Parasite" made hi… #URL#]]></document>
    <document><![CDATA[Stink Films Expands Representation of Director Matilda Finn To Now Include U.S. Market: Stink Films has expanded it… #URL#]]></document>
    <document><![CDATA[Clyde Brothers: Directors. Writers. Producers. Actual Brothers. They work on all their projects as a duo, creating… #URL#]]></document>
    <document><![CDATA[Sophia Banks: Sophia is a fierce filmmaker and director. A sci-fi lover and inventor of new filmmaking techniques,… #URL#]]></document>
    <document><![CDATA[Friday, for the latest entertainment and commercial production industry news of th… #URL#]]></document>
    <document><![CDATA[VES Takes Exception To Oscars Joke Attributing "Cats" Failure To VFX: It was inevitable that somebody on Oscars nig… #URL#]]></document>
    <document><![CDATA[Entertainment Industry Professionals Mentoring Alliance to host launch event: The Entertainment Industry Profession… #URL#]]></document>
    <document><![CDATA[Grammy-Nominated Director Savanah Leaf Signs With Park Pictures: Bicoastal production company Park Pictures has sig… #URL#]]></document>
    <document><![CDATA[Defense Rests As Harvey Weinstein Declines To Testify: The defense rested its case Tuesday in Harvey Weinstein's ra… #URL#]]></document>
    <document><![CDATA[Oscars viewership plunges to record low: ABC's telecast of the Academy Awards hit an all-time low in the ratings, w… #URL#]]></document>
    <document><![CDATA[German filmmaker Vilsmaier, known for "Stalingrad," dies at 81: Joseph Vilsmaier, a German filmmaker whose striking… #URL#]]></document>
    <document><![CDATA[Sense of History Felt At ACE Session Featuring Oscar-Nominated Editors: There was a clear sense of history at the A… #URL#]]></document>
    <document><![CDATA[Director Chris Stanford Joins Rocket Film For Spots: Rocket Film has signed director Chris Stanford for U.S. commer… #URL#]]></document>
    <document><![CDATA[Review: Writer-Director Stella Meghie's "The Photograph": This Valentine's Day, there's certain to be the usual flo… #URL#]]></document>
    <document><![CDATA[mcgarrybowen promotes Shuttleworth, Ross to key strategic roles: Jennifer Zimmerman, global chief strategy officer… #URL#]]></document>
    <document><![CDATA[Director Adrian Elliot’s Boundary-Bending Comedy "This Isn’t Me" to Screen at SXSW: This Isn’t Me, an audacious new… #URL#]]></document>
    <document><![CDATA[Vida - Season 2 Trailer #URL#]]></document>
    <document><![CDATA[Rodeo Show Signs Director Aaron Kodz For Commercials: Production company Rodeo Show has added director Aaron Kodz t… #URL#]]></document>
    <document><![CDATA[Renault - Love The City #URL#]]></document>
    <document><![CDATA[Monday, for the latest entertainment and commercial production industry news of th… #URL#]]></document>
    <document><![CDATA[American University of Cairo - Be The Future #URL#]]></document>
    <document><![CDATA[Visual Effects Society New York To Host 6th Annual Awards Celebration: Today, the New York Section of the Visual Ef… #URL#]]></document>
    <document><![CDATA[Curatorial Committee For 2020 AICP Show Announced: Matt Miller, President and CEO of AICP, and Ali Brown, President… #URL#]]></document>
    <document><![CDATA[EditShare Academy 2020: An Introduction from our CEO, Conrad Clemson on the launch of the EditShare Academy 2020.… #URL#]]></document>
    <document><![CDATA[Actor-comedian Orson Bean, 91, hit and killed by car in LA: Orson Bean, the witty actor and comedian, was hit and k… #URL#]]></document>
    <document><![CDATA[Terence Neale Directs "Option 2" For BMW, Goodby Silverstein &amp; Partners: Goodby Silverstein &amp; Partners (GS&amp;P) turne… #URL#]]></document>
    <document><![CDATA[72andSunny, Instrument, CPB, Redscout, Hecho Studios Team To Form Constellation: Five MDC Partners shops--72andSunn… #URL#]]></document>
    <document><![CDATA[AICP Show Sets Lineup of Global Ambassadors and Committees: Matt Miller, president and CEO of AICP, and Ali Brown,… #URL#]]></document>
    <document><![CDATA[KTNV, Las Vegas, Teams with Stephen Arnold Music to Promote “Good Morning Las Vegas”: Las Vegas television station… #URL#]]></document>
    <document><![CDATA[BAFTA-Winning Director John Crowley Signs With RSA Films: RSA Films has added award-winning theatre and film direct… #URL#]]></document>
    <document><![CDATA[Actor Jussie Smollett faces 6 new charges in Chicago: Actor Jussie Smollett was indicted Tuesday for a second time… #URL#]]></document>
    <document><![CDATA[AJA ships HDR Image Analyzer 12G with 8K support: AJA Video Systems is now shipping HDR Image Analyzer 12G, the pow… #URL#]]></document>
    <document><![CDATA[Weinstein Lawyer Claims Prosecutors Have Created "Alternate Universe": Harvey Weinstein's lawyer told jurors Thursd… #URL#]]></document>
    <document><![CDATA[Review: Nat Faxon and Jim Rash's "Downhill": The foreign-language film remake has never been the most esteemed sort… #URL#]]></document>
    <document><![CDATA[Washington Square Films Signs Director Jakob Ström For U.S. Representation: Director Jakob Ström has joined NY-base… #URL#]]></document>
    <document><![CDATA[Durable Goods Adds Director Sam Ciaramitaro To Its Roster: Durable Goods has signed director and producer Sam Ciara… #URL#]]></document>
    <document><![CDATA[Erica Hoholick named chief client officer at 22squared: Erica Hoholick has joined 22squared in the new role of chie… #URL#]]></document>
    <document><![CDATA[Franco Garuti: Italio-Argentine director &amp; producer, passionate about visual arts, team leadership and creative thi… #URL#]]></document>
    <document><![CDATA[Jorell O'Dell: Known for his groundbreaking work in developing the technology behind the AntigravityCam, Jorel is a… #URL#]]></document>
    <document><![CDATA[Tara Maloney joins Framestore as head of production in NY: Oscar-winning creative studio Framestore has appointed T… #URL#]]></document>
    <document><![CDATA["Birds Of Prey" Flies Below Expectations But Still Wins Weekend Box Office: "Birds of Prey," the DC Comics' Harley… #URL#]]></document>
    <document><![CDATA["Sonic" Gets Off To Fast Box Office Start; "Parasite" Enjoys Oscars Boost: The redesigned "Sonic the Hedgehog" show… #URL#]]></document>
    <document><![CDATA[SYFY WIRE Rebrand: BLOCK &amp; TACKLE: "SYFY WIRE takes fandom seriously… but themselves, not so much. As the premier p… #URL#]]></document>
    <document><![CDATA[Entertainment Industry Professionals Mentoring Alliance (EIPMA) To Host Open House For Educators, Students and Youn… #URL#]]></document>
    <document><![CDATA[Full board of France's Cesar film awards steps down: The entire leadership of the Cesar Awards, France's version of… #URL#]]></document>
    <document><![CDATA[Street Talk for February 14, 2020: London-based production house Spindle has added to its roster the Coyle-Larner B… #URL#]]></document>
    <document><![CDATA["Joker," "The Mandalorian" Win Top Film, TV Campaign Honors At ICG Publicists Awards: Joker (Warner Bros.) and The… #URL#]]></document>
    <document><![CDATA[Comics, Fandom and Fan-Made Aesthetics Power BLOCK &amp; TACKLE's SYFY WIRE Rebrand: Global multiplatform media brand S… #URL#]]></document>
    <document><![CDATA[Darius Rucker's "Wagon Wheel" underscores changing face of country music: Country singer Darius Rucker couldn't qui… #URL#]]></document>
    <document><![CDATA[mcgarrybowen promotes Lucia Grillo to U.S. chief operating officer: Lucia Grillo has been promoted to U.S. chief op… #URL#]]></document>
    <document><![CDATA["Joker" and "The Mandalorian" Publicity Campaigns Win Top Honors at The 57th Annual ICG Publicists Awards: The Inte… #URL#]]></document>
    <document><![CDATA[Edie Falco Talks "Tommy," CBS Series In Which She Portrays L.A. Police Chief: In her role in the news CBS drama "To… #URL#]]></document>
    <document><![CDATA[Wednesday, for the latest entertainment and commercial production industry news of… #URL#]]></document>
    <document><![CDATA[ICG AND ADG (IA Locals 600, 800) Collaborate With HPA Tech Retreat Panel In Rancho Mirage: For the third straight y… #URL#]]></document>
    <document><![CDATA[Thursday, for the latest entertainment and commercial production industry news of… #URL#]]></document>
    <document><![CDATA[VFX Pioneer Digital Domain Officially Opens its Latest Studio in Montréal: Today, Digital Domain, the Academy Award… #URL#]]></document>
    <document><![CDATA[KTNV: Good Morning Las Vegas: Set to an upbeat, original anthem produced by Stephen Arnold Music, the campaign pays… #URL#]]></document>
    <document><![CDATA["1917," "Patrick Melrose," "Honeyland" Among Nominees For IMAGO Cinematography Awards: IMAGO, the International Fed… #URL#]]></document>
    <document><![CDATA[Vagabond Production Services Expands To Panama: Led by the vision of Founder/Managing Director Lorenzo Benedick, Pa… #URL#]]></document>
    <document><![CDATA[Pam &amp; Gela - Juicy Couture #URL#]]></document>
    <document><![CDATA[Jako Giacomini: He goes by #USER#. Andrea is an award-winning filmmaker &amp; storyteller based in Los Angeles, CA. H… #URL#]]></document>
    <document><![CDATA["Parasite" director Bong Joon Ho greeted by applause in South Korea: Director Bong Joon Ho smiled and waved at a wa… #URL#]]></document>
    <document><![CDATA[Maxon Customers Recognized in 2020 Award Season: Maxon, the leading technology developer of professional 3D modelin… #URL#]]></document>
    <document><![CDATA[Logan &amp; Sons Signs Directorial Duo Atanasio + Martinez For Spots, Branded Content: Logan &amp; Sons, the live-action di… #URL#]]></document>
    <document><![CDATA[JAMM Celebrates Five Epic Years With 2020 Showreel: From collaborating with Sony Tri-Star on their new intro to cre… #URL#]]></document>
    <document><![CDATA[The Best Work You May Never See: Partizan, Friends Electric, adam&amp;eveDDB Go On "Jetpack" Adventure For Great Wester… #URL#]]></document>
    <document><![CDATA["Parasite" Feasts On Oscars With 4 Wins, Including Best Picture and Director: Subtitle this: “Parasite” is the firs… #URL#]]></document>
    <document><![CDATA[Good Company Signs Director Maxime Quoilin For Spots, Branded Content, Music Videos: Bicoastal creative studio Good… #URL#]]></document>
    <document><![CDATA[LD Entertainment, Roadside Attractions acquire North American rights to Julie Taymor's "The Glorias": LD Entertainm… #URL#]]></document>
    <document><![CDATA[Deutsch LA names Kelsey Karson SVP, group strategy director on Taco Bell: Deutsch LA has hired Kelsey Karson as SVP… #URL#]]></document>
    <document><![CDATA[Now available... Brand New__s for February 12, 2020, for the latest entertainment and commercial production publici… #URL#]]></document>
    <document><![CDATA[Facebook To Allow Paid "Branded Content" Political Messages That Aren't Ads: Facebook decided Friday to allow a typ… #URL#]]></document>
    <document><![CDATA[Lewis Rothenberg Steps Down From IATSE Local 600 Presidency: The International Cinematographer’s Guild, IATSE Local… #URL#]]></document>
    <document><![CDATA[Benetton fires famed photographer over insensitive remarks: Photographer Oliviero Toscani made a career out of prov… #URL#]]></document>
    <document><![CDATA[Christian Siriano - Girls Skate #URL#]]></document>
    <document><![CDATA[Sohonet Levels Up Remote Post Collaboration For Studios with Introduction of ClearView Pivot: Sohonet, the global e… #URL#]]></document>
    <document><![CDATA[ShoulderHill Entertainment Expands Production Capabilities with Acquisition of One Letter Films: Award-winning dire… #URL#]]></document>
    <document><![CDATA[Tuesday, for the latest entertainment and commercial production industry news of t… #URL#]]></document>
    <document><![CDATA[2020 AICP Show Sets Curatorial Committee: Matt Miller, president and CEO of AICP, and Ali Brown, president and exec… #URL#]]></document>
    <document><![CDATA[Greg Robbins: A NYC based director, editor, writer, and producer specializing in luxury brands and automotive video… #URL#]]></document>
    <document><![CDATA[Top Spot of the Week: BBDO NY, Director Benjamin Mege "Give Time" To American Red Cross, American Cancer Society: O… #URL#]]></document>
    <document><![CDATA[Defense Witness Denies Trapping Weinstein Accuser: In the strongest defense testimony yet, a Mexican model and actr… #URL#]]></document>
    <document><![CDATA[MediaMonks Hires Creative Directors For LA, NY &amp; Europe, ACD In London: MediaMonks has expanded its worldwide creat… #URL#]]></document>
    <document><![CDATA[Droga5, SMUGGLER Director Jaron Albertin "Breathe" For Harley Davidson: Droga5 NY’s first piece of work for Harley… #URL#]]></document>
    <document><![CDATA[Series Creator Winsberg Cites Dad's Illness As Inspiring "Zoey's Extraordinary Playlist": The zestfully titled, son… #URL#]]></document>
    <document><![CDATA[BBDO NY, Director Peter Thwaites, The Mill Take A "Fun Ride" For American Family Insurance: Peter Thwaites of The C… #URL#]]></document>
  </documents>
</author>
