<author lang="en">
  <documents>
    <document><![CDATA[#HASHTAG# 1 dead as tornado hits Ottawa – Chicago Tribune #URL# #HASHTAG#]]></document>
    <document><![CDATA[#HASHTAG# Cause of most US wildfires traced to people, study finds – Washington Post #URL# #HASHTAG# #HASHTAG#]]></document>
    <document><![CDATA[#HASHTAG# SpaceX Could Beat NASA Back to the Moon – #URL# #URL# #HASHTAG# #HASHTAG#]]></document>
    <document><![CDATA[#HASHTAG# Warren Buffett says global warming is not impacting the way Berkshire writes insurance – CNBC #URL# #HASHTAG#]]></document>
    <document><![CDATA[#HASHTAG# SpaceX Could Beat NASA Back to the Moon – #URL# #URL# #HASHTAG# #HASHTAG#]]></document>
    <document><![CDATA[#HASHTAG# SpaceX Moon mission extends Elon Musk’s ambitions – BBC News #URL# #HASHTAG# #HASHTAG#]]></document>
    <document><![CDATA[#HASHTAG# Weather Outlook: Milder with showers, storms overnight – #URL# #URL# #HASHTAG#]]></document>
    <document><![CDATA[#HASHTAG# New maps show the Midwest is the biggest climate change denier but the rest of America now… #URL# #HASHTAG#]]></document>
    <document><![CDATA[#HASHTAG# Chicago Weather: 1 dead, 14 injured after 4 tornadoes reported near Ottawa – WLS-TV #URL# #HASHTAG#]]></document>
    <document><![CDATA[#HASHTAG# Weather Outlook: Milder with showers, storms overnight – #URL# #URL# #HASHTAG#]]></document>
    <document><![CDATA[#HASHTAG# SpaceX Could Beat NASA Back to the Moon – #URL# #URL# #HASHTAG# #HASHTAG#]]></document>
    <document><![CDATA[#HASHTAG# Elon Musk: SpaceX is going to launch 2 space tourists ‘beyond the moon’ – Business Insider #URL# #HASHTAG# #HASHTAG#]]></document>
    <document><![CDATA[#HASHTAG# What’s The Leading Cause Of Wildfires In The US? Humans – NPR #URL# #HASHTAG# #HASHTAG#]]></document>
    <document><![CDATA[#HASHTAG# At least 1 dead as tornadoes rake Midwest – USA TODAY #URL# #HASHTAG#]]></document>
    <document><![CDATA[#HASHTAG# Warren Buffett says global warming is not impacting the way Berkshire writes insurance – CNBC #URL# #HASHTAG#]]></document>
    <document><![CDATA[#HASHTAG# SpaceX Could Beat NASA Back to the Moon – #URL# #URL# #HASHTAG# #HASHTAG#]]></document>
    <document><![CDATA[#HASHTAG# SpaceX Moon mission extends Elon Musk’s ambitions – BBC News #URL# #HASHTAG# #HASHTAG#]]></document>
    <document><![CDATA[#HASHTAG# SpaceX to Fly Passengers On Private Trip Around the Moon in 2018 – #URL# #URL# #HASHTAG# #HASHTAG#]]></document>
    <document><![CDATA[#HASHTAG# Cloudy or Clear? Predict the Night-Sky Weather with These Handy Tips – #URL# #URL# #HASHTAG#]]></document>
    <document><![CDATA[#HASHTAG# Weather Outlook: Milder with showers, storms overnight – #URL# #URL# #HASHTAG#]]></document>
    <document><![CDATA[#HASHTAG# Cloudy or Clear? Predict the Night-Sky Weather with These Handy Tips – #URL# #URL# #HASHTAG#]]></document>
    <document><![CDATA[#HASHTAG# As SpaceX Unveils Space Tourist Moon Flight, NASA Reacts – #URL# #URL# #HASHTAG# #HASHTAG#]]></document>
    <document><![CDATA[#HASHTAG# New maps show the Midwest is the biggest climate change denier but the rest of America now… #URL# #HASHTAG#]]></document>
    <document><![CDATA[#HASHTAG# Warren Buffett says global warming is not impacting the way Berkshire writes insurance – CNBC #URL# #HASHTAG#]]></document>
    <document><![CDATA[#HASHTAG# Northern hemisphere sees in early spring due to global warming – The Guardian #URL# #HASHTAG#]]></document>
    <document><![CDATA[#HASHTAG# 1 dead as tornado hits Ottawa, watch extended to 4 am in Cook, 42 other counties – Chicago… #URL# #HASHTAG#]]></document>
    <document><![CDATA[#HASHTAG# Cloudy or Clear? Predict the Night-Sky Weather with These Handy Tips – #URL# #URL# #HASHTAG#]]></document>
    <document><![CDATA[#HASHTAG# 2 killed after severe weather hits downstate Illinois: ‘My whole neighborhood is pretty well… #URL# #HASHTAG#]]></document>
    <document><![CDATA[#HASHTAG# Chicago Is 1 Day Away From Breaking a Weather Streak That’s Lasted 146 Years – ScienceAlert #URL# #HASHTAG#]]></document>
    <document><![CDATA[#HASHTAG# Weather Outlook: Milder with showers, storms overnight – #URL# #URL# #HASHTAG#]]></document>
    <document><![CDATA[#HASHTAG# Earliest evidence of life on Earth ‘found’ – BBC News #URL# #HASHTAG# #HASHTAG#]]></document>
    <document><![CDATA[#HASHTAG# Tornado Warnings Issued for Parts of Chicago Area – NBC Chicago #URL# #HASHTAG#]]></document>
    <document><![CDATA[#HASHTAG# At Least 3 Dead as Severe Weather Outbreak Pounds Midwest – The Weather Channel #URL# #HASHTAG#]]></document>
    <document><![CDATA[#HASHTAG# Scientists Claim to Have Found Our Planet’s Oldest Fossils – Gizmodo #URL# #HASHTAG# #HASHTAG#]]></document>
    <document><![CDATA[#HASHTAG# Humans sparked 84 percent of US wildfires, increased fire season over two decades –… #URL# #HASHTAG# #HASHTAG#]]></document>
    <document><![CDATA[#HASHTAG# SpaceX to Fly Passengers On Private Trip Around the Moon in 2018 – #URL# #URL# #HASHTAG# #HASHTAG#]]></document>
    <document><![CDATA[#HASHTAG# SpaceX Could Beat NASA Back to the Moon – #URL# #URL# #HASHTAG# #HASHTAG#]]></document>
    <document><![CDATA[#HASHTAG# New maps show the Midwest is the biggest climate change denier but the rest of America now… #URL# #HASHTAG#]]></document>
    <document><![CDATA[#HASHTAG# Elon Musk: SpaceX is going to launch 2 space tourists ‘beyond the moon’ – Business Insider #URL# #HASHTAG# #HASHTAG#]]></document>
    <document><![CDATA[#HASHTAG# SpaceX to Fly Passengers On Private Trip Around the Moon in 2018 – #URL# #URL# #HASHTAG# #HASHTAG#]]></document>
    <document><![CDATA[#HASHTAG# SpaceX to Fly Passengers On Private Trip Around the Moon in 2018 – #URL# #URL# #HASHTAG# #HASHTAG#]]></document>
    <document><![CDATA[#HASHTAG# SpaceX to Fly Passengers On Private Trip Around the Moon in 2018 – #URL# #URL# #HASHTAG# #HASHTAG#]]></document>
    <document><![CDATA[#HASHTAG# SpaceX Could Beat NASA Back to the Moon – #URL# #URL# #HASHTAG# #HASHTAG#]]></document>
    <document><![CDATA[#HASHTAG# As SpaceX Unveils Space Tourist Moon Flight, NASA Reacts – #URL# #URL# #HASHTAG# #HASHTAG#]]></document>
    <document><![CDATA[#HASHTAG# SpaceX Could Beat NASA Back to the Moon – #URL# #URL# #HASHTAG# #HASHTAG#]]></document>
    <document><![CDATA[#HASHTAG# Watch: Tucker Carlson battles Bill Nye the Science Guy on global warming –… #URL# #HASHTAG#]]></document>
    <document><![CDATA[#HASHTAG# Warren Buffett says global warming is not impacting the way Berkshire writes insurance – CNBC #URL# #HASHTAG#]]></document>
    <document><![CDATA[#HASHTAG# SpaceX Could Beat NASA Back to the Moon – #URL# #URL# #HASHTAG# #HASHTAG#]]></document>
    <document><![CDATA[#HASHTAG# SpaceX Moon mission extends Elon Musk’s ambitions – BBC News #URL# #HASHTAG# #HASHTAG#]]></document>
    <document><![CDATA[#HASHTAG# 1 dead as tornado hits Ottawa, watch extended to 4 am in Cook, 42 other counties – Chicago… #URL# #HASHTAG#]]></document>
    <document><![CDATA[#HASHTAG# New maps show the Midwest is the biggest climate change denier but the rest of America now… #URL# #HASHTAG#]]></document>
    <document><![CDATA[#HASHTAG# SpaceX to Fly Passengers On Private Trip Around the Moon in 2018 – #URL# #URL# #HASHTAG# #HASHTAG#]]></document>
    <document><![CDATA[#HASHTAG# What you need to know if you’re watching April the Giraffe – #URL# #URL# #HASHTAG# #HASHTAG#]]></document>
    <document><![CDATA[#HASHTAG# Elon Musk: SpaceX is going to launch 2 space tourists ‘beyond the moon’ – Business Insider #URL# #HASHTAG# #HASHTAG#]]></document>
    <document><![CDATA[#HASHTAG# As SpaceX Unveils Space Tourist Moon Flight, NASA Reacts – #URL# #URL# #HASHTAG# #HASHTAG#]]></document>
    <document><![CDATA[#HASHTAG# SpaceX plans to send two private astronauts to circle the moon — on their own dime – Los… #URL# #HASHTAG# #HASHTAG#]]></document>
    <document><![CDATA[#HASHTAG# SpaceX Plans to Fly Tourists to the Moon—but 2018 Is Ambitious – MIT Technology Review #URL# #HASHTAG# #HASHTAG#]]></document>
    <document><![CDATA[#HASHTAG# SpaceX Could Beat NASA Back to the Moon – #URL# #URL# #HASHTAG# #HASHTAG#]]></document>
    <document><![CDATA[#HASHTAG# SpaceX Could Beat NASA Back to the Moon – #URL# #URL# #HASHTAG# #HASHTAG#]]></document>
    <document><![CDATA[#HASHTAG# Snow returns for afternoon commute; lightning strikes Space Needle – The Seattle Times #URL# #HASHTAG#]]></document>
    <document><![CDATA[#HASHTAG# SpaceX to Fly Passengers On Private Trip Around the Moon in 2018 – #URL# #URL# #HASHTAG# #HASHTAG#]]></document>
    <document><![CDATA[#HASHTAG# SpaceX Plans to Fly Tourists to the Moon—but 2018 Is Ambitious – MIT Technology Review #URL# #HASHTAG# #HASHTAG#]]></document>
    <document><![CDATA[#HASHTAG# Cloudy or Clear? Predict the Night-Sky Weather with These Handy Tips – #URL# #URL# #HASHTAG#]]></document>
    <document><![CDATA[#HASHTAG# SpaceX Could Beat NASA Back to the Moon – #URL# #URL# #HASHTAG# #HASHTAG#]]></document>
    <document><![CDATA[#HASHTAG# SpaceX to Fly Passengers On Private Trip Around the Moon in 2018 – #URL# #URL# #HASHTAG# #HASHTAG#]]></document>
    <document><![CDATA[#HASHTAG# 1 dead as tornado hits Ottawa, watch extended to 4 am in Cook, 42 other counties – Chicago… #URL# #HASHTAG#]]></document>
    <document><![CDATA[#HASHTAG# Weather Outlook: Milder with showers, storms overnight – #URL# #URL# #HASHTAG#]]></document>
    <document><![CDATA[#HASHTAG# Warren Buffett says global warming is not impacting the way Berkshire writes insurance – CNBC #URL# #HASHTAG#]]></document>
    <document><![CDATA[#HASHTAG# Warren Buffett says global warming is not impacting the way Berkshire writes insurance – CNBC #URL# #HASHTAG#]]></document>
    <document><![CDATA[#HASHTAG# SpaceX to Fly Passengers On Private Trip Around the Moon in 2018 – #URL# #URL# #HASHTAG# #HASHTAG#]]></document>
    <document><![CDATA[#HASHTAG# SpaceX Could Beat NASA Back to the Moon – #URL# #URL# #HASHTAG# #HASHTAG#]]></document>
    <document><![CDATA[#HASHTAG# SpaceX Could Beat NASA Back to the Moon – #URL# #URL# #HASHTAG# #HASHTAG#]]></document>
    <document><![CDATA[#HASHTAG# Cloudy or Clear? Predict the Night-Sky Weather with These Handy Tips – #URL# #URL# #HASHTAG#]]></document>
    <document><![CDATA[#HASHTAG# SpaceX Could Beat NASA Back to the Moon – #URL# #URL# #HASHTAG# #HASHTAG#]]></document>
    <document><![CDATA[#HASHTAG# First evidence of life on Earth ‘found’ – BBC News #URL# #HASHTAG# #HASHTAG#]]></document>
    <document><![CDATA[#HASHTAG# 2 killed after severe weather hits downstate Illinois: ‘My whole neighborhood is pretty well… #URL# #HASHTAG#]]></document>
    <document><![CDATA[#HASHTAG# All of your ‘April the giraffe’ questions answered – #URL# #URL# #HASHTAG# #HASHTAG#]]></document>
    <document><![CDATA[#HASHTAG# New maps show the Midwest is the biggest climate change denier but the rest of America now… #URL# #HASHTAG#]]></document>
    <document><![CDATA[#HASHTAG# Weather: milder with showers, storms overnight – #URL# #URL# #HASHTAG#]]></document>
    <document><![CDATA[#HASHTAG# Earliest evidence of life on Earth ‘found’ – BBC News #URL# #HASHTAG# #HASHTAG#]]></document>
    <document><![CDATA[#HASHTAG# Warren Buffett says global warming is not impacting the way Berkshire writes insurance – CNBC #URL# #HASHTAG#]]></document>
    <document><![CDATA[#HASHTAG# Warren Buffett says global warming is not impacting the way Berkshire writes insurance – CNBC #URL# #HASHTAG#]]></document>
    <document><![CDATA[#HASHTAG# Watch: Tucker Carlson battles Bill Nye the Science Guy on global warming –… #URL# #HASHTAG#]]></document>
    <document><![CDATA[#HASHTAG# New maps show the Midwest is the biggest climate change denier but the rest of America now… #URL# #HASHTAG#]]></document>
    <document><![CDATA[#HASHTAG# Earliest evidence of life on Earth ‘found’ – BBC News #URL# #HASHTAG# #HASHTAG#]]></document>
    <document><![CDATA[#HASHTAG# SpaceX Could Beat NASA Back to the Moon – #URL# #URL# #HASHTAG# #HASHTAG#]]></document>
    <document><![CDATA[#HASHTAG# SpaceX Could Beat NASA Back to the Moon – #URL# #URL# #HASHTAG# #HASHTAG#]]></document>
    <document><![CDATA[#HASHTAG# Weather Outlook: Milder with showers, storms overnight – #URL# #URL# #HASHTAG#]]></document>
    <document><![CDATA[#HASHTAG# Midwest Severe Weather Outbreak Kills 3; Storms Push East – The Weather Channel #URL# #HASHTAG#]]></document>
    <document><![CDATA[#HASHTAG# At least 1 dead as tornadoes rake Midwest – USA TODAY #URL# #HASHTAG#]]></document>
    <document><![CDATA[#HASHTAG# SpaceX to Fly Passengers On Private Trip Around the Moon in 2018 – #URL# #URL# #HASHTAG# #HASHTAG#]]></document>
    <document><![CDATA[#HASHTAG# SpaceX Could Beat NASA Back to the Moon – #URL# #URL# #HASHTAG# #HASHTAG#]]></document>
    <document><![CDATA[#HASHTAG# SpaceX Could Beat NASA Back to the Moon – #URL# #URL# #HASHTAG# #HASHTAG#]]></document>
    <document><![CDATA[#HASHTAG# Weather Outlook: Milder with showers, storms overnight – #URL# #URL# #HASHTAG#]]></document>
    <document><![CDATA[#HASHTAG# SpaceX to Fly Passengers On Private Trip Around the Moon in 2018 – #URL# #URL# #HASHTAG# #HASHTAG#]]></document>
    <document><![CDATA[#HASHTAG# 2 killed after severe weather hits downstate Illinois: ‘My whole neighborhood is pretty well… #URL# #HASHTAG#]]></document>
    <document><![CDATA[#HASHTAG# SpaceX Could Beat NASA Back to the Moon – #URL# #URL# #HASHTAG# #HASHTAG#]]></document>
    <document><![CDATA[#HASHTAG# Cloudy or Clear? Predict the Night-Sky Weather with These Handy Tips – #URL# #URL# #HASHTAG#]]></document>
    <document><![CDATA[#HASHTAG# Thunderstorm warnings declared, tornadoes spotted – Chicago Tribune #URL# #HASHTAG#]]></document>
    <document><![CDATA[#HASHTAG# SpaceX plans to send two private astronauts to circle the moon — on their own dime – Los… #URL# #HASHTAG# #HASHTAG#]]></document>
  </documents>
</author>
