<author lang="en">
  <documents>
    <document><![CDATA[Trump says Pittsburgh synagogue should have had armed guards #URL# #URL#]]></document>
    <document><![CDATA[At Least 1 Trump Supporter Still Thinks Obama, Clintons Sent Bombs To Themselves - HuffPost #URL# #URL#]]></document>
    <document><![CDATA[Young immigrants to push for voter turnout in New Mexico #URL#]]></document>
    <document><![CDATA[The Latest: Pence asks Nevada rally to pray for Pittsburgh #URL# #URL#]]></document>
    <document><![CDATA[Brazil yearns for change but some say democracy at risk #URL# #URL#]]></document>
    <document><![CDATA[The Midterms Minute: 'Bombs' sap Republican momentum, Trump moans #URL# #URL#]]></document>
    <document><![CDATA[Trump declares major disaster after Super Typhoon Yutu strikes Northern Mariana Islands #URL# #URL#]]></document>
    <document><![CDATA[Texas attorney general favored to win despite indictment #URL# #URL#]]></document>
    <document><![CDATA[Heitkamp, Cramer stress civility at final debate after arrest of pro-Trump bomber #URL# #URL#]]></document>
    <document><![CDATA[Obama rips Trump: 'It's wrong to spend all your time from a position of power vilifying people'… #URL#]]></document>
    <document><![CDATA[Serbia criticized for publishing war criminals' books #URL#]]></document>
    <document><![CDATA[Trump says Pittsburgh synagogue should have had armed guards #URL# #URL#]]></document>
    <document><![CDATA[Mexico torn between stopping, aiding migrant caravan #URL# #URL#]]></document>
    <document><![CDATA[President Trump holds a rally in North Carolina #URL# #URL#]]></document>
    <document><![CDATA[Barack Obama takes aim at Donald Trump for 'making stuff up' #URL# #URL#]]></document>
    <document><![CDATA[Here are some other things Trump talked about besides the synagogue massacre #URL# #URL#]]></document>
    <document><![CDATA[Trump on trade war at national FFA convention: 'We're American. We always win.' #URL# #URL#]]></document>
    <document><![CDATA[A rise from marginal lawmaker to presidential front-runner #URL# #URL#]]></document>
    <document><![CDATA[Judge rejects DOJ, orders speedy trial on Census citizenship question #URL# #URL#]]></document>
    <document><![CDATA[That Trump tank meme on Cesar Sayoc's van was made as a joke, creator says #URL# #URL#]]></document>
    <document><![CDATA['Why is that racist?' Trump greets young black leaders with freewheeling rant #URL# #URL#]]></document>
    <document><![CDATA[Barack Obama takes aim at Donald Trump for 'making stuff up' - The Guardian #URL# #URL#]]></document>
    <document><![CDATA[Rochelle Ritchie blames Trump for Cesar Sayoc threats, Twitter for not taking them down #URL# #URL#]]></document>
    <document><![CDATA[Showcasing civil rights leader Wyatt Tee Walker's collection #URL# #URL#]]></document>
    <document><![CDATA[Trump administration invites Putin to Washington for 2019 visit #URL# #URL#]]></document>
    <document><![CDATA[Migrant caravan to rest following report of abducted child #URL# #URL#]]></document>
    <document><![CDATA[Cooper out to rally Democrats seeking more legislative wins #URL#]]></document>
    <document><![CDATA[When Trump demonises opponents, unhinged partisans take their cues #URL# #URL#]]></document>
    <document><![CDATA[3 things to know about Brazil's presidential candidates #URL# #URL#]]></document>
    <document><![CDATA[Cesar Sayoc-Rochelle Ritchie tweet: Twitter 'deeply sorry' for refusing to take down threat #URL# #URL#]]></document>
    <document><![CDATA['Why is that racist?' Trump greets young black leaders with freewheeling rant #URL# #URL#]]></document>
    <document><![CDATA[Bomb Suspect, Beto Poll, Obama Calls Out Trump: 10 Days to Go - New York Times #URL# #URL#]]></document>
    <document><![CDATA[Donald Trump calls for unity after synagogue attack: 'No tolerance for anti-Semitism in America'… #URL#]]></document>
    <document><![CDATA[President Trump holds a rally in North Carolina #URL# #URL#]]></document>
    <document><![CDATA[Betting the farm on Trump #URL# #URL#]]></document>
    <document><![CDATA[Betting the farm on Trump #URL# #URL#]]></document>
    <document><![CDATA[Jurors in pipe-bomb trial to be asked about media exposure #URL#]]></document>
    <document><![CDATA[Migrant caravan members reject offer to stay in Mexico #URL# #URL#]]></document>
    <document><![CDATA[Security, traffic to be heavy as President Trump returns to Charlotte #URL# #URL#]]></document>
    <document><![CDATA[48 hours fact-checking Trump #URL# #URL#]]></document>
    <document><![CDATA[The Latest: Trump returns to old attack lines at NC rally #URL# #URL#]]></document>
    <document><![CDATA[Secret moves hide Wisconsin lawmakers' actions from public #URL#]]></document>
    <document><![CDATA[Donald Trump criticizes Dodgers manager Dave Roberts for bullpen moves in World Series loss #URL# #URL#]]></document>
    <document><![CDATA[The Observer view on Donald Trump's vile rhetoric and the US pipe bombs #URL# #URL#]]></document>
    <document><![CDATA[Trump Wants to Be President of a One-Party State #URL# #URL#]]></document>
    <document><![CDATA[WATCH LIVE: President Obama speaks at campaign rally in Wisconsin - WSBT-TV #URL# #URL#]]></document>
    <document><![CDATA[Obama in Detroit: 'The stakes in this election are really high' - Detroit Free Press #URL# #URL#]]></document>
    <document><![CDATA[Turkey hosts summit to seek solutions to end war in Syria #URL# #URL#]]></document>
    <document><![CDATA[Donald Trump calls for death penalty in anti-Semitic killings #URL# #URL#]]></document>
    <document><![CDATA[Cesar Sayoc obsessed with George Soros, conspiracy theories #URL# #URL#]]></document>
    <document><![CDATA[Trump administration invites Putin to Washington for 2019 visit #URL# #URL#]]></document>
    <document><![CDATA[Heller rallies with Pence after parade in northern Nevada #URL#]]></document>
    <document><![CDATA[WATCH LIVE: Barack Obama speaks at campaign rally in Detroit - WLOS #URL# #URL#]]></document>
    <document><![CDATA[Barack Obama Takes Rare Jab at Donald Trump's Administration - #URL# #URL# #URL#]]></document>
    <document><![CDATA[MALKIN: 2018 midterms are all about 'Mr. Me' Barack Obama - Toronto Sun #URL# #URL#]]></document>
    <document><![CDATA[Donald Trump calls for more civility as he attacks media and Democrats at Charlotte rally #URL# #URL#]]></document>
    <document><![CDATA[Obama: GOP didn't care about Hillary's emails - CNN #URL# #URL#]]></document>
    <document><![CDATA[Trump says Pittsburgh synagogue should have had armed guards #URL# #URL#]]></document>
    <document><![CDATA[Donald Trump Jokes About His Hair Being Ruined by Having to Answer Questions in the Rain About Pittsburgh Shooting… #URL#]]></document>
    <document><![CDATA[Trump jokes about canceling event due to bad hair day after declining to cancel it over shooting… #URL#]]></document>
    <document><![CDATA[Majority in survey say their finances have not improved since President Trump took over #URL# #URL#]]></document>
    <document><![CDATA[Barack Obama campaigns in Wisconsin for Democratic candidates - Milwaukee Journal Sentinel #URL# #URL#]]></document>
    <document><![CDATA[Richard Spencer, Charlottesville protesters banned from University of Virginia over torchlit march… #URL#]]></document>
    <document><![CDATA[The Observer view on Donald Trump's vile rhetoric and the US pipe bombs #URL# #URL#]]></document>
    <document><![CDATA[AP FACT CHECK: Did Trump think mail bombs were liberal plot? #URL# #URL#]]></document>
    <document><![CDATA[Trump: I'll 'pass' on calling Clinton, Obama after pipe bomb arrest - CNBC #URL# #URL#]]></document>
    <document><![CDATA[Obama rips Trump: 'It's wrong to spend all your time from a position of power vilifying people' - CNN… #URL#]]></document>
    <document><![CDATA[Feud erupts over language of California gas tax measure #URL# #URL#]]></document>
    <document><![CDATA[Trump says Pittsburgh shooting has 'little' to with gun laws, armed guard could have prevented tragedy… #URL#]]></document>
    <document><![CDATA[Obama Bashes Trump For Vilifying His Political Enemies Ahead Of Bomb Attempts - HuffPost #URL# #URL#]]></document>
    <document><![CDATA[New Mexico candidates for US Senate await final debate #URL# #URL#]]></document>
    <document><![CDATA[The Observer view on Donald Trump's vile rhetoric and the US pipe bombs #URL# #URL#]]></document>
    <document><![CDATA[Barack Obama: Trump and other Republicans 'just making stuff up' – video - The Guardian #URL# #URL#]]></document>
    <document><![CDATA[President Obama at Democratic rally at Milwaukee high school - WAOW #URL# #URL#]]></document>
    <document><![CDATA[The Latest: Immigration hot topic in Alaska US House debate #URL#]]></document>
    <document><![CDATA[Former President Barack Obama endorses Giannis in his speech in Milwaukee - Milwaukee Journal Sentinel… #URL#]]></document>
    <document><![CDATA[3 things to know about Brazil's presidential candidates #URL# #URL#]]></document>
    <document><![CDATA[Barack Obama, Dems hold rally at Cass Tech in Detroit - Detroit Free Press #URL# #URL#]]></document>
    <document><![CDATA[WATCH LIVE: Barack Obama speaks at campaign rally in Detroit - WJAC Johnstown #URL# #URL#]]></document>
    <document><![CDATA[The Latest: Senate candidates in New Mexico all smoked pot #URL# #URL#]]></document>
    <document><![CDATA[The Latest: Trump takes his campaign rally blitz to Midwest #URL# #URL#]]></document>
    <document><![CDATA[Khashoggi fiancée rejects Trump invitation to visit White House #URL# #URL#]]></document>
    <document><![CDATA[Judge orders Memphis police to bolster surveillance policies #URL#]]></document>
    <document><![CDATA[California Gov. Jerry Brown takes over management of the iconic 'Doomsday Clock' #URL# #URL#]]></document>
    <document><![CDATA[Donald Trump calls for more civility as he attacks media and Democrats at Charlotte rally #URL# #URL#]]></document>
    <document><![CDATA[Obama calls on Americans 'to fight the rise of anti-Semitism' after synagogue shooting - The Hill (blog)… #URL#]]></document>
    <document><![CDATA[Trump jokes about canceling event due to bad hair day after declining to cancel it over shooting… #URL#]]></document>
    <document><![CDATA[Democrats bring Barack Obama to North Division - Milwaukee Journal Sentinel #URL#]]></document>
    <document><![CDATA[Trump pitches policy in final midterm message #URL# #URL#]]></document>
    <document><![CDATA[US citizen held by immigration agents settles lawsuit #URL#]]></document>
    <document><![CDATA[Trump praises law enforcement for apprehending suspect in suspicious package case #URL# #URL#]]></document>
    <document><![CDATA[Twitter and cash: The week in Florida politics #URL#]]></document>
    <document><![CDATA[Trump jokes about canceling event due to bad hair day after declining to cancel it over shooting… #URL#]]></document>
    <document><![CDATA['Edge of the knife': Trump drags divided states of America towards his midterms reckoning #URL# #URL#]]></document>
    <document><![CDATA[Cesar Sayoc, package bomb suspect, is a Florida Trump supporter -- live updates #URL# #URL#]]></document>
    <document><![CDATA[WATCH LIVE: Former President Obama speaks at rally in Milwaukee - #URL# - WISC-TV3… #URL#]]></document>
    <document><![CDATA[Obama burns Trump over iPhone story - Mashable #URL# #URL#]]></document>
    <document><![CDATA[Gun thefts in and around Virginia's capital soar this decade #URL#]]></document>
    <document><![CDATA[President Donald Trump's tweet puts Dave Roberts' bullpen gaffes in perspective #URL# #URL#]]></document>
    <document><![CDATA[Obama: No one in my administration got indicted - CNN #URL# #URL#]]></document>
  </documents>
</author>
