<author lang="en">
  <documents>
    <document><![CDATA[#HASHTAG#'s David Berry responds to question of spin-off for fan-favourite Lord John:  #URL# #URL#]]></document>
    <document><![CDATA[Star Trek: Picard's Michelle Hurd reveals what surprised her most about Patrick Stewart  #URL# #URL#]]></document>
    <document><![CDATA[Mary Berry branded 'savage' by viewers for #HASHTAG# reaction to tuna salad  #URL# #URL#]]></document>
    <document><![CDATA[Lewis Burton pays emotional tribute to Caroline Flack:  #URL# #URL#]]></document>
    <document><![CDATA[We did some digging and tried to work out who *could* appear in the next series of #HASHTAG#:… #URL#]]></document>
    <document><![CDATA[BBC releases first look at Rylan as new #HASHTAG# host  #URL# #URL#]]></document>
    <document><![CDATA[Noughts + Crosses first-look trailer offers glimpse at Callum, Sephy and Stormzy's character… #URL#]]></document>
    <document><![CDATA[The 100 prequel casts Riverdale and Carnival Row stars:  #URL#  #HASHTAG# #URL#]]></document>
    <document><![CDATA[Robbie Williams and Ayda Field announced the birth of their fourth child on #HASHTAG#  #URL# #URL#]]></document>
    <document><![CDATA[Sex and the City actress Lynn Cohen dies aged 86  #URL# #URL#]]></document>
    <document><![CDATA[The Pale Horse had an important Easter egg hiding in plain sight:  #URL# #URL#]]></document>
    <document><![CDATA[Dancing on Ice reveals latest couple to skate out of competition  #URL# #URL#]]></document>
    <document><![CDATA[#HASHTAG# fans tear up as Luke Trotman makes fairy tale-themed proposal to Siannise Fudge.… #URL#]]></document>
    <document><![CDATA[Netflix's controversial series #HASHTAG#'s future confirmed  #URL# #URL#]]></document>
    <document><![CDATA[#HASHTAG# will feature Marvel's first onscreen LGBTQ kiss:  #HASHTAG# #URL# #URL#]]></document>
    <document><![CDATA[Love Island receives more than 300 Ofcom complaints following Paige and Finn drama:  #URL#… #URL#]]></document>
    <document><![CDATA[The Masked Singer's Jason Manford reveals drastic measures to keep his involvement secret  #URL#… #URL#]]></document>
    <document><![CDATA[#HASHTAG#' Mark Hamill joins Game of Thrones stars in Netflix's Masters of the Universe reboot… #URL#]]></document>
    <document><![CDATA[#HASHTAG# set pics suggest a major DC villain  #URL# #URL#]]></document>
    <document><![CDATA[Game of Thrones' Maisie Williams responds to those claims about the show's 'alternate ending'.… #URL#]]></document>
    <document><![CDATA[Why #HASHTAG#'s Jodie Whittaker almost wasn’t the first female Doctor:  #URL# #URL#]]></document>
    <document><![CDATA[#HASHTAG#'s mushroom planet and other Easter eggs, explained:  #URL# #URL#]]></document>
    <document><![CDATA[#HASHTAG# reveals first look at 35th anniversary death in new trailer  #URL# #URL#]]></document>
    <document><![CDATA[How #HASHTAG# bucks a major comic-book movie trend in a way #HASHTAG# never could:  #URL# #URL#]]></document>
    <document><![CDATA[#HASHTAG# is an entertaining video game adaptation that's strictly for kids, our review:… #URL#]]></document>
    <document><![CDATA[#HASHTAG# receives more than 300 Ofcom complaints following the Paige and Finn drama.   #URL# #URL#]]></document>
    <document><![CDATA[As if there was any doubt... Hopper is back! (Minus some hair) #HASHTAG# #URL#]]></document>
    <document><![CDATA[Lucifer season 6 surprise renewal rumoured to be considered by Netflix:  #URL#  #HASHTAG# |… #URL#]]></document>
    <document><![CDATA[The first look at Margot Robbie's Harley Quinn in #HASHTAG# is here:   #URL#… #URL#]]></document>
    <document><![CDATA[Brooklyn Nine-Nine star Melissa Fumero gives birth to second child  #URL# #URL#]]></document>
    <document><![CDATA[#HASHTAG#'s Joel Dommett reveals which finalist has "thrown everyone"  #URL#… #URL#]]></document>
    <document><![CDATA[#HASHTAG#'s Lauren Lyle reveals one scene she's glad they didn't film for the series:  #URL# #URL#]]></document>
    <document><![CDATA[#HASHTAG#'s Dani Dyer reveals what was "really rubbish" about Jack Fincham split  #URL# #URL#]]></document>
    <document><![CDATA[How #HASHTAG# sets up a sequel:   #URL# #URL#]]></document>
    <document><![CDATA[Grey's Anatomy fans angry after latest episode sets up explanation for Alex Karev's exit  #URL#… #URL#]]></document>
    <document><![CDATA[Love Island's Laura Whitmore condemns 'keyboard trolls' after Caroline Flack death  #URL# #URL#]]></document>
    <document><![CDATA[#HASHTAG# star Caitriona Balfe reveals season 5 storyline not in the books  #URL# #URL#]]></document>
    <document><![CDATA[Another lawsuit (this time around #HASHTAG#) is giving Netflix a BIG headache:  #URL# #URL#]]></document>
    <document><![CDATA[The Masked Singer's biggest strength is also its greatest weakness  #URL#  #HASHTAG# #URL#]]></document>
    <document><![CDATA[Love Island presenter Caroline Flack dies, aged 40  #URL# #URL#]]></document>
    <document><![CDATA[#HASHTAG# reveals UK version's first-ever winner  #URL#  #HASHTAG# #URL#]]></document>
    <document><![CDATA[Here's who's through to #HASHTAG# Battles this year  #URL# #URL#]]></document>
    <document><![CDATA[The Suicide Squad set photo teases a major DC Villain... can you guess who?   #URL# |… #URL#]]></document>
    <document><![CDATA[When parents make their kids dress like them #HASHTAG# #URL#]]></document>
    <document><![CDATA[This Morning's Alison Hammond pays tribute to "beautiful" mother after she passes away:  #URL# #URL#]]></document>
    <document><![CDATA[#HASHTAG# confirms returning characters for 100th episode  #URL# #URL#]]></document>
    <document><![CDATA[#HASHTAG# star Sophie Piper reveals whether she has fallen in love with Connor Durman.   #URL# #URL#]]></document>
    <document><![CDATA[#HASHTAG# winner Nicola Roberts has mini Girls Aloud reunion to watch her unmasking:  #URL# #URL#]]></document>
    <document><![CDATA[What Rick and Morty can learn from the ending of BoJack Horseman:  #URL#  #HASHTAG# |… #URL#]]></document>
    <document><![CDATA[Doctor Who teases the rise of the Cybermen in trailer for two-part finale  #URL# #URL#]]></document>
    <document><![CDATA[#HASHTAG# shows how to handle true crime - but still made a big mistake:  #URL# #URL#]]></document>
    <document><![CDATA[#HASHTAG# is going to finally start shooting very soon.  #URL# #URL#]]></document>
    <document><![CDATA[Original #HASHTAG# star reveals whether he would return for reboot:  #URL# #URL#]]></document>
    <document><![CDATA[Mace Windu’s purple lightsaber mystery in #HASHTAG# is finally solved  #URL# #URL#]]></document>
    <document><![CDATA[Marvel star has his say on when Ant-Man 3 may begin filming:  #URL#  #HASHTAG#]]></document>
    <document><![CDATA[Jurassic World 3 to bring back original Jurassic World stars:  #URL#  #HASHTAG# #URL#]]></document>
    <document><![CDATA[#HASHTAG# fans split on major twist over #HASHTAG# villain Kai  #URL# #URL#]]></document>
    <document><![CDATA[#HASHTAG#'s latest dumped Islander reacts to the most shocking exit of the series.  #URL# #URL#]]></document>
    <document><![CDATA[All the new movies available to watch on Netflix right now:  #URL# #URL#]]></document>
    <document><![CDATA[#HASHTAG# star Jamie Lomas reveals more about Warren Fox's huge new story.   #URL# #URL#]]></document>
    <document><![CDATA[Are there any clues we can gather from Billie Eilish's 'No Time to Die' about Daniel Craig's final #HASHTAG# outin… #URL#]]></document>
    <document><![CDATA[#HASHTAG# has just dumped one of the most popular Islanders of this series!  #URL# #URL#]]></document>
    <document><![CDATA[Dancing on Ice pro skater Hamish Gaman drops out of tonight's show  #URL# #URL#]]></document>
    <document><![CDATA[Alan Carr reveals why he turns down #HASHTAG# Come Dancing "every year"  #URL# #URL#]]></document>
    <document><![CDATA[Dancing on Ice's Lisa George has awkward prop mishap during routine:  #URL# #URL#]]></document>
    <document><![CDATA[Jameela Jamil is defended by her boyfriend after suffering "disgusting" online abuse:  #URL# #URL#]]></document>
    <document><![CDATA[The first episode of #HASHTAG# played into a damaging  trope which the show needs to rectify in season 2 🌈… #URL#]]></document>
    <document><![CDATA[First look at Margot Robbie's Harley Quinn in #HASHTAG#:  #URL#  #HASHTAG# |… #URL#]]></document>
    <document><![CDATA[#HASHTAG# confirms identities of final three celebrities  #URL#  #HASHTAG# #URL#]]></document>
    <document><![CDATA[9 possible matches for The Undertaker at WrestleMania 36   #URL# #URL#]]></document>
    <document><![CDATA[To All The Boys 2 ending explained, and where the first movie's mid-credit scene fits in:  #URL#… #URL#]]></document>
    <document><![CDATA[How to watch Parasite director Bong Joon-ho's other amazing movies  #URL#  #HASHTAG# #HASHTAG# #URL#]]></document>
    <document><![CDATA[Mighty Ducks show on Disney+ will bring back classic character:  #URL#  #HASHTAG#]]></document>
    <document><![CDATA[The Pale Horse viewers left confused by ending  #URL#  #HASHTAG# #URL#]]></document>
    <document><![CDATA[Sonic the Hedgehog has biggest ever opening weekend for a video game adaptation  #URL#… #URL#]]></document>
    <document><![CDATA[Why #HASHTAG#'s Tosin Cole might be leaving the show for good:  #URL# #URL#]]></document>
    <document><![CDATA[Parks and Recreation cast reunite for show's 'Galentine's Day'  #URL#  #HASHTAG# |… #URL#]]></document>
    <document><![CDATA[Game of Thrones' Kristofer Hivju reveals what he thinks Jon Snow and Tormund are up to now  #URL# #URL#]]></document>
    <document><![CDATA[#HASHTAG# unveils first trailer and release date for series 2:  #URL# #URL#]]></document>
    <document><![CDATA[Marvel's Tom Holland explains why #HASHTAG# is different to other video game movies:  #URL# #URL#]]></document>
    <document><![CDATA[The #HASHTAG# poll: Is Queen Bee Girls Aloud singer Nicola Roberts?  #URL# #URL#]]></document>
    <document><![CDATA[Tonight's Love Island cancelled after Caroline Flack's tragic death  #URL# #URL#]]></document>
    <document><![CDATA[#HASHTAG# cast reveal fans will be left "questioning a lot" about physics after watching new movie… #URL#]]></document>
    <document><![CDATA[#HASHTAG#'s Charity Dingle shows off a new look!  #URL# #URL#]]></document>
    <document><![CDATA[#HASHTAG# and #HASHTAG# star Rick Cosnett comes out as gay. 🌈  #URL# #URL#]]></document>
    <document><![CDATA[First look at #HASHTAG# season 3 reveals a surprising new look for Jodie Comer  #URL# #URL#]]></document>
    <document><![CDATA[Love Island and its stars lead tributes to Caroline Flack following her death  #URL# #URL#]]></document>
    <document><![CDATA[Coleen Rooney responds after Rebekah Vardy's emotional #HASHTAG# interview:  #URL# #URL#]]></document>
    <document><![CDATA[Thor 4's Taika Waititi teases Jane storyline potential:  #URL#  #HASHTAG#]]></document>
    <document><![CDATA[Orlando Bloom spells his son's name wrong in a new tattoo.  #URL# #URL#]]></document>
    <document><![CDATA[Caroline Flack will make a posthumous appearance in Steve Coogan's film #HASHTAG#:  #URL# #URL#]]></document>
    <document><![CDATA[#HASHTAG#'s Tom Baker reprising mysterious role from 50th anniversary special:  #URL# #URL#]]></document>
    <document><![CDATA[BBC licence fee could be scrapped by the government and replaced by subscriptions:  #URL# #URL#]]></document>
    <document><![CDATA[#HASHTAG# nearly cast To All the Boys star as Rose Tico  #URL#  #HASHTAG# #URL#]]></document>
    <document><![CDATA[Did you spot these hidden Toy Story 4 Easter eggs?  #URL# #URL#]]></document>
    <document><![CDATA[🚨 We have our first look at #HASHTAG#   #URL#]]></document>
    <document><![CDATA[Netflix's #HASHTAG# unveils first look at season 3 in new trailer  #URL# #URL#]]></document>
    <document><![CDATA[Stranger Things season 4 trailer reveals Hopper's fate... he lives!  #URL#  #HASHTAG# |… #URL#]]></document>
    <document><![CDATA[Love Island: Unseen Bits taken off air following Caroline Flack's death  #URL# #URL#]]></document>
    <document><![CDATA[#HASHTAG#'s Ovie Soko says viewers should "blame the show" for so many recouplings rather than Islanders:… #URL#]]></document>
  </documents>
</author>
