<author lang="en">
  <documents>
    <document><![CDATA[#HASHTAG# #HASHTAG# Unleash the Best Version of Yourself in 2018 by Wearing These Flattering Trends #URL#]]></document>
    <document><![CDATA[#HASHTAG# #HASHTAG# #HASHTAG# Experts Describe Just Why Cognitive Behavioural Therapy Works #URL#]]></document>
    <document><![CDATA[#HASHTAG# #HASHTAG# 8 Ways to Work From Home and Stay Sane #URL#]]></document>
    <document><![CDATA[#HASHTAG# #HASHTAG# Pick Up These Under-£10 Must Haves on Your Next Trip to Superdrug #URL#]]></document>
    <document><![CDATA[#HASHTAG# #HASHTAG# Could Robin Wright Secretly Be Married Right Now? #URL#]]></document>
    <document><![CDATA[#HASHTAG# #HASHTAG# 100+ Things to Do Before You Die #URL#]]></document>
    <document><![CDATA[#HASHTAG# #HASHTAG# #HASHTAG# For the Love of Chocolate: Healthy Recipes to Curb Your Cravings #URL#]]></document>
    <document><![CDATA[#HASHTAG# #HASHTAG# 12 Combinations That'll Breathe New Life Into Your Cauliflower Rice Bowl #URL#]]></document>
    <document><![CDATA[#HASHTAG# #HASHTAG# Carrie Bradshaw's 60 Most Memorable Outfits #URL#]]></document>
    <document><![CDATA[#HASHTAG# #HASHTAG# Yes, Cuddling Can Lead to Body Acne - Here's How to Stop It While Still Spooning #URL#]]></document>
    <document><![CDATA[#HASHTAG# #HASHTAG# 2018's Most Wearable Trends #URL#]]></document>
    <document><![CDATA[#HASHTAG# #HASHTAG# Australian Jewellery Labels Every 20-Something Should Know #URL#]]></document>
    <document><![CDATA[#HASHTAG# #HASHTAG# #HASHTAG# 70 Healthy Desserts For Guilt-Free Indulgence #URL#]]></document>
    <document><![CDATA[#HASHTAG# #HASHTAG# 18 Celebrity Makeup Artists You Need to Be Following on Instagram #URL#]]></document>
    <document><![CDATA[#HASHTAG# #HASHTAG# 24 Times Victoria Beckham Was Hands Down the Best Person on Instagram #URL#]]></document>
    <document><![CDATA[#HASHTAG# #HASHTAG# #HASHTAG# SZA's Favourite Form of Self-Care Is Something We All Can Do #URL#]]></document>
    <document><![CDATA[#HASHTAG# #HASHTAG# 4 Surprising Lessons I Learned by Trying the Keto Diet #URL#]]></document>
    <document><![CDATA[#HASHTAG# #HASHTAG# Paris Jackson Has 1 Thing to Say to Fans Changing Her Skin Tone in Their Art: "Stop" #URL#]]></document>
    <document><![CDATA[#HASHTAG# #HASHTAG# Are You Game to Try This Australian Designer's Twist on French-Girl Dressing? #URL#]]></document>
    <document><![CDATA[Ketogenic vs Atkins diet: what's actually the difference? #URL#]]></document>
    <document><![CDATA[#HASHTAG# #HASHTAG# The Bob and Beyond: 28 New Midlength Looks to Inspire Your Next Haircut #URL#]]></document>
    <document><![CDATA[#HASHTAG# #HASHTAG# #HASHTAG# I Did a 40-Day Yoga and Meditation Challenge - Here's What I Learned #URL#]]></document>
    <document><![CDATA[#HASHTAG# #HASHTAG# 100+ Books to Read Before They're Films #URL#]]></document>
    <document><![CDATA[#HASHTAG# #HASHTAG# &lt;em&gt;Stranger Things&lt;/em&gt;' Creators Respond to Verbal Abuse Claims, But Is It Enough? #URL#]]></document>
    <document><![CDATA[#HASHTAG# #HASHTAG# #HASHTAG# Doing This Exercise For Just 3 Minutes a Day Will Put You on the Road to Tighter Abs #URL#]]></document>
    <document><![CDATA[#HASHTAG# #HASHTAG# How My Husband and I Finally Got on the Same Page About Clutter #URL#]]></document>
    <document><![CDATA[#HASHTAG# #HASHTAG# Iskra Lawrence's Sexy Pink Swimsuit Is Not All About the Plunge, Despite How It May Look #URL#]]></document>
    <document><![CDATA[#HASHTAG# #HASHTAG# This Curling Iron Will Cure Your Aching Arms and Possibly All Other Life Problems #URL#]]></document>
    <document><![CDATA[#HASHTAG# #HASHTAG# 30+ Celebrities You've Definitely Seen Naked on Social Media #URL#]]></document>
    <document><![CDATA[#HASHTAG# #HASHTAG# The Cher Horowitz-Approved Makeup Shade That's Currently Dominating Instagram #URL#]]></document>
    <document><![CDATA[#HASHTAG# #HASHTAG# #HASHTAG# The Top 25 Reasons You Aren't Losing Weight #URL#]]></document>
    <document><![CDATA[#HASHTAG# #HASHTAG#  These Moisturisers Will Work Harder Than You #URL#]]></document>
    <document><![CDATA[#HASHTAG# #HASHTAG# #HASHTAG# This 45-Minute HIIT Workout Will Help Shrink Your Belly #URL#]]></document>
    <document><![CDATA[#HASHTAG# #HASHTAG# 10 Dinner Options That Are Totally Worth The Meal Prep #URL#]]></document>
    <document><![CDATA[#HASHTAG# #HASHTAG# One of This Season's Hottest Hair Trends Costs Nothing to Recreate #URL#]]></document>
    <document><![CDATA[#HASHTAG# #HASHTAG#  How to Apply Sunscreen During the Day (Without Ruining Your Makeup) #URL#]]></document>
    <document><![CDATA[#HASHTAG# Why I Highly Recommend Going on an Adventure With a Group of Strangers #URL#]]></document>
    <document><![CDATA[#HASHTAG# #HASHTAG# #HASHTAG# Is There Such a Thing as Too Much Apple Cider Vinegar? What an Expert Says #URL#]]></document>
    <document><![CDATA[#HASHTAG# #HASHTAG# 4 Foolproof Ways to Eat Healthy Consistently #URL#]]></document>
    <document><![CDATA[#HASHTAG# #HASHTAG# The Hidden Symptom of Anxiety That You Need to Know About #URL#]]></document>
    <document><![CDATA[#HASHTAG# #HASHTAG#  The Genius Who Cuts Kate Middleton's Hair Deserves a Royal Title #URL#]]></document>
    <document><![CDATA[#HASHTAG# #HASHTAG# This Is the Best Workout For Losing Weight #URL#]]></document>
    <document><![CDATA[#HASHTAG# #HASHTAG#  We've Found the 10 Best Foundations For Dry Skin #URL#]]></document>
    <document><![CDATA[#HASHTAG# #HASHTAG# I Ate 1 Apple Every Day For 2 Weeks, and This Is What Happened (in the Bathroom) #URL#]]></document>
    <document><![CDATA[#HASHTAG# #HASHTAG# 4 Small Changes Turn This Healthy Breakfast Into a Calorie Bomb - Can You Spot Them? #URL#]]></document>
    <document><![CDATA[#HASHTAG# Nigel Colborn's essential jobs for your garden this week #URL# #URL#]]></document>
    <document><![CDATA[#HASHTAG# #HASHTAG# Princess Eugenie's Black Heels Make Her Unlike Any Other Royal - I Mean, Look at 'Em! #URL#]]></document>
    <document><![CDATA[#HASHTAG# #HASHTAG# 18 Films Even Sexier Than Fifty Shades of Grey #URL#]]></document>
    <document><![CDATA[3 dietitian-approved dinners that cost under $5 #URL#]]></document>
    <document><![CDATA['There was no love making. My husband felt very used' #URL#]]></document>
    <document><![CDATA[#HASHTAG# #HASHTAG#  Unleash Your Inner Warrior With These 25 Celtic Tattoo Ideas #URL#]]></document>
    <document><![CDATA[#HASHTAG# #HASHTAG# 10 Ways to Make Self-Care a Part of Your Morning Routine #URL#]]></document>
    <document><![CDATA[#HASHTAG# #HASHTAG# 14 Not-So-Basic Hummus Recipes #URL#]]></document>
    <document><![CDATA[#HASHTAG# #HASHTAG# #HASHTAG# If You Can't Live Without Dessert This Is What You Should Be Having #URL#]]></document>
    <document><![CDATA[#HASHTAG# #HASHTAG# 7 Dark Fake Tans For People Who Want the Deepest Golden Glow #URL#]]></document>
    <document><![CDATA[#HASHTAG# How Taline Gabrielian found success with Hippie Lane #URL# #URL#]]></document>
    <document><![CDATA[Is divorce in your genes? #URL#]]></document>
    <document><![CDATA[#HASHTAG# #HASHTAG# Kate Moss's Cool Girl '90s Style Is Just as Covetable Now #URL#]]></document>
    <document><![CDATA[#HASHTAG# #HASHTAG# 8 Things People With Clutter-Free Homes Do #URL#]]></document>
    <document><![CDATA[#HASHTAG# #HASHTAG# 8 &lt;em&gt;American Idol&lt;/em&gt; Scandals You Probably Forgot About #URL#]]></document>
    <document><![CDATA[#HASHTAG# 5 Sweet &amp; Simple Mason Jar Craft Ideas for Kids #URL#]]></document>
    <document><![CDATA[#HASHTAG# #HASHTAG# Um, Jennifer Lopez Just Wore a Sexy Sheer Blouse For Her Date Night With ARod #URL#]]></document>
    <document><![CDATA[#HASHTAG# #HASHTAG# These Are The UK's Top 10 Most Instagrammed Cities #URL#]]></document>
    <document><![CDATA[#HASHTAG# #HASHTAG# A Nun Suing Katy Perry Has Died After Collapsing in Court #URL#]]></document>
    <document><![CDATA[#HASHTAG# #HASHTAG# The Most Motivating Pieces of Advice 6 Fit Mums Have Shared on Instagram #URL#]]></document>
    <document><![CDATA[#HASHTAG# #HASHTAG# #HASHTAG# The 1 Salad You Need in Your Life This Weekend #URL#]]></document>
    <document><![CDATA[#HASHTAG# #HASHTAG# The 6 Hair Products All Air-Dry Addicts Need #URL#]]></document>
    <document><![CDATA[#HASHTAG# #HASHTAG# #HASHTAG# "If I'm Not Sore After a Workout Does It Mean I Didn't Work Hard Enough?" #URL#]]></document>
    <document><![CDATA[#HASHTAG# #HASHTAG# The Best Long Haircuts For 2018, According to Pros #URL#]]></document>
    <document><![CDATA[#HASHTAG# #HASHTAG# 21 Famous Women Who Hit It Off With Younger Men #URL#]]></document>
    <document><![CDATA[#HASHTAG# #HASHTAG# #HASHTAG# 10 Fancy (but Totally Doable) Recipes Paleo-Newbies Need to Add to Their Weekly Rotation #URL#]]></document>
    <document><![CDATA[#HASHTAG# #HASHTAG# 10 Charming UK Cities to Visit (That Aren't London) #URL#]]></document>
    <document><![CDATA[#HASHTAG# #HASHTAG# 46 Pictures of Tom Hiddleston That Are Way Too Hot to Handle #URL#]]></document>
    <document><![CDATA[#HASHTAG# #HASHTAG# 25+ Recipes That Will Make Avocado-Lovers Totally Lose It #URL#]]></document>
    <document><![CDATA[#HASHTAG# #HASHTAG# Proof That the New Benefit Mascara Really Is Out of This World #URL#]]></document>
    <document><![CDATA[#HASHTAG# #HASHTAG# The 70 Most Breathtaking Wedding Dresses on Instagram #URL#]]></document>
    <document><![CDATA[#HASHTAG# #HASHTAG# #HASHTAG# Exercising for People Who Hate Exercise #URL#]]></document>
    <document><![CDATA[#HASHTAG# #HASHTAG# This Bride's Gorgeous, Sheer Wedding Gown Will Give You Major Heart Eyes #URL#]]></document>
    <document><![CDATA[#HASHTAG# #HASHTAG# 3 of Australia's Most Successful Fashion Designers on What to Wear This Autumn #URL#]]></document>
    <document><![CDATA[#HASHTAG# #HASHTAG# The 1 App Every Woman Needs in Her Life #URL#]]></document>
    <document><![CDATA[#HASHTAG# #HASHTAG#  12 YouTube Tutorials That Will Convince You to DIY Your Bridal Makeup #URL#]]></document>
    <document><![CDATA[#HASHTAG# #HASHTAG# Meet the Smoothie Bowl That's Mermaid-Approved #URL#]]></document>
    <document><![CDATA[#HASHTAG# #HASHTAG# #HASHTAG# 29 Ways to Cook Your Favourite Lean Protein: Boneless, Skinless Chicken Breasts #URL#]]></document>
    <document><![CDATA[#HASHTAG# #HASHTAG#  BRB, We're on Our Way to Buy Cardi B's Go-To Foundation - It's Only $20 #URL#]]></document>
    <document><![CDATA[#HASHTAG# #HASHTAG# #HASHTAG# 25+ Satisfyingly Sweet Healthy Breakfast Recipes to Start Your Day Off Right #URL#]]></document>
    <document><![CDATA[#HASHTAG# #HASHTAG# How I Did Intermittent Fasting Only 5 Days a Week - and Still Lost Weight #URL#]]></document>
    <document><![CDATA[#HASHTAG# #HASHTAG# #HASHTAG# Let Jesinta Franklin Change the Way You Feel About Brussels Sprouts #URL#]]></document>
    <document><![CDATA[#HASHTAG# #HASHTAG# These Are the Moves For Insanely Cut Abs #URL#]]></document>
    <document><![CDATA[#HASHTAG# #HASHTAG#  Kiehl's Is Launching Its First-Ever Sheet Mask, and Our Faces Are READY! #URL#]]></document>
    <document><![CDATA[#HASHTAG# #HASHTAG# #HASHTAG# Dish to Impress: Apple, Pear and Rosemary Pancakes #URL#]]></document>
    <document><![CDATA[9 things you didn't know you could claim on private health insurance #URL#]]></document>
    <document><![CDATA[#HASHTAG# #HASHTAG# These 42 Disney Quotes Are So Perfect They'll Make You Cry #URL#]]></document>
    <document><![CDATA[#HASHTAG# #HASHTAG# 11 Meat-Free Wraps You Should Meal Prep For Work #URL#]]></document>
    <document><![CDATA[#HASHTAG# #HASHTAG# Hey, Ricky Bobby, Kendall Jenner's Race Car Jacket Is the "Best There Is" - Plain and Simple #URL#]]></document>
    <document><![CDATA[#HASHTAG# #HASHTAG# The Cutout on Emily Ratajkowski's Swimsuit Is SO Revealing, We Can't Help But Stare #URL#]]></document>
    <document><![CDATA[Study finds oral contraception reduces cancer risk #URL#]]></document>
    <document><![CDATA[#HASHTAG# #HASHTAG# We've Got an Itch to Buy Taylor Swift's Hiking Sneakers, and We Just Can't Shake It Off #URL#]]></document>
    <document><![CDATA[#HASHTAG# #HASHTAG# 10 Major Fashion Moments You Can Expect to See From the Royal Family in 2018 #URL#]]></document>
    <document><![CDATA[#HASHTAG# #HASHTAG#  MAC's Mysterious New Lip Glosses Include Scents Such as Funfetti Cake and Banana Muffins #URL#]]></document>
    <document><![CDATA[#HASHTAG# #HASHTAG# 23 Ways to Flatter Your Butt With the Clothes You've Already Got #URL#]]></document>
  </documents>
</author>
