<author lang="en">
  <documents>
    <document><![CDATA[Has Area created the coolest accessory of New York Fashion Week? Who doesn't need a chair necklace? --&gt;… #URL#]]></document>
    <document><![CDATA[Well, this is news of the day #URL#]]></document>
    <document><![CDATA[The answer to your leather jacket styling questions --&gt; #URL#  © Getty Images / Sandra Semburg #URL#]]></document>
    <document><![CDATA[She amazes us every time #URL# #URL#]]></document>
    <document><![CDATA[* Books a ticket to Berlin * #URL#]]></document>
    <document><![CDATA[From her yellow Guo Pei “omelette dress” to her Maison Margiela Pope-inspired ensemble  #URL#]]></document>
    <document><![CDATA[Style advice direct from the stars. #URL#]]></document>
    <document><![CDATA[Forever and always a style icon #URL#]]></document>
    <document><![CDATA[What about a wedding on the most romantic day of the year? ❣ #URL#]]></document>
    <document><![CDATA[How many of these are on your bucket list? #URL#]]></document>
    <document><![CDATA[A style guide of how to adopt the biggest trend of the season #URL#]]></document>
    <document><![CDATA[Billie Eilish just released the theme song for 'No Time To Die' and now we're even more excited about the 25th Jame… #URL#]]></document>
    <document><![CDATA[Saturday loving --&gt; #URL#  © Helmut Newton Estate #URL#]]></document>
    <document><![CDATA[A style that has dominated the catwalk in recent seasons #URL#]]></document>
    <document><![CDATA[You haven't really been to Paris until you've ticked these off #URL#]]></document>
    <document><![CDATA[Today's to-do list: watch all of Renée's films --&gt; #URL#  © Collection Christophel / Gracie Films… #URL#]]></document>
    <document><![CDATA["Let's keep our Valentine's date a chilled one this year" Us: "Sure" Also us: --&gt; #URL#  © Alessa… #URL#]]></document>
    <document><![CDATA[Lip pencils at the ready #URL#]]></document>
    <document><![CDATA[Yolanda Hadid holds the key to eternal youth and endless energy... #URL#]]></document>
    <document><![CDATA[Miley Cyrus strutting down the runway at Marc Jacobs is all we need to see on a Thursday --&gt;… #URL#]]></document>
    <document><![CDATA[Line your lips. It's more fun. --&gt; #URL#  © Getty Images #URL#]]></document>
    <document><![CDATA[From Psycho to To Catch a Thief, Alfred Hitchcock created some iconic films #URL# #URL#]]></document>
    <document><![CDATA[When a museum looks this beautiful how could we ever leave? --&gt; #URL#  © ADRIEN DIRAND / Luc Cast… #URL#]]></document>
    <document><![CDATA[Need those last-minute gift ideas? #URL#]]></document>
    <document><![CDATA[Brave the cold in the most stylish way possible like Diana in this vintage ski suit --&gt; #URL#  ©… #URL#]]></document>
    <document><![CDATA[Don't forget that 2020's color of the year is Classic Blue, so we've brought together all the inspiration a fashion… #URL#]]></document>
    <document><![CDATA[Over 30.7 million Apple Watches were sold last year. That's over 84k a day! #URL#]]></document>
    <document><![CDATA["No fuss or frills please" Us: --&gt; #URL#  © Startraks / REX / Shutterstock #URL#]]></document>
    <document><![CDATA[We all remember the iconic Versace jungle dress, but do you remember this iconic vintage fashion moments from J.Lo?… #URL#]]></document>
    <document><![CDATA[They will be the coolest parents #URL#]]></document>
    <document><![CDATA[From hairclips to a bold eyeliner, the beauty looks at New York Fashion Week were nothing short of striking --&gt;… #URL#]]></document>
    <document><![CDATA[Cookies from Mamiche are all we need on a Sunday --&gt; #URL# #URL#]]></document>
    <document><![CDATA[Clearly the key to success is in these recipes #URL#]]></document>
    <document><![CDATA[Happy Sunday! --&gt; #URL#  © RMN-Grand Palais / image RMN-GP #URL#]]></document>
    <document><![CDATA[Amal Clooney in 4 of her most showstopping red-carpet looks. She is elegance at its finest --&gt;… #URL#]]></document>
    <document><![CDATA[Sundays à la Birkin and Gainsbourg --&gt; #URL#  © Getty Images #URL#]]></document>
    <document><![CDATA[Hailey Baldwin and Kylie Jenner have both adopted it #URL#]]></document>
    <document><![CDATA[Michael Kors last night in New York gave us the ultimate coat inspiration for this cold season --&gt;… #URL#]]></document>
    <document><![CDATA[Birkin shares her favorite gastronomic treats. #URL#]]></document>
    <document><![CDATA[Name a more iconic duo. We'll wait. --&gt; #URL#  © YUI MOK/Contributor #URL#]]></document>
    <document><![CDATA[Take a first look at Robert Pattinson in Batman #URL# #URL#]]></document>
    <document><![CDATA[Did someone say Saturday night? --&gt; #URL#  © Getty Images #URL#]]></document>
    <document><![CDATA[Christian Cowan created the perfect dress to make everyone realize how much of a gift you are, last night at New Yo… #URL#]]></document>
    <document><![CDATA[Why not watch a cult classic tonight? --&gt; #URL#  © Getty Images / Collection ChristopheL / Netflix #URL#]]></document>
    <document><![CDATA[Who doesn't love cracking open a warm cookie and watching the chocolate melt everywhere? #URL#]]></document>
    <document><![CDATA[Including pictures you won't have seen before #URL#]]></document>
    <document><![CDATA[These couples are in it for the long run ❤ --&gt; #URL#  © Getty Images / Instagram #USER# / Georg… #URL#]]></document>
    <document><![CDATA[This season calls for a seriously good coat game --&gt; #URL#  © #URL# #URL#]]></document>
    <document><![CDATA[Perfect for that relaxing Friday feeling #URL#]]></document>
    <document><![CDATA[Take some style inspiration from an artist who knows her stuff #URL#]]></document>
    <document><![CDATA[Congratulations to Sophie Turner and Joe Jonas who are expecting their first child! --&gt; #URL#  ©… #URL#]]></document>
    <document><![CDATA[Us trying to figure out how quickly that week went like Janet Leigh in Psycho --&gt; #URL#  © Getty… #URL#]]></document>
    <document><![CDATA[For a Taurus, go for Dior Sauvage #URL#]]></document>
    <document><![CDATA[It's cold this winter right? #URL#]]></document>
    <document><![CDATA[Which royal will make an appearance at London Fashion Week? #URL# #URL#]]></document>
    <document><![CDATA[Billie Eilish just released the theme song for 'No Time To Die' and we've got it on repeat --&gt;… #URL#]]></document>
    <document><![CDATA[Take the Parisian food tour with Clara Cornet  #URL# #URL#]]></document>
    <document><![CDATA[Sunday recipe idea: Kim Kardashian West's vegan tacos --&gt; #URL# #URL#]]></document>
    <document><![CDATA[Kim's take on the Mexican classic #URL# #URL#]]></document>
    <document><![CDATA[A simple, well-tailored blazer offers myriad style possibilities. #URL#]]></document>
    <document><![CDATA[Rebecca Leigh Longendyke and Vittoria Ceretti on the cover of the March 2020 ready-to-wear special. On newsstands F… #URL#]]></document>
    <document><![CDATA[Sweet treats for Valentine's Day anyone? --&gt; #URL#  © Cédric Grolet #URL#]]></document>
    <document><![CDATA[Friday feels --&gt; #URL#  © Robert Knight Archive/Redferns #URL#]]></document>
    <document><![CDATA[Royal love is a beautiful love indeed #URL#]]></document>
    <document><![CDATA[If you want the fairy tale look, any of these will do #URL#]]></document>
    <document><![CDATA[We're obsessed with this new type of French tip #URL#]]></document>
    <document><![CDATA[How to be on-trend 101 #URL#]]></document>
    <document><![CDATA[Miuccia Prada is successful for a reason #URL#]]></document>
    <document><![CDATA[It's an all in one! #URL#]]></document>
    <document><![CDATA[Today's throwback Thursday trend comes in the form of a tracksuit --&gt; #URL#  © Instagram… #URL#]]></document>
    <document><![CDATA[Karl Lagerfeld's bags for Chanel, the ultimate fun accessory, never failed to impress --&gt; #URL#… #URL#]]></document>
    <document><![CDATA[Beauty should flaunt with thorns #URL#]]></document>
    <document><![CDATA[Love is in the air #URL# #URL#]]></document>
    <document><![CDATA[From an asymmetrical, Grecian gown to a bustier dress with feather detail. #URL#]]></document>
    <document><![CDATA[Paint yourself like an icon #URL#]]></document>
    <document><![CDATA[Happy Valentine's Day from the couple that makes us believe in love!💖 --&gt; #URL#  © Getty Images #URL#]]></document>
    <document><![CDATA[It's goodbye to the bob for the American actor #URL#]]></document>
    <document><![CDATA[Throwback Thursday: Yves Saint Laurent showing us that success comes with dedication and hard work --&gt;… #URL#]]></document>
    <document><![CDATA[The perfect collection to express your love to your other half (or yourself) #URL#]]></document>
    <document><![CDATA[Ari Seth Cohen showing us every beautiful kind of love. Happy Valentine's Day. ❤💛💚💙💜 #URL#]]></document>
    <document><![CDATA[This jacket has stood the test of time #URL#]]></document>
    <document><![CDATA[The best sidewalk style --&gt;  #URL#]]></document>
    <document><![CDATA[Who doesn't love a white wedding? #URL#]]></document>
    <document><![CDATA[How many can we binge in one night? #URL#]]></document>
    <document><![CDATA[Spring is just round the corner... #URL# #URL#]]></document>
    <document><![CDATA[Look's like Miley Cyrus had a Party in the USA #URL#]]></document>
    <document><![CDATA[Who are you matched with today? #URL#]]></document>
    <document><![CDATA[From the classic to the futuristic #URL#]]></document>
    <document><![CDATA[A surefire way to throw some subtle hints... thank you Marc Jacobs.  #URL#]]></document>
    <document><![CDATA[Meghan and Harry focusing hard --&gt; #URL#  © Getty Images #URL#]]></document>
    <document><![CDATA[The key steps to optimal health and a strong body: “I see the back as the body’s lifeline” - Angélique Dallioux #URL#]]></document>
    <document><![CDATA[Between the brimming crates of seafood, a delicious bowl of ramen awaits 🍜 #URL#]]></document>
    <document><![CDATA[Are we seeing double? Courteney Cox dressing up as Jennifer Aniston for her birthday is the best thing we've seen a… #URL#]]></document>
    <document><![CDATA[You can never beat a simple pasta #URL#]]></document>
    <document><![CDATA[In the list, the perfect silk shirt #URL#]]></document>
    <document><![CDATA[Who doesn't want a phone created by a fashion designer? #URL#]]></document>
    <document><![CDATA[Why not book a table for this weekend? #URL#]]></document>
    <document><![CDATA[The comfiest trend ever. Discuss #URL#]]></document>
    <document><![CDATA[Cuteness in 9 matching outfits #URL#]]></document>
    <document><![CDATA[Capricorns, buckle up - you've got a great year ahead! #URL#]]></document>
  </documents>
</author>
