<author lang="en">
  <documents>
    <document><![CDATA[This global framework recognises the skills and experience of #HASHTAG# professionals no matter their skill leve… #URL#]]></document>
    <document><![CDATA[Is there still a stigma when it comes to #HASHTAG# despite society's' awareness of their advantages? Kirstie… #URL#]]></document>
    <document><![CDATA[Our Functional Skills qualifications help individuals gain confidence through their learning and work journey.  Fin… #URL#]]></document>
    <document><![CDATA[Join part two of our webinar series on, 'Key considerations when delivering in-house apprenticeships, hosted by Str… #URL#]]></document>
    <document><![CDATA[#USER# #USER# #USER# We understand the disappointment that this has caused.  This decision has not… #URL#]]></document>
    <document><![CDATA[.#USER# tells #USER# what's been missing from the sector of late. #URL#]]></document>
    <document><![CDATA[#USER# Thank you for your interest Onyekachi; much appreciated. Our Learner Support team ( Email: learners… #URL#]]></document>
    <document><![CDATA[The Adult Education Budget can help upskill your workforce and apprentices.  Our AEB funded qualifications help emp… #URL#]]></document>
    <document><![CDATA[We offer over 1,500 Awards, Certificates and Diplomas from Entry Level, to Level 3 that are funded by the Adult Edu… #URL#]]></document>
    <document><![CDATA[The Adult Education Budget can help upskill your workforce and apprentices.  Our AEB funded qualifications help emp… #URL#]]></document>
    <document><![CDATA[#USER# #USER# #USER# We understand the disappointment that this has caused.  This decision has not… #URL#]]></document>
    <document><![CDATA[Don't forget we'll be holding a webinar series on, 'Key considerations when delivering in-house apprenticeships'. H… #URL#]]></document>
    <document><![CDATA[Our final highlight of 2019...  We were awarded the contract to deliver T Levels in #HASHTAG# by the Institute… #URL#]]></document>
    <document><![CDATA[Apprenticeship or university? 🤔  It is a common dilemma for young people.   If value for money is important to you,… #URL#]]></document>
    <document><![CDATA[Introducing Global Hospitality Certification.   #USER# and #USER# have collaborated with employers to… #URL#]]></document>
    <document><![CDATA[RT #USER#: #USER# taking us back to our early day presenting skills with tips  and tricks on how to deliver a fantastic pres…]]></document>
    <document><![CDATA[#USER# #USER# #USER# #USER# Brilliant, great working with you and the team -  look forward… #URL#]]></document>
    <document><![CDATA[#USER# We understand the disappointment that this has caused. This decision has not been taken lightly and w… #URL#]]></document>
    <document><![CDATA[#USER# We understand the disappointment that this has caused.  This decision has not been taken lightly and… #URL#]]></document>
    <document><![CDATA[Great news regarding learner choice and alternatives. What do you the reason behind this is? #URL# #USER#]]></document>
    <document><![CDATA[Find out more about #USER# and what is happening in #HASHTAG#, T-Levels, Global Certification and th… #URL#]]></document>
    <document><![CDATA[Now that the reformed #HASHTAG# qualifications are in place, should the Government invest in a national cam… #URL#]]></document>
    <document><![CDATA[Really looking forward to #HASHTAG# tomorrow. Remember our Technical Adviser #USER# will be available to d… #URL#]]></document>
    <document><![CDATA[Now you can take a deeper dive into your digital solution Get-to-Gateway, including interface previews, content exa… #URL#]]></document>
    <document><![CDATA[This webinar will help you understand how you can use AEB to support Intent and Impact will be key to success durin… #URL#]]></document>
    <document><![CDATA[Our first webinar of the series is taking place this Wednesday 22 January at 16.00. Register your place today for t… #URL#]]></document>
    <document><![CDATA[73% 😲  That is how many people view #USER# as the best route for setting up young people for future caree… #URL#]]></document>
    <document><![CDATA[The webinar is a must for Curriculum Heads and leads, Vice Principals, lead assessors and tutors. As Ofsted's new E… #URL#]]></document>
    <document><![CDATA[RT #USER#: As we launch our new restaurant menu, find out more about how each dish helps #HASHTAG# prisoners towards their #USER#…]]></document>
    <document><![CDATA[Next week we're holding part 2 of our webinar series on, 'Key considerations when delivering in-house apprenticeshi… #URL#]]></document>
    <document><![CDATA[#USER# We understand the disappointment that this has caused.  This decision has not been taken lightly and we… #URL#]]></document>
    <document><![CDATA[This event will cover the regulatory commitments that Ofsted Inspections and SFA audit, require, if your applicatio… #URL#]]></document>
    <document><![CDATA[#USER# We understand the disappointment that this has caused.  This decision has not been taken lightly and we wil… #URL#]]></document>
    <document><![CDATA[Our interim CEO #USER# shares the reasoning behind the need for greater collaboration between businesses, t… #URL#]]></document>
    <document><![CDATA[Help your apprentices reach gateway with confidence  Get-to-Gateway enables your apprentice to reach their full pot… #URL#]]></document>
    <document><![CDATA[Help your apprentices reach gateway with confidence  Get-to-Gateway enables your apprentice to reach their full pot… #URL#]]></document>
    <document><![CDATA[#USER# We understand the disappointment that this has caused.  This decision has not been taken lightly and we… #URL#]]></document>
    <document><![CDATA[We support standards: Gas Engineering; Carpentry and Joinery, Advanced Carpentry and Joinery &amp; more. See how we sup… #URL#]]></document>
    <document><![CDATA[We were really impressed with Bangalore Culinary Academy's patisserie diploma learners work here. Plus, today happe… #URL#]]></document>
    <document><![CDATA[#USER# #USER# We couldn't agree more, and same to you. 👏👏👏]]></document>
    <document><![CDATA[Get-to-Gateway is making tutors and assessors lives easier. Tutors access our digital platform through a web browse… #URL#]]></document>
    <document><![CDATA[Understanding how you can use AEB to support Intent and Impact will be key to success during inspection. Hosted by… #URL#]]></document>
    <document><![CDATA[7 ways Learning Assistant can be your virtual assistant that manages your learners’ so you can focus on the bigger… #URL#]]></document>
    <document><![CDATA[On Wednesday 26 February Amanda Kelly, our Industry Manager will be offering guidance to our centres during the… #URL#]]></document>
    <document><![CDATA[A BIG thank you to everyone from across both the #HASHTAG# &amp; Building Services #HASHTAG# sectors' who attend… #URL#]]></document>
    <document><![CDATA[BREAKING  National Apprenticeship Week begins today.  To mark the occasion, #USER# have published researc… #URL#]]></document>
    <document><![CDATA[Our next Employer lunch will provide you with the latest information we have on T-Levels, the current review of… #URL#]]></document>
    <document><![CDATA[Now you can take a deeper dive into your digital solution Get-to-Gateway, including interface previews, content exa… #URL#]]></document>
    <document><![CDATA[Get-to-Gateway is making tutors and assessors lives easier. Tutors access our digital platform through a web browse… #URL#]]></document>
    <document><![CDATA[“This report makes a great contribution to our thinking and consideration of future policy development”… #URL#]]></document>
    <document><![CDATA[A BIG thank you to all our guests who helped us celebrate the achievement of our amazing employee #HASHTAG#, at… #URL#]]></document>
    <document><![CDATA[Full house at our T Levels launch event!   Here is #USER# and Al Parkes from #USER# welcoming delegates ea… #URL#]]></document>
    <document><![CDATA[On Wednesday 26 February #USER#, our Technical Adviser will be offering guidance to our centres during the… #URL#]]></document>
    <document><![CDATA[👒🎩 🧢 Hats off to inspirational learner Georgia Dyer, who recently achieved her City &amp; Guilds certification. #URL#]]></document>
    <document><![CDATA[Good news for apprentices!  🏆🏆🏆  Our #USER# research reveals that #USER# are seen as the best r… #URL#]]></document>
    <document><![CDATA[We'll help you maximise the use of your AEB to reduce any underspend and help you ensure you have the right curricu… #URL#]]></document>
    <document><![CDATA[Now you can take a deeper dive into your digital solution Get-to-Gateway, including interface previews, content exa… #URL#]]></document>
    <document><![CDATA[#USER# #USER# #USER# We understand the disappointment that this has caused.  This decision has not… #URL#]]></document>
    <document><![CDATA[#USER# We understand the disappointment that this has caused.  This decision has not been taken lightly and we wi… #URL#]]></document>
    <document><![CDATA[AEB funded courses can support current and future skills needed for business, leading to increased productivity, mo… #URL#]]></document>
    <document><![CDATA[Talented &amp; aspiring craftspeople can apply now for a #USER# #HASHTAG# or #HASHTAG# of up to £18,000  T… #URL#]]></document>
    <document><![CDATA[Our second pre-#HASHTAG# conference poll, asks...  Does the condition of funding rule for #HASHTAG# and Engl… #URL#]]></document>
    <document><![CDATA[Our next Employer lunch will provide you with the latest information we have on T-Levels, the current review of… #URL#]]></document>
    <document><![CDATA[. #USER# discusses amongst other things with #USER#, the untapped resource of over a million adults from… #URL#]]></document>
    <document><![CDATA[This statistic says it all. 😎  Over half of people believe that #USER# could benefit those wanting to ret… #URL#]]></document>
    <document><![CDATA[We appreciate the highlight #USER#. 👍 #URL#]]></document>
    <document><![CDATA[Help your apprentices reach gateway with confidence  Get-to-Gateway enables your apprentice to reach their full pot… #URL#]]></document>
    <document><![CDATA[#USER# We understand the disappointment that this has caused.  This decision has not been taken lightly and we wi… #URL#]]></document>
    <document><![CDATA[Funding Update #HASHTAG# - How to maximise use of AEB and improve Ofsted inspection outcomes, hosted by… #URL#]]></document>
    <document><![CDATA[Our first webinar of the series is taking place later today 22 January at 16.00. Register your place today for the… #URL#]]></document>
    <document><![CDATA[We support standards: Business Administrator, Customer Service Specialist, Customer Service Practitioner, Insurance… #URL#]]></document>
    <document><![CDATA[Truly another #HASHTAG# was our new contract to deliver a number of different qualifications in Jamaica over a… #URL#]]></document>
    <document><![CDATA[Get-to-Gateway is making tutors and assessors lives easier. Tutors access our digital platform through a web browse… #URL#]]></document>
    <document><![CDATA[Now you can take a deeper dive into your digital solution Get-to-Gateway, including interface previews, content exa… #URL#]]></document>
    <document><![CDATA[#USER# Thank you, we will contact you directly.]]></document>
    <document><![CDATA[Happy Chinese New Year 2020! 🎆✨🎉 This artistic #USER# post intricately detailed chocolate sculpture of a Drago… #URL#]]></document>
    <document><![CDATA[We support standards including: Senior Leader; Chartered Manager; Operations/Departmental Manager and Team Leader/S… #URL#]]></document>
    <document><![CDATA[The Adult Education Budget can help upskill your workforce and apprentices.  Our AEB funded qualifications help emp… #URL#]]></document>
    <document><![CDATA[Next week we'll be holding a webinar on, 'Key considerations when delivering in-house apprenticeships'. Hosted by S… #URL#]]></document>
    <document><![CDATA[Don't forget part two of our webinar series on, 'Key considerations when delivering in-house apprenticeships'. Host… #URL#]]></document>
    <document><![CDATA[Talented &amp; aspiring craftspeople can apply now for a #USER# #HASHTAG# or #HASHTAG# of up to £18,000  T… #URL#]]></document>
    <document><![CDATA[2019 saw the latest edition of #USER# Sense &amp; Instability Report, which provided a very important review… #URL#]]></document>
    <document><![CDATA[We support standards Production Chef, Commis Chef, Chef de Partie, Hospitality Team Member &amp; Hospitality Supervisor… #URL#]]></document>
    <document><![CDATA[There is still time to register for tomorrow's webinar.   Looking at the recent relaxation of AEB funding rules and… #URL#]]></document>
    <document><![CDATA[#USER# #USER# #USER# We understand the disappointment that this has caused.  This decision has n… #URL#]]></document>
    <document><![CDATA[Our first webinar of the series is taking place tomorrow 22 January at 16.00. Register your place today for the lat… #URL#]]></document>
    <document><![CDATA[It is the season to be merry in many countries across the world. Season's Greetings from #USER#! #URL#]]></document>
    <document><![CDATA[We’re pleased to announce that we’ll be at #HASHTAG#, talking all things Functional Skills.   Come and se… #URL#]]></document>
    <document><![CDATA[7 ways Learning Assistant is your new virtual assistant that manages your learners’ for you. Discover the rest:… #URL#]]></document>
    <document><![CDATA[Talented &amp; aspiring craftspeople can apply now for a #USER#  #HASHTAG# or #HASHTAG# of up to £18,000.… #URL#]]></document>
    <document><![CDATA[#USER# We understand the disappointment that this has caused.  This decision has not been taken lightly and… #URL#]]></document>
    <document><![CDATA[Get-to-Gateway is making tutors and assessors lives easier. Tutors access our digital platform through a web browse… #URL#]]></document>
    <document><![CDATA[#USER#, thank you for your message. Please can you follow our account, so we can discuss further directly. Many thanks in advance.]]></document>
    <document><![CDATA[#USER# Please feel free to follow our account, so we can discuss further with you directly, if you so wish.]]></document>
    <document><![CDATA[We'll be holding a webinar series on, 'Key considerations when delivering in-house apprenticeships, hosted by Strat… #URL#]]></document>
    <document><![CDATA[RT #USER#: Start thinking about upskilling the future leaders in your organisation now, so that they are not only skilled but also motivat…]]></document>
    <document><![CDATA[This global framework recognises the skills and experience of #HASHTAG# professionals no matter their skill leve… #URL#]]></document>
    <document><![CDATA[If you're going to the #HASHTAG# event this Friday, make sure visit our stand, #USER# is going to be on ha… #URL#]]></document>
    <document><![CDATA[#USER# We understand the disappointment that this has caused.  This decision has not been taken lightly and w… #URL#]]></document>
    <document><![CDATA[A great spot by our interim CEO regarding this video clip, who took to Twitter to discuss the campaign for the UK t… #URL#]]></document>
  </documents>
</author>
