<author lang="en">
  <documents>
    <document><![CDATA[#HASHTAG# 9 Biggest Jaw-Droppers From the 2017 MTV VMAs - From Miley Cyrus' twerk fest in 2013 to Britney Spears' s... #URL#]]></document>
    <document><![CDATA[#HASHTAG# James Franco Says Acting Helped Him Overcome Certain Addictions #URL#]]></document>
    <document><![CDATA[#HASHTAG# Jennifer Lawrence, Ryan Reynolds and More Onscreen Superheroes Reveal the Perils of Peeing in Costume #URL#]]></document>
    <document><![CDATA[#HASHTAG# Romeo Santos Proudly Unveils His Wax Figure After Fans' Petition #URL#]]></document>
    <document><![CDATA[#HASHTAG# Bridget Marquardt Hasn't Seen Hugh Hefner in Years - Bridget Marquardt is always welcome at the Playboy M... #URL#]]></document>
    <document><![CDATA[#HASHTAG# Craziest Fashion Moments From the MTV Video Music Awards Red Carpet #URL#]]></document>
    <document><![CDATA[#HASHTAG# Kim Zolciak-Biermann Says She's ''Almost Fully Recovered" From Her 2015 stroke #URL#]]></document>
    <document><![CDATA[#HASHTAG# The 20 Most Insane Taco Bell Menu Items Ever - Yesterday Taco Bell once again rocked our cheese-and-potat... #URL#]]></document>
    <document><![CDATA[#HASHTAG# Olympic Gold Medalist Sanya Richards-Ross Gives Birth to First Child With NFL Star Aaron Ross #URL#]]></document>
    <document><![CDATA[#HASHTAG# Beyoncé Debuts First Photo of Twins Rumi and Sir Carter #URL#]]></document>
    <document><![CDATA[#HASHTAG# 2017 ESPY Awards: 5 Things to Know Before the Year's Top Athletes Take Center Stage #URL#]]></document>
    <document><![CDATA[#HASHTAG# Teen Mom 2's Chelsea Houska Says She Doesn't Want Daughter to Spend Time With "Drug-Addicted Father'' #URL#]]></document>
    <document><![CDATA[#HASHTAG# Taylor Swift Teams Up With Shonda Rhimes for #HASHTAG# - At least one person heard Taylor Swift's new song "L... #URL#]]></document>
    <document><![CDATA[#HASHTAG# Mandy Moore, Milo Ventimiglia &amp; Their This Is Us Co-Stars Talk Season 2, Family &amp; More! #URL#]]></document>
    <document><![CDATA[#HASHTAG# Jill Zarin Reconciles With Ramona Singer Amid Husband Bobby Zarin's Cancer Battle #URL#]]></document>
    <document><![CDATA[#HASHTAG# James Corden and Wife Julia Carey Are Expecting Their Third Child #URL#]]></document>
    <document><![CDATA[#HASHTAG# Meet Amber Portwood's New Boyfriend: 5 Things to Know About Andrew Glennon #URL#]]></document>
    <document><![CDATA[#HASHTAG# Olympics Return to Los Angeles: 19 Retro Athleisure Picks Inspired by the 1984 Summer Games #URL#]]></document>
    <document><![CDATA[#HASHTAG# Spider-Man: Homecoming Co-Stars Tom Holland and Zendaya Are Dating #URL#]]></document>
    <document><![CDATA[#HASHTAG# Cate Blanchett Dishes on What it Was Like Playing Marvel's First Female Supervillain #URL#]]></document>
    <document><![CDATA[#HASHTAG# Demi Lovato Belts National Anthem at Floyd Mayweather vs. Conor McGregor Fight #URL#]]></document>
    <document><![CDATA[#HASHTAG# Seth Rogen Just Dropped Some Major Truth Bombs About Superbad #URL#]]></document>
    <document><![CDATA[#HASHTAG# The Challenge's Ammo Reveals He Was Raped By His Former Partner #URL#]]></document>
    <document><![CDATA[#HASHTAG# Usher's Carpool Karaoke: Watch Him Give James Corden Dance Lessons and Shine His Star on the Hollywood Wa... #URL#]]></document>
    <document><![CDATA[#HASHTAG# Fact-Checking The View's Wildest Rumors: Which Behind-the-Scenes Hot Topics Were So True or So False #URL#]]></document>
    <document><![CDATA[#HASHTAG# Newlyweds Pippa Middleton and James Matthews Make Cozy Appearance at Wimbledon #URL#]]></document>
    <document><![CDATA[#HASHTAG# Jay-Z Reveals Why He and Beyoncé Named Their Twins Rumi and Sir #URL#]]></document>
    <document><![CDATA[#HASHTAG# DJ Khaled and His Baby Boy Just Stole Our Hearts at the 2017 MTV Video Music Awards #URL#]]></document>
    <document><![CDATA[#HASHTAG# Colton Haynes Puts His ''Full Moon'' on Display During Summer Vacation With Jeff Leatham #URL#]]></document>
    <document><![CDATA[#HASHTAG# Natalie Portman Uses This App to Get Red Carpet-Ready - Have you ever wondered where celebrities enlist t... #URL#]]></document>
    <document><![CDATA[#HASHTAG# Who's That? All the Stars Who Went Undercover at Comic-Con #URL#]]></document>
    <document><![CDATA[#HASHTAG# Paris Jackson Goes Topless on Spiritual Retreat - Paris Jackson is all about being one with nature. The "... #URL#]]></document>
    <document><![CDATA[#HASHTAG# Marvel vs. DC: A Comic-Con History of Epic Announcements #URL#]]></document>
    <document><![CDATA[#HASHTAG# Adam Kenworthy Posts Racy Tribute to RHONY's Carole Radziwill on Her 54th Birthday #URL#]]></document>
    <document><![CDATA[#HASHTAG# Happy Left-Handers Day! Let's Celebrate These Left-Handed Celebs #URL#]]></document>
    <document><![CDATA[#HASHTAG# Shonda Rhimes Is Leaving ABC for Netflix--but TGIT "Remains Intact" #URL#]]></document>
    <document><![CDATA[#HASHTAG# Rick Ross Doesn't Sign Female Rappers Because He Wants to "F--k Them" #URL#]]></document>
    <document><![CDATA[#HASHTAG# Angelina Jolie and Brad Pitt's Divorce Is Not Moving Forward: ''A Lot Has Changed'' #URL#]]></document>
    <document><![CDATA[#HASHTAG# Aaron Carter Pens Emotional Letter About His Sexuality: ''This Does Not Bring Me Shame'' #URL#]]></document>
    <document><![CDATA[#HASHTAG# Brad Pitt and Angelia Jolie Got Married 3 Years Ago Today: 12 Facts You May Have Forgotten About Their Se... #URL#]]></document>
    <document><![CDATA[#HASHTAG# The Bachelor's Nick Viall Proudly Supports Vanessa Grimaldi as She Raises $30,000 for Special Education #URL#]]></document>
    <document><![CDATA[#HASHTAG# Why Alexis Ohanian Thinks Serena Williams Will Give Birth to a Baby Girl #URL#]]></document>
    <document><![CDATA[#HASHTAG# Stranger Things Season 2 Trailer Gives Us Our First Look at Eleven's Return and We're Freaking Out #URL#]]></document>
    <document><![CDATA[#HASHTAG# Patton Oswalt Fires Back at ''Bitter Grub Worms'' Criticizing Engagement to Meredith Salenger #URL#]]></document>
    <document><![CDATA[#HASHTAG# Brad Pitt and Angelina Jolie Divorce Is on Hold: Will They Be Able to Save Their Marriage? #URL#]]></document>
    <document><![CDATA[#HASHTAG# Deadpool 2's Zazie Beetz Mourns the Death of Stunt Double Joi "SJ" Harris #URL#]]></document>
    <document><![CDATA[#HASHTAG# Real Housewives of Orange County's Vicki Gunvalson Reflects on Brooks Ayers Drama: "He Wasn't a Monster" #URL#]]></document>
    <document><![CDATA[#HASHTAG# Demi Lovato Sends a Message to Her Haters With "Sorry Not Sorry" #URL#]]></document>
    <document><![CDATA[#HASHTAG# Nick Lachey Gushes Over ''Soulmate'' Vanessa Lachey on Couple's Sixth Wedding Anniversary #URL#]]></document>
    <document><![CDATA[#HASHTAG# Ben Affleck Drops Out of Triple Frontier to Focus on "Wellness and Family" #URL#]]></document>
    <document><![CDATA[#HASHTAG# Ben Affleck's Relationship History: Lindsay Shookus, Jennifer Garner and More #URL#]]></document>
    <document><![CDATA[#HASHTAG# Kylie Jenner Talks 20th Birthday Plans With Her Family and Reveals What "Sentimental" Gift She Wants #URL#]]></document>
    <document><![CDATA[#HASHTAG# All About Game of Thrones' Shocking Stark Family Reunion #URL#]]></document>
    <document><![CDATA[#HASHTAG# Teen Mom's Amber Portwood Reveals Just How Much Her Relationship With Matt Baier Has Changed #URL#]]></document>
    <document><![CDATA[#HASHTAG# 2017 Teen Choice Awards: 5 Things to Know About the Big Event #URL#]]></document>
    <document><![CDATA[#HASHTAG# MTV Renames the Video Music Awards' ''Moonman'' to ''Moon Person'' #URL#]]></document>
    <document><![CDATA[#HASHTAG# Avril Lavigne Is in a ''Really Good Place'' and Moving Toward a Romance With Music Producer J.R. Rotem #URL#]]></document>
    <document><![CDATA[#HASHTAG# See Two Decades of The View's Co-Hosts Bid Their Final Farewells #URL#]]></document>
    <document><![CDATA[#HASHTAG# HBO Boss Defends Game of Thrones Creators' Controversial Slave Drama Amid Backlash #URL#]]></document>
    <document><![CDATA[#HASHTAG# Daniel Craig Confirms He Will Play James Bond Again - Daniel Craig is giving the people what they want. D... #URL#]]></document>
    <document><![CDATA[#HASHTAG# Private Dinner With Leonardo DiCaprio and Kate Winslet Is Being Auctioned Off for Charity #URL#]]></document>
    <document><![CDATA[#HASHTAG# Charlize Theron Jokingly Calls Tia Mowry a "Bitch" Over Old SoulCycle Drama #URL#]]></document>
    <document><![CDATA[#HASHTAG# Everything We Know About a Possible Princess Diaries 3 Movie #URL#]]></document>
    <document><![CDATA[#HASHTAG# 2017 MTV Video Music Awards: 10 Things to Know About the Always Unpredictable Spectacle #URL#]]></document>
    <document><![CDATA[#HASHTAG# Dancing With the Stars' Julianne Hough and Brooks Laich Are Married #URL#]]></document>
    <document><![CDATA[#HASHTAG# Jessica Biel and Justin Timberlake: Relive One of Hollywood's Greatest Love Stories #URL#]]></document>
    <document><![CDATA[#HASHTAG# Riverdale Star Lili Reinhart Is a Pimple Popper - Acne isn't just a problem for high schools students--ju... #URL#]]></document>
    <document><![CDATA[#HASHTAG# 5 Things We Learned From Jessica Biel's Candid and Hilarious Reddit AMA #URL#]]></document>
    <document><![CDATA[#HASHTAG# Justin Bieber's Manager Scooter Braun "Sorry" for Tour Cancellation #URL#]]></document>
    <document><![CDATA[#HASHTAG# Summer Phoenix Files for Divorce From Casey Affleck - It's officially over for Casey Affleck and Summer P... #URL#]]></document>
    <document><![CDATA[#HASHTAG# Ryan Lochte Cleared of Criminal Charges in Rio Robbery Scandal #URL#]]></document>
    <document><![CDATA[#HASHTAG# Bachelor in Paradise's Carly Waddell and Evan Bass Reveal the Sex of Their Baby #URL#]]></document>
    <document><![CDATA[#HASHTAG# Lisa Vanderpump Sounds Off on Luann de Lesseps' Divorce: ''It's a Shame'' #URL#]]></document>
    <document><![CDATA[#HASHTAG# Lindsey Vonn and Tiger Woods Fight Back After Nude Photos Are Stolen and Leaked Online #URL#]]></document>
    <document><![CDATA[#HASHTAG# Everwood Cast Reunites: All the Moments That Made Us (and Them) Cry #URL#]]></document>
    <document><![CDATA[#HASHTAG# True Crime Week: How Taylor Swift, Kendall Jenner and More Stars Deal With the Scary Side of Fame #URL#]]></document>
    <document><![CDATA[#HASHTAG# Real Housewives of Atlanta's Cynthia Bailey Swears Her $34 Readers "Will Complement Your Whole Situation" #URL#]]></document>
    <document><![CDATA[#HASHTAG# Game of Thrones Gives Us Another Long-Awaited Reunion Then Overshadows it with Death and Fire #URL#]]></document>
    <document><![CDATA[#HASHTAG# Fine, We Accept That Game of Thrones Will Hook Up Jon Snow and Daenerys Targaryen #URL#]]></document>
    <document><![CDATA[#HASHTAG# 9 Times The View Co-Hosts Documented Personal Milestones on TV #URL#]]></document>
    <document><![CDATA[#HASHTAG# Bachelor in Paradise's Carly Waddell and Evan Bass Share Their Advice For Making It As a Couple in the Ba... #URL#]]></document>
    <document><![CDATA[#HASHTAG# Rose Byrne Is Pregnant With Her Second Child - Rose Byrne and Bobby Cannavale have every reason to be all... #URL#]]></document>
    <document><![CDATA[#HASHTAG# Jada Pinkett Smith Doesn't Want Willow Smith to Follow in Her Footsteps and Marry Young #URL#]]></document>
    <document><![CDATA[#HASHTAG# Match the Lipstick to the Celeb, Then Score a Shade for Free #URL#]]></document>
    <document><![CDATA[#HASHTAG# Selena Gomez Releases "Fetish," Her Sexiest Song to Date #URL#]]></document>
    <document><![CDATA[#HASHTAG# Inside Serena Williams' Star-Studded '50s-Themed Baby Shower: Ciara, Eva Longoria and More #URL#]]></document>
    <document><![CDATA[#HASHTAG# Sandra Bullock's Romantic History: The Rumors and the Reality, Including the Relationships You Totally Fo... #URL#]]></document>
    <document><![CDATA[#HASHTAG# Shia LaBeouf Issues Apology for Explicit Outburst Following Arrest #URL#]]></document>
    <document><![CDATA[#HASHTAG# Teen Choice Awards 2017 Red Carpet Arrivals: See Jake Paul, the Stars of Dance Moms and More #URL#]]></document>
    <document><![CDATA[#HASHTAG# 25 Crop Tops You Can (and Should) Transition Into Your Fall Wardrobe #URL#]]></document>
    <document><![CDATA[#HASHTAG# Miranda Kerr's Surprising Solution to Pimples - Being a model requires near-perfect skin. Sure, almost ev... #URL#]]></document>
    <document><![CDATA[#HASHTAG# Meghan Markle Takes Mom Doria to London: Inside Their Secret Mother-Daughter Trip Across the Pond #URL#]]></document>
    <document><![CDATA[#HASHTAG# Selena Gomez Celebrates Her 25th Birthday With a Low-Key Bash #URL#]]></document>
    <document><![CDATA[#HASHTAG# The Bachelorette's Rachel Lindsay Dishes on the Pros and Cons of Her Final 4 Guys #URL#]]></document>
    <document><![CDATA[#HASHTAG# Revenge's Emily VanCamp and Josh Bowman Give Rescue Dog a Forever Home #URL#]]></document>
    <document><![CDATA[#HASHTAG# True Blood Star Nelsan Ellis' Family to Open His Funeral to the Public #URL#]]></document>
    <document><![CDATA[#HASHTAG# Friendly Reminder, Tom Brady and Gisele Bündchen's Relationship Is as Picture-Perfect as You'd Expect #URL#]]></document>
    <document><![CDATA[#HASHTAG# Justin Bieber Hits a Paparazzo With His Truck Outside Church #URL#]]></document>
    <document><![CDATA[#HASHTAG# Jennifer Aniston and Justin Theroux Celebrate 2-Year Anniversary: Their Road to Romance #URL#]]></document>
    <document><![CDATA[#HASHTAG# Jay-Z Parodies Friends With Issa Rae, Tiffany Haddish and More in ''Moonlight'' Music Video #URL#]]></document>
  </documents>
</author>
