<author lang="en">
  <documents>
    <document><![CDATA[#USER# so why is that any of your business? Cretin]]></document>
    <document><![CDATA[#USER# We live in a reality based so piety. Not the fantasy world that you live in,  little girl.]]></document>
    <document><![CDATA[WARRANT: Informant didn't buy drugs from couple killed in raid #URL#]]></document>
    <document><![CDATA[Jaw-Dropper: New Muslim Member of Congress Caught Trying To Help ISIS Recruits #URL#]]></document>
    <document><![CDATA[#USER#  You are an embarrassment to this country]]></document>
    <document><![CDATA[Sharia in the USA: Christians Jailed for Preaching to Muslims-Dearborn, MI Officials Sued - Thomas More Law Center #URL#]]></document>
    <document><![CDATA[The Electoral College Still Makes Sense Because We’re Not A Democracy #URL#]]></document>
    <document><![CDATA[Alexandria Ocasio-Cortez's 'Green New Deal' is Commie Red #URL#]]></document>
    <document><![CDATA[#USER# Always been a rino. Time to retire. You have been doing nothing but stealing for 40 years.]]></document>
    <document><![CDATA[How many shares are you allowed before you get blocked from sharing?]]></document>
    <document><![CDATA[Ocasio-Cortez Living in Luxury Navy Yard Apartment Building #URL#]]></document>
    <document><![CDATA[Trans Criminals Sent Back to Men’s Prisons After Experiment Led to Sex Assaults on Women #URL#]]></document>
    <document><![CDATA[How the Clinton Foundation Got Rich off Poor Haitians]]></document>
    <document><![CDATA[#USER# I'm so glad you are giving permission to act the way you think I should . Meathead.]]></document>
    <document><![CDATA[Illinois shooting: Man who killed five co-workers was domestic abuser banned from legally owning guns #URL#]]></document>
    <document><![CDATA[#USER# you talk about yourself all of the time asshole.]]></document>
    <document><![CDATA[#USER# you have no friends  it h.]]></document>
    <document><![CDATA[#USER# You don't even have a law degree. You represent stupidity.]]></document>
    <document><![CDATA[Thank You all for being my fb friends  Too much bullshit. Bye.]]></document>
    <document><![CDATA[Cuomo announces income tax revenues have dropped by $2.3B #URL#]]></document>
    <document><![CDATA[Andrew McCarthy: McCabe, Rosenstein and the real truth about the 25th Amendment coup attempt #URL#]]></document>
    <document><![CDATA[#USER# #USER# Thanks for your disrespect, asshole.]]></document>
    <document><![CDATA[#USER# #USER# You call this sanity?]]></document>
    <document><![CDATA[I just took a personal stand for my freedom by joining NRA! You should too! #URL#]]></document>
    <document><![CDATA[#USER# You idiots never quit. Do you have to destroy every holiday we have? Get a LIFE !]]></document>
    <document><![CDATA[#USER# you are one pathetic asshole]]></document>
    <document><![CDATA[#USER# Where's the money you stole from the Haitians Bitch?]]></document>
    <document><![CDATA[To get into a business projection of $22 billion market in the next 3 years, Go to,… #URL#]]></document>
    <document><![CDATA[USMC Veteran Facing Life in Prison Over 1 Oz. of Cannabis to Treat His PTSD #URL#]]></document>
    <document><![CDATA[#USER# bitch You are nothing more than a beer pourer making minimum wage. your intelligence doesn't support your pay grade. fucking moron.]]></document>
    <document><![CDATA[You're even stupider than you were yesterday. Your ignorance astounds me.]]></document>
    <document><![CDATA[More Than 2.5 Million US Muslims Registered to Vote against trump in 2020!!! #URL#]]></document>
    <document><![CDATA[Elizabeth Warren listed race as 'American Indian' in newly revealed Texas State Bar card from 1986 #URL#]]></document>
    <document><![CDATA[#USER# #USER# #USER# #USER# Best president ever. Try and keep up.]]></document>
    <document><![CDATA[Don’t Accept Omar’s Phony Alibis for Hate #URL#]]></document>
    <document><![CDATA[#USER# #USER# #USER# #USER# #USER# Exonerated!]]></document>
    <document><![CDATA[#USER# #USER# You are a bunch of idiots. Do something useful and quit wasting everyone's time on Bullshit]]></document>
    <document><![CDATA[#USER# #USER# Damn this chick is Fucking stupid]]></document>
    <document><![CDATA[Start your own CBD business. #URL# #URL#]]></document>
    <document><![CDATA[#USER# #USER# #USER# #USER# Name one]]></document>
    <document><![CDATA[#USER# #USER# #USER# So who the hell are you snowflake]]></document>
    <document><![CDATA[What a wreck.  I mean race. Daytona 500 2019]]></document>
    <document><![CDATA[Why we should thank Andrew McCabe for his dishonorable service #URL#]]></document>
    <document><![CDATA[#USER# #USER# #USER# Yes I do!]]></document>
    <document><![CDATA[#USER# So how did a couch surfer like you become rich. Lying thieving asshole.]]></document>
    <document><![CDATA[HPD undercover cop lied about drug buy that led to deadly raid, Chief Acevedo says #URL#]]></document>
    <document><![CDATA[Start your own cbd business. #URL# #URL#]]></document>
    <document><![CDATA[Report: FBI says no direct ties between Russia, Donald Trump's campaign #URL#]]></document>
    <document><![CDATA[Fentanyl Maker Donates Big to Campaign Opposing Pot Legalization #URL#]]></document>
    <document><![CDATA[Border patrol apprehends group of 325 migrants near Lukeville #URL#]]></document>
    <document><![CDATA[#USER# #USER# #USER# That piece of paper you refer to is what covers your ass moron. It does not… #URL#]]></document>
    <document><![CDATA[74 years ago today, Audie Murphy earned his Medal of Honor with a burning tank destroyer's .50 cal and insane brave… #URL#]]></document>
    <document><![CDATA[Somalia-Born Candidate for Congress Accused of Immigration/Marriage Fraud #URL#]]></document>
    <document><![CDATA[Houston Officer Lied In Affidavit Before Deadly Raid, Police Chief Art Acevedo Says #URL#]]></document>
    <document><![CDATA[Alexandria Ocasio-Cortez is destroying opportunity for fellow Democrats #URL#]]></document>
    <document><![CDATA[Far-left activist demands long-time friend ditch MAGA hat or him. 'She chose wisely.' #URL# via #USER#]]></document>
    <document><![CDATA['I am not the person in that photo': Virginia Gov. Ralph Northam denies he was in racist image #URL#]]></document>
    <document><![CDATA[Venezuelans Are Marked With Numbers To Stand In Line At Government Supermarkets #URL#]]></document>
    <document><![CDATA[Worse than Amazon: Cuomo’s Buffalo Billion just went bust #URL#]]></document>
    <document><![CDATA[Ted Cruz introduced a term limit bill that would allow just two terms for Senators #URL#]]></document>
    <document><![CDATA[Details Of Ocasio-Cortez’s Ties To George Soros Revealed #URL#]]></document>
    <document><![CDATA[Flashback: Jerry Brown, Biden and other Dems refused to accept Vietnamese refugees #URL#]]></document>
    <document><![CDATA[U.S. Government and Top Mexican Drug Cartel Exposed as Partners #URL#]]></document>
    <document><![CDATA[Trump Wants To Require Drug Makers, Insurers And Hospitals To Disclose Prices #URL#]]></document>
    <document><![CDATA[Democrats who condemned Brett Kavanaugh are pretty quiet on Virginia's Justin Fairfax #URL#]]></document>
    <document><![CDATA[Some Washington sheriffs refuse to enforce new gun laws #URL#]]></document>
    <document><![CDATA[#USER# climate change is a scam.Too bad you are too stupid to realize that.]]></document>
    <document><![CDATA[WATCH: 'Stripper' Senator Told to 'Watch Her Ass' by Fellow Dem for Applauding Trump #URL#]]></document>
    <document><![CDATA[Channel 2 Investigates: Major questions raised about raid-turned-shootout after warrant reviewed #URL#]]></document>
    <document><![CDATA[Nikki Haley calls to kick Anti-Semitic Muslim Rep.Ilhan Omar out of Congress #URL#]]></document>
    <document><![CDATA[Petition to ‘Impeach Nancy Pelosi for Treason’ Goes Viral #URL#]]></document>
    <document><![CDATA[Cuomo Blames Trump for People Fleeing New York's High Taxes: 'It's Devastating' #URL#]]></document>
    <document><![CDATA[Report: FBI says no direct ties between Russia, Donald Trump's campaign #URL#]]></document>
    <document><![CDATA['Heaven has a wall': Grocery store ad mailer stirs controversy #URL#]]></document>
    <document><![CDATA[Florida Teacher Fired for Giving Zeros to Students Who Don't Turn in Their Work #URL#]]></document>
    <document><![CDATA[Kamala Harris’ weed-toking college playlist goes up in smoke #URL#]]></document>
    <document><![CDATA[#USER# #USER# Two different holidays mate]]></document>
    <document><![CDATA[A Massive Democrat Sex Scandal Just Took This Strange Turn For The Worse #URL#]]></document>
    <document><![CDATA[CBS cuts off Trump's emergency speech for the Price is Right #URL#]]></document>
    <document><![CDATA[Roger Stone's Surveillance Cameras Capture FBI Directing CNN Cameramen For Propaganda #URL#]]></document>
    <document><![CDATA[Search for Missing $21 Trillion Comes Up Empty as Pentagon Fails First Audit in 71-Year History #URL#]]></document>
    <document><![CDATA[#USER# But, the thing is s, there is no climate crisis. Pure fiction  and a way to steal more money from us through illegal taxation.  Fool.]]></document>
    <document><![CDATA[Big Surprise: Sex And Alcohol Make You Happier Than Kids And Religion, Study Finds #URL#]]></document>
    <document><![CDATA[#USER# you are dumber than a bag of hammers.]]></document>
    <document><![CDATA[Texas law enforcement officers line the banks of the Rio Grande to wait for migrant caravan #URL#]]></document>
    <document><![CDATA[What are you waiting for? A personal invitation to join in a $22 billion dollar market? Well, here it is. This is g… #URL#]]></document>
    <document><![CDATA[State Rep. Ilhan Omar (D-MN) Swore To Apparent Falsehoods in Court -- While Divorcing Her Alleged Brother #URL#]]></document>
    <document><![CDATA[#USER# #USER# censor everyone and everything thing that you don't like. So what you are saying is damn the… #URL#]]></document>
    <document><![CDATA[#USER# #USER# We took it back last election]]></document>
    <document><![CDATA[Maryland’s ‘Red Flag’ Law Turns Deadly: Officer Kills Man Who Refused To Turn In Gun #URL#]]></document>
    <document><![CDATA[Texan breaks marksmanship world record with 3-mile shot #URL#]]></document>
    <document><![CDATA[#USER# More proof that liberals are idiots.]]></document>
    <document><![CDATA[How many times are you allowed to share before zuckerfuck gives you a time out? I am sick of this little bitch cens… #URL#]]></document>
    <document><![CDATA[Jesse Jackson says Obama 'failed' black people #URL#]]></document>
    <document><![CDATA[I just got blocked for sharing too fast. WTF?]]></document>
    <document><![CDATA[Rhode Island Set to Legalize Partial Birth and Late Term Abortions #URL#]]></document>
    <document><![CDATA[Hillary Clinton in blackface at a 70s Halloween party at Yale #URL#]]></document>
    <document><![CDATA[#USER# You mean like, you're a stupid little bitch?]]></document>
    <document><![CDATA[What if the FBI Had Probed Obama? #URL#]]></document>
    <document><![CDATA[Ilhan Omar admits she will not assimilate and will not respect American culture #URL#]]></document>
  </documents>
</author>
