
	
		<document> When I think of religiousjews I think of people with down syndrome I might not be nasty to them but that doesn’t mean I have to like them same with religiousmuslims their wealth doesn’t concern me I hate liars plain and simple ></document>
		<document> English has context rather then content if that makes sense ></document>
		<document> Sarah Silverman made a video about selling the Vatican to feed the world that was very clever because she made an offer with the devil and he refused because a condo isn’t good enough so that hungry Africans can have fast food joints so instead he sends ></document>
		<document> point is when you celebrate paganism you take the dirt off the other person who’s responsible let’s say Jesus for example and the dirt you take is from the celebrity who is full of dirt so that they don’t get killed or labelled as a witch or devil and die the same way jesus died ></document>
		<document> Possession is nine tenths of the law and this a problem that needs to be solved into the future or there won’t be one because i think it’s been sold the future has been sold to the highest bidders which is nine out of ten ></document>
		<document> London is a shithole what do you expect they live on uniform code there if it was a nice place with superficial people that would be one thing but it’s a shithole worst city I’ve been to #URL# ></document>
		<document> When my friends gay brother broke down we picked him up when I broke down I had to dump everything to get back ></document>
		<document> They own property but nobody owns the government other than than the king or queen of a country America doesn’t have any of that shit so you would have to take a-list celebrities hostage to demand releases what about Emily Watson and her chronies? ></document>
		<document> What I said before about playing the part was more like why do so many gobby bastards who don’t slam dunk wear Jordan pumps ? it makes the owner much richer even if it pisses him off directly ></document>
		<document> A villain is the person or thing responsible for specified problems, harm, or damage. ></document>
		<document> Of course rules are rules and you gotta respect that no matter what ethnicity #URL# ></document>
		<document> I was looking at a website for prostitutes and some say no to black guys due to being forceful previously is that racist ? ></document>
		<document> The Star of David shouldn’t be on the Israeli flag it’s very problematic ></document>
		<document> There is no point what so ever of watching people play any sport unless you enjoy the stadium aesthetic aspect of it you sick fucks ></document>
		<document> At least Lauren Chen has her own mind lol #URL# ></document>
		<document> Actually jay z set the precedent when he said Brooklyn goes hard bc 4:44 #URL# ></document>
		<document> Homosexuality Is forbidden it’s the worst crime possible ></document>
		<document> Indian man pretending to be Muslim is forbidden  that’s why hindus kill Muslims ></document>
		<document> There’s recipe books on cheesecake and wine pairings just remember it’s not beauty that wants to destroy the beast it’s the beast who want what they can’t have because of greed and gluttony ></document>
		<document> Let be clear trump promoted the swamp before him there was no aoc or omar infact politicians didn’t have an international voice since the Obamas became heroes America has gone down hill #URL# ></document>
		<document> Why the fuck did chabad boy have a Christian nanny and Muslim cook if he had chabad parents? ></document>
		<document> They the catholics are using the idf to kill children under the guise of their Judaism religion which makes the Israelis dirty people sinners you think roger waters gives a fuck about any british child? Of course not #URL# ></document>
		<document> This is true after making a killing over the past year and service has gotten much worse #URL# ></document>
		<document> If penguins were stupid polar bears would have eaten them and they wouldn’t exist ></document>
		<document> All that shit about Kim was a lie and his daughter he loved so much that he’d do anything for transitioned in to a man #URL# ></document>
		<document> Some of the worst people in the world wear crucifixes to show solidarity with others that do the same ></document>
		<document> She uses the word all the time, and I've known her all of her life. It's 'ni**** this' and 'ni**** that.' She's a disgrace. She is a racist! "She puts down Jews and other minorities, too. And I'm Jewish. I found it depressing. I finally had enough of her attitude six months ago, ></document>
		<document> He has supported some of the most horrendous people in the world just because they bring money in  because he wanted his own plane and other free shit ></document>
		<document> I don’t how people in Yemen make it to America to become Ivy League teachers there must be huge amounts of funding involved in some countries you have to go hungry if you wanna go to school because of transport costs ></document>
		<document> I don’t know how the new sex and the city episodes can work without Kim ></document>
		<document> Religion is a game for child molesters because all the women suck and it goes round in circles of deviancy ></document>
		<document> Romanian in israel told me how in their Romani prisons he got bum raped by people in uniform many times a week ></document>
		<document> Jewish people don’t have kings or queens it’s everything Moses  despised ></document>
		<document> When you get a bitch male or female in a meditative state of opulence it’s easy to finger them that’s what karma sutras based on it’s like hypnotism I can’t believe people can be that stupid they’d pay for it because other people rave about it ></document>
		<document> That’s why I’ve been going sick about the gedolim because those people are worshiped by immoral hypocrites it’s their derech they own the places of worship so it’s their religion it’s their cult its their dynasty ></document>
		<document> People can read hebrew but they can’t determine what it means I noticed it’s like they read it from a script it’s crazy because they sound fluent ></document>
		<document> Why is there a statue of the pope who was involved in horrendous child abuse #URL# ></document>
		<document> If it can happen to one kid it can happen to any kid my advice is to not be one of those kids avoid those kids or have kids that become those kids ></document>
		<document> It’s really about the technological advances than it is about friendship but whatever #URL# ></document>
		<document> If you pay somebody to come and speak then that isn’t free speech is the metaphor for satanism ></document>
		<document> The main word in Hebrew is called receipt so everything is accounted for in ways unimaginable ></document>
		<document> Why the fuck would a prince need 24/7 police protection what’s he scared of what’s he done ? #URL# ></document>
		<document> Forced labor happens in Britain’s prisons and in gypsy camps ! Filthy Christians suck ! #URL# ></document>
		<document> I’ve had to learn that white women hate black women just for skin color so it’s socialism that brings them together which is the enemy ></document>
		<document> Black people are destined to save their own skin even if they agree with anything I’ve written that’s why I don’t trust them can’t say its much of a heartbreak tho because I wouldn’t expect any better which is also a pun ></document>
		<document> It’s not a big deal to me because I don’t say the lords name in vain  I don’t practice something I don’t mean inside ritual covenants but those who do are evil and I wouldn’t want to live with them on that basis because you lose dignity instantly ></document>
		<document> Was I supposed to charm the rabbis that might have been what it was those fucking people were my polar opposites but they mention family I’m like these rich people mean fuck all to me ></document>
		<document> funny enough two independent LA chicks backed me up for what I did wrong even though I was right ></document>
		<document> No means no it doesn’t mean that you have to go to court because you upset their feelings for saying no to them ></document>
		<document> Must have been a strong  leadership as another so called democracy caves in #URL# ></document>
		<document> If Americans captured Africa would they be called American African ? ></document>
		<document> Every crypto trader wants to be friends and give you good advice but the reality couldn’t be any further ></document>
		<document> Fighting corruption gives a clean slate ></document>
		<document> Gay people are the discriminative people I’ve ever met I’m thinking of teachers ></document>
		<document> The people who bring salvation to the jews are the people who clean up the filth so by me supporting Israel I’m supporting filth because israel is under Hindu influenced guru occupation that kill people to create more filth for the many gurus/rabbis/gods ></document>
		<document> I learnt something about an antisemetic jewish organisation worth many millions expenditure annually if you ask them a serious question they have you removed ></document>
		<document> People love dead jews and hate the living because something good always comes out of it which is cleanliness a kind of new start but then it repeats because paganism is a circle at the bottom and a triangle on top so it’s always the circle that gets killed #URL# ></document>
		<document> What they’re doing with the torah goes against jewish law they’re initiating it as a source of power it’s evil what they do ></document>
		<document> What’s his net worth? makes sure he leaves his justice job without a cent #URL# ></document>
		<document> The great thing about dance music is that you don’t need any music video to enjoy it and it’s bouncy ></document>
		<document> Italy is condemns child rapists these days where as Britain promotes them ></document>
		<document> Ms prince asked me why jews eat cheesecake I didn’t know she was cruel she said she has jewish friends but she went out her way to cause me problems ></document>
		<document> #USER# You say she talented that’s why she has to dress in drag to impress lol ></document>
		<document> It’s the same deal as the queen speaking every Christmas day other than that she doesn’t comment because she doesn’t need to it’s just a way of her saying she owns Christmas every year because of her riches and churches ></document>
		<document> You think chabad houses pop up out of nowhere from god it’s all legitimate theft and the money they receive goes towards persecuting young jews into doing as they ask I’ve seen it from so many angles but those old have that choice to participate in feeling well guided by conmen ></document>
		<document> Shimon established an academy where his pupils included Judah the nazi, later the redactor of the Mishna, in which many of Shimon's aphorisms are recorded. ></document>
		<document> In jewish law he’s done nothing wrong by killing them so it’s inevitable that gay people will become Nazis wearing a uniform or be killed ></document>
		<document> I believe in the saying no matter what we’ll manage but friendships never last long because of what it’s built on people search for love like people search for money with a metal detector what I mean is that witches are the most judgemental people that’s why I don’t like them #URL# ></document>
		<document> Imagine spreading the smell of your own poo in the air and pretending it somebody else so that your not humiliated by the truth that’s the reality of Christianity blamin a Jew called jesus coz somebody playing Chinese whispers said he loves you therefore is willing to die for you ></document>
		<document> I never get why jews are obsessed with helping foreign countries but not their own and it’s the same reason as Africans not helping Africans they all think haram for their own gains ></document>
		<document> You can’t win you can only join them or kill them that’s how stupid influencers have managed to con the world free flights on top of a salary same thing with the holocaust the whole thing is a scam ></document>
		<document> How do you fight a yeshiva to gain a mitzvah is easy ></document>
		<document> #USER# Ok mr pedo have a nice day ></document>
		<document> #USER# #USER# That’s right dude was selfish to sav say it like it is ></document>
		<document> The rabbis cause suffering on purpose bc they want you to hate them all because theyre rich and immune from retaliation and they have what they call  their bochurim which means subs to spy on new subs and bring back the gossip so they are informed when they should do a runner ></document>
		<document> I was found guilty just because the courts needed to extort money out of me because I didn’t get arrested or fingerprinted the whole thing has traumatised me because I was the victim ></document>
		<document> All sexy sluts want is to feel secure pretty simple how it works any gimp with a lotta friends and a big mouth so if  they get killed it’s kinda funny ></document>
		<document> The moral is that there is no rabbi so how are the rabbis making so much money it’s paganism ></document>
		<document> Alonzo):I'ma make you walk home. I'ma let the homeboys run a train on your girlfriend. You know what a train is, don't you? ></document>
		<document> It’s as if Christmas music is designed around bieber and grande for tv propaganda #URL# ></document>
		<document> #USER# #USER# Her mother has been nasty to those that don’t comply and has been adulting with workers behind the scenes ></document>
		<document> How do I know because they pray at graves of dead people from centuries ago and people set up markets at the gravesites ></document>
		<document> BBC IS A CORRUPTING TAX HAVEN ! BBC News is the largest broadcast news operation in the world with more than 2,000 journalists and 48 newsgathering bureaux, 41 of which are overseas. ></document>
		<document> I’m not surprised democrats overturned the election even Bloomberg was donating because of trump they all were shitting bricks but trump never impeached any of them because the whole senate is corrupt for trading and lobbying ></document>
		<document> #USER# Anymore Tom Holland see ya later alligator it says gamespot ></document>
		<document> Gangrene is usually curable in the early stages ></document>
		<document> What do we mean by loss of inhibition?
being rude.
saying things that aren't appropriate (for example, that someone is overweight)
talking to strangers.
undressing in public.
apparent loss of sexual inhibition (for example, touching themselves inappropriately in public). ></document>
		<document> Why would a woman that looks like shit have 20 kids if she can’t afford them it’s a pretty simple question ></document>
		<document> Chitty chitty bang bang child catcher ></document>
		<document> The Thai is seen as a maid Instead of a nationalist which would mean to convert would make her a slave ></document>
		<document> Akoin is listed on BitMart with trading starting on September 17 21 enabling users to buy and sell the token, using internationally available deposit options such as PayPal, Paxful, and Apple Pay, and featuring sign-up processes tailored to the unique African business environment ></document>
		<document> It’s important to have opposition towards the zionist enterprise I’ve decided ></document>
		<document> The amount the Beatles payed in taxes to parliament was nothing compared to how much they had in the bank from a shithole city were worth otherwise they would have all been actual kings had theyd paid nothing hence the Boston teaparty dressing up as Mohawks to drink tea ona yacht ></document>
		<document> See what I mean Emily they enjoy this shit it makes them feel powerful #URL# ></document>
		<document> I don’t trust the majority of black people because homosexuality stems from negroes along with aids look up what beasteality is that’s how homosexuals started up ></document>
		<document> It’s the same deal with Scotland one side has to conquer the other the Scots think of braveheart like it happened yesterday shits changed ></document>
		<document> The jokers got these amazing studios to produce music that can be made on a free app on your phone but they need promo to attract rich clients and false advertising and of course up coming bitches willing to have sex as a thanks so it seems professional instead of a hustle ></document>
		<document> My thoughts on Epstein is that he did a lot of good for a lot of females and he didn’t look like a bastard which many males involved in banking do but unfortunately only gold can’t be corrupted ></document>
		<document> What you’re saying is that nobody is guilty of crimes so no prison should exist and democracy should be outlawed ></document>
		<document> If you want to know why religiousjews are inherently pedophiles it’s all to do with Rebecca they’re taught to marry virgins but most of them got molestered before they got fucked some by their own fathers incest is normal for the high gedolim ></document>
		<document> Religious people lol they always know what to say to make you feel like the criminal and you really don’t wanna upset them ></document>
		<document> Being born here does NOT make you an automatic citizen.
This is NOT America ></document>
		<document> women don’t enjoy sex they enjoy the experience it’s men that enjoy it that’s whats going on with trannys coz of the felching it hard to come by lol ></document>
		<document> Because of wine's special role in many non-Jewish religions, the kashrut laws specify that wine cannot be considered kosher if it might have been used for idolatry ></document>
		<document> I agree with this tweet so much I want to be this random persons friend #URL# ></document>
		<document> Byrne quickly signed dozens agreements with merchandisers that subsequently cost the Beatles approximately $100,000,000 in lost royalties. Mr. Epstein later re-negotiated the Beatles' share to 45%, but by then, Beatlemania was on the wane and the financial damage had been done ></document>
		<document> The only people who can charm me is israeli chicks there was one so beautiful at the pub shouting for five minutes at me in Hebrew for wearing a red string lol telling me it’s not jewish so I took her advice and got rid of it ></document>
		<document> The superstar’s former maid Adrian McManus previously made allegations of child sexual misconduct against the King Of Pop – who passed away in 2009 – and has now doubled down on her comments made earlier this year  Claiming ></document>
		<document> he doesn’t advertise Tesla even though it’s new technology ></document>
		<document> This arab speaks great Hebrew it doesn’t make sense #URL# ></document>
		<document> I got on the bus because I went to see tiesto I didn’t go to get slapped by no fucking retards for  being sold a shitty a bag of weed that I couldn’t do anything with ></document>
		<document> Let me explain britishjews are an advertising campaign they don’t have jewish qualities but I might be speaking about London jews mainly ></document>
		<document> Religiousjews are not jewish chabad isn’t jewish none of it is jewish it’s a food business at its crux because of contamination ></document>
		<document> Paganism is based on wearing wealth from those who died for it it’s not a nice story it’s based on sin it’s like that office that money launderers thousands of businesses around the world somebody owns it to generate his wealth who happens to be a religiousjew billionaire ></document>
		<document> All you can do is boycott religion I guess all they do is inflate prices anyway for their own greed ></document>
		<document> Because of social media everybody aspires to be an influencer to get tickets that cost money etc for free more than a good person built on a solid foundation with good neighbors ></document>
		<document> Say no to gay men avoid them do not give in to their demands even if it means death #URL# ></document>
		<document> Oy vey as they say Africa goes from one dictatorship to another #URL# ></document>
		<document> There are religiousjews who are nazi rabbis but they don’t wear nazi uniforms because they’d be killed their parents are European catholics who moved to America after the war and converted to Judaism ></document>
		<document> I don’t like the name suleman it means extortion of time ></document>
		<document> For a start abraham wasn’t ashkenazis or sephardicks both sects are Hinduism they bow up and down while they prey the amidah that was the biggest hint ></document>
		<document> I will never ever ever ever be a belieber under any circumstances! ></document>
		<document> How do you say voodoo in urdu oh shit I just said it #URL# ></document>
		<document> American prisons are full of black homosexuals it’s so fucked up ice cube knows what I mean ></document>
		<document> It’s not my duty to prove that he did anything wrong that’s something you say to the grim reaper ></document>
		<document> You look at some of the worst serial killers like Jeffery dharma  as evil and yet they murdered many homosexuals ></document>
		<document> Imagine nuking Manchester City for fun but you change your mind because of Ronaldo ></document>
		<document> Morgan been hating on bbc for ratings now he been kicked off his own show he switched over lol how big is his cock lol #URL# ></document>
		<document> Haily Baldwin made the right decision dropping cara devilgne from her dyke list of friends ></document>
		<document> Justin Bieber is '90 percent sure' Instagram is for the devil #URL# ></document>
		<document> Bouncer called N-word says jail sentence is 'valuable lesson' #URL# via #USER# ></document>
		<document> The rabbis said that suffering is based on rectifying what happened in jewish people’s past lives so they’re saying that they believe in reincarnation ></document>
		<document> Trying to make sense of it is it possible he flew all those miles for free food #URL# ></document>
		<document> They’ve been selling currency to jews for interest rates and commissions ></document>
		<document> Separating church from state is becoming harder and harder because of inequality ></document>
		<document> They aren’t jews and that golden dome at the top needs to be destroyed #URL# ></document>
		<document> I hate to say it but if you don’t cum in that bitch somebody else will and don’t forget to say hi to my wife for me lol #URL# ></document>
		<document> Bbc prime channel has a program called eastenders there is no show in the world I dislike more ></document>
		<document> I get stressed looking at his face notice how he has an indian nose he looks like a nazi ></document>
		<document> This woman is an insurance scammer don’t believe a word she doesn’t care about feelings she wants money to travel #URL# ></document>
		<document> The real idea behind a flag is that when a soldier bleeds from injuries the flag protects them with patriotism and then if they die heroism and covers their faces ></document>
		<document> Other than kunis part it was a shit movie but that’s not the point it was the dedication I didn’t like ></document>
		<document> Ashrama, familiarly spelled ashram in English has also come to denote a place removed from urban life where spiritual and yogic disciplines are pursued Ashrams are often associated with a central teaching figure a guru who is the object of adulation by the residents of the ashram ></document>
		<document> It’s an open internet for those on the facebook payroll if more people shut down their accounts that closes their infrastructure in how they operate by corrupt management being sacked ></document>
		<document> #USER# Every song he wrote was miscoded with metaphors ></document>
		<document> He said: 'He was rough. The way he would beat you was, you know, was hard. Sometimes he would make you strip nude first. He would oil you down... So when the flip of the ironing chord hit you it just... and it would just like be dying and ></document>
		<document> Imagine if Tom Holland walked around the streets pretending to be Spider-Man while raping kids and it wasn’t Tom holland but he claimed to be Spider-Man so hes attributing hero status so he’s now responsible for the rape of the kids who got fucked by a horny bastard in a costume ></document>
		<document> She wants to be a billionaire so bad so she can stand next to oprah and the queen I know this for a fact which means both have to die or she dies #URL# ></document>
		<document> I’ve been through much worse a living nightmare repeated over and over knowing that nobody cared I was injected by the police and woke up in a children’s ward in a hospital gown because I wouldn’t let them search me ></document>
		<document> I never get paid what I deserve so I don’t give a fuck #URL# ></document>
		<document> Beer can man.. say it many times you pig ></document>
		<document> What I don’t like about israel is the amount of times strange people come up to me asking if I was jewish trying to ask me out on a date which meant back to their house I was like do you have any food you nazi bastard ></document>
		<document> I hate when people who get on tv news say on social media that the revolution will be televised #URL# ></document>
		<document> With a bottle of vodka getting girls with no money to play strip poker is easy ></document>
		<document> The good die young is true saying ></document>
		<document> Which biblical character would have made a great economist? Noah, because while everyone's stocks were in liquidation, his were afloat. ></document>
		<document> Euphoria is show meant for crackeds I watched the first five episodes when it came out it has a lot of real life virtues in it #URL# ></document>
		<document> She said it if you lay down with dogs you wake up with fleas and some people are willing to take that risk and he took that risk #URL# ></document>
		<document> Hindu people even if they call themselves gurus or jews should do the right thing and go back to the country they came from that’s my opinion what they do to jewish people is evil they are responsible for the holocaust involved with the grand mufti piece of shit ></document>
		<document> Haha you fuckin idiot I’ve never watched twilight movie that shit for nutters #URL# ></document>
		<document> The crux of birthright is a sex holiday as they always mention assimilation to progress their cause it’s the worst type of brainwashing I’ve ever seen in my life there’s so much for me to explain ></document>
		<document> You think Michael Jackson didn’t have any associates working for him inside neverland ? ></document>
		<document> How I can tell who’s the highest in society is by the people I get into trouble with the least it’s quite simple how it works #URL# ></document>
		<document> Pope Francis said '”do not seek spiritual answers in yoga classes.” Yoga is certainly a risk. There's the spiritual health risk. When you take up those practices from other cultures, which are outside our Christian domain, you don't know what you are opening yourself up to ></document>
		<document> You can’t pretend to be something you’re not is the jist I got so you could say that many Muslims don’t support Islam therefore you can’t trust Muslims ></document>
		<document> I completely support the first and second amendment ></document>
		<document> Twitters algorithm is crackers what I will say is that britishjews aren’t nice people if you ask them to do something like get down on your knees they won’t and you should know that ></document>
		<document> Gay men are monsters all they want is sex with anything they can get their hands on ></document>
		<document> It’s one big pagan sex festival ></document>
		<document> Modern tennis rules allow players to choose whichever COLOR of tennis shoes they want as long as the SHOE does not damage the surface court Your CHOICES are as vibrant as your imagination and until you get to the center court at Wimbledon you are FREE to choose any color you want ></document>
		<document> I hate edm music almost as much as I hate the idea of Glastonbury festival music but this isnt about the music #URL# ></document>
		<document> In a Sirius XM interview with DJ Sway, Akon bluntly stated that he left Lady Gaga at the height of her success. ... When asked for Gaga's perspective, Akon said she's not upset. "It's strictly a business decision. My involvement is always going to be whatever she wants it to be ></document>
		<document> Solomon souza is an actual evil villain his relative is an indian piece of shit that decrepitised his native muumbai for money ></document>
		<document> I’ve learnt a lot about the people on public television even though I don’t watch televised sports all the people at the top are old for a reason not because they enjoy the sport more than a fresher/ guest it’s definitely a culture than it is an experiment or one off thing #URL# ></document>
		<document> Akon has been awarded a $6 billion contract to build a city in Senegal. Originally announced in 2018, Sengalese-American artist Akon revealed he was working with the Sengalese government to build a tourist city that used a cryptocurrency-based economy ></document>
		<document> It should be legal to murder sextraffickers if anybody gets the opportunity ></document>
		<document> Hebrew Bible

The expression "to take in vain" is also translated less literally as "to misuse" or variants. ... Hebrew Bible passages also refer to God's name being profaned by hypocritical behavior of people and false representation of God's words or character. ></document>
		<document> The soldiers are cannon fodder to the religious whether zionist or not they get what they pay for and they spend a lot they own charities worth millions and millions and many more millions annually and the Arabs there are disgustingly desperate ></document>
		<document> Sounds like a bestseller the secrets of playboy #URL# ></document>
		<document> The terrorist was a religiousjewarab I don’t know if he was fighting or protecting the corruption in the old city #URL# ></document>
		<document> Give every indian visa free entrance with a thousand dollar spending money with free accommodation in hotels of their choice then that’s what i call friendship I wonder how many would take that offer up #URL# ></document>
		<document> #USER# they aren’t they made in factory why you pay ten dollars a pop then ></document>
		<document> #USER# #USER# Change it madison respect yourself u take the modest out of modesty the imagery in the imaginary ></document>
		<document> People should wear masks in public places because there’s a lot of delta people who don’t care ></document>
		<document> If the Talmud was relevant there would be a lot of dead religiousjews purely based on damages ></document>
		<document> There is no such thing as redemption for jewish people the festivals are paganism events ></document>
		<document> that gives out charity to his peasants because the corrupted trust them the most because they take the trace away it’s like the Panama papers full of celebrities and royalty they just don’t get punished for it for stealing ></document>
		<document> A king with more money than they can spend who plays tennis in the garden that doesn’t leave where they live for a week to get on international tv to advertise those that support him in the crowd and sponsorships doesn’t amount to torture whatever the weather is ></document>
		<document> If they don’t write their own songs then their wealth is built on fraud which inherently brings fraudulent activities amongst their followers ></document>
		<document> I don’t british jews or british Israelis they are nasty people #URL# ></document>
		<document> The best music comes from darkest of history either that or they on some heroin shit ></document>
		<document> So every celebrity in the world goes to whatever church they belong to to say the lords name in vain and thank him for stealing wealth it’s calked plagiarism imitation art same thing at award ceremonies when they how I made it hear to the audience ></document>
		<document> She has a boyfriend put she’s still putting out which makes no sense in the words of chris brown these hoes aint loyal ! ></document>
		<document> Mariah Carey sung a Hanukkah song to her kids if only nick cannon would do the same LOL ></document>
		<document> There’s nothing stranger for me than a random woman who treats me like her boyfriend ></document>
		<document> When piers Morgan walked off his own tv show live on air he developed imposter syndrome he now has that condition for the rest of his life unless he kills Harry and marries his wife as compensation that would make him right again because he was wrong ></document>
		<document> The thing is that jews base high  holy days on eating food together this is a different religion to the abrahamic faith ></document>
		<document> If life has taught me anything it’s to be best friends with mr 9mm ></document>
		<document> That good 4 u video was based on a Japanese cult thriller called audition it’s basically plagiarism that’s made her millions rather than her own story ></document>
		<document> They are child molesters because that’s how paganism works it’s a circle at the bottom and a pyramid on top ></document>
	
</author><document> When I think of religious Jews, I think of people with Down syndrome, I may not be mean to them, but that doesn't mean I have to like them the same way as religious Muslims, their wealth doesn't concern me. I hate liars plain and simple > </document>
<document> English has context rather than content if that makes sense</document>
<document> Sarah Silverman made a video about selling the Vatican to feed the world which was very clever because she made an offer with the devil and he refused because a condo is not good enough for hungry Africans to eat fast food so send </document> instead
<document> the point is when you celebrate paganism you take the dirt off the other person who is responsible let's say Jesus for example and the dirt you take is from the celebrity who is full of dirt so they don't get killed or labeled as a witch or devil and die the same way Jesus died </document>
<document> Possession is nine tenths of the law and that's an issue that needs to be fixed in the future or there won't be one because I think it's been sold the future has been sold to the highest bidders which is nine out of ten >></ document>
<document> London is a shitty place what do you expect they live in uniform code there if it was a nice place with shallow people that would be one thing but it's a shitty city worst city I've ever been #URL# </document >
<document> When my friend's gay brother broke down we picked him up when I broke down I had to drop everything to go back </document>
<document> They own property but no one owns the government except the king or queen of a country America has nothing like that so you would have to take high level celebrity hostage to demand release what about emily watson and her friends? >></document>
<document> What I said earlier about playing the part was more like, why are so many gobby bastards who don't hit dunks wearing Jordan shoes? it makes the owner much richer even if it directly pisses him off </document>
<document> A villain is the person or thing responsible for a specific problem, harm, or damage. >></document>
<document> Of course, rules are rules and you must abide by them regardless of ethnicity #URL# </document>
<document> I was looking at a website for prostitutes and some say no to black guys because of their strength previously is it racist? >></document>
<document>The star of David shouldn't be on the Israeli flag is very problematic></document>
<document>There's no point in watching people play a sport unless you like the look of the stadium, you sick assholes</document>
<document> At least Lauren Chen has a head of her own lol #URL# </document>
<document> Actually jay z set the precedent when he said Brooklyn goes hard bc 4:44 #URL# </document>
<document> Homosexuality is forbidden it is the worst possible crime</document>
<document> Indian man pretending to be Muslim is forbidden that's why Hindus kill Muslims </document>
<document>There are cookbooks on cheesecake and wine pairings, just remember that it's not beauty that wants to destroy the beast, it's the beast that wants what it can't have because of greed and gluttony</document>
<document> Let it be clear that Trump promoted the swamp before him there was no aoc or omar in fact politicians had no international voice since the Obamas became heroes America has gone down hill #URL# >< /document>
<document> Why the fuck did the Chabad boy have a Christian nanny and a Muslim cook if he had Chabad parents? >></document>
<document> They Catholics are using the IDF to kill children under the guise of their Jewish religion making Israelis dirty sinners, do you think Roger Waters gives a shit about any British child? Obviously not #URL# ></document>
<document> This is true after making a killing in the last year and the service has gone downhill #URL# </document>
<document> If penguins were stupid polar bears they would have eaten them and they wouldn't exist </document>
<document> All that shit about Kim was a lie and her daughter he loved so much he would do anything to turn her into a man #URL# </document>
<document>Some of the worst people in the world wear crucifixes to show solidarity with others who do the same</document>
<document> He always uses the word and I've known it forever. It's 'ni**** this' and 'ni**** that'. She is a disgrace. She is a racist! "He also denigrates Jews and other minorities. And I'm Jewish. I found it depressing. I finally had enough of his attitude six months ago, </document>
<document>He backed some of the most hideous people in the world just because they bring in money because he wanted his plane and other stuff for free</document>
<document> I don't know how people in Yemen come to America to become Ivy League teachers there must be huge amount of funds involved in some countries you have to go hungry if you want to go to school because of the transportation costs </document >
<document>I don't know how new episodes of Sex and the City can work without Kim </document>
<document>Religion is a game for child molesters because all women suck and it goes in circles of deviance</document>
<document> The Romanian in Israel told me how in their Roma prisons he was raped by people in uniform several times a week </document>
<document>The Jews have no kings or queens, that's all Moses despised</document>
<document> When you find a bitch, male or female, in a meditative state of opulence, it's easy to pet her, that's what karma sutras are based on, it's like hypnotism, I can't believe people can be like this stupid to pay for it because other people are excited about it </document>
<document> That's why I got bored with gedolim because those people are worshiped by immoral hypocrites it's their right they own the places of worship so it's their religion it's their worshipit is their dynasty </document>
<document> People can read Hebrew but they can't determine what it means I noticed it's like they read it from a script it's crazy because they sound fluent </document>
<document> Why is there a statue of the pope who was involved in horrendous child abuse #URL# </document>
<document> If it can happen to a child, it can happen to any child, my advice is don't be one of those children, avoid those children, or have children become those children </document>
<document> It's really about technological advances rather than friendship, but still #URL# </document>
<document> If you pay someone to come and talk then that's not free speech it's the metaphor of satanism </document>
<document> The main word in Hebrew is called receipt so everything is explained in unimaginable ways </document>
<document> Why the fuck would a prince need 24/7 police protection what is he afraid of what did he do? #URL# </document>
<document> Forced labor takes place in British prisons and gypsy camps! Dirty Christians suck! #URL# </document>
<document> I had to learn that white women only hate black women for the color of their skin, so it is socialism that unites them that is the enemy </document>
<document> Black people are doomed to save their own skin even though i agree with everything i wrote thats why i dont trust them i cant say its a real heartbreak though because i wouldnt expect better even a game of words </document>
<document> Not a big deal to me because I don't say the lord's name in vain I don't practice anything I don't mean within ritual covenants but those who do are evil and I wouldn't want to live on that basis because you lose dignity instantly </document>
<document>I should have charmed the rabbis they could have been what they were those fucking people were my polar opposites but they mention family I'm like these rich people meant everything to me</document>
<document>funny enough two independent girls from LA stood up for what I did wrong even though I was right</document>
<document> No means no, doesn't mean you have to go to court because you upset their feelings by saying no </document>
<document> It must have been strong leadership as another so-called democracy collapses #URL# </document>
<document> If Americans conquered Africa, would they be called African Americans? >></document>
<document> Every cryptocurrency trader wants to be your friend and give you good advice, but the reality couldn't be further </document>
<document> The fight against corruption is clean slate </document>
<document> Gays are the most discriminating people I have ever met, I think teachers </document>
<document> The people who bring salvation to the Jews are the people who clean up the filth, so by supporting Israel I am supporting the filth because Israel is under the occupation of Hindu influenced gurus who kill people to create more filth for the many gurusrus/rabbis/gods </document>
<document> I learned something about an anti-Semetic Jewish organization that is worth many millions of dollars spent every year if you ask them a serious question they get you removed</document>
<document> People love the dead Jews and hate the living because something good always comes out of it which is cleaning a kind of new beginning but then it repeats itself because paganism is a circle below and a triangle above so it's always the circle that gets killed #URL# ></document>
<document> What they are doing with the Torah is against Jewish law, they are initiating it as a source of power, it is evil what they are doing</document>
<document> What is his net worth? makes sure he leaves his law enforcement job without a cent #URL#></document>
<document>The beauty of dance music is that you don't need any music video to enjoy it, and it's lively</document>
<document>Italy condemns child rapists these days while Britain promotes them</document>
<document>Ms. Prince asked me why Jews eat cheesecake, I didn't know it was cruel, she said she has Jewish friends, but she went out of her way to cause me trouble</document>
<document> #USER# You say he's talented, that's why he has to dress up as a crossdresser to impress lol </document>
<document> It's the same speech as the Queen who talks about Christmas every day, except that she doesn't comment on why she doesn't need to, it's just a way of saying that she owns Christmas every year thanks to her riches and churches > </document>
<document> You think chabad houses sticking out of nowhere by god it's all legitimate theft and the money they get goes to persecuting young jews to do what they ask I've seen it from so many angles but those old ones have that choice to participate in feeling well guided by scammers </document>
<document> Shimon founded an academy where his students included Judah the Nazi, later the editor of the Mishna, in which many of Shimon's aphorisms are recorded. >></document>
<document> In Jewish law he did nothing wrong by killing them, so it is inevitable that gays become Nazis wearing a uniform or get killed</document>
<document> I believe in the saying no matter what we'll make it through but friendships never last long because of what it's built on people look for love like people look for money with a metal detector what i mean is that witches they are the most judgmental people that's why I don't like #URL# ></document>
<document> Imagine spreading the smell of your own poop in the air and pretending it's someone else so you won't be humiliated by the truth that it's the reality of Christianity to blame a Jew named Jesus because someone playing Chinese whispers said that he loves you so he's willing to let him die for you </document>
<document> I never understand why Jews are obsessed with helping foreign countries but not their own and that's the same reason Africans don't help Africans, they all think haram for their own gains </document>
<document> YYou can't win you can only join them or kill them that's how stupid influencers managed to scam the world free flights plus a salary same thing with the holocaust the whole thing is a scam </document>
<document>How to fight a yeshiva for a mitzvah is easy</document>
<document> #USER# Ok, Mr. Pedo, have a good day </document>
<document> #USER# #USER# That's right man, it was selfish to tell it like it is </document>
<document> Rabbis cause suffering on purpose because they want you to hate them all because they are rich and immune from retaliation and have what they call their bochurim which means subs to spy on new subs and report gossip so they are informed when they should make a runner </document>
<document> I was only found guilty because the courts had to extort money from me because I was not arrested nor fingerprinted the whole thing traumatized me because I was the victim </document>
<document> All sexy bitches want is to feel safe pretty just like any lout with lots of friends and a big mouth so if they get killed it's pretty funny</document>
<document> The bottom line is there is no rabbi so how rabbis make so much money is paganism</document>
<document> Alonzo): I'll let you walk home. I'll let the boys take a train on your girlfriend. You know what a train is, right? >></document>
<document> It's like Christmas music is designed around bieber and great for TV propaganda #URL# </document>
<document> #USER# #USER# His mother was mean to non-conformers and adulterated behind-the-scenes workers</document>
<document> How do I know because they pray at the graves of the dead from centuries ago and people organize markets in the graves </document>
<document> THE BBC IS A CORRUPTION TAX HAVEN! BBC News is the largest news broadcasting operation in the world with over 2,000 journalists and 48 news-gathering bureaus, 41 of which are overseas. >></document>
<document> I'm not surprised the Democrats flipped the election even Bloomberg was donating because of Trump they were all shitting bricks but Trump never impeached any of them because the whole senate is corrupt for trade and the lobbying </document>
<document> #USER# Tom Holland again see you later alligator says gamespot </document>
<document> Gangrene is usually treatable in its early stages</document>
<document> What do we mean by loss of inhibition?
be rude.
saying things that are inappropriate (for example, that someone is overweight)
talking to strangers.
undress in public.
apparent loss of sexual inhibition (for example, inappropriate touching in public). >></document>
<document>Why would a woman who looks like shit have 20 kids if she can't afford them is a pretty simple question</document>
<document> Chitty chitty bang bang baby catcher </document>
<document> Thai is seen as a domestic rather than a nationalisth would mean converting would enslave her </document>
<document> Akoin is listed on BitMart with trading as of 17 Sep 21 allowing users to buy and sell the token, using internationally available deposit options such as PayPal, Paxful and Apple Pay, and with registration processes tailored to the unique African corporate environment </document>
<document>It is important to have opposition to the Zionist enterprise I decided</document>
<document> The amount the Beatles paid in taxes to parliament was nothing compared to what they were worth in the bank from a shitty city, otherwise they'd all be real kings if they paid nothing, hence the Boston tea party disguised as a Mohawk to drink tea on a yacht</document>
<document> You know what I mean Emily, they like this shit, it makes them feel powerful #URL# </document>
<document> I don't trust most blacks because homosexuality comes from blacks and it helps to understand what bestiality is, this is how homosexuals were born</document>
<document> It's the same deal with Scotland, one side must conquer the other, the Scots think of Braveheart as if it happened yesterday, things have changed</document>
<document> Wildcards got these cool studios to make music that can be made on a free app on your phone, but they need promotions to bring in rich customers and false advertising and of course up coming whores willing to have sex like thank you, so it looks professional instead of a fuss </document>
<document> My thoughts on Epstein is that he did a lot of good for many women and didn't look like a bastard like many males involved in banking do, but unfortunately only gold can't be corrupted </document>
<document> What you are saying is that no one is guilty of crimes, so there should be no prisons and democracy should be outlawed </document>
<document> If you want to know why religious Jews are inherently pedophiles it's all to do with Rebecca, they are taught to marry virgins, but most of them were molested before being fucked, some by their own fathers, incest is normal for high gedolim >< /document>
<document>Religious people lol always know what to say to make you feel like a criminal and you really don't want to upset them</document>
<document> Being born here does NOT make you an automatic citizen.
This is NOT America </document>
<document> women don't like sex, they like the experience, it's men who enjoy it, that's what's happening with shemales because they are hard to find lol </document>
<document> Due to the special role of wine in many non-Jewish religions, kashrut laws specify that wine cannot be considered kosher if it may have been used for idolatry </document>
<document> I agree so much with this tweet that I want to be friends with this random person #URL# </document>
<document> Byrne quickly signed dozens of deals with merchandisers which later cost the Beatles approximately$100,000,000 in lost royalties. Mr Epstein later renegotiated the Beatles' stake to 45%, but by then Beatlemania was in decline and the financial damage had been done </document>
<document> The only people who can fascinate me are Israeli girls, there was one so beautiful in the pub she yelled at me for five minutes in Hebrew for wearing a red string lol telling me she's not Jewish, so I followed her I recommend and got rid of it >></document>
<document> The superstar's former waitress, Adrian McManus, previously made allegations of childhood sexual misconduct against the King of Pop - who died in 2009 - and has now doubled down on her comments made earlier this year.
<document> does not advertise Tesla even though it is a new technology</document>
<document> This Arab speaks Hebrew well, it makes no sense #URL# </document>
<document> I got on the bus because I went to see tiesto I didn't go get slapped by any fucking retard for selling a lot of shit weed I couldn't do anything with</document>
<document>Let me explain that British Jews are hype, they have no Jewish qualities, but I could be talking mostly about London Jews</document>
<document>Religious Jews are not Jews chabad is not Jewish none of it is Jewish it is a food business at its crux due to contamination</document>
<document> Paganism is based on wearing the wealth of those who died for this is not a pretty story it is based on sin it is like that office that launders money in thousands of companies around the world someone owns it to generate the his wealth who happens to be a billionaire religious Jew</document>
<document> All you can do is boycott religion, I guess all they do is inflate prices for their own greed anyway </document>
<document> Due to social media everyone aspires to be an influencer to get tickets that cost money etc. free more than a good person built on a solid foundation with good neighbors </document>
<document> Say no to homosexuals avoid them don't give in to their demands even if it means death #URL# </document>
<document> Oy vey as they say Africa goes from one dictatorship to another #URL# </document>
<document>There are religious Jews who are Nazi rabbis but don't wear Nazi uniforms because they would be killed their parents are European Catholics who moved to America after the war and converted to Judaism</document>
<document>I don't like the name suleman means time extortion</document>
<document> To begin with Abraham was not Ashkenazi or Sephardic both sects are Hinduism they bow up and down while looting the starch which was the biggest clue </document>
<document> I will never be a believer under any circumstances! >></document>
<document> How to say voodoo in urdu oh shit i just said that #URL# </document>
<document>America's prisons are filled with black homosexuals it's so messed up that the ice cube knows what I mean</document>
<document> It's not my duty to prove he did anything wrong, it's something you tell the grim reaper </document>
<document>You consider some of the worst serial killers like Jeffery dharma evil, yet they killed many homosexuals</document>
<document> Imagine bombing Manchester City for fun, but change your mind because of Ronaldo </document>
<document> Morgan hated BBC for ratings now he got kicked off his show he changed lol how big is his dick lol #URL# ></document>
<document> Haily Baldwin made the right decision by deleting cara devilgne from her lesbian friends list</document>
<document> Justin Bieber is '90% sure' Instagram is for the devil #URL# </document>
<document> Bouncer named N-word says prison sentence is a "valuable lesson" #URL# via #USER# </document>
<document>The Rabbis said that suffering is based on rectifying what happened in the past lives of Jews, so they are saying they believe in reincarnation</document>
<document> Trying to make sense, it's possible he flew all those miles to eat for free #URL# </document>
<document>They sold currency to Jews for interest rates and fees</document>
<document>Separating church from state is becoming increasingly difficult due to inequality</document>
<document> They are not Jews and that golden dome on top needs to be destroyed #URL# </document>
<document> I hate to say this but if you don't cum in that bitch someone else will and don't forget to say hello to my wife for me lol #URL# ></document>
<document> BBC prime channel has a program called eastenders there is no program in the world that I don't like more </document>
<document> I get stressed looking at his face noticing how he has an Indian nose he looks like a Nazi </document>
<document> This woman is an insurance scammer she doesn't believe a word she doesn't care about feelings she wants money to travel #URL# </document>
<document> The real idea behind a flag is that when a soldier is bleeding from his wounds the flag protects him with patriotism and then if they die heroism and covers his face </document>
<document> Apart from Kunis' part, it was a shit movie, but that's not the point, it was the dedication that I didn't like </document>
<document> Ashrama, familiarly spelled ashram in English, has also come to denote a place away from urban life where spiritual and yogic disciplines are pursued. ashram </document>
<document>It's an open internet for those on Facebook's payroll if more people shut down their accounts it shuts down their infrastructure in how they operate due to the firing of corrupt management</document>
<document> #USER# Every song he has written has been erroneously tagged with metaphors </document>
<document> He said: 'It was rude. The way he hit you was, you know, it was rough. Sometimes he made you undressand before. It would anoint you... So when the touch of the ironing chord hits you, it's just... and it would be like dying and </document>
<document> Imagine if Tom Holland went around the streets pretending to be Spider-Man while raping children and it wasn't Tom Holland but he claimed to be Spider-Man so he's attributing hero status so now he's responsible for the rape of the kids who got fucked by a horny costumed bastard </document>
<document> She wants to become a billionaire so bad that she can stand next to Oprah and the Queen, I know for sure, which means both must die or she will die #URL# </document>
<document> I've been through much worse a living nightmare repeated over and over again knowing no one cared I was injected by the police and woke up in a children's ward in a scrub because I didn't want to be frisked </document>
<document> I never get paid what I deserve so I don't give a fuck #URL# </document>
<document> Beer in a can man.. say it many times pig </document>
<document> What I dislike about Israel is the number of times weird people come up to me asking if I was Jewish trying to ask me out on a date which meant going back to their house I was like do you have food you nazi bastard </document>
<document> I hate when people who go to the news say on social media that the revolution will be televised #URL# </document>
<document> It's easy to get broke girls to play strip poker with a bottle of vodka </document>
<document> The good die young it is true</document>
<document> What biblical character would make a great economist? Noah, because while everyone's stock was in liquidation, his was afloat. >></document>
<document> Euphoria is a crack show, I watched the first five episodes when it came out, it contains many real life virtues #URL# </document>
<document> He said if you lay down with dogs you wake up with fleas and some people are willing to take that risk and he took that risk #URL# </document>
<document> Hindus even if they call themselves gurus or jews they should do the right thing and go back to their country this is my opinion what they do to jews is evil they are responsible for the holocaust involved in the piece of the shitty grand mufti</document>
<document> Haha you fucking idiot never seen the Twilight movie suck for crazy #URL# </document>
<document> The crux of birthright is a sex vacation as they always mention assimilation to advance their cause it is the worst kind of brainwashing I have ever seen in my life there is so much for me to explain </document>
<document> Do you think Michael Jackson didn't have associates working for him in Neverland? >></document>
<document> How can I tell who is the tallest in society from the people I get in the least trouble with is quite simple how it works #URL# </document>
<document> Pope Francis said '”do not seek spiritual answers within yourselvesclasses ga.” Yoga is certainly a risk. There is a risk to spiritual health. When you accept those practices of other cultures, which are outside our Christian domain, you don't know what you are opening yourself up to </document>
<document>You can't pretend to be something you are not is the jist i got so i can say that many muslims don't support islam so you can't trust muslims</document>
<document> I fully support the first and second amendments </document>
<document>Twitter's algorithm is a cracker what I will say is British Jews are not good people if you ask them to do something like get on their knees they won't and you should know that</document>
<document> Gay men are monsters, all they want is to have sex with anything they can get their hands on</document>
<document>It's a great pagan sex party</document>
<document> The modern rules of tennis allow players to choose the COLOR of tennis shoes they want as long as the SHOE does not damage the surface of the court Your CHOICES are as vibrant as your imagination and until you get to Wimbledon Center Court you are FREE of choose the color you want </document>
<document> I hate edm music almost as much as I hate the idea of ​​Glastonbury music, but it's not #URL# music </document>
<document> In a Sirius XM interview with DJ Sway, Akon stated in no uncertain terms that he left Lady Gaga at the height of her success. ... When asked about Gaga's point of view, Akon said she's not mad. "It's strictly a business decision. My involvement will always be what you want </document>
<document> Solomon Souza is a real evil villain, his relative is an Indian piece of shit who decrepit his native muumbai for money </document>
<document> I learned a lot about public television people even if I don't watch televised sports all the people at the top are elderly for a reason not because they love sports more than a fresher guest it's definitely a culture than it's an experiment or a one-time #URL# ></document>
<document> Akon has been awarded a $6 billion contract to build a city in Senegal. Originally announced in 2018, the Sri Lankan-American artist Akon revealed that he was working with the government of Sri Lanka to build a tourist city that uses a cryptocurrency-based economy </document>
<document>It should be legal to kill sex traffickers if anyone has the opportunity</document>
<document> Hebrew Bible

The expression "to take in vain" is also translated less literally as "to misuse" or variants. ... Passages from the Hebrew Bible also refer to God's name being profaned by people's self-righteous behavior and misrepresentation of God's words or character. >></document>
<document> Soldiers are cannon fodder for religious people whether they are Zionists or not, they get what they pay for and they spend a lot they own charities worth millions and millions and many more millions every year and the Arabs there are disgustingly desperateerate </document>
<document> Looks like a bestseller playboy secrets #URL# </document>
<document> The terrorist was a religious jewarab, I don't know if he was fighting or protecting corruption in the old city #URL# </document>
<document>Give every indian visa free entry by spending thousand dollars with free accommodation in hotel of their choice then this is what i call friendship I wonder how many would accept this offer #URL# </document>
<document> #USER# are not factory made why then you pay ten dollars a pop </document>
<document> #USER# #USER# Change madison respect yourself take shame from shame the images in the imagination </document>
<document>People should wear masks in public places because there are many delta people who don't care </document>
<document>If the Talmud were relevant there would be many religious Jews who died solely on the basis of damages</document>
<document> There is no redemption for Jews, holidays are pagan events </document>
<document> bestowing charity to his peasants because the corrupt trust them more because they take away the trail is like Panama papers filled with celebrities and royalty they just don't get punished for stealing</document>
<document> A king with more money than he can spend who plays tennis in the garden who doesn't leave where he lives for a week to go on international TV to advertise those who support him in the crowd and sponsorships don't amount to torture whatever the weather </document>
<document> If they don't write their own songs, their wealth is built on fraud which inherently leads to fraudulent activity among their followers </document>
<document> They're not British Jews or British Israelis, they're bad people #URL# </document>
<document>The best music comes from the darkest part of history or that or them on some heroin shit</document>
<document> So every celebrity in the world goes to whatever church he belongs to to utter the lord's name in vain and thank him for stealing riches plagiarism is plagiarized art of imitation same thing at award ceremonies when they let the public hear it > </document>
<document> She's got a boyfriend that she's still flaunting, which makes no sense in Chris Brown's words, these hoes ain't loyal! >></document>
<document> Mariah Carey sang a Hanukkah song to her kids if only Nick Cannon would do the same LOL </document>
<document> There is nothing stranger to me than a random woman treating me like her boyfriend </document>
<document> When Piers Morgan quit his live TV show he developed imposter syndrome, now he will have that condition for the rest of his life unless he kills Harry and marries his wife as compensation which would put him back in place because he was wrong. >></document>
<document> The fact is that the Jews base their holy days on eating together, this is areligion other than the Abrahamic faith </document>
<document> If life has taught me anything it's to be best friends with mr 9mm </document>
<document> That nice 4u video was based on a Japanese cult thriller called Audition, it's basically a plagiarism that made her millions rather than her own story</document>
<document> They are child molesters because that is how paganism works it is a circle at the bottom and a pyramid at the top </document>

</author><Document> When I think of religious Jews, I think of people with Down syndrome. I may not be angry with them, but that doesn't mean I have to like them the same way as religious Muslims do, their wealth is none of my business. I just plain hate liars > </document>
<document> English has context rather than content, if that makes sense ></document>
<Document> Sarah Silverman made a video about selling the Vatican to feed the world which was very clever because she made the devil an offer and he turned it down because a condo isn't good enough for hungry Africans instead fast food restaurants may have he sends ></document>
<Document> point is when you celebrate paganism you take the dirt from the other person in charge let's say Jesus for example and the dirt you take is from the celebrity who is full of dirt so they don't get killed or be labeled witch or devil and die the same way Jesus died ></document>
<Document> Possession is nine tenths of the law and this is an issue to be resolved in the future or there will be none because I think it has been sold the future has been sold to the highest bidder which is nine out of ten is ></Document>
<document> London is a shithole what do you expect them to live by the same rules if it was a nice place with shallow people that would be one thing but it's a shithole worst city I've ever been to bin #URL# ></document>
<document> When my friend's gay brother broke down we picked him up, when I broke down I had to throw everything away to come back ></document>
<document> You own property, but no one owns the government but the king or queen of a country where America doesn't have any of that shit, so you'd have to hold celebrities on the list hostage to get Emily Watson and her released require chronicles? ></document>
<document> What I said before about the role was more like why do so many gobby bastards who don't slamdunk wear Jordan pumps? it makes the owner much richer, even if it upsets him directly ></document>
<Document> A villain is the person or thing responsible for certain trouble, harm, or damage. ></document>
<document> Of course, rules are rules and must be respected regardless of ethnicity #URL# ></document>
<document> I was looking at a website for prostitutes and some say no to black people because they were previously aggressive. Is that racist? ></document>
<document> The Star of David should not be on the Israeli flag, this is very problematic ></document>
<document> There's no point in watching people play sports unless you enjoy the stadium aesthetic aspect of it, you sick asshole ></document>
<document> At least Lauren Chen has a mind of her own lol #URL# ></document>
<document> Actually Jay Z set the precedent when he said Brooklyn go hard bc 4:44 #URL# ></document>
<Document> Homosexuality is forbidden, it is the worst crime there is ></Document>
<Document> Indians posing as Muslims are banned, so Hindus kill Muslims ></document>
<document> There are recipe books about cheesecake and wine pairings. Just remember, it's not beauty that wants to destroy the beast, it's the beast that wants what it can't have out of greed and gluttony ></document>
<document> Let it be clear that trump promoted the swamp before there was no aoc or omar, in fact politicians had no international voice since the obamas became heroes. America has gone downhill #URL# ></document>
<Document> Why the hell did the Chabad boy have a Christian nanny and a Muslim cook when he had Chabad parents? ></document>
<Document> They, the Catholics, are using the IDF to kill children under the guise of their Judaism religion, making the Israelis filthy people sinners. Do you think Roger Waters cares about every British child? Of course not #URL# ></document>
<document> This is true after we made a kill in the last year and the service has gotten a lot worse #URL# ></document>
<document> If penguins were stupid, polar bears would have eaten them and they wouldn't exist ></document>
<document> All that shit about Kim was a lie and he loved his daughter so much he would do anything to become a man #URL# ></document>
<document> Some of the worst people in the world wear crucifixes to show their solidarity with others doing the same ></document>
<Document> She uses the word all the time and I've known her her whole life. It's 'ni**** this' and 'ni**** that'. She is a disgrace. She is a racist! “It also belittles Jews and other minorities. And I'm Jewish. I found that depressing. Half a year ago I finally had enough of your attitude, ></document>
<document> He supported some of the most terrible people in the world just because they bring in money because he wanted his own plane and other free shit ></document>
<document> I don't understand how people in Yemen make it to America to become Ivy League teachers. In some countries, huge amounts of funding must be involved. You have to starve because of the cost of transportation if you want to go to school ></document >
<document> I don't know how the new Sex and the City episodes are supposed to work without Kim ></document>
<document> Religion is a child molester's game because all women suck and it's a cycle of deviance ></document>
<Document> The Romanian in Israel told me how he was raped by uniformed men many times a week in their Roma prisons ></Document>
<document> Jews have no kings or queens, it's all that Moses despised ></document>
<document> When you get a male or female bitch in a meditative state of opulence it's easy to finger her, that's what Karma Sutras are based on, it's like hypnosis. I can't believe people can be so stupid that they would pay for it because other people rave about it ></document>
<Document> That's why I got sick because of the Gedolim, because these people are worshiped by immoral hypocrites, it's their derech, they own the places of worship, so it's their religion, it's their cultit is their dynasty ></document>
<document> People can read Hebrew, but they can't tell what it means. I noticed that it's like they're reading it from a script, it's crazy because they sound fluent ></document>
<document> Why is there a statue of the Pope involved in horrific child abuse #URL# ></document>
<document> If it can happen to a child, it can happen to any child. My advice is don't be one of those kids, avoid those kids, or have kids who become those kids ></document>
<document> It's really about technological advances, not so much friendship, but whatever #URL# ></document>
<document> Paying someone to come and speak is not free speech is the metaphor for satanism ></document>
<document> The main word in Hebrew is receipt, so everything is accounted for in an unimaginable way ></document>
<Document> Why the hell does a prince need 24/7 police protection, what is he afraid of, what has he done? #URL# ></document>
<Document> Forced Labor Takes Place in British Prisons and Gypsy Camps! Dirty Christians Suck! #URL# ></document>
<document> I had to learn that white women only hate black women because of the color of their skin, so the socialism that brings them together is the enemy ></document>
<Document> Black people are destined to save their own skins even if they agree with everything I've written, so I don't think they can say it's a big heartbreak because I can't think of anything better would expect, which is also a pun ></document>
<Document> I don't care because I don't say the Lord's name in vain. I don't practice anything that I don't mean within ritual covenants, but those who do are evil and I don't want to live with them on that basis because you immediately lose dignity ></document>
<document> Should I charm the rabbis, that could have been what it was, those damn people were my exact opposites, but they mention family, I'm like those rich people mean damn much to me ></document>
<document> Weirdly, two independent L.A. Chicks backed me up for what I was doing wrong, even though I was right ></document>
<document> No means no, it doesn't mean you have to go to court for upsetting their feelings for saying no to them ></document>
<document> Must have been strong leadership as another so called democracy is collapsing in #URL# ></document>
<Document> If Americans conquered Africa, would they be called American Africans? ></document>
<document> Every crypto trader wants to be friends and give you good advice, but the reality couldn't be further ></document>
<document> Fighting corruption leads to a clean slate ></document>
<Document> Gay people are the most discriminating people I've ever met. I'm thinking of Teachers ></Document>
<Document> The people who bring salvation to the Jews are the people who clean up the filth, so I support Israel by supporting the filth because Israel is under a Hindu influenced guru occupation that kills people for more filth to create for the many gurus/rabbis/gods></document>
<document> I found out about an anti-Semitic Jewish organization that is worth many millions in annual expenditure, if you ask them a serious question they have you removed ></document>
<document> People love dead Jews and hate the living because there's always something good that comes out of it, which is cleanliness, kind of a fresh start, but then it repeats itself because paganism is a circle at the bottom and a triangle at the top, so it's always that Circle is killed #URL# ></document>
<document> What they are doing with the Torah is against Jewish law, they are initiating it as a source of power, it is evil what they are doing ></document>
<Document> What is his net worth? makes him leave his legal job penniless #URL# ></document>
<document> The great thing about dance music is that you don't need a music video to enjoy it and it's lively ></document>
<document> Italy now condemns child rapists while Britain promotes them ></document>
<document> Ms Prince asked me why Jews eat cheesecake. I didn't know she was cruel. She said she had Jewish friends, but she did everything she could to cause problems for me ></document>
<document> #USER# You say she's talented so she has to dress in drag to impress lol ></document>
<document> It's the same deal as the Queen speaking every Christmas day, apart from not commenting because she doesn't need it, it's just a way of saying that she owns Christmas every year because of her wealth and her churches ></ Document>
<Document> You think Chabad houses appear out of nowhere from God, it's all legitimate theft and the money they receive goes to persecuting young Jews to do as they please. I've seen it from so many angles, but the elders have a choice to participate and feel well guided by conmen></document>
<Document> Shimon founded an academy where among his disciples was Nazi Judah, later the editor of the Mishnah, in which many of Shimon's aphorisms are recorded. ></document>
<document> Under Jewish law he did nothing wrong by killing her, so it is inevitable that gay people will become Nazis wearing a uniform or be killed ></document>
<Document> I believe in the saying no matter what we create but friendships never last because people search for love like people search for money with a metal detector what I mean is that witches are the most judgmental people that's why I like them not #URL# ></document>
<Document> Imagine spreading the smell of your own poop in the air and pretending someone else is doing it lest you be humiliated by the truth that is the reality of Christianity. Blame a Jew named Jesus because someone playing Chinese Whisper said he loves you and is therefore willing to die for you ></document>
<document> I never understand why Jews are obsessed with helping foreign countries but not their own and it's the same reason Africans don't help Africans, they all think Haram for their own benefit ></document>
<document> YYou can't win, you can only join them or kill them. This is how stupid influencers managed to get the world free flights in addition to a salary. The same goes for the Holocaust, the whole thing is a scam ></document>
<document> How to fight a yeshiva to get a mitzvah is easy ></document>
<document> #USER# Ok Mr Pädo, have a nice day ></document>
<document> #USER# #USER# Right, the guy was selfish for saying it like it is ></document>
<Document> The rabbis cause suffering on purpose because they want you to hate them all because they are rich and immune to retaliation and they have what they call their bochurim which means they spy on subs and bring back the gossip with it you are informed when you should do a runner ></document>
<Document> I was found guilty just because the courts had to extort money from me for not being arrested or fingerprinted, the whole thing traumatized me because I was the victim ></Document>
<document> All sexy bitches want is to feel safe, pretty simple how it works, every gimp with lots of friends and a big mouth. So when they get killed it's kind of funny ></document>
<document> Moral is there is no rabbi so how do rabbis make so much money it's paganism ></document>
<Document> Alonzo): I'll let you go home. I'll let the homeboys pull a train on your girlfriend. You know what a train is, right? ></document>
<document> It's like Bieber and Grande Christmas music made for TV propaganda #URL# ></document>
<document> #USER# #USER# Her mother was mean to those who didn't comply and poked fun at workers behind the scenes ></document>
<document> How do I know, because centuries ago they pray at the graves of dead people and people set up markets at the graves ></document>
<document> BBC IS A CORRUPT TAX SAFE! BBC News is the world's largest broadcast news service, with more than 2,000 journalists and 48 news agencies, 41 of which are overseas. ></document>
<document> I'm not surprised that the Democrats rescinded the election even though Bloomberg donated because Trump shit them all, but Trump never impeached any of them because the entire Senate is corrupt over trade and lobbying ></document >
<document> #USER# Anymore Tom Holland see you later Alligator it says gamespot ></document>
<document> Gangrene is usually curable in its early stages ></document>
<Document> What do we mean by loss of inhibition?
be rude.
Saying things that are inappropriate (e.g. someone is overweight)
talk to strangers.
undress in public.
Apparent loss of sexual inhibition (eg, touching oneself inappropriately in public). ></document>
<document> Why would a woman who looks like shit have 20 kids if she can't afford them is a pretty simple question ></document>
<Document> Chitty Chitty Bang Bang Child Catcher ></Document>
<Document> The Thai is seen more as a maid than a nationalist geniush would mean to convert would make her a slave ></document>
<Document> Akoin is listed on BitMart, trading will begin on September 17, 21, allowing users to buy and sell the token using internationally available deposit options such as PayPal, Paxful and Apple Pay, and offering sign-up processes tailored to the unique African are business environment ></document>
<document> It is important to have opposition to the Zionist enterprise I have chosen ></document>
<Document> The amount the Beatles paid in taxes to Parliament was nothing compared to the value they had in the bank in a shitty town, otherwise they would all have been real kings if they hadn't paid anything, hence the Boston tea party disguised as Mohawks drinking tea on a yacht ></document>
<document> See what I mean Emily, they enjoy this shit, it makes them feel strong #URL# ></document>
<document> I don't trust the majority of black people because homosexuality comes from niggers and AIDS look up what beast is, that's how homosexuals started ></document>
<document> It's the same deal with Scotland, one side has to conquer the other. Scots think of Braveheart like it happened yesterday, shit changed ></document>
<document> The jokers got these amazing studios to produce music that can be made with a free app on your phone but they need promo to attract rich clients and fake publicity and of course aspiring sluts ready to having sex as a thank you seems professional instead of hectic ></document>
<document> My thoughts on Epstein are that he did a lot of good things to women and didn't look like a bastard like a lot of men who work in banking do, but unfortunately only gold can't be corrupted ></document>
<document> What you are saying is that no one should be guilty of a crime, so there should be no prison and democracy should be banned ></document>
<Document> If you want to know why religious Jews are inherently pedophiles, it all has to do with Rebecca. They were taught to marry virgins, but most of them were molested before getting fucked by their own fathers. Incest is normal for the high Gedolim >< /document>
<document> Religious people lol they always know what to say to make you feel like a criminal and you really don't want to upset them ></document>
<Document> Being born here does NOT automatically make you a citizen.
This is NOT America ></document>
<document> Women don't enjoy sex, they enjoy the experience of men enjoying it
<document> Because of the special role of wine in many Gentile religions, the kashrut laws specify that wine cannot be considered kosher where it may have been used for idolatry ></document>
<document> I agree so much with this tweet that I want to be this random person's friend #URL# ></document>
<Document> Byrne quickly signed dozens of deals with dealers that subsequently cost the Beatles approximately$100,000,000 in lost royalties. Mr. Epstein later renegotiated the Beatles' stake to 45%, but by then Beatlemania was on the wane and the financial damage was done ></document>
<document> The only people who can charm me are Israeli girls, there was one so beautiful in the pub that yelled at me in Hebrew for five minutes for wearing a red string lol telling me that she is not Jewish , so I took her advice and got rid of her ></document>
<document> Adrian McManus, the superstar's former maid, has already made allegations of child sexual misconduct against the King Of Pop - who died in 2009 - and has now doubled down on her comments made earlier this year
<document> he does not promote Tesla, although it is a new technology ></document>
<document> This Arab speaks great Hebrew, it doesn't make sense #URL# ></document>
<document> I got on the bus because I went to Tiesto's. I didn't go there to be slapped by some fucking moron for being sold a crappy bag of weed I couldn't use ></document>
<document> Let me explain that Britishyevs are an advertising campaign, they have no Jewish qualities, but I may be talking mainly about London Jews ></document>
<Document> Religious Jews are not Jewish Chabad is not Jewish none of it is Jewish it is essentially a grocery store due to contamination ></Document>
<Document> Paganism is based on taking wealth from those who died for it, it's not a pretty story, it's based on sin, it's like this office that launders thousands of companies around the world, someone owns it, um to generate his wealth, which happens to be a religious Jew billionaire ></document>
<document> All you can do is boycott religion. I guess all they do is raise the prices for their own greed anyway ></document>
<document> Because of social media everyone aspires to be an influencer to get tickets that cost money etc for free more than a good person built on a solid foundation with good neighbors ></document>
<document> Say no to gay men, avoid them, don't give in to their demands even if it means death #URL# ></document>
<document> Oy vey, as they say Africa goes from one dictatorship to the next #URL# ></document>
<Document> There are religious Jews who are Nazi rabbis but they don't wear Nazi uniforms because they would be killed, their parents are European Catholics who moved to America after the war and converted to Judaism ></Document>
<document> I don't like the name Suleman, it means time extortion ></document>
<document> First off, Abraham was not Ashkenazi or Sephardick, both sects are Hindu, they bow up and down while hunting the Amidah, that was the biggest clue ></document>
<Document> I will not be a Belieber under any circumstances! ></document>
<document> How do you say voodoo in Urdu, oh shit I just said it #URL# ></document>
<document> American jails are full of black homosexuals it sucks so much ice cubes know what i mean ></document>
<document> It's not my duty to prove he did anything wrong, that's what you tell the Grim Reaper ></document>
<document> They see some of the worst serial killers like Jeffery Dharma as evil and yet they have murdered many homosexuals ></document>
<document> Imagine crushing Manchester City for fun, but you change your mind because of Ronaldo ></document>
<document> Morgan hated BBC for ratings now he got kicked out of his own show he changed lol how big is his cock lol #URL# ></document>
<Document> Haily Baldwin made the right decision by removing Cara Devilgne from her Dyke friends list ></Document>
<document> Justin Bieber is "90 percent sure" Instagram is for the devil #URL# ></document>
<Document> Bouncer named N-Word says jail time is 'valuable lesson' #URL# via #USER# ></document>
<document> The rabbis said that suffering is based on correcting what happened in the past lives of Jewish people, so they say they believe in reincarnation ></document>
<document> To understand if it's possible he flew all those miles for free food #URL# ></document>
<document> They sold currency to Jews for interest rates and commissions ></document>
<document> The separation of church and state is becoming increasingly difficult due to inequality ></document>
<document> They are not Jews and that golden dome on top must be destroyed #URL# ></document>
<document> I hate to say it but if you don't cum in this bitch someone else will and don't forget to say hello to my wife for me lol #URL# ></document>
<document> BBC Prime Channel has a program called Eastenders. There isn't a show in the world that I dislike more ></document>
<document> I get stressed when I look him in the face and notice that he has an Indian nose, he looks like a Nazi ></document>
<document> This woman is an insurance scammer, don't believe a word, she doesn't care about feelings, she wants money for travel #URL# ></document>
<document> The actual idea behind a flag is that when a soldier is bleeding from injuries the flag protects him with patriotism and then when he dies heroism and covers his face ></document>
<document> Apart from the Kunis part it was a crap movie but that's not the point, it was the dedication I didn't like ></document>
<Document> Ashram, commonly spelled Ashram in English, also designates a place far away from urban life where spiritual and yogic disciplines are practiced Ashram ></document>
<document> It's an open Internet for those on the Facebook payroll as more people close their accounts, shutting down their infrastructure in the way they work by laying off corrupt management ></document>
<document> #USER# Every song he wrote was miscoded with metaphors ></document>
<Document> He said: “He was rude. The way he hit you was, you know, hard. Sometimes he made you strip nakede first. He'd oil you up... So when the hit of the ironing wire hit you, it was just... and it would just die and ></document>
<Document> Imagine Tom Holland walking the streets pretending to be Spider-Man while raping children and it wasn't Tom Holland but he was pretending to be Spider-Man so he writes hero status up, so now he's responsible for raping the kids who got fucked by a horny bastard in a costume ></document>
<document> She's dying to be a billionaire so she can stand alongside Oprah and the Queen. I know that for a fact, which means both must die or she dies #URL# ></document>
<document> I've been through much worse, a living nightmare that kept repeating itself, knowing that nobody cared. I got shots from the police and woke up in a hospital gown in a children's ward because I wouldn't let them search me. ></ Document>
<document> I'm never paid the way I deserve, so I don't give a damn about #URL# ></document>
<document> Man can beer.. say it often you swine ></document>
<document> What I don't like about Israel is how often weird people come up to me and ask if I'm Jewish and try to invite me on a date, which means back to their house Nazi bastard ></document>
<document> I hate when people who come on the TV news say on social media that the revolution is being televised #URL# ></document>
<document> It's easy to get girls with no money to play strip poker with a bottle of vodka ></document>
<document> The good man dies young is a true saying ></document>
<Document> What biblical figure would have made a great economist? Noah, because while all the stocks were being liquidated, his were afloat. ></document>
<document> Euphoria is a crack show. I watched the first five episodes when it came out. She has many virtues from real life. #URL# ></document>
<document> She said if you lie down with dogs you wake up with fleas and some people are willing to take that risk and he took that risk #URL# ></document>
<Document> Hindus even if they call themselves Gurus or Jews should do the right thing and go back to the land they came from, that's what I think what they are doing to the Jews is evil, they are responsible for the holocaust associated with the Grand Mufti piece Shit ></document>
<document> Haha, you fucking idiot, I've never seen a Twilight movie that sucks shit for crazy people #URL# ></document>
<document> The whole point of birthright is a sex vacation as they always mention assimilation to further their cause because it's the worst kind of brainwashing I've ever seen in my life. There is so much for me to explain ></document>
<document> You think Michael Jackson didn't have any employees working for him in Neverland? ></document>
<document> How I can tell who is the greatest in society is by the people I have the least problems with. It's quite simple how it works #URL# ></document>
<Document> Pope Francis said: “Don't look for spiritual answers within yourselfga classes.” Yoga is certainly a risk. There is the spiritual health risk. When you pick up these practices from other cultures that are outside of our Christian realm, you don't know what you are opening yourself up to ></document>
<document> You can't pretend to be someone you're not was the joke I got so you could say that many muslims don't support islam so you can't trust muslims ></document>
<document> I fully support the first and second amendments ></document>
<document> Twitter's algorithm sucks, what I want to say is that British Jews are not nice people, if you ask them to do something like get on their knees, they won't, and you should know that > </document>
<document> Gay men are monsters, all they want is sex with anything they can get their hands on ></document>
<document> It's a big pagan sex festival ></document>
<document> Modern tennis rules allow players to choose the COLOR of tennis shoes they want as long as the SHOE does not damage the surface court. Your CHOICES are as vivid as your imagination and by the time you reach Center Court at Wimbledon you are FREE to choose any color ></document>
<document> I hate EDM music almost as much as I hate the idea of ​​Glastonbury Festival music, but this isn't about the music #URL# ></document>
<Document> In a Sirius XM interview with DJ Sway, Akon bluntly stated that he left Lady Gaga at the height of her success. ... When asked about Gaga's perspective, Akon said she wasn't upset. “It is purely a business decision. My involvement will always be as she wishes ></document>
<document> Solomon Souza is a really badass villain, his relative is an Indian piece of shit who ransacked his hometown of Muumbai for money ></document>
<document> I've learned a lot about the people on public TV, even though I don't watch sports on TV. All the people at the top are old for a reason, not because they enjoy the sport more than a newcomer/guest, it's definitely a culture as an experiment or a one-time thing #URL# ></document>
<Document> Akon has been awarded a $6 billion contract to build a city in Senegal. Originally announced in 2018, Sengalese-American artist Akon revealed that he is working with the Sengalese government to build a tourist town that will leverage a cryptocurrency-based economy ></document>
<document> It should be legal to murder sex traffickers if given the opportunity ></document>
<Document> Hebrew Bible

The phrase "take in vain" is also translated less literally as "abuse" or variants. ... Hebrew Scriptures also refer to the desecration of God's name through hypocritical human behavior and misrepresentation of God's words or character. ></document>
<Document> The soldiers are cannon fodder for the religious, whether Zionist or not, they get what they pay for and they spend well, they own charities worth millions and millions and many more millions annually and the Arabs are there disgusting despicableerate ></document>
<document> Sounds like a bestseller, The Secrets of Playboy #URL# ></document>
<Document> The terrorist was a religious Jew, I don't know if he was fighting or protecting corruption in the old city #URL# ></Document>
<document> Give any Indian visa free entry with a thousand dollars spending money with free accommodation in hotels of their choice, then I call that friendship. I wonder how many would accept this offer #URL# ></document>
<document> #USER# they are not factory made, then why pay ten dollars each ></document>
<document> #USER# #USER# Change it Madison, respect yourself, and out of humility take the pictures in the imaginary ></document>
<document> People should wear masks in public places because there are many Delta people who don't care ></document>
<document> If the Talmud were relevant, there would be a lot of religious Jews dead just for damages ></document>
<document> There is no salvation for Jews, the festivals are pagan celebrations ></document>
<Document> giving alms to its pawns because the corrupt trust them the most because they take the trail, it's like the Panama Papers full of celebrities and royalty, they just don't get punished for stealing ></Document>
<Document> A king with more money than he can spend, who plays tennis in the garden, who does not leave his place of residence for a week to advertise on international television those who support him in the crowd, and sponsorship money does not amount on torture in any weather ></document>
<document> If they don't write their own songs, then their wealth is based on fraud, which inevitably leads to fraudulent activities among their followers ></document>
<document> I don't know, British Jews or British Israelis, they are bad people #URL# ></document>
<document> The best music comes from the darkest story, either that or her on some heroin shit ></document>
<Document> So every celebrity in the world goes to whatever church they belong to say the Lord's name for free and thank him for stealing wealth. It is a plagiarism </document>
<document> She has a boyfriend she still poses, which doesn't make sense in the words of Chris Brown, those hoes aren't loyal! ></document>
<document> Mariah Carey sang a Hanukkah song to her kids if only Nick Cannon would do the same LOL ></document>
<document> There is nothing stranger to me than a random woman who treats me like her boyfriend ></document>
<Document> When Piers Morgan left his own TV show live on the air, he developed imposter syndrome, which he will now have for the rest of his life unless he kills Harry and remarries his wife as compensation, which will get him back would agree because he was wrong ></document>
<document> The thing is that Jews base high holidays on eating together, that is areligion other than the Abrahamic faith ></document>
<document> If life has taught me anything, it's to be best friends with Mr. 9mm ></document>
<document> This good 4-U video was based on a Japanese cult thriller called Audition. It's actually more of a plagiarism that made her millions than her own story ></document>
<document> They are child molesters because that's how paganism works, it's a circle at the bottom and a pyramid at the top ></document>

</author>