
	
		<document> #USER# #USER# #USER# the big thing is this lil chiweenie is just really possessive, he snapped at my dads friends dog who was sitting on my bed. i think its more the bed then anything ></document>
		<document> #USER# and the other one fondles his balls, cuz these people are sickos ></document>
		<document> #USER# look im a nerd and i dont give a shit about sports. some ppl just wanna control the world ></document>
		<document> #USER# #USER# nice. i wish my wawa's had a liquor section ></document>
		<document> #USER# #USER# the obvious answer is "make ass beatings legal and in the spot light" ></document>
		<document> #USER# bro fucked a towel doll mermaid ></document>
		<document> #USER# dude i love it. also kinda funny its an enchantment matters set. yea artifacts matter too, but like urzas block was "the enchantment block" ></document>
		<document> #USER# TBH i'd rather watch you brave performers actually put your life on the line then bitch about how 'fake' wrestling is. how many people have been legit injured from botched moves? way too many. ></document>
		<document> #USER# #USER# #HASHTAG# 
even the big ones my ex had who tried to smother me with them. ></document>
		<document> #USER# #USER# back then i took care of her until she was able to walk, but last august she broke her arm and things went down hill ></document>
		<document> #USER# #USER# #USER# you have lived in nj. why must you desecrate the sacred pie ></document>
		<document> #USER# #USER# did you play soul edge though? not gatekeeping, wondering if you know that whole loooooong story ></document>
		<document> #USER# Loco says no. Loco says he loves me more then my brother #URL# ></document>
		<document> #USER# #USER# #USER# wait, are the x-men trying to be master races now? ></document>
		<document> #USER# shoe has me blocked actually. im blaming on memeing on her ></document>
		<document> #USER# time for the pizzadare.

or burger king dare :B ></document>
		<document> #USER# bye bye taiwan, because once russia invades the ukraine, china is attacking taiwan ></document>
		<document> #USER# mickie james got bray wyatt fired, got ></document>
		<document> #USER# might not bro, might be asuka as number 30 ></document>
		<document> #USER# their becoming self aware. its fucking SKYNET FUUUUUUUUCK ></document>
		<document> #USER# im still friends with one i met in 1999. she writes romance novels ></document>
		<document> #USER# #USER# plus you have knives for defense and totally not something sexual at all. ></document>
		<document> #USER# CDC now says vax wont help :^) ></document>
		<document> #USER# we live in a dumb world. these same people think the orcs from lotr are 'black-coded' meaning they see black ppl as savages ></document>
		<document> #USER# Korn and ben folds five were on a tour, and something happened and so they started beefing. Ben made 'rocking the suburbs' because of korn. ></document>
		<document> #USER# &gt;&gt;falling asleep during evil dead you can do better c'moooooooooooon ></document>
		<document> #USER# #USER# look, we know you have daddy issues, but i aint yo daddy ></document>
		<document> #USER# #USER# he's hollywood. they deity pedos and beaters. fucking Roman Polanski gets applause all the time at the emmys ></document>
		<document> #USER# im still blocked by shoe lol ></document>
		<document> Went to get my brother, and the whole apartment complex smells like weed. Like i didnt step in the place and i swear i gotta contact high ></document>
		<document> #USER# thats because you keep sitting. stand up your not chained to your computer! ></document>
		<document> #USER# he's scottish. the lucky charms guy is irish. do better and dont be a bigot tipster! &gt;:( #HASHTAG# ></document>
		<document> #USER# #USER# lol i too use the ralph troll saying no meme ></document>
		<document> #USER# #USER# rhianna too old for drake, he still trying to get that eleven girl from stranger things ></document>
		<document> #USER# #USER# interesting? twitter loves the damn pedos so much. they needed homeland security to get a kids nudes taken down ></document>
		<document> #USER# tbf you are a business social media account. you should be shitposting to promote your business and not political bs that businesses should not be in. ></document>
		<document> #USER# i would have shit my self. thats my phobia ></document>
		<document> #USER# he def is a beast. a sex pest beast ></document>
		<document> #USER# #USER# He nade a bunch of people disappear, thats a mircale!!!1 ></document>
		<document> #USER# looks kinda like the mom from the shining ></document>
		<document> #USER# i hope he gets some therapy or else he might walk a dark path ></document>
		<document> #USER# wait, im cyberbullying you, i thought i was just being a bro busting chops D: ></document>
		<document> #USER# #USER# Too much salt can fuck your body up. Im not a medical expert, or chemical but i know too much salt causes high blood pressure so im assuming it affects your body that way ></document>
		<document> #USER# #USER# they kinda look alike. i hope no one confuses them for brother and sister like people did with me and my ex. ></document>
		<document> #USER# #USER# was it the hole in your lip? one time my ex said she spilled a drink and said that, and this was months after she took a lip piercing out and i was like 'wait did that not close?' like she really meant a hole in her lip ></document>
		<document> #USER# Mine also. Also have my brothers dog and hes getting spoiled ></document>
		<document> #USER# look i already gave the catfish that and kept getting calls for ken, who wanted to, and i quote 'ravage my old man boyhole' #HASHTAG# #HASHTAG# ></document>
		<document> #USER# not my dad!

mom died on the 28th of dec :( ></document>
		<document> #USER# &gt;&gt;she doesnt listen to j-pop metal, viking metal, mexican gangster rap, or video game music FANTASY RUINED! ONLY POP!! REEEEEEEE!!!!!!!! ></document>
		<document> #USER# #USER# nothing about the cubs winning the world series? THE LIST IS GARBAGE!!!!!11 ></document>
		<document> #USER# did we date the same big tiddy white girl with alcohol problems? ></document>
		<document> #USER# imagine having a stick far up your ass you cant see how funny this pics are. 

cant be us tho ></document>
		<document> #USER# YAY THE ASS BOYS WITH THIER BEST FRIEND #USER# ></document>
		<document> hey, now she doesnt have to reach in her pants to play with herself #URL# ></document>
		<document> #USER# Im in the er with my mom since 12pm ></document>
		<document> #USER# 9h man im glad when i open up gamefaqs and look up a walkthrough and its from "ceemoorebootytang69" cuz he is just like me ></document>
		<document> #USER# #USER# it was always a kink. all men want amazons ></document>
		<document> #USER# your confusing what is real. dont worry your wounds will heal ></document>
		<document> #USER# i too bit others in elementry school then i grew into crying after fights, which had the 4th grade teacher put me into therapy until i was like in 7th grade ></document>
		<document> #USER# Write me in the will. Im already in my parents. 

And use the 400 for hookeeeeeeers ></document>
		<document> #USER# ever see the video of the gaming journalist who couldnt even get past the tutorial? ></document>
		<document> #USER# "if you dont like the cowboy bebop live action series you are a racist CHUD!" *this video actually exists* ></document>
		<document> #USER# #USER# one time after midnight me and some friends went to an ihop and in the bathroom was filled with vomit.

wait that was a denny's ></document>
		<document> #USER# #USER# give us names OJ, so that we may mock them! ></document>
		<document> #USER# #USER# #USER# #USER# like yahoo had groups where people shared porn, and 'briefcases' which were like online storage. shit was craycrayyyy ></document>
		<document> #USER# #USER# front mission remake, earthbound and earthbound beginnings on the console subscription thingy, xenoblade 3, chrono cross remaster, LIVE A LIVE ></document>
		<document> #USER# #USER# child sexual abuse is no laughing matter ></document>
		<document> #USER# get better soon. maybe it was #USER# nipples that attacked your heart ></document>
		<document> #USER# im part irish and injun! a 7 course dinner to me is a 6 pack and a potato! ></document>
		<document> #USER# #USER# i spooned on the first date, i'm a h000000r ></document>
		<document> #USER# maybe if they stop defending babyfucking then they wont be out of money ></document>
		<document> #USER# i was forced to go one time in 4th grade D: ></document>
		<document> #USER# so far here in south nj at the shop rite i go to, cat food has been missing ></document>
		<document> #USER# #USER# so far so good. he needs night cuddles, but my moms dog is clingy to me ever since she died and doesnt like the cat too much, so when the poor cat jumps up on the bed, the dog snaps a him, chasing him ></document>
		<document> #USER# WWE legend Tammy Sytch was arrested this morning for weapons possession and terroristic threats in New Jersey. ></document>
		<document> #USER# i remember when i was younger my dad showed me the house of a guy who made some star wars ship to scale and it was pretty big and took up the dudes drive way. it was in a town down the road from our house. let me see if i can it via google ></document>
		<document> #USER# so neat story, #USER# grew up not far from me. he saw the ninja turtle movie at the same theater i did, the caldor he talked about in the rental review vids was an actual place. ></document>
		<document> #USER# that's a shit ton of schizo posting holy fuck ></document>
		<document> #USER# #USER# #USER# thats just a link to something saying its true ></document>
		<document> #USER# wait you dont train in make up? ILLUSION SHATTERED! #URL# ></document>
		<document> #USER# remember when becky lynch dressed up like mtg character chandra ></document>
		<document> #USER# #USER# post on the steam or reddit crying about it. maybe even gamefaqs! ></document>
		<document> #USER# #USER# thor became a girl in the earth x books ></document>
		<document> #USER# i didnt go, and i had a 'friend' lord that above me. like mofo, you went to community college, bought google glasses and backed might no 9 and *I'M* the dumb ass? ></document>
		<document> #USER# #USER# its def not smtv. that got cancelled after the leak :B ></document>
		<document> #USER# yea bro. my mom died in one yesterday, but you seem better then she was ></document>
		<document> #USER# all commie graves must be pissed on. let me piss over china ></document>
		<document> #USER# #USER# overwatch is bad, i should know i have great taste #HASHTAG# i hope bro gets his skin ></document>
		<document> #USER# wait is that why im tolerated? cuz my man tits are great? ></document>
		<document> #USER# if WoR is like KM, grease everything. ></document>
		<document> #USER# #USER# your right though, we're going to be fucked if russia invades the ukraine, because then china is going to attak taiwan and we're going to be dragged into a 2 front war ></document>
		<document> #USER# #USER# he looks like haley joey osment in that his body got bigger but not his face, his face is the same size from age 14 ></document>
		<document> #USER# &gt;&gt;that face when we'll never see jimmy pesto again because he was seen in the capitol during the 1/6 dumbshit #URL# ></document>
		<document> #USER# #USER# BUUUT THE GANG IS GOING AFTER STUUUDENT DEBT LOANS WACKINESS IS BAD GANGSTERS GOING AFTER STUDENT LOANS! ></document>
		<document> #USER# what if you re-enable the dislike counter for fans and stop the cryptoscam bullshit ></document>
		<document> #USER# #USER# sony is now ruled by sony of america, which is REALLYYYYY censorious of tiddies, and its pissing off the japanese developers ></document>
		<document> #USER# we gonna see revolutions man. if ppl werent weak ></document>
		<document> #USER# #USER# my ex wanted to be married FAST. with kids. at a time i was still living at home, and she was living at her friends mothers house. working at a convenience store her aunt got the job for. and i was working with my dad. it was no place for a beta fish much less a child ></document>
		<document> #USER# because america dont like the cartoony look ></document>
		<document> #USER# imagine caring about what consenting adults do. fuck the haters you and john are a cute couple ></document>
		<document> #USER# those messages look like they were faked by a try hard ></document>
		<document> #USER# thanks, im just going to guzzle some bleach now ></document>
		<document> #USER# thats why im pro second amendment ></document>
		<document> #USER# &gt;&gt;tiktok as a job jesus fucking christ and i thought being a shitty drama youtuber was bad enough ></document>
		<document> #USER# but we need to normalize kissing the homies good night ></document>
		<document> #USER# #USER# somebody book this. gabby vs leon. hardcore match. winner gets the money ></document>
		<document> #USER# #USER# #USER# #USER# did anyone in Lenape wash their ass? i went to overbrook :B ></document>
		<document> #USER# "circumcision? YOU ARE CUTTING YOUR JUNK OFF????"
"YOU CUT THE BABIES JUNK OFF?????" 
romans amirite ></document>
		<document> #USER# trad tattoo :B tattoos are awesome my family have them ></document>
		<document> #USER# #USER# #USER# My dad said you couldget in the house via cutting through with a sawzall ></document>
		<document> #USER# I had fun with pathfinder kingmaker. for like 4 months. ></document>
		<document> #USER# so playstation players cant handle complex rpgs? :^)
btw im AnAngryMarine on psn ></document>
		<document> #USER# #USER# same. ive had kids make fun of me in front of teachers and when i struck back *I* was the one in trouble. like literally, kid was making fun of me misspelling 'cactus jack' and when he asked where 'catcus jack' i said 'doing your mom' the teacher listening in yelled at me 1/2 ></document>
		<document> #USER# #USER# good. twiiter think its ok to fuck kids, but it aint. ></document>
		<document> #USER# #USER# old viking excution method. cut the back and pull the lungs out from the holes, so it looks like wings. "blood eagle" was suppose to be for the most serious of offensives like breaking oaths or friendships. ></document>
		<document> #USER# ive been called a big teddy bear ></document>
		<document> #USER# like i put this dog into his bed and he got off and ran into my room. ></document>
		<document> #USER# #USER# HI IM SHAWN FROM RGT85 AND THIS IS JACKASS! *posts a Jadakiss album cover*

you the longest time I thought Jadakiss because i never got into rap and hip hop and r&amp;b ></document>
		<document> #USER# a bitch is someone who wont sleep with me. hashtag for the dumb. ></document>
		<document> #USER# IT SAYS ***NEW TITLE ANNOUNCEMENT*** Coming to Blu-ray 4/26 from Scream Factory! Wes Craven’s “Cursed” (2005) 2-Disc Collector’s Edition Blu-ray ></document>
		<document> #USER# remember when cactus jack and chainsaw charlie started a rumble and were using chairs?
drew needs to use the sword ></document>
		<document> #USER# #USER# #USER# in the thread i linked theres two pics and they look alike my eyes burn from seeing it ></document>
		<document> i got up and made a sandwhich i dont care about edge vs miz ></document>
		<document> #USER# hey those are tarot cards. i learnt those from #USER# and the binding of isaac! ></document>
		<document> #USER# #USER# #USER# #USER# #USER#onTV he's still injured though but a great addition to AEW ></document>
		<document> #USER# i have a clip of me blowing up a kkk gathering in rdr 2 and the mc saying 'bunch of rats' ></document>
		<document> #USER# that part where you get sabin was always confusing to me ></document>
		<document> #USER# thats the game store i go to on saturdays. owner self meds with the marywannas. week before it was kinda funny because we were playing magic and it just hit hard from his office ></document>
		<document> #USER# #USER# i barely talk now as a 38 year old man. one of my brothers friend was like 'he doesnt talk much does he?" 
"noope" ></document>
		<document> #USER# mental health &gt; twitter. 
are you seeing a therapist? or a dr? ></document>
		<document> #USER# #USER# i had a goth chick burn me the soundtrack in high school. #URL# ></document>
		<document> #USER# Fine enjoy justin castro just trying to help out ></document>
		<document> #URL#
is something wrong with my mount in AC Vahalla? ></document>
		<document> #USER# inmy life we've had a beagle mix, a dobbie, a chiahuahua, a yorkie, a husky, a rotty, a chiweenie(still with us) an american bulldog, a mutt we think is mixed with jack russel, and now my brothers long hair chiahuahua that loves sleeping in my bed. ></document>
		<document> #USER# uh huh. LESBIAN CARD REVOKED! you can only identify as bi or experimenting with men, no inbetween. i dont make the rules ></document>
		<document> #USER# its the coof Ragin' contagion's got ya #URL# ></document>
		<document> #USER# Yes because china isnt white so stop crituzing them, BIGOT ></document>
		<document> #USER# #USER# memes are to be shared freely. unlike wealth. ></document>
		<document> #USER# mom's home, she saw her friend(my aunt), my half cooking with aunts help didnt kill any one, today was a good day ></document>
		<document> #USER# i mean, if they were real, people who totally bone pokemon ></document>
		<document> #USER# cant offend Xinnie the pooh with the Xi variant ></document>
		<document> &gt;&gt;ref bump
here comes that wcw bullshit ></document>
		<document> #USER# #USER# snorted it. He could have waited and got a free joe biden crack pipe ></document>
		<document> #USER# she's doing the samething my cat when i lift him up near the ceiling fan strings, batting them around to play ></document>
		<document> #USER# nice! i cant watch right away cuz its dnd night ></document>
		<document> #USER# they would give him -100000 social credit for his degeneracy ></document>
		<document> #USER# "BRO, IT WAS THE 80S! TECHNOLOGY MAKES IT TOTALLY UNABLE TO BE CORRUPT! PHOTOSHOP IS NOT REAL, TECHNOLOGY CANT FAKE THINGS!" ></document>
		<document> #USER# and here i am with a gamecube tat doesnt read discs :/ ></document>
		<document> you cant report deaths to Social Security online ></document>
		<document> #USER# hispanics are like up there wth asians with racism. ></document>
		<document> #USER# ITS LIKE MARIO 3D ALLSTARS, NOT REEEEEEEEEEEEAL! for those dumb enough to think im for real ></document>
		<document> #USER# #USER# i heard they looked into it but where like 'nah fuck that, not worth it' ></document>
		<document> #USER# HE'S GONNA GO TOY HUNTING WITH #USER# ! ></document>
		<document> #USER# #USER# he's about to find out truckers aint like the kids he taught, and that fuck around and find out is not a threat but a pledge ></document>
		<document> #USER# #USER# my parents got hit in the driver side rear in 2010, and my mom braced and broke both her knees. shit was not fun. she never really fully recovered ></document>
		<document> #USER# Im tired, i thought this was about last nights AEW and chris jericho ></document>
		<document> #USER# i wasnt potty trained until i was 3. your doing alright in my book dude, kid aint starving, beaten, or worse. some kids bloom late. ></document>
		<document> #USER# #USER# ya'll should be the distraction we need cuz life is shitty ></document>
		<document> #USER# i'm here for the Abadon pics and not in a perverse way. yea get in shape, live the dream! ></document>
		<document> #USER# #USER# their waiting for the super inflation. happened to germany before the nazis came on board. ></document>
		<document> #USER# time to donate washing machine and dryer combos to the third world nation of Scandinavia ></document>
		<document> #USER# i crashed a go-kart into my dads car trailer in my backyard in 6th grade, breaking my ribs, puncturing my lung and almost killing me. so i know that feel, sis ></document>
		<document> #USER# megan fox looks like the girl who jumps from toxic relationship to toxic relationship because of a horrible home life ></document>
		<document> #USER# i should check outside its getting close to midnigght ></document>
		<document> #USER# Forget it Dev, its New Capenna. *movie ends* ></document>
		<document> #USER# nyla, for awhile i used to think you were actually irl a nice person who is geeky, but now i see damn you are really a heel why you gotta slam that old guy so hard BAW GAWD THAT MAN HAD A FAMILY! #HASHTAG# ></document>
		<document> #USER# #USER# just a normal one from a guy who gets upset over memes like this #URL# ></document>
		<document> #USER# it is 21 degrees here, i have 2 dogs in my bed and im shit posting on twitter while watching wrestling ></document>
		<document> #USER# im single. im choosing pets over kids right now cuz im not ready ></document>
		<document> #USER# get him some magic spoon! they cant be bad if they sponsor youtubers! ></document>
		<document> #USER# you mean you dont sit around in little clothing doing lewd things? CANCELLED! CANCELLED! CANCELLED!! because someone will think im being for real ></document>
		<document> #USER# remember when he wrote a 2 page and a half about a children's orgy, then is surprised when people complain about it ></document>
		<document> #USER# Santa baby, forgot to mention one little thing
A ring, I don't mean on the phone
Santa baby, so hurry down the chimney tonight

it popped in my head i swear ></document>
		<document> #USER# checkmarks are just so we know its ok to bully you. checkmark. how's the weather up there, checkmark? ></document>
		<document> #USER# why must you ruin my week. it was an ok week, hell we finally got my mom's ashes home but then you had to post this bs ></document>
		<document> #USER# vampire. being sauve just to get blood? nooooo thanks ></document>
		<document> #USER# why was cody not medically cleared to wrestle though? ></document>
		<document> #USER# this is coming from a guy who was on so much coke he does not remember writing cujo. ></document>
		<document> #USER# gotta take you out then friend. im sorry. #URL# ></document>
		<document> #USER# #USER# line up boys so that i may give you wedgies you NEEEEEEEEEEERDS #URL# ></document>
		<document> #USER# onslaught mirrodin affinity/tooth and nail ></document>
		<document> #USER# #USER# UPDATE: watched it and liked it. was damn good ></document>
		<document> #USER# #USER# i mean, he did want the release of his sister. there has to be a network in there. sister or someone he called sister. ive been busy yesterday ></document>
		<document> #USER# im still playing ac valhalla :B ></document>
		<document> #USER# TBF elbowing something hurts for awhile. tattoos dont hurt like that, and a piercing is fast ></document>
		<document> #USER# #USER# excuse wtf. i know your a comedian but like, really? ></document>
		<document> #USER# #USER# your the guy who wears shorts in winter. damn it now that i thought of that im cold ></document>
		<document> #USER# #USER# ive seen cam shows with mom and daughter.... ></document>
		<document> #USER# rip your freezing to death twitter friend ></document>
		<document> My nephew gave me the destroy all humans remake on switch, sweet ></document>
		<document> #USER# even funnier, he barely owned his own shit. ></document>
		<document> #USER# wait, youtube started as a dating site?? ></document>
		<document> #USER# #USER# it looks like a fake. its not on the nytimes site ></document>
		<document> the acclaimed( #USER# #USER# ) def reminds me of the new aged outlaws i love it ></document>
		<document> #USER# THEQUARTERING SHOWN TO EAT THE WHITE POWER SKITTLES SHOWS HOW RACIST HE IS REE REE REE REEEEEEEE ></document>
		<document> #USER# im learning. family likes butter. a lot of it ></document>
		<document> #USER# does the jersey devil eat the witchs in nj or do they worship him? ></document>
		<document> #USER# as someone who voted trump, you posted cringe bro. ></document>
		<document> #USER# #USER# it was more playing around on her friends couch clothed and she just puts my face in her chest.
h sized breasts man. ></document>
		<document> #USER# wait, you posted nudes of yourself while underaged? ew unless you where coaxed by a greaseball pedo ></document>
	
</author><document> #USER# #USER# #USER# the important thing is that this little chiweenie is really possessive, he attacked my father's friend's dog who was sitting on my bed. I think it's more the bed than anything </document>
<document> #USER# and the other strokes his balls, because these people are sick </document>
<document> #USER# Look, I'm a nerd and I don't give a shit about sports. some people just want to control the world </document>
<document> #USER# #USER# bravo. I wish my wawa had a liquor section</document>
<document> #USER# #USER# the obvious answer is "make butt beating legal and in the spotlight" </document>
<document> #USER# brother fucked a towel doll mermaid </document>
<document> #USER# dude I like it. also somewhat amusing is a set of spell issues. yes, artifacts matter too, but like urzas block was "the enchantment block" </document>
<document> #USER# TBH I'd rather watch you brave artists actually put your lives on the line and then moan about how 'fake' wrestling is. how many people have been legitimately injured by botched moves? way too many. >></document>
<document> #USER# #USER# #HASHTAG#
even the big ones my ex had who tried to smother me with them. >></document>
<document> #USER# #USER# then I took care of her until she was able to walk, but last August she broke her arm and things went badly </document>
<document> #USER# #USER# #USER# have you lived in nj. because you must profane the sacred cake </document>
<document> #USER# #USER# did you play soul edge though? not gatekeeping, wondering if you know all that history soooo </document>
<document> #USER# Loco says no. Loco says he loves me more than my brother #URL# ></document>
<document> #USER# #USER# #USER# wait, are the x-men trying to become master races now? >></document>
<document> The #USER# shoe actually blocked me. I'm blaming his memes </document>
<document> #USER# time for pizza giving.

or burger king dare :B </document>
<document> #USER# bye bye taiwan why once russia invades ukraine china attacks taiwan</document>
<document> #USER# mickie james got Bray Wyatt fired, he got </document>
<document> #USER# may not be brother, it may be asuka as number 30 </document>
<document> #USER# their awareness. it's fucking SKYNET FUUUUUUUUCK </document>
<document> #USER# I'm still friends with a person I met in 1999. He writes romance novels </document>
<document> #USER# #USER# plus you have knives for defense and absolutely nothing sexual. >></document>
<document> #USER# CDC now says vax doesn't help :^) ></document>
<document> #USER# we live in a stupid world. these same people think that the ogres of lotr are "black coded", meaning they see black people as savages </document>
<document> #USER# Korn and ben folds five were on tour, and something happened and they started arguing. Ben rocked the suburbs because of the korn. >></document>
<document> #USER# &gt;&gt;falling asleep while the evil killed youcan do better there moooooooooooooon </document>
<document> #USER# #USER# listen, we know you have daddy issues, but I'm not your daddy </document>
<document> #USER# #USER# he is Hollywood. their deities pedos and beaters. Fucking Roman Polanski always gets applause at the Emmys</document>
<document> #USER# I'm still blocked by the shoe lol </document>
<document> I went to pick up my brother and the whole apartment complex smells like weed. Like I haven't stomped the place and I swear I have to get in touch with the top </document>
<document> #USER# this is because you continue to sit. stand up you are not chained to your computer! >></document>
<document> #USER# is Scottish. the lucky boy is Irish. do better and don't be a bigoted whistleblower! &gt;:( #HASHTAG# ></document>
<document> #USER# #USER# lol I too use the ralph troll that says no meme </document>
<document> #USER# #USER# rhianna too old for Drake, still trying to get that 11 year old girl from stranger things</document>
<document> #USER# #USER# interesting? twitter loves damn pedos so much. they needed national security to have a child's nudes removed</document>
<document> #USER# tbf you are a corporate social media account. you should be posting shit messages to promote your business and not political bullshit where companies shouldn't participate. </document>
<document> #USER# I would shit myself. this is my phobia </document>
<document> #USER# he sure is a beast. a plague beast of sex </document>
<document> #USER# #USER# He made a group of people disappear, this is a mircale!!!1 </document>
<document> #USER# looks a bit like the mother of shine </document>
<document> #USER# I hope he gets some therapy or else he may go down a dark path </document>
<document> #USER# wait, I'm kidding you about cyberbullying, I thought I was just a brother who cracks ribs D: ></document>
<document> #USER# #USER# Too much salt can screw up your body. I'm not a medical or chemical expert, but I know that too much salt causes high blood pressure, so I'm assuming it affects your body like this </document>
<document> #USER# #USER# look a bit alike. i hope no one confuses them for brother and sister like people did with me and my ex. >></document>
<document> #USER# #USER# was the hole in your lip? my ex once said she spilled a drink and said so, and that was months after she took out a lip piercing and i was like 'wait, didn't it close?' like he really meant a hole in the lip </document>
<document> #USER# Mine too. I also have my brother's dog and he is getting spoiled </document>
<document> #USER# look, I already gave it to the catfish and kept getting calls for ken, who wanted to do it, and I quote "ravage my old boyfriend" #HASHTAG# #HASHTAG# ></document>
<document> #USER# not my father!

Mom died on December 28th :( ></document>
<document> #USER# &gt;&gt;doesn't listen to j-pop metal, viking metal, mexican gangster rap or FANTASY RUINED video game music! POPS ONLY!! REEEEEEE!!!!!!!! >></document>
<document> #USER# #USER# anything about the Cubs winning the World Series? THE LIST IS JUMP!!!!!11 </document>
<document> #USER# are we dating the same white tiddy with a drink problem? >></document>
<document> #USER# imagine you have a stick up your ass, you can't see how funny these pictures are.

it can't be us though </document>
<document> #USER# YAY THE ASS GUYS WITH YOUR BEST FRIEND #USER# </document>
<document> hey, now she no longer needs to reach down her pants to play with herself #URL# </document>
<document> #USER# I've been in the emergency room with my mother since 12:00 </document>
<document> #USER# 9h man I'm glad when I open the game FAQ and look for a walkthrough and it's from "ceemoorebootytang69" because it's just like me </document>
<document> #USER# #USER# has always been a problem. all men want amazons</document>
<document> #USER# you are confusing what is real. don't worry, your wounds will heal </document>
<document> #USER# I too bit others in elementary school, then broke down in tears after the fights, which made my 4th grade teacher put me in therapy until I was like 7th grade >< /document>
<document> #USER# Write me in your will. I'm already in my parents.

And use the 400 for hookeeeeeeers </document>
<document> Has #USER# ever seen the video of the game journalist who couldn't even pass the tutorial? >></document>
<document> #USER# "if you don't like the cowboy bebop live action series you are a racist CHUD!" *this video really exists* </document>
<document> #USER# #USER# one time after midnight me and some friends went to an ihop and the bathroom was full of vomit.

wait that was from a denny </document>
<document> #USER# #USER# give us OJ names, so we can mock them! >></document>
<document> #USER# #USER# #USER# #USER# like yahoo had groups where people shared porn and 'briefcases' which was like online storage. shit was craycrayyyy </document>
<document> #USER# #USER# front mission remake, Earthbound and early Earthbound on console subscription, xenoblade 3, chrono cross remaster, LIVE A LIVE </document>
<document> #USER# #USER# child sexual abuse is no laughing matter </document>
<document> #USER# get well soon. maybe it was the #USER# nipples that stuck to your heart </document>
<document> #USER# I'm part Irish and part Indian! a 7 course dinner for me is a 6 pack and a potato! >></document>
<document> #USER# #USER# I spooned on a first date, I'm a h000000r </document>
<document> #USER# maybe if they stop defending babyfucking then they won't run out of money </document>
<document> #USER# i was forced to go to fourth grade once D: ></document>
<document> #USER# so far here in southern New Jersey at the store where I go, there is no cat food </document>
<document> #USER# #USER# So far so good. he needs cuddles at night, but my mother's dog has been sticky to me since she died and he doesn't like the cat very much, so when the poor cat jumps on the bed, the dog attacks him, chasing him </document>
<document> #USER#WWE Legend Tammy Sytch was arrested this morning for gun possession and making terrorist threats in New Jersey. >></document>
<document> #USER# I remember when I was younger my dad showed me a guy's house that made some scale Star Wars ships and it was pretty big and it took up the guys driveway. it was in a town down the street from our house. let me see if I can via google </document>
<document> #USER# so beautiful story, #USER# grew up not far from me. saw the ninja turtle movie in the same theater i saw it, the calder he talked about in the rental review videos was a real place. >></document>
<document> #USER# is a shit ton of schizo posting bullshit</document>
<document> #USER# #USER# #USER# this is just a link to something that says it is true </document>
<document> #USER# wait don't you practice makeup? ILLUSION Shattered! #URL# </document>
<document> #USER# remember when becky lynch dressed up as the mtg character chandra </document>
<document> #USER# #USER# post on Steam or Reddit crying about it. maybe even gamefaq! >></document>
<document> #USER# #USER# thor has become a girl in the land of books </document>
<document> #USER# I didn't go, and I had a gentleman 'friend' above me. like mofo, you went to community college, bought google glasses and argued that not 9 and *i'm* the dumb ass? >></document>
<document> #USER# #USER# its definition is not smtv. which was deleted after the escape :B </document>
<document> #USER# yes bro. my mother died in one yesterday, but you seem to be better off than her</document>
<document> #USER# all communist graves must be pissed. make me piss on porcelain </document>
<document> #USER# #USER# overwatch is bad i should know i have great taste #HASHTAG# hope brother gets his skin</document>
<document> #USER# wait is this why I'm tolerated? Why are my man's boobs amazing? >></document>
<document> #USER# if WoR is like KM, grease everything. >></document>
<document> #USER# #USER# you are right though, we will get fucked if russia invades ukraine because then china will attack taiwan and we will be drawn into a two front war</document>
<document> #USER# #USER# looks like Haley Joey Osment in that her body has gotten bigger but not her face, her face has been the same size since the age of 14 </document>
<document> #USER# &gt;&gt;that face in which we will never see Jimmy Pesto again because he was seen in the Capitol during the stupidity of 1/6 #URL# ></document>
<document> #USER# #USER# BUUUT THE GANG IS LOOKING FOR LOANS STUDENT DEBTS THE FRAUD IS BAD GANGSTERS GET STUDENT LOANS! >></document>
<document> #USER# what if I re-enable the dislikes counter for fans and stop the cryptoscam bullshit </document>
<document> #USER# #USER# sony is now governed by sony of america, which is REALLYYYY bear censorship, and pisses off Japanese developers</document>
<document> #USER# we'll see revolutions man. if ppl wasn't weak </document>
<document> #USER# #USER# wanted my exget married FAST. With the children. at one time I still lived at home and she lived at her friends mother's house. working at a convenience store his aunt got the job for. and I was working with my father. it was no place for a beta fish, much less a child </document>
<document> #USER# because America doesn't like the cartoony look </document>
<document> #USER# imagine caring about what consenting adults do. fuck the haters, you and john are a cute couple</document>
<document> #USER# those messages appear to have been faked by a hard attempt </document>
<document> #USER# thanks, I'm going to eat some bleach now </document>
<document> #USER# that's why im pro second amendment ><</document>
<document> #USER# &gt;&gt;tiktok as a job jesus fucking christ and i thought being a shitty dramatic youtuber was bad enough</document>
<document> #USER# but we need to normalize the goodnight kiss to friends </document>
<document> #USER# #USER# someone book it. gabby versus leon. hardcore match. winner gets money </document>
<document> #USER# #USER# #USER# #USER# Has anyone in Lenape washed their ass? i went to overbrook :B ></document>
<document> #USER# "circumcision? ARE YOU CUTTING OUT YOUR GARBAGE????"
" DID YOU CUT OUT THE CHILDREN'S GARBAGE?????"
romani amiri </document>
<document> #USER# trad tattoo :B tattoos are awesome my family has them </document>
<document> #USER# #USER# #USER# My father said you could cut into the house with a saw </document>
<document> #USER# I enjoyed Pathfinder Kingmaker. for like 4 months. >></document>
<document> #USER# so PlayStation gamers can't handle complex RPGs? :^)
btw I'm AnAngryMarine on psn </document>
<document> #USER# #USER# itself. I've had kids tease me in front of teachers and when I answered *me* I was the one in trouble. literally, the boy was teasing me as i misspelled "cactus jack" and when he asked me where was "catcus jack" i said "doing your mother" the teacher listening yelled at me 1/2 </document>
<document> #USER# #USER# good. twiiter thinks it's okay to fuck kids, but it's not. >></document>
<document> #USER# #USER# old Viking execution method. cut off the back and pull the lungs out of the holes, so they look like wings. The "blood eagle" was supposed to be for more serious offenses such as breaking oaths or friendships. >></document>
<document> #USER# I was called a big teddy bear </document>
<document> #USER# how i put this dog in his bed and he got out and ran to my room. >></document>
<document> #USER# #USER# HI IM SHAWN FROM RGT85 AND THIS IS JACKASS! *posts a Jadakiss album cover*

you how long I thought about Jadakiss because I never got into rap, hip hop and r&amp;b </document>
<document> #USER# a whore is someone who doesn't want to sleep with me. hashtags for the stupid. >></document>
<document> #USER# SAYS ***NEW TITLE ANNOUNCEMENT*** Coming to Blu-ray 4/26 from Scream Factory! Wes Craven's "Cursed" (2005) 2-Disc Collector's Edition Bluray></document>
<document> #USER# Remember when cactus jack and chainsaw charlie started a fight and were using chairs?
draw needs to use sword </document>
<document> #USER# #USER# #USER# in the thread I linked there are two photos and they look alike my eyes burn when I see them </document>
<document> i got up and made a sandwhich i don't care edge vs miz </document>
<document> #USER# hey those are tarot cards. I learned them from #USER# and isaac binding! >></document>
<document> #USER# #USER# #USER# #USER# #USER# on TV is still injured, but is a great addition to AEW </document>
<document> #USER# i have a clip of me blowing up a kkk rally in rdr 2 and the mc says 'pack of rats' </document>
<document> #USER# that part where you get sabin has always confused me </document>
<document> #USER# This is the game store I go to on Saturdays. the owner gets his meds with marywannas. the week before was kinda funny because we were playing spells and he hit hard from his office ></document>
<document> #USER# #USER# I can hardly speak now as a 38 year old man. one of my brother friends was like 'he doesn't talk much does he?'
"noop" ></document>
<document> #USER# mental health &gt; Twitter.
are you seeing a therapist? or a doctor? >></document>
<document> #USER# #USER# I asked a goth girl to burn my soundtrack in high school. #URL# </document>
<document> #USER# Well, have fun Justin Castro just trying to help out </document>
<document> #URL#
Is there something wrong with my mount in AC Vahalla? >></document>
<document> #USER# in my life we ​​have had a mix of beagles, a dobbie, a chiahuahua, a yorkie, a husky, a rotty, a chiweenie (still with us) an american bulldog, a mutt which we think is mixed with jack russel, and now my long haired chiahuahua brothers who love to sleep in my bed. >></document>
<document> #USER# uh uh. REVOKE LESBIAN CARD! you can only identify as bisexual or experiment with men, no in between. I don't make the rules </document>
<document> #USER# is the coof The raging contagion has taken you #URL# </document>
<document> #USER# Yes because porcelain is not white so stop criticizing them, BIGOT </document>
<document> #USER# #USER# memes are to be shared freely. unlike wealth. >></document>
<document> #USER# mom is at home, she saw her friend (my aunt), my other half cooking with aunt's help didn't kill anyone, today was a nice day </document>
<document> #USER# I mean, if they were real, people who completely bone pokemon </document>
<document> #USER# cannot offend Xinnie the pooh with variant Xi >< </document>
<document> &gt;&gt;bump ref
here comes that wcw </document> bullshit
<document> #USER# #USER# snorted it. He could have waited and got a free Joe Biden crack pipe</document>
<document> #USER# is doing the same thing to my cat when I pick him up near the ceiling fan cords, twisting them to play </document>
<document> #USER# good! I can't watch right away because it's the second night </document>
<document> #USER#they would give him -100,000 social credit for his degeneration</document>
<document> #USER# "Man, IT WAS THE 80'S! TECHNOLOGY MAKES IT TOTALLY IMPOSSIBLE TO BE CORRUPTED! PHOTOSHOP ISN'T REAL, TECHNOLOGY CAN'T FAKE THINGS!" >></document>
<document> #USER# and here I am with a gamecube that doesn't read discs :/ ><</document>
<document> you cannot report deaths to Social Security online </document>
<document> #USER# Hispanics are like up there with Asians with racism. >></document>
<document> #USER# IS LIKE MARIO 3D ALLSTARS, NOT REALLY! for those dumb enough to think I really am </document>
<document> #USER# #USER# I heard they took a look at it but where like 'nah fuck it, it's not worth it' </document>
<document> #USER# WILL HUNT TOYS WITH #USER# ! >></document>
<document> #USER# #USER# is about to find out that truckers aren't like the kids he taught, and that fucking and finding out is not a threat but a commitment </document>
<document> #USER# #USER# my parents were hit in the back of the driver in 2010, and my mother fought back and broke both knees. shit it wasn't funny. she never fully recovered </document>
<document> #USER# I'm tired, thought it was for AEW and Chris Jericho from last nights </document>
<document> #USER# I was not potty trained until I was 3 years old. you do well in my book dude the child is not starving or beaten or worse. some children bloom late. >></document>
<document> #USER# #USER# you should be the distraction we need because life sucks </document>
<document> #USER# I'm here for the Abadon photos and not in a perverted way. get fit, live the dream! >></document>
<document> #USER# #USER# their expectation for superinflation. it happened in Germany before the Nazis got on board. >></document>
<document> #USER# Time to Donate Washer and Dryer Combos to Third World Scandinavian Nation </document>
<document> #USER# I crashed a go-kart into my father's car trailer in my backyard in sixth grade, breaking my ribs, puncturing my lung and nearly killing me. so I know that feeling, little sister </document>
<document> #USER# megan fox looks like the girl who goes from toxic relationship to toxic relationship due to horrible family life</document>
<document> #USER# I should check out that it's approaching midnight </document>
<document> #USER# Forget Dev, it's New Capenna. *film ends* </document>
<document> #USER# nyla, for a while I thought you were a really good geeky person, but now I realize dammit you really are a heel because you have to bang that old man so hard BAW GAWD THAT MAN HAD A FAMILY! #HASHTAG# </document>
<document> #USER# #USER# just a normal one from a guy who gets mad about memes like this #URL# </document>
<document> #USER# It's 21 degrees in here, I have 2 dogs in my bed and I'm posting shit on Twitter while watching wrestling</document>
<document> #USER# I am single. I'm choosing pets over kids right now because I'm not ready </document>
<document> #USER# gethim some magic spoon! they can't be bad if they sponsor youtubers! >></document>
<document> #USER# you mean you don't sit around in little clothes doing obscene things? CANCELED! CANCELED! CANCELED!! because someone will think I'm real </document>
<document> #USER# remembers writing 2 1/2 pages about a children's orgy, then surprised when people complain about it </document>
<document> #USER# Santa, I forgot to mention one little thing
One ring, I don't mean on the phone
Santa, so hurry down the chimney tonight

it occurred to me I swear </document>
<document> The #USER# check marks are just to let us know that it's okay to mistreat you. check. what's the weather like up there, tick? >></document>
<document> #USER# because you have to ruin my week. it's been a week ok hell we finally brought home my mother's ashes but then you had to post this bullshit</document>
<document> #USER# vampire. be saved just to get blood? nooooo thank you </document>
<document> #USER# Why wasn't Cody medically cleared to wrestle? >></document>
<document> #USER# this is from a guy who had so much cocaine he didn't remember writing cujo. >></document>
<document> #USER# gotta take you out then mate. I am sorry. #URL# </document>
<document> #USER# #USER# line up guys so I can give you wedges NEEEEEEEEEEEERDS #URL# </document>
<document> #USER# attacks mirrodin/tooth and nail affinities></document>
<document> #USER# #USER# UPDATE: Watched and liked. it was damn good </document>
<document> #USER# #USER# I mean, he wanted his sister's release. there must be a network in there. sister or someone he called sister. I was busy yesterday </document>
<document> #USER# still playing ac valhalla :B </document>
<document> #USER# TBF elbowing something hurts for a while. tattoos don't hurt so much and a piercing is fast </document>
<document> #USER# #USER# sorry wtf. I know you're a comedian but like, really? >></document>
<document> #USER# #USER# you're the guy who wears shorts in the winter. damn now that i thought about it i'm cold </document>
<document> #USER# #USER# I watched cam shows with mom and daughter.... ></document>
<document> #USER# rips your Twitter friend frozen to death </document>
<document> My nephew gave me the remake of Destroy All Humans on Switch, sweet </document>
Even funnier <document> #USER# barely owned his shit. >></document>
<document> #USER# wait, did youtube start as a dating site?? >></document>
<document> #USER# #USER# looks fake. it's not on the nytimes </document> site
<document> the acclaimed ( #USER# #USER# ) def reminds me of the new elder outlaws love it </document>
<document> #USER# THEQUARTERING SHOWN TO EAT THE WHITE POWER SKITTLE SHOWS HOW RACIST REE REE REE REEEEEEEE </document>
<document> #USER# I'm learning. the family likes butter. much </document>
<document> #USER# the shirt devil eats witches in nj or fa thDo they love it? >></document>
<document> #USER# as someone who voted for Trump you posted cringe bro. >></document>
<document> #USER# #USER# was more like playing on her friend's couch in a dress and she just put my face on her chest.
h breasts man. >></document>
<document> #USER# wait, did you post any nudes of your own while you were a minor? unless you were coaxed by a paedophile </document>

</author><document> #USER# #USER# #USER# the big thing is this little chiweenie is really possessive, he snapped at my dad's friend who was sitting on my bed. I think it's more the bed than anything ></document>
<document> #USER# and the other is stroking his balls because these people are sick ></document>
<document> #USER# I'm a nerd and I don't give a shit about sports. Some people just want to control the world ></document>
<document> #USER# #USER# nice. I wish my Wawa had a liquor department ></document>
<document> #USER# #USER# the obvious answer is "make ass spanking legal and get the spotlight" ></document>
<Document> #USER# Brother fucked a towel puppet mermaid ></Document>
<Document> #USER# Dude, I love it. kind of funny too, it's an enchantment matters set. Yes, artifacts are important too, but like the Urzas block, "the enchantment block" was ></document>
<document> #USER# TBH, I'd rather watch you brave performers actually risk your lives than bitch about how "wrong" wrestling is. How many people have been injured by botched moves? way too many. ></document>
<Document> #USER# #USER# #HASHTAG#
even the big ones my ex had that tried to choke me with them. ></document>
<document> #USER# #USER# at the time i took care of her until she could walk, but last august she broke her arm and things went downhill ></document>
<Document> #USER# #USER# #USER# You lived in nj. Why do you have to desecrate the sacred cake ></document>
<document> #USER# #USER# did you play Soul Edge anyway? not gatekeeping, wonder if you know this whole loooong story ></document>
<Document> #USER# Loco says no. Loco says he loves me more than my brother #URL# ></document>
<document> #USER# #USER# #USER# wait, are the X-Men trying to be master races now? ></document>
<document> #USER# Shoe actually blocked me. I blame her on ></document>
<document> #USER# Time for the pizzeria.

or dare Burger King :B ></document>
<document> #USER# bye bye taiwan, because as soon as russia invades ukraine, china will attack taiwan ></document>
<document> #USER# mickie james got fired bray wyatt, got ></document>
<document> #USER# could not be bro, could be asuka as number 30 ></document>
<document> #USER# you become self-aware. his damn SKYNET FUUUUUUUUCK ></document>
<Document> #USER# I'm still friends with one I met in 1999. She writes romance novels ></document>
<document> #USER# #USER# and you have knives for defense and nothing sexual at all. ></document>
<document> #USER# CDC now says vax will not help :^) ></document>
<Document> #USER# we live in a stupid world. The same people think that the orcs of Lotr are "black coded", meaning they see black people as savages ></document>
<document> #USER# Korn and Ben Fold's Five were on tour and something happened and they started getting upset. Ben "rocked the suburbs" because of Korn. ></document>
<document> #USER# &gt;&gt;During the evil death you fell asleepcan do better c'mooooooooooon ></document>
<document> #USER# #USER# Look, we know you have daddy issues, but I'm not your daddy ></document>
<Document> #USER# #USER# he is Hollywood. they adore pedos and clubs. Damn Roman Polanski gets applause at the Emmys all the time ></document>
<document> #USER# I'm still blocked by shoe lol ></document>
<Document> Went to get my brother and the whole apartment complex smells like weed. Like I didn't step into the place and I swear I need to contact High ></document>
<document> #USER# this is because you remain seated. Get up, you are not chained to your computer! ></document>
<document> #USER# he is Scottish. The lucky charm is Irish. Do better and don't be a bigoted tipster! &gt;:( #HASHTAG# ></document>
<document> #USER# #USER# lol i also use the ralph troll that says no meme ></document>
<document> #USER# #USER# rhianna too old for drake, he's still trying to get that eleven girl from stranger things ></document>
<Document> #USER# #USER# interesting? Twitter loves the damn pedos so much. They needed Homeland Security to remove nudes of children ></document>
<document> #USER# tbf You are a business social media account. You should be shitting to promote your business, not political issues where business shouldn't be represented. ></document>
<document> #USER# I would have screwed myself. this is my phobia ></document>
<document> #USER# he's definitely a beast. a sex situation ></document>
<document> #USER# #USER# He makes a bunch of people disappear, it's a miracle!!!1 ></document>
<document> #USER# kind of looks like the mother from the shiny ></document>
<document> #USER# I hope he gets therapy, otherwise he might go down a dark path ></document>
<document> #USER# wait I'm bullying you on the internet, I thought I was just a bro doing slaps D: ></document>
<document> #USER# #USER# Too much salt can ruin your body. I'm not a medical expert or chemist, but I do know that too much salt causes high blood pressure, so I'm assuming it's affecting your body in that way ></document>
<document> #USER# #USER# they kind of look the same. I hope no one confuses them with brother and sister like people did with me and my ex. ></document>
<document> #USER# #USER# was it the hole in your lip? Once my ex said she spilled a drink and said that and that was months after she had a lip piercing removed and I was like, 'Wait, hasn't that closed?' as if she really meant a hole in her lip ></document>
<Document> #USER# Mine too. I also have my brother's dog and he gets spoiled ></document>
<document> #USER# look I already gave that to the catfish and kept getting calls for Ken who wanted and I quote 'wreck my old boy hole' #HASHTAG# #HASHTAG# ></document>
<document> #USER# not my father!

Mom died on December 28th :( ></document>
<Document> #USER# >&gt;She doesn't listen to J-Pop Metal, Viking Metal, Mexican Gangster Rap or Video Game Music FANTASY RUINED! POP ONLY!! REEEEEEE!!!!!!! ></document>
<Document> #USER# #USER# nothing about the boys who win the world series? THE LIST IS TRASH!!!!!11 ></document>
<document> #USER# did we date the same tall cute white girl with a drinking problem? ></document>
<Document> #USER# Imagine having a stick up your ass, you can't see how funny these pics are.

can't be us ></document>
<document> #USER# YAY THE ASS BOYS WITH THEIR BEST FRIEND #USER# ></document>
<document> hey, now she doesn't have to reach into her pants to play with herself #URL# ></document>
<document> #USER# I've been in my mother's emergency room since 12:00 ></document>
<document> #USER# 9h Man I'm glad when I open gamefaqs and look up a walkthrough and it's from "ceemoorebootytang69" because he's just like me ></document>
<document> #USER# #USER# it was always a kink. All men want Amazons ></document>
<Document> #USER# You are confusing what is real. Don't worry, your wounds will heal ></document>
<document> #USER# I also bit others in elementary school then I started crying after fights which made the 4th grade teacher put me in therapy until I was like 7th grade > </document>
<Document> #USER# Write me in my will. I am already in my parents.

And use the 400 for Hookeeeeeeers ></document>
<document> #USER# ever seen the video of the gaming journalist who didn't even get past the tutorial? ></document>
<document> #USER# "if you don't like the cowboy bebop live action series, you are a racist CHUD!" *this video actually exists* ></document>
<document> #USER# #USER# one time after midnight me and some friends went to an ihop and the bathroom was full of vomit.

wait, that was a Denny's ></document>
<document> #USER# #USER# give us names OJ so we can mock them! ></document>
<document> #USER# #USER# #USER# #USER# like Yahoo had groups where people shared porn and “briefcases” which were like online storage. Shit was craycrayyyy ></document>
<document> #USER# #USER# Front Mission Remake, Earthbound and Earthbound Beginnings on Console Subscription, Xenoblade 3, Chrono Cross Remaster, LIVE A LIVE ></document>
<document> #USER# #USER# Child sexual abuse is no laughing matter ></document>
<Document> #USER# will be better soon. maybe it was #USER#'s nipples that attacked your heart ></document>
<Document> #USER# partly Irish and injun! For me, a 7-course meal is a 6-pack and a potato! ></document>
<document> #USER# #USER# I spooned on the first date, I'm a h000000r ></document>
<document> #USER# maybe they'll run out of money if they stop defending baby fucking ></document>
<document> #USER# I was once forced into the 4th class D: ></document>
<document> #USER# so far here in southern NJ the store I go to has been missing cat food ></document>
<document> #USER# #USER# so far so good. He needs stroking at night, but my mother's dog has been clinging to me since she died and doesn't particularly like the cat. So when the poor cat jumps onto the bed, the dog snaps at it and chases it ></document>
<Document> #USER#WWE Legend Tammy Sytch was arrested this morning on gun charges and terror threats in New Jersey. ></document>
<Document> #USER# I remember when I was younger my dad showed me the house of a guy who was building a scale Star Wars ship and it was quite big and took up the guys' driveway. it was in a town down the street from our house. Let me see if I can google ></document>
<document> #USER# such a beautiful story, #USER# grew up not far from me. He saw the Ninja Turtles movie at the same theater as me. The Caldor he talked about in the rental review videos was a real place. ></document>
<document> #USER# this is a shitton schizo posting Holy Fuck ></document>
<document> #USER# #USER# #USER# this is just a link to something that says it's true ></document>
<Document> #USER# Wait, don't you train in makeup? ILLUSION DESTROYED! #URL# ></document>
<document> #USER# remember when Becky Lynch dressed up as Mtg character Chandra ></document>
<Document> #USER# #USER# Post on Steam or Reddit is crying about it. maybe even gamefaqs! ></document>
<document> #USER# #USER# thor became a girl in the earth x books ></document>
<Document> #USER# I didn't go, and I had a 'friend', Lord, who was above me. like mofo, you went to community college, bought google glasses and bet on maybe nr 9 and *im* the dumb ass? ></document>
<Document> #USER# #USER# is definitely not smtv. that was canceled after the leak :B ></document>
<document> #USER# yes brother. My mom died in one yesterday but you seem better than her ></document>
<document> #USER# all commie graves need to be pissed off. let me piss over china ></document>
<document> #USER# #USER# Overwatch is bad, I should know I have great taste #HASHTAG# I hope brother gets his skin ></document>
<document> #USER# wait, why am I tolerated? Because my man tits are great? ></document>
<document> #USER# if WoR is like KM, smear everything. ></document>
<document> #USER# #USER# You are right, we will be screwed if Russia invades Ukraine because then China will attack Taiwan and we will be drawn into a two-front war ></document>
<document> #USER# #USER# He looks like Haley Joey Osment as his body got bigger but not his face, his face is the same size since he was 14 ></document>
<document> #USER# &gt;&gt;that face if we will never see Jimmy Pesto again because he was spotted in the capital during the 1/6 Dumbshit #URL# ></document>
<document> #USER# #USER# BUT THE GANG GOES STUUUDENT DEBT LOANS CRAZY IS BAD GANGSTERS COPYING STUUDENT LOANS! ></document>
<document> #USER# What if you re-enable the dislike count for fans and stop the cryptoscam bullshit ></document>
<document> #USER# #USER# sony is now ruled by sony of america REALLY censoring tiddies and pissing off the Japanese developers ></document>
<Document> #USER# we're gonna see revolutions, man. if people weren't weak ></document>
<document> #USER# #USER# my ex wantedbe married quickly. with children. at one time i lived at home and she lived with her friend's mother. She worked in a supermarket for which her aunt got the job. and I worked with my father. there was no place for a beta fish, let alone a child ></document>
<document> #USER# because America doesn't like the comic look ></document>
<Document> #USER# Imagine you are interested in what consenting adults do. Screw the haters, you and John make a cute couple ></document>
<document> #USER# these messages look like they were spoofed by an attempt ></document>
<document> #USER# thanks, I'll just swallow some bleach ></document>
<document> #USER# therefore in the second change ></document>
<document> #USER# &gt;&gt;tiktok as job jesus damn christ and i thought being a crappy drama youtuber was bad enough ></document>
<document> #USER#, but we need to normalize kisses goodnight to the homies ></document>
<document> #USER# #USER# someone books this. gabby vs leon. hardcore match. Winner gets the money ></document>
<Document> #USER# #USER# #USER# #USER# did anyone wash their ass in Lenape? I went to Overbrook :B ></document>
<Document> #USER# "Circumcision?
"YOU CUT THE BABY DIRT????"
Romans Amirite ></document>
<document> #USER# Trad Tattoo: B tattoos are awesome, my family has them ></document>
<document> #USER# #USER# #USER# My dad said you could get into the house by cutting through with a sawzall ></document>
<document> #USER# I had fun with Pathfinder Kingmaker. for like 4 months. ></document>
<document> #USER# so Playstation players can't handle complex RPGs? :^)
By the way, I'm AnAngryMarine on PSN ></document>
<Document> #USER# #USER# same. I've had kids making fun of me in front of teachers, and when I hit back, *I* was the one in trouble. How literally the boy made fun of me misspelling "Cactus Jack" and when he asked where "Catcus Jack" was I said "Doing Your Mom" ​​the teacher listening yelled at me 1/ 2 ></document>
<document> #USER# #USER# good. Twiiters think it's okay to fuck kids, but it's not. ></document>
<Document> #USER# #USER# ancient Viking execution method. Cut off the back and pull the lungs out of the holes to make it look like wings. "Blood Eagle" should be for the heaviest offensives like breaking oath or friendship. ></document>
<document> #USER# I was called a big teddy bear ></document>
<document> #USER# how I put this dog in his bed and he got out and ran to my room. ></document>
<Document> #USER# #USER# HELLO IN THE SHAWN OF RGT85 AND THIS IS JACKASS! *posts a Jadakiss album cover*

I thought about you the longest, Jadakiss, because I was never involved in rap, hip hop, and R&amp;B ></document>
<document> #USER# a bitch is someone who won't sleep with me. Hashtag for the stupid. ></document>
<document> #USER# MEANS ***NEW TITLE ANNOUNCEMENT*** Coming to Blu-ray 4/26 from Scream Factory! Wes Craven's "Cursed" (2005) 2-Disc Collector's Edition Blu-ray ></document>
<document> #USER# remember when Cactus Jack and Chainsaw Charlie started rumbling and using chairs?
Drawn must use the ></document> sword
<document> #USER# #USER# #USER# I linked two pictures in the thread and they look the same, my eyes are burning from them ></document>
<document> I got up and made a sandwich, I don't care about Edge vs Miz ></document>
<Document> #USER# Hey, these are tarot cards. I learned that from #USER# and the binding from isaac! ></document>
<document> #USER# #USER# #USER# #USER# #USER#onTV He's still injured, but a great addition to AEW ></document>
<document> #USER# I have a clip of me blowing up a kkk gathering in RDR 2 and the MC says "rat pile" ></document>
<document> #USER# this part where you get Sabin was always confusing for me ></document>
<document> #USER# this is the game store I go to on Saturdays. Owner himself meditates with the Marywannas. Week before it was kind of funny because we were playing magic and it just hit hard from his office ></document>
<document> #USER# #USER# at the age of 38 I hardly speak anymore. A friend of my brother said, "He doesn't talk much, does he?"
"noope"></document>
<document> #USER# mental health &gt; chirp.
do you go to a therapist or a dr? ></document>
<document> #USER# #USER# In high school, a goth woman burned the soundtrack for me. #URL# ></document>
<document> #USER# Enjoy, Justin Castro is just trying to help ></document>
<Document> #URL#
Is there something wrong with my mount in AC Vahalla? ></document>
<document> #USER# in my life we ​​have had a beagle mix, a dobbie, a chiahuahua, a yorkie, a husky, a rotty, a chiweenie (still with us), an american bulldog, a mutt that we believe he is mixed with jack russel, and now my brother's long haired chiahuahua who loves to sleep in my bed. ></document>
<document> #USER# uh huh. REVOKE LESBIAN CARD! you can only identify as bi or experiment with men, no in between. I don't make the rules ></document>
<document> #USER# it's the Coof Ragin' contagion got you #URL# ></document>
<document> #USER# Yes, because China is not white, so stop criticizing them, BIGOT ></document>
<Document> #USER# #USER# memes are free to share. as opposed to wealth. ></document>
<document> #USER# Mom is at home, she saw her friend (my aunt), my half kitchen with the help of aunts did not kill anyone, today was a good day ></document>
<document> #USER# I mean if they were real, people who pokemon totally boned ></document>
<document> #USER# cannot insult Xinnie the Pooh with the Xi variant ></document>
<Document> >>Ref Bump
here comes this wcw bullshit ></document>
<Document> #USER# #USER# snorted it. He could have waited and gotten a free Joe Biden crack pipe ></document>
<document> #USER# she does the same thing my cat does when I lift her near the ceiling fan strings and bang them to play ></document>
<document> #USER# nice! I can't watch right away because it's dnd night ></document>
<Document> #USER#They would give him -100k social credit for his degeneracy ></document>
<document> #USER# "BRO IT WAS THE 80'S! TECHNOLOGY MAKES IT COMPLETELY UNABLE TO BE CORRUPTED! ></document>
<document> #USER# and here I am with a gamecube that doesn't read discs :/ ></document>
<Document> You cannot report deaths to Social Security online ></Document>
<document> #USER# Hispanics are like up there with Asians with racism. ></document>
<Document> #USER# IT'S LIKE MARIO 3D ALLSTARS, NOT REEEEEEEEEEEEEAL! for those stupid enough to think i'm real ></document>
<document> #USER# #USER# I heard they looked at it, but there was something like 'no shit, that's not worth it' ></document>
<Document> #USER# HE WILL GO TOY HUNT WITH #USER#! ></document>
<document> #USER# #USER# he's about to find out that truckers aren't like the kids he's taught and that fooling around and finding out isn't a threat, it's a promise ></document>
<Document> #USER# #USER# My parents were hit on the rear driver's side in 2010 and my mother became stiff and broke both her knees. Shit wasn't fun. she never really fully recovered ></document>
<document> #USER# I'm tired, I thought this was about last night's AEW and Chris Jericho ></document>
<document> #USER# I wasn't on the potty until I was 3. In my book you're fine dude, kid isn't starving, beaten or worse. Some children bloom late. ></document>
<document> #USER# #USER# you should be the distraction we need because life sucks ></document>
<Document> #USER# I'm here for the Abadon images and not in a perverse way. Yes, get in shape, live the dream! ></document>
<document> #USER# #USER# waiting for superinflation. happened to germany before the nazis came on board. ></document>
<document> #USER# Time to donate washer and dryer combos to Scandinavia ></document>
<Document> #USER# I drove a go-kart into my dad's trailer in my backyard in 6th grade, cracked my ribs, punctured my lung, and almost killed myself. Well, I know that feeling, little sister ></document>
<Document> #USER# Megan Fox looks like the girl who jumps from one toxic relationship to another because of a terrible family life ></document>
<document> #USER# I should check outside it's almost midnight ></document>
<document> #USER# Forget it Dev, it's New Capenna. *Movie ends* ></document>
<Document> #USER# Nyla for a while I thought you were actually a nice person who is geeky but now I see damn you really are a hoe why you gotta hit that old guy so hard BAW GAWD, THE MAN HAS A FAMILY! #HASHTAG# ></document>
<document> #USER# #USER# just a regular one from a guy who gets upset about memes like this #URL# ></document>
<document> #USER# it's 21 degrees here, i have 2 dogs in my bed and i post shit on twitter while watching wrestling ></document>
<document> #USER# am single. I prefer pets to kids right now because I'm not ready ></document>
Get <document> #USER#him a magic spoon! They can't be bad at sponsoring YouTubers! ></document>
<document> #USER# you mean you don't sit around in small clothes and do naughty things? CANCELLED! CANCELLED! CANCELLED!! because someone will think I'm real ></document>
<document> #USER# remembers writing two and a half pages about a children's orgy, then is surprised when people complain about it ></document>
<document> #USER# Santa baby, I forgot to mention one little thing
A ring, I don't mean on the phone
Santa baby, so hurry down the chimney tonight

it popped into my head, I swear, ></document>
<Document> #USER# ticks are just so we know it's okay to bully you. Checkmark. How's the weather up there, tick? ></document>
<document> #USER# why do you have to ruin my week. It's been a good week heck we finally got my mom's ashes home but then you had to post this bs ></document>
<Document> #USER# Vampire. Be sauve just to get blood? no thanks ></document>
<document> #USER# why wasn't Cody medically cleared to wrestle? ></document>
<document> #USER# this is from a guy who drank so much coke he doesn't remember writing cujo. ></document>
<Document> #USER# must then execute you, friend. I'm sorry. #URL# ></document>
<document> #USER# #USER# line up guys so I can give you wedgies you NEEEEEEEEEEERDS #URL# ></document>
<Document> #USER# Onslaught on Mirrodin Affinity/Tooth and Nail ></Document>
<document> #USER# #USER# UPDATE: watched and liked it. was damn good ></document>
<Document> #USER# #USER# I mean, he wanted his sister released. There has to be a network in there. sister or someone he called sister. I was busy yesterday ></document>
<document> #USER# I still play ac valhalla :B ></document>
<document> #USER# TBF hitting something with your elbow hurts for a while. Tattoos don't hurt that much and a piercing is quick ></document>
<document> #USER# #USER# sorry wtf. I know you're a comedian, but really? ></document>
<document> #USER# #USER# you're the guy who wears shorts in winter. Damn it now that I thought of the fact that I'm cold ></document>
<document> #USER# #USER# I've seen cam shows with mom and daughter.... ></document>
<document> #USER# tears up your freezing Twitter friend ></document>
<Document> My nephew gave me the Destroy All Humans remake for the Switch, sweet ></Document>
<document> #USER# even funnier, he barely owned his own shit. ></document>
<document> #USER# Wait, YouTube started out as a dating site?? ></document>
<Document> #USER# #USER# looks like a fake. it is not on the nytimes website ></document>
<document> the acclaimed ( #USER# #USER# ) definitely reminds me of the new aged outlaws, love it ></document>
<document> #USER# THEQUARTERING SHOWN TO EAT THE WHITE POWER SKITTLES SHOWS HOW RACIAL HE IS REE REE REE REEEEEEEEE ></document>
<Document> #USER# I'm studying. Family likes butter. much of it ></document>
<document> #USER# is the jersey devil eating the witches in New Jersey or is ityou worship him? ></document>
<document> #USER# as someone who voted for Trump you posted cringe bro. ></document>
<document> #USER# #USER# it was more of a messing around on her friend's clothed couch and she just presses my face to her chest.
h big breasts man. ></document>
<document> #USER# wait, you posted nude photos of yourself when you were a minor? ew, unless you were talked into a greaseball pedo ></document>

</author>