
	
		<document> Dems: “What if instead of delivering on our 2020 campaign promise, we delivered them in 2022? Would you like that?” #URL# #URL# ></document>
		<document> #HASHTAG# Major #HASHTAG# media bookers are competing fiercely to get conservatives on air to whine they have been silenced. #HASHTAG# #HASHTAG# ></document>
		<document> #USER# #USER# #USER# Kamala Harris is popular enough in CA to be California Democrats FOURTH choice for president, behind Andrew Yang, according to primary polling. ></document>
		<document> #USER# It is funny how many stans are insisting Harris came out of that exchange looking good. KHive are a trip. ></document>
		<document> #USER# #USER# I would have definitely hit the door close button. ></document>
		<document> #USER# Bad reception paired with failing hearing. ></document>
		<document> #USER# Senior citizens are exempt so at least we have that relief to look forward to. ></document>
		<document> #HASHTAG# #HASHTAG# had/has no problem with "rapists, KKK and Nazis" serving—but said absolutely no gays in 1992. #HASHTAG# #URL# ></document>
		<document> #HASHTAG# complain their activism to silence and erase gay people is being silenced. #HASHTAG# #HASHTAG# #URL# ></document>
		<document> #USER# #USER# #USER# Plain to see you don’t recognize obvious sarcasm. ></document>
		<document> #USER# #USER# The only problem with this theory is the plan was carried out so competently. ></document>
		<document> #USER# #USER# Galaxina received a publicity bump after the movie’s star, Dorothy Stratton, was murdered by her jealous husband shortly after release. ></document>
		<document> #USER# I don’t even know if Biden has an ideology. He seems to be a path of least resistance guy ></document>
		<document> #USER# #USER# #USER# Lol I didn’t know Adele deleted it. Oy. ></document>
		<document> #USER# #USER# Really popped out for me too. “Stay home! (Except when teaching.)” ></document>
		<document> Season 3 was terrible. No one to cheer for, no one to hate. Season 4 was better, mostly because I liked watching Sharon Needles beating all the queens who were trashing her. Season 5 is off the hook. ></document>
		<document> #USER# Filmed at Mackinaw Island’s Grand Hotel. Amazing. ></document>
		<document> Cracks me up when Max decides he wants to sit in this chair. #URL# ></document>
		<document> I doubt the Catholic Church recognizes Maggie Gallagher's marriage to a Hindu. #HASHTAG# #USER# #USER# #USER# #USER# ></document>
		<document> Mom taking stock of my groceries during a visit… #URL# ></document>
		<document> #USER# I respect her so much. #URL# ></document>
		<document> Facing Mecca. His assistant forgot to block out dusk on his calendar again. #URL# ></document>
		<document> HA! Gay couples in 3 States to get a break on Federal taxes--thanks to #HASHTAG#! #HASHTAG# #HASHTAG# #HASHTAG# #HASHTAG# #HASHTAG# #URL# ></document>
		<document> #USER# #USER# Oh. She just had surgery? Very normal. She is freaked out. Max gets skittish after I give him a bath. LOL He’s afraid he is gonna get another. ></document>
		<document> #USER# #USER# Bet he’s not such a arrogant jackass in 366 days, after midterm returns come in. ></document>
		<document> #USER# #USER# #USER# Because it is fascinating to see how in the process of lying to everyone else he lies to himself as well. It is a portrait of the human condition. It’s about karma and a reminder that what you put out into the world eventually comes back to you. ></document>
		<document> Flaunting their sexuality! No one cares! Keep it to yourself! #HASHTAG# #HASHTAG# #USER# #USER# #USER# #URL# ></document>
		<document> That's real courage of #HASHTAG# convictions. #HASHTAG# #HASHTAG# MT #USER# church thanked me for not releasing their name ></document>
		<document> #USER# Sorry. How did you notice. Are you running the heat already? Do you need/want a donation? ></document>
		<document> #USER# Some very happy memories of my club hopping youth attached to that tune. ></document>
		<document> #USER# Wow. Thanks for that amazing insight. I learn most fascinating things on the bird app! 😂 ></document>
		<document> #USER# I went to get some melatonin and not only were they out (they usually have at least three brands) but the entire vitamin section was pretty wiped out. Weird. ></document>
		<document> I suspect you are wrong. RT #USER#:  I suspect you have no idea how ironic your tweet was. Activist judges, indeed. #HASHTAG# ></document>
		<document> #USER# #USER# It isn’t about four months. They campaigned on debt forgiveness and have done a full 180 and ruled it out. It is a betrayal, not a delay. ></document>
		<document> #HASHTAG# You use YOUR words to foment #HASHTAG# hate, hypocrite. RT #USER#: #HASHTAG# #HASHTAG# #HASHTAG# #URL# ></document>
		<document> #USER# #USER# Look, if Gov Andrew Cuomo harassing women was newsworthy #USER# would have covered it. #URL# ></document>
		<document> #USER# Yeah. I am in BK. In MH subway is best option 90% of the time, second only to biking 🚴‍♀️. ></document>
		<document> Don't talk to black women like a monolith. #HASHTAG# RT #USER#: Dear black women: White gays are your allies. #URL# ></document>
		<document> All the Democrats saying Gitmo has historically been used to warehouse refugees must not know the history. Spoiler: It is NOT a proud chapter Biden and USA should be looking to repeat. Thread: #URL# ></document>
		<document> #USER# #USER# Sheep in wolf’s clothes or wolf in wolf’s clothes are the choices. ></document>
		<document> #USER# #USER# Body shaving is normal for competitive swimmers. ></document>
		<document> #USER# #USER# #USER# I don’t agree that two people doing the same job should be paid different wages. That isn’t equity. ></document>
		<document> #USER# It was pretty early Warren staffed up with the same cabal of losers who couldn’t get America to pick Hillary over Trump.  I saw the train coming into the tunnel then. ></document>
		<document> #HASHTAG# And #HASHTAG# appear on yet another nat'l media outlet to whine they have been silenced by #HASHTAG# folk. #URL# ></document>
		<document> Delicious #HASHTAG#! Lectured about "narcissism" from.... RT #USER#  The narcissism of gays is out of fucking control... #HASHTAG# ></document>
		<document> #USER# #USER# #USER# Still he wouldn’t be entitled to arrange Harry and Meghan’s reception. Actions have consequences. There are a million wedding planners out there without that racist baggage in their past and they would be thrilled to do that job. Many of them people of color. ></document>
		<document> #USER# #USER# #USER# Psaki has repeatedly said that the US doesn’t interfere in the governments of other countries. That is a clown show lie. ></document>
		<document> What is up with all these ten minute rain storms NYC is having? We never used to have this Florida weather. ></document>
		<document> This "morally decaying society" has given rise to the best-behaved teenagers on record. #HASHTAG# #HASHTAG# #HASHTAG# #URL# ></document>
		<document> #USER# I have to choose? I guess Bird of paradise rates very high in terms of raw beauty. But if I am shopping to adorn my house a simple bouquet of tulips is my first choice, beautiful and cheers up any room. #URL# ></document>
		<document> #HASHTAG# AG #USER# worries USA will soon imprision #HASHTAG#, the way sodomy laws did gays. #HASHTAG# #HASHTAG# #URL# ></document>
		<document> #HASHTAG#: After years of beating up on #HASHTAG# people #HASHTAG# begs to #HASHTAG# to rescue them from gays beating up on them. #URL# ></document>
		<document> Tiffany Alston, key opponent of #HASHTAG# in #HASHTAG# indicted, for swindling money for her WEDDING. #HASHTAG# #HASHTAG# #URL# ></document>
		<document> #USER# Agree. Making eating a power struggle only will exacerbate the bad situation. ></document>
		<document> #USER# Any plumber my landlord hires is almost guaranteed to do shoddy, leaky work. ></document>
		<document> Radical centrists: “No litmus tests!”

Also radical centrists: “Did you vote for #USER#? Did you? Did you?  Did you? Did you? Did you? Did you? I will never vote for anyone who betrayed our Kween! Only #HASHTAG# cultists deserve elected office!” #URL# ></document>
		<document> Think the battalion of op-ed writers who obsessed  about Bernie Bros will now transition to be decrying the rise of #HASHTAG#? #URL# ></document>
		<document> #USER# #USER# #USER# #USER# When did Warren chase those people wearing a hockey mask? Or is that not worth a challenge? ></document>
		<document> #USER# #USER# They say you build muscle in the gym and lose weight in the kitchen. This has been my experience, too. ></document>
		<document> Why would 7,700 people be hating on Deniece Williams? Monsters. #URL# ></document>
		<document> #HASHTAG#. "Liberty" Counsel is among US conservative groups cheering imprisoning of #HASHTAG# people in #HASHTAG#. #HASHTAG# #URL# ></document>
		<document> #USER# They won’t believe it until someone goes to prison for whistleblowing. And probably not even then. SMH. 🤦🏻‍♂️ ></document>
		<document> #USER# #USER# She is the real victim here. You all persecute her just for standing up for JP Morgan and Goldman Sachs. ></document>
		<document> Chanel's Karl Lagerfeld the very last person to get onboard the gay wedding fashion train. #HASHTAG# #HASHTAG# #URL# #HASHTAG# ></document>
		<document> #USER# #USER# I wouldn’t be bragging about teaching my child greed but I get how Americans think it is cool. ></document>
		<document> 3/3 Was Adams’ promise to keep voters safe from violent crime really more persuasive than Yang’s? Or did Adams’ extensive gov’t experience just look better compared to Yang’s dilettante campaign? (The recent disaster of electing an untested POTUS, might well have factored in.) ></document>
		<document> #USER# It lets you pay med bills with pretax money. So it is so fricking complicated and your funds do not convey year to year. So if you do not spend them… I don’t know who gets them but not you. ></document>
		<document> No greater evidence of how Christians are "oppressed" than Jesus's birthday party starting in October. #HASHTAG# #HASHTAG# ></document>
		<document> #USER# #USER# #USER# #USER# #USER# So they’re still at war, which is great I am sure. ></document>
		<document> #USER# #USER# #USER# Regardless a honest days work is deserving of honest days’ pay. ></document>
		<document> Ugh. Coco throwing a fit because Detox made her go first in the recording session. Girl, that was Detox’s mini challenge reward: to stack the challenge. Get over it. And why is a drag Queen complaining about having to perform? Just step up. #HASHTAG# ></document>
		<document> Max was a fussy little pistol 🔫 today. But damn he is cute. ></document>
		<document> #USER# #USER# Which is sad /hilarious when compared to how a lowly laborer can can laid off from a $50K job for not generating enough profit ></document>
		<document> #USER# #USER# But he did it 16 months ago, too. It seems like no mountain of evidence is enough for the cult of the Cuomosexuals. ></document>
		<document> #USER# I disagree. Expanse it really an exercise on what if “Economic colonialism drove humanity’s expansion into the solar system?” Battlestar is much more a direct parallel to racism but spent far less time on economics and class. ></document>
		<document> I bought three new shirts. My new rule is I must now throw out three shirts. ></document>
		<document> #USER# #USER# Bernie would have nationalized the Margarita Industrial Complex. ></document>
		<document> #USER# At least we will still have the filibuster. Until the GOP abolishes it to stop Democrats from stopping them. ></document>
		<document> Another perfectly reason argument for legally disebfranchising #HASHTAG# citizens. #HASHTAG# Seen at #HASHTAG# #URL# #HASHTAG# ></document>
		<document> Tell me you don’t understand consent without saying “I don’t understand consent.” #URL# ></document>
		<document> #USER# #USER# #USER# Yeah. That is different. I don’t care who they follow. I care if they retweet it to me. ></document>
		<document> #USER# #USER# Reordering politics? How so? We elected a mass incarceration president and veep same as every other election cycle in history. Nothing changed. Americans love locking people up. Especially poor and POC. Always have. ></document>
		<document> Same crowd that fears Sharia law now imposing #HASHTAG# Sharia law on #HASHTAG#. #HASHTAG#. #HASHTAG# #HASHTAG# #URL# ></document>
		<document> #USER# Gay NFL players indeed now enjoy more discrimination protection than our soldiers. #HASHTAG# #HASHTAG# #HASHTAG# ></document>
		<document> I guess they figure they will wait for a catastrophic failure and a few hundreds people to drown horrible deaths before they put money into it. ></document>
		<document> #USER# I have been voting to secure women’s right to choose in every election since 1985. It just galling to be told I didn’t vote hard enough. ></document>
		<document> #USER# Pretty sure an attorney can appear on someone’s behalf at any civil proceeding. ></document>
		<document> Sure. Let’s cycle though the tired old dinosaurs until they all die. Or we do. #URL# ></document>
		<document> #USER# #USER# TBF, not totally unprecedented. There are countless examples of NY BOE acting shady as shit and thwarting any and all efforts at election transparency and accountability. What varies is how their arrogance manifests. ></document>
		<document> #USER# Ironically one person who has every right to this fury doesn’t feel it. #URL# ></document>
		<document> #HASHTAG#: South Carolina Republicans now melting down over "attacks on #HASHTAG#" wanted #USER# to be 2012 #HASHTAG# POTUS nominee. #HASHTAG# ></document>
		<document> #USER# #USER# Not only was I alive for Bush 43 I never changed my mind about him. I still think he sucked. #URL# ></document>
		<document> .#USER# I am sure thoughtful policy wonk #USER# knows #HASHTAG# better than #HASHTAG# people who encounter it daily. #HASHTAG# ></document>
		<document> #USER# #USER# #USER# Do you believe 40 year olds only do shuffleboard, square dancing and bridge? ></document>
		<document> #USER# #USER# Any clue what drove all that money to rain down from the heavens? #URL# ></document>
		<document> #USER# #USER# #USER# There were at least two women who could have testified in support of Anita Hill. At Biden’s sole discretion they were not allow to appear at the hearings. He hung Hill out to dry. ></document>
		<document> #USER# #USER# Don’t underestimate how many GI and Iraq deaths a single Wherthers can erase from the public’s minds. ></document>
		<document> #USER# Yeah. I have heard about this. Being a New Yorker I live in the direct path of this hypothetical tsunami, so I think about it sometime. From what I understand it doesn’t even need a volcano as there is a massive sea cliff that is kinda sketchy integrity-wise and could go any day ></document>
		<document> #USER# #USER# #USER# It isn’t exactly so new. Huge rift between wealthy white women suffragettes and the black suffragettes they felt no solidarity with. ></document>
		<document> #USER# * Providing the Senate Parliamentarian gives you permission. #URL# ></document>
		<document> Poor Maxwell trying to find a comfortable spot amidst reno chaos. For the last time, you can’t check into the Four Seasons, Little Buddy. #URL# ></document>
		<document> #USER# #USER# #USER# #USER# #USER# It does seem problematic if we let the people who make laws decide what information can be legally disseminated. ></document>
		<document> My point: I think City dwellers should reconsider prior bus prejudice and try it again. After 25 years of foresaking bus travel I have found there are times it is a fast, cheap convenient option. ></document>
		<document> #USER# #USER# Discovery Hill would be great for sledding. ></document>
		<document> And black people have only been acting in movies for—what?—100 years? #HASHTAG# #HASHTAG# #USER# #URL# ></document>
		<document> #USER# #USER# #USER# #USER# #USER# Christians are the ones building concentration camps for gays in Uganda and Nigeria. #HASHTAG# ></document>
		<document> #HASHTAG#: Mike Mullen gets testy with Lindsey Graham, "This policy is wrong." Can you not understand that Lindsey? #HASHTAG# #HASHTAG# ></document>
		<document> #USER# #USER# I would not say pointless. But very far short of sufficient. ></document>
		<document> Huh. Kathy Hochul is definitely playing to stay. Things could get interesting. #URL# ></document>
		<document> #USER# Maybe. I thought maybe the use of the pen at check in desk. ></document>
		<document> #USER# #USER# #USER# #USER# Congress declares war. They needed a senior person in the Senate to collaborate in the WMD lies or be gullible to them. They found him in Joe. ></document>
		<document> #HASHTAG#: This ad from #USER#, the publisher that rushed the Regnerus right-wing hit job on "#HASHTAG# parents" #URL# ></document>
		<document> #USER# Well he presented it as UBI delivering $167 a month would solve so much homelessness the city could fund UBI with the savings. #URL# ></document>
		<document> #USER# LOL. Exercise, fresh air, sunshine, appreciating the glory of nature, plenty of time for conversation without modern distractions, a picnic! What monster would inflict such horrors on a woman? ></document>
		<document> .#USER# a shining example of scrupulously ethical journalism in the South. #HASHTAG# #URL# #HASHTAG# #URL# ></document>
		<document> Fascinates me that raping children is euphemistically called “doing a thing” when powerful, rich white men do it. Why? #URL# ></document>
		<document> #USER# #USER# #USER# It took 20 years to admit defeat in Afghanistan. Where was that perseverance on green energy? ></document>
		<document> #USER# I lived in another building my bf swore was haunted and I did once see paranormal activity. A force once spontaneously moved a dish across my coffee table. ></document>
		<document> Because the #HASHTAG# Church always caves to teh gays. #HASHTAG#  #USER# #USER# #USER# #USER# ></document>
		<document> #USER# So did my minister. Wonder if he knew he was shaping me to be cynical AF? ></document>
		<document> #USER# OWS activism did not really upset the  status quo in any fundamental way. Here in NYC they only rose to the level of nuisance and eye sore. Maybe if they had taken turns shutting down the NYSE they would have had leverage for demands. ></document>
		<document> Apparently max is a fan of Nordic Noir. Never saw him watch tv before. #URL# ></document>
		<document> Straight people stop posting essays telling queer people what to say and do challenge. #URL# ></document>
		<document> A Catholic African condemns me as an imperialist. #HASHTAG# ></document>
		<document> #USER# Max and Corvie both did the chin test thing. I think it helps the smoosh faced beasts breath. Poor creatures. ></document>
		<document> #USER# He doesn’t have time to waste reading bespoke menus. ></document>
		<document> #USER# #USER# I haven’t had Covid. Or even a cold in ages. I never really get colds or flu. Can’t remember last time I was sick. ></document>
		<document> #USER# I do not think there are any ways to stop people from carrying it. Did you mean transmitting it? ></document>
		<document> Did you ever go see a travelogue at you local library or school auditorium? Do you even know what a travelogue is? ></document>
		<document> If Dog The Bounty Hunter finds Brian Laundrie first then President Biden must appoint him to replace #USER# Director Christopher Wray. #URL# ></document>
		<document> Biden is governing as a conservative and objectively, widely unpopular. So why are Democrats convinced moving right toward Manchin will improve his and the party’s political standing? #URL# ></document>
		<document> #USER# Pretty woman. Romy and Michelle. Muriel’s Wedding. Aliens. Alien. Terminator. Terminator 2. This is the end. All about eve. Fuck any Hollywood exec that says women can’t carry a film. ></document>
		<document> #USER# #USER# Maybe feminism doesn’t need to be women behaving as cruelly as men have? Just a thought. ></document>
		<document> Right. I lost out on jobs before. I wasn’t still whining about it 6 years later. #URL# ></document>
		<document> #USER# #USER# How is winning the hearts and minds of Afghans coming along? Think wholesale slaughter of civilians has any counterproductive effects? ></document>
		<document> #USER# I use the MapMyWalk and MapMyRide apps. They are fine. I do not ask much of them. ></document>
		<document> #USER# Migraine holding up better than most of the rest of Gen Xers. #URL# ></document>
		<document> Lindsey Graham wants to put gay Servicemembers' civil rights up to a popular up or down vote. #HASHTAG# #HASHTAG# #HASHTAG# ></document>
		<document> #USER# It is great. S3 should be dropping soon. 🤞🏼 ></document>
		<document> Sage green. Better but still Meh. #URL# ></document>
		<document> #USER# #USER# #USER# Ah yes. The sternly worded letter FTW. ></document>
		<document> #USER# #USER# My mom was always kind of the opposite. When I waited tables and she would come in she would tell me not to hang around the table or treat her special in anyway. Even if my manager was like, “Sure. Give your mom a free dessert. So glad to see her.” ></document>
		<document> #USER# I was glad to see you on my timeline again. I hope you are being cared for and healing, as best as one can. Your absence is understandable but presence has been missed. #HASHTAG# ></document>
		<document> #HASHTAG# Tolerant, free-speech loving conservatives call for boycott of #USER#'s #USER#.    #URL# #HASHTAG# ></document>
		<document> #USER# #USER# I know that. I still have a very hard time imagining a person could serve years in the US military and not learn a single word of English. ></document>
		<document> The Cooch (#USER#) is definitely going down in the #HASHTAG# race. Which is #HASHTAG#, really. #HASHTAG# ></document>
		<document> #USER# #USER# “Is a separate permit needed to sugar the gas tanks of the fleet, or is that included?” ></document>
		<document> #USER# #USER# Absolutely not going to be handling any large sums of money. I’ll have a small budget I can authorize company spending, but I will not even be the one cutting checks. Just approving invoices for finance to fulfill. ></document>
		<document> Folks who didn’t pay attention when the vax was first explained now think they would have been capable of implementing a flawless public health response, if only they were in charge. ></document>
		<document> #USER# #USER# #USER# #USER# #USER# It’s volcel, dummy. ></document>
		<document> .#USER# Yes. This week I have become fully convinced #HASHTAG# cops have no propensity to use excessive force. #HASHTAG# ></document>
		<document> #USER# It doesn’t say jump FORWARD to 45. I see no downside to the blue pill for me. ></document>
		<document> #USER# In Metamucil’s defense I think the fibrous substance that is the bulk of the product is very resistance to dissolving by nature. Hence clumps. It works by absorbing water; dissolving in it would ruin the benefit of taking it. ></document>
		<document> #USER# #USER# And the promise of fixing ACA and raising the min wage. ></document>
		<document> #HASHTAG# provides legal precedent for Muslim woman to claim her #HASHTAG# was violated. #HASHTAG# #HASHTAG# #URL# ></document>
		<document> Aside from inheriting the Oval Office, VEEP has not a single area of responsibility outlined in the constitution. Yet they still couldn’t take the job another day. #URL# ></document>
		<document> #USER# If I didn’t still have my windows open I wouldn’t have needed the space heater. This building, while crumbling from 100 years of use, has some very thick well insulated walls. They don’t build em like this anymore. ></document>
		<document> Anyone find it #HASHTAG# that "free speech" martyr of conservatives #USER# has actually REFUSED to speak? #HASHTAG# #HASHTAG# ></document>
		<document> A Twitter search for "National Organization for Marriage" returns a promoted post for "Doomsday Preppers" #HASHTAG# #HASHTAG# #URL# ></document>
		<document> Look at how much kids of #HASHTAG# parents suffer. #HASHTAG# #HASHTAG# #USER# #URL# ></document>
		<document> #USER# #USER# Looney Tumes supports the existence of ET life too. #URL# ></document>
		<document> #USER# I would certainly be skeptical about any promises related to “till death do us part.” Seems like she takes the vow pretty lightly. ></document>
		<document> #USER# #USER# We have been ignoring genocide in Yemen for years. 🤷‍♂️ ></document>
		<document> Just asked a colleague, “So, you got a photoshop job for me?” and heard it in #USER# executive voice. #URL# ></document>
		<document> #USER# #USER# My gramma did. Not my parents. Though we collected them for gramma. ></document>
		<document> In case you were curious, New York State water reservoirs are above normal capacity. Not by a large margin but bucking the trend.  #URL# ></document>
		<document> #USER# I don’t remember doing it but I developed a bump the size of a lemon. It’s fine. Just frightful to look at. ></document>
		<document> #USER# #USER# #USER# Pretty sure the operating theory at DNC is “popularity is for unwashed masses and must be thwarted at all costs.” #URL# ></document>
		<document> I think I am done buying expensive wool rugs. Nylon/synthetics are soft, stain resistance, wear resistant, and cheap enough to throw out when it bores you. ></document>
		<document> Maxwell Morris looks so cute when he sits in his little chair. #URL# ></document>
		<document> Former #HASHTAG# chair Michael Steele arguing on #USER# that Supreme Court should leave #HASHTAG# #HASHTAG# as a state's rights issue. #HASHTAG# ></document>
		<document> #USER# Oh no. I forgot to condemn the new variant. Am I canceled? ></document>
		<document> .#USER# The #HASHTAG# people US Christians like #USER# travel to #HASHTAG# to torment are seeking asylum in US. #HASHTAG#  #URL# ></document>
		<document> #USER# #USER# This is a very articulate and specific critique of Biden admin policy so far. 👇🏾 One of liberalism worsts attributes is arrogance of assuming everyone who disagrees is just too stupid to understand real issues. #URL# ></document>
		<document> #USER# #USER# It seems silly to assume I am invulnerable. I am presumably human. ></document>
		<document> #USER# #USER# #USER# Do you believe people don’t wait for hours in ERs under the American system of capitalist healthcare? Really? Have never been to an American ER? ></document>
		<document> #USER# #USER# Tories got to eat their cake and keep it too. Publicly opposing Brexit but ultimately getting credit for successful (?) pulling it off. ></document>
		<document> Glad #HASHTAG# is getting a second season. Really enjoying it. Carrie Coons is wonderful. #URL# ></document>
		<document> Having lost #HASHTAG# Indiana legislature, #USER# contemplates appealing to activist judges. #HASHTAG# #HASHTAG#  #URL# ></document>
		<document> #USER# #USER# No one on this thread collected people hard earned money to run for office. People who don’t know how to legislate bills into law shouldn’t get elected to office. ></document>
		<document> #USER# The rich aren’t going to save us. Might as well plan on thoughts and prayer. ></document>
		<document> Not too late to join the  #HASHTAG#. Also, no one cares about belated birthday gifts. #URL# ></document>
		<document> Gays "increasingly intolerant," says #HASHTAG# pastor who calls to imprison all gays. #HASHTAG# #HASHTAG# #HASHTAG# #URL# #USER# ></document>
		<document> #USER# #USER# #USER# I mean I was right. Five people had to drop out. 🤷‍♂️ ></document>
		<document> #USER# Didn’t you, in your professional capacity, convince the world Saddam Hussein had WMDs? Wasting trillions of dollars and a million lives? ></document>
		<document> Fossil fuels are especially efficient at ruining the Earth, destroying land, sea and air at once. #URL# ></document>
		<document> #USER# Over 50. Historically a demographic well known for being open minded to the ideas of the youth. (Saying this as a 50-something.) ></document>
		<document> #USER# #USER# I am very angry at Max for failing to send even a single banker to the big house in 2009. #URL# ></document>
		<document> #USER# Thank God we are not indoctrinated like the North Koreans. ></document>
		<document> #USER# #USER# #USER# When Harris announced for President she was top tier and the press couldn’t print enough flattering articles about her. By the time she dropped out she was 5th in her home state, trailing Andrew Yang. ></document>
		<document> #USER# #USER# #USER# #USER# The current right of way policy isn’t even respected. All over the city bike lanes are used as parking, even, especially, by cops. Bike lanes are often treated by pedestrians as merely sidewalk extensions. ></document>
		<document> #HASHTAG# Conservatives launch a full saturation media campaign to whine they have been silenced.  #HASHTAG# #HASHTAG# #HASHTAG# ></document>
		<document> #USER# #USER# #USER# Yet, oddly, the WSJ headline isn’t: “Employers offering indefinite work from home employment may find they have their pick of top candidates as 76% of workers dread a return to the office.” ></document>
		<document> Any of you ever use black garlic? Bought some at TJ’s but have no idea how to use it. ></document>
		<document> #USER# #USER# #USER# That wasn’t even true 50 years ago when my patents got married. #URL# ></document>
		<document> #USER# #USER# The only important thing is the electoral calculus. The wrong Federal reserve appointee can break an administration. ></document>
		<document> #USER# #USER# #USER# I guess whether she “got away with it” as the OP says is subjective. ></document>
		<document> #HASHTAG# move seems to telegraph gays will have to LOSE a Circuit Court Appeal to get #HASHTAG# before the High Court. #HASHTAG# #HASHTAG# ></document>
		<document> These Texans just swung by to pay their respects to 9/11’s fallen heroes on the anniversary and to assault the local help. #URL# ></document>
		<document> #USER# What is “an overheated economy?” What does that mean? Are jobs melting? ></document>
	
</author><document> Dems: “What if instead of keeping our 2020 campaign promise, we keep them in 2022? Would you like this?" #URL# #URL# ></document>
<document> #HASHTAG# #HASHTAG#'s top media bookers compete fiercely to air conservatives who complain they've been silenced. #HASHTAG# #HASHTAG# ></document>
<document> #USER# #USER# #USER# Kamala Harris is popular enough in California to be the FOURTH presidential pick of California Democrats, behind Andrew Yang, according to primary polls. >></document>
<document> #USER# It's funny how many stans insist Harris walked out of that exchange looking good. KHive is a journey. >></document>
<document> #USER# #USER# I definitely would have pressed the lock button on the door. >></document>
<document> #USER# Bad reception associated with hearing problems. >></document>
<document> #USER# Seniors are exempt, so at least we have that relief to look forward to. >></document>
<document> #HASHTAG# #HASHTAG# had/has no issue with "rapists, KKK and Nazis" serving—but said absolutely no gays in 1992. #HASHTAG# #URL# ></document>
<document> #HASHTAG# complain that their activism to silence and erase gay people is being silenced. #HASHTAG# #HASHTAG# #URL# ></document>
<document> #USER# #USER# #USER# You clearly don't recognize the obvious sarcasm. >></document>
<document> #USER# #USER# The only problem with this theory is that the plan was so competently executed. >></document>
<document> #USER# #USER# Galaxina received a publicity boost after the film's star, Dorothy Stratton, was murdered by her jealous husband shortly after it was released. >></document>
<document> #USER# I don't even know if Biden has an ideology. He appears to be a path of least resistance </document> guy
<document> #USER# #USER# #USER# Lol Didn't know Adele deleted it. Hey. >></document>
<document> #USER# #USER# It popped up for me as well. "Stay at home! (Except when teaching.)” ></document>
<document> The third season was terrible. No one to cheer on, no one to hate. Season 4 was better, mostly because I enjoyed watching Sharon Needles beat all the queens that were tearing her apart. Season 5 is off the hook. >></document>
<document> #USER# Filmed at the Grand Hotel on Mackinaw Island. Amazing. >></document>
<document> It makes me laugh when Max decides he wants to sit in this chair. #URL# </document>
<document> I doubt that the Catholic Church recognizes Maggie Gallagher's marriage to a Hindu. #HASHTAG# #USER# #USER# #USER# #USER# ></document>
<document> Mom takes stock of my shopping during a visit... #URL# </document>
<document> #USER# I respect you so much. #URL# </document>
<document> Facing Mecca. His assistant forgot to re-block sunset on his calendar. #URL# </document>
<document> Ah! Gay couples in 3 states to get a break from federal taxes, thanks to #HASHTAG#! #HASHTAG# #HASHTAG# #HASHTAG# #HASHTAG# #HASHTAG# #URL# </document>
<document> #USER# #USER# Oh. Did you just have surgery? Very normal. She's out of her mind. Max gets goosebumpsh after I gave him a bath. LOL he's afraid to get another one. >></document>
<document> #USER# #USER# I bet he won't be such an arrogant jerk in 366 days after the mid-term returns come in. </document>
<document> #USER# #USER# #USER# Because it's fascinating to see how in the process of lying to everyone else he's also lying to himself. It is a portrait of the human condition. It's about karma and a reminder that what you put into the world eventually comes back to you. >></document>
<document> Flaunting their sexuality! No one cares! Keep it to yourself! #HASHTAG# #HASHTAG# #USER# #USER# #USER# #URL# </document>
<document> This is the true courage of #HASHTAG# convictions. #HASHTAG# #HASHTAG# MT #USER# the church thanked me for not releasing their name </document>
<document> #USER# Sorry. How did you notice. Are you already warming up? Do you need/want a donation? >></document>
<document> #USER# Some very happy memories of my youth club hopping related to that tune. >></document>
<document> #USER# Wow. Thanks for this amazing insight. I learn the most fascinating things about birds app! 😂 >></document>
<document> #USER# I went to get some melatonin and not only were they out (they usually have at least three brands), but the entire vitamin section was pretty trashed. Strange. >></document>
<document> I suspect you are wrong. RT #USER#: I suspect you have no idea how ironic your tweet was. Activist judges, indeed. #HASHTAG# </document>
<document> #USER# #USER# It's not about four months. They campaigned for debt relief and did a full 180 and ruled it out. It's a betrayal, not a delay. >></document>
<document> #HASHTAG# You use YOUR words to foment #HASHTAG# hatred, hypocrite. RT #USER#: #HASHTAG# #HASHTAG# #HASHTAG# #URL# </document>
<document> #USER# #USER# Look, if Governor Andrew Cuomo was newsworthy about harassing women #USER# would have it covered. #URL# </document>
<document> #USER# Yeah. I'm in BK. In MH the subway is the best option 90% of the time, second only to the bicycle 🚴‍♀️. >></document>
<document> Don't talk to black women like a monolith. #HASHTAG# RT #USER#: Dear Black Women: White gays are your allies. #URL# </document>
<document> All Democrats who claim that Gitmo has historically been used to store refugees need not know the story. Spoiler: NOT a proud chapter that Biden and the US should be trying to repeat. Thread: #URL# ></document>
<document> #USER# #USER# Sheep in wolf's clothing or wolf in wolf's clothing are the choices. >></document>
<document> #USER# #USER# Shaving the body is normal for competitive swimmers. >></document>
<document> #USER# #USER# #USER# I don't agree that two people doing the same job should receive different wages. This is not fairness. >></document>
<document> #USER# It was pretty early Warren joined the same clique of underdogs who couldn't get America to choose Hillary over Trump. Then I saw the train enter the tunnel. >></document>
<document> #HASHTAG# and #HASHTAG# appearon another national media to complain they were silenced by #HASHTAG# people. #URL# </document>
<document> Delicious #HASHTAG#! Lesson on "narcissism" from.... RT #USER# Gay narcissism is out of control... #HASHTAG# ></document>
<document> #USER# #USER# #USER# However, he would not have the right to organize Harry and Meghan's reception. Actions have consequences. There are a million wedding planners out there without that racist baggage in their background and they would be thrilled to do that job. Many of them people of color. >></document>
<document> #USER# #USER# #USER# Psaki has repeatedly stated that the United States does not interfere in the governments of other countries. This is a clown lie. >></document>
<document> What's up with all these ten minute thunderstorms New York is having? We have never had this weather in Florida. >></document>
<document> This "morally decadent society" gave rise to the best-behaved teenagers on record. #HASHTAG# #HASHTAG# #HASHTAG# #URL# ></document>
<document> #USER# should I choose? I guess Bird of Paradise ranks very high in terms of raw beauty. But if I'm shopping to beautify my home a simple bouquet of tulips is my first choice, beautiful and cheers up any room. #URL# </document>
<document> #HASHTAG# AG #USER# fears US will soon jail #HASHTAG#, as sodomy laws have done for gays. #HASHTAG# #HASHTAG# #URL# ></document>
<document> #HASHTAG#: After years of beating up #HASHTAG# #HASHTAG# people pray #HASHTAG# to save them from the gays who beat them. #URL# </document>
<document> Tiffany Alston, key #HASHTAG# opponent in #HASHTAG# indicted, for swindling money out of her WEDDING. #HASHTAG# #HASHTAG# #URL# ></document>
<document> #USER# I accept. Making eating just a power struggle will make the bad situation worse. >></document>
<document> #USER# Any plumber my landlord hires is almost guaranteed to do a shoddy, leaky job. >></document>
<document> Radical centrists: “No litmus paper!”

Even radical centrists: “Did you vote #USER#? You have done? You have done? You have done? You have done? You have done? You have done? I will never vote for anyone who betrayed our Kween! Only #HASHTAG# cultists deserve elected office! #URL# </document>
<document> Do you think the battalion of Bernie Bros-obsessed columnists will now turn to denouncing the rise of #HASHTAG#? #URL# </document>
<document> #USER# #USER# #USER# #USER# When did Warren go after those people wearing hockey masks? Or not worth a challenge? >></document>
<document> #USER# #USER# They say you build muscle in the gym and lose weight in the kitchen. This has also been my experience. >></document>
<document> Why should 7,700 people hate Deniece Williams? Monsters. #URL# </document>
<document> #HASHTAG#. "Liberty" advocate is among US conservative groups encouraging the imprisonment of #HASHTAG# people in #HASHTAG#. #HASHTAG# #URL# </document>
<document> #USER# They won't believe it until someone goes to jail forreport of irregularities. And probably not even then. SMH. 🤦🏻‍♂️></document>
<document> #USER# #USER# She is the real victim here. You all persecute her just for defending JP Morgan and Goldman Sachs. >></document>
<document> Chanel's Karl Lagerfeld, the latest person to board the gay wedding fashion train. #HASHTAG# #HASHTAG# #URL# #HASHTAG# ></document>
<document> #USER# #USER# I wouldn't brag about teaching my kid about greed, but I understand how Americans think he's cool. >></document>
<document> 3/3 Was Adams' promise to protect voters from violent crime really more persuasive than Yang's? Or did Adams' extensive governing experience simply look better than Yang's amateurish campaign? (The recent disaster of electing an untested POTUS, may have been factored in.) </document>
<document> #USER# Allows you to pay medical bills with pre-tax money. So it's so damn complicated and your funds don't get passed on from year to year. So if you don't spend it... I don't know who gets it but not you. >></document>
<document> No greater proof of how Christians are "oppressed" than Jesus' birthday party which begins in October. #HASHTAG# #HASHTAG# ></document>
<document> #USER# #USER# #USER# #USER# #USER# So I'm still at war, which is great, I'm sure. >></document>
<document> #USER# #USER# #USER# Whether or not an honest day's work deserves honest paydays. >></document>
<document> Ugh. Coco had a seizure because Detox made her go first in the recording session. Girl, that was Detox's mini challenge reward: stacking up the challenge. Get over it. And why does a drag queen complain about having to perform? Just step forward. #HASHTAG# </document>
<document> Max was a fussy stickler 🔫 today. But damn it's cute. >></document>
<document> #USER# #USER# Which is sad/funny compared to how a lowly factory worker can get fired from a $50,000 job for not generating enough profits </document>
<document> #USER# #USER# But it did 16 months ago as well. It seems that no amount of evidence is enough for the Cuomosexual cult. >></document>
<document> #USER# I disagree. Expanse is really an exercise in what if "economic colonialism drives humanity's expansion into the solar system?" Battlestar is much more of a direct parallel to racism, but has spent much less time on economy and class. >></document>
<document> I bought three new shirts. My new rule is now I have to throw out three shirts. >></document>
<document> #USER# #USER# Bernie allegedly nationalized the Margarita Industrial Complex. >></document>
<document> #USER# At least we'll still have the filibuster. Until the GOP abolishes it to keep Democrats from stopping them. >></document>
<document> Another perfectly justified argument to legally deprive citizens of #HASHTAG#. #HASHTAG# Seen on #HASHTAG# #URL# #HASHTAG# ></document>
<document> Tell me you don't understand the consent without saying "I don't understand the consent". #URL# </document>
<document> #USER# #USER# #USER# YeahH. This is different. I don't care who they follow. I care if they retweet it to me. >></document>
<document> #USER# #USER# Reorder policy? How come? We elected a president by mass incarceration and we did the same as every other election cycle in history. Nothing has changed. Americans love to lock people up. Especially poor and POC. Always have. >></document>
<document> The same mob that fears Sharia law now enforces #HASHTAG# Sharia law on #HASHTAG#. #HASHTAG#. #HASHTAG# #HASHTAG# #URL# ></document>
<document> #USER# Gay NFL players now enjoy greater protection against discrimination than our soldiers. #HASHTAG# #HASHTAG# #HASHTAG# ></document>
<document> I guess they think they'll wait for catastrophic failure and a few hundred people to drown horrific deaths before putting any money into it. >></document>
<document> #USER# I've voted to ensure women's right to choose in every election since 1985. It's just annoying to be told I didn't vote enough. >></document>
<document> #USER# I'm pretty sure a lawyer can appear on someone's behalf in any civil proceeding. >></document>
<document> Sure. Let's retrace tired old dinosaurs until they all die. Or we do. #URL# </document>
<document> #USER# #USER# TBF, not totally unprecedented. There are countless examples of NY BOEs acting shady as shit and thwarting all efforts for election transparency and accountability. What varies is how their arrogance manifests itself. >></document>
<document> #USER# Ironically, a person who has every right to feel this fury doesn't feel it. #URL# </document>
<document> #HASHTAG#: Republicans in South Carolina, now in crisis over "#HASHTAG# attacks," wanted #USER# to be the 2012 #HASHTAG# POTUS candidate. #HASHTAG# ></document>
<document> #USER# #USER# Not only was I alive for Bush 43, but I never changed my mind about him. I still think it sucked. #URL# </document>
<document> .#USER# I'm sure thoughtful policy expert #USER# knows #HASHTAG# better than the #HASHTAG# people who meet him on a daily basis. #HASHTAG# </document>
<document> #USER# #USER# #USER# Do you think forty-year-olds only play shuffleboard, quadrille and bridge? >></document>
<document> #USER# #USER# Do you have any idea what made all that money rain from the sky? #URL# </document>
<document> #USER# #USER# #USER# There were at least two women who could have testified in support of Anita Hill. At Biden's sole discretion they were not allowed to appear at the hearings. He laid Hill out to dry. >></document>
<document> #USER# #USER# Don't underestimate how many GIs and dead in Iraq a single Wherthers can erase from the public mind. >></document>
<document> #USER# Yeah. I've heard of this. As a New Yorker I live in the direct path of this hypothetical tsunami, so I think about it sometimes. From what I understand it doesn't even need a volcano as there is a huge sea cliff which is pretty sketchy integrity wise and could go any day</document>
<document> #USER# #USER# #USER# It's not exreally so new. Huge rift between wealthy white suffragette women and black suffragettes they felt no solidarity with. >></document>
<document> #USER# * Provided the Senate Representative gives you permission. #URL# </document>
<document> Poor Maxwell trying to find a comfortable place in the chaos of Reno. For the last time, you can't check into the Four Seasons, little friend. #URL# </document>
<document> #USER# #USER# #USER# #USER# #USER# It seems problematic if we let the people who make the laws decide what information can be legally disclosed. >></document>
<document> My point: I think city dwellers should reconsider previous misconceptions about buses and try again. After 25 years of forgoing bus travel, I've found that it's sometimes a convenient, fast, and cheap option. >></document>
<document> #USER# #USER# Discovery Hill would be great for sledding. >></document>
<document> And black people have only been acting in movies for… what?… 100 years? #HASHTAG# #HASHTAG# #USER# #URL# ></document>
<document> #USER# #USER# #USER# #USER# #USER# Christians are the ones who are building gay concentration camps in Uganda and Nigeria. #HASHTAG# </document>
<document> #HASHTAG#: Mike Mullen gets angry with Lindsey Graham, "This policy is wrong." Can't you figure out that Lindsey girl? #HASHTAG# #HASHTAG# ></document>
<document> #USER# #USER# I wouldn't say useless. But very far from sufficient. >></document>
<document> Heh. Kathy Hochul is definitely playing to stay. Things could get interesting. #URL# </document>
<document> #USER# Maybe. I thought maybe the use of the pen at the check-in counter. >></document>
<document> #USER# #USER# #USER# #USER# Congress declares war. They needed an older person in the Senate to cooperate with lies about weapons of mass destruction or be gullible to them. They found it in Joe. >></document>
<document> #HASHTAG#: This announcement from #USER#, the publisher who hastened Regnerus' right swipe on "#HASHTAG# parents" #URL# ></document>
<document> #USER# Well, he presented it as UBI delivering $167 a month would solve so many homeless problems that the city could fund UBI out of savings. #URL# </document>
<document> #USER# LOL. Exercise, fresh air, sunshine, appreciating the glory of nature, plenty of time for conversation without modern day distractions, a picnic! What monster would inflict such horrors on a woman? >></document>
<document> .#USER# a shining example of scrupulously ethical journalism in the South. #HASHTAG# #URL# #HASHTAG# #URL# ></document>
<document> It fascinates me that child rape is euphemistically called "doing a thing" when powerful, wealthy white men do it. Why? #URL# </document>
<document> #USER# #USER# #USER# It took 20 years to admit defeat in Afghanistan. Where was that persistence on green energy? >></document>
<document> #USER# I lived in another building that my boyfriend swore was haunted and I once saw paranormal activity. Once a force spontaneously moved a plate onto my coffee table. >></document>
<document> Yesbecause the #HASHTAG# Church always gives in to gays. #HASHTAG# #USER# #USER# #USER# #USER# ></document>
<document> #USER# My minister too. I wonder if he knew he was modeling me to be cynical AF? >></document>
<document> #USER# OWS activism has not disrupted the status quo in any fundamental way. Here in New York they have only gone up to the level of discomfort and pain in the eyes. Perhaps if they took turns shutting down the NYSE they would have some leverage for the claims. >></document>
<document> Apparently max is a fan of Nordic Noir. I've never seen him watch tv before. #URL# </document>
<document> Straight people stop publishing essays that tell queer people what to say and make a challenge. #URL# </document>
<document> An African Catholic condemns me as an imperialist. #HASHTAG# </document>
<document> #USER# Max and Corvie both took the chin test. I think it helps smooth-faced beasts breathe. Poor beings. >></document>
<document> #USER# Has no time to waste reading custom menus. >></document>
<document> #USER# #USER# I have not had Covid. Or even a cold for the ages. I never really catch a cold or the flu. I can't remember the last time I was sick. >></document>
<document> #USER# I don't think there's any way to stop people from carrying it. Did you mean to pass it on? >></document>
<document> Have you ever gone to see a travelogue at your local library or school auditorium? Do you even know what a travel diary is? >></document>
<document> If Dog The Bounty Hunter finds Brian Laundrie first, President Biden must appoint him to replace #USER# Director Christopher Wray. #URL# </document>
<document> Biden is governing as conservative and objectively vastly unpopular. So why are Democrats convinced that moving towards Manchin will improve his political position and that of the party? #URL# </document>
<document> #USER# Beautiful woman. Rome and Michael. Muriel's wedding. aliens. Alien. Terminator. Terminator 2. This is the end. All about eve. Fuck any Hollywood executive who says women can't carry a film. >></document>
<document> #USER# #USER# Maybe feminism doesn't need women to behave as cruelly as men have? Just a thought. >></document>
<document> Exactly. I lost my job before. I still wasn't complaining about it 6 years later. #URL# </document>
<document> #USER# #USER# How is he winning the hearts and minds of Afghans? Do you think the wholesale massacre of civilians has counterproductive effects? >></document>
<document> #USER# I use the MapMyWalk and MapMyRide apps. They are fine. I don't ask them much. >></document>
<document> #USER# Migraine resist better than most of the rest of generation X. #URL# ></document>
<document> Lindsey Graham wants to submit the civil rights of gay service members to a popular vote up or down. #HASHTAG# #HASHTAG# #HASHTAG# ></document>
<document> #USER# That's great. S3 should drop soon. 🤞🏼></document>
<document> Sage green. Better but still Meh. #URL# </document>
<document> #USER# #USER# #USER# Ah yes. The severe letter FTW. >></document>
<document> #USER# #USER# My mother has always been the opposite. When I waited tables and she came in, she told me not to hang around the table or treat her special anyway. Even if my manager said, “Sure. Give your mom a free candy. I am so happy to see her. >></document>
<document> #USER# Nice to see you on my timeline. I hope you are cared for and healed, in the best possible way. Your absence is understandable but your presence is missing. #HASHTAG# </document>
<document> #HASHTAG# Tolerant, free-speech conservatives call for a #USER# boycott of #USER#. #URL# #HASHTAG# </document>
<document> #USER# #USER# I know. I still have a hard time imagining that a person could serve years in the US military and not learn a single word of English. >></document>
<document> The Cooch (#USER#) is definitely losing ground in the #HASHTAG# race. Which is #HASHTAG#, really. #HASHTAG# </document>
<document> #USER# #USER# "Is a separate permit required to sugar the fleet gas tanks or is it included?" >></document>
<document> #USER# #USER# I absolutely will not handle large sums of money. I'll have a small budget I can authorize business spending, but I won't be the one to cut checks either. I'm just approving invoices for finance to be processed. >></document>
<document> People who weren't paying attention when the vax was first explained now think they would have been able to mount a flawless public health response, if only they had been in charge. >></document>
<document> #USER# #USER# #USER# #USER# #USER# It's volcel, dummy. >></document>
<document> .#USER# Yes. This week I have become fully convinced that #HASHTAG# cops have no propensity to use excessive force. #HASHTAG# </document>
<document> #USER# It doesn't say skip FORWARD to 45. I don't see any downsides of the blue pill for me. >></document>
<document> #USER# In Metamucil's defense, I think the fibrous substance that is the bulk of the product is very resistant to dissolution by nature. So lumps. It works by absorbing water; dissolving in it would ruin the advantage of taking it. >></document>
<document> #USER# #USER# And a promise to fix the ACA and raise the minimum wage. >></document>
<document> #HASHTAG# provides a legal precedent for the Muslim woman who claims her #HASHTAG# has been violated. #HASHTAG# #HASHTAG# #URL# ></document>
<document> Aside from the legacy of the Oval Office, VEEP does not have a single area of ​​responsibility outlined in the constitution. Yet they still couldn't take the job another day. #URL# </document>
<document> #USER# If I didn't have the windows open yet I wouldn't have needed the radiator. This building, although dilapidated for 100 years of use, has very thick and well insulated walls. They don't build them like that anymore. >></document>
<document> Does anyone find #HASHTAG# that conservative "free speech" martyr #USER# actually REFUSED to speak? #HASHTAG##HASHTAG# </document>
<document> A Twitter search for "National Organization for Marriage" returns a promoted post for "Doomsday Preppers" #HASHTAG# #HASHTAG# #URL# </document>
<document> See how much the children of #HASHTAG# parents suffer. #HASHTAG# #HASHTAG# #USER# #URL# ></document>
<document> #USER# #USER# Looney Tumes also claims the existence of extraterrestrial life. #URL# </document>
<document> #USER# I would certainly be skeptical of any "till death do us part" promises. He seems to take the vote pretty lightly. >></document>
<document> #USER# #USER# We have been unaware of the genocide in Yemen for years. 🤷‍♂️</document>
<document> I just asked a colleague, "So, do you have a photoshop job for me?" and heard it in #USER# executive voice. #URL# </document>
<document> #USER# #USER# My grandmother did it. Not my parents. Even if we collected them for grandma. >></document>
<document> In case you're curious, New York State's water tanks are above normal capacity. Not by a wide margin, but bucking the trend. #URL# </document>
<document> #USER# I don't recall doing this but I developed a bump the size of a lemon. All right. Just scary to watch. >></document>
<document> #USER# #USER# #USER# Pretty sure the operating theory at the DNC is "popularity is for the unwashed masses and must be resisted at all costs". #URL# </document>
<document> I think I'm done buying expensive wool carpets. Nylon/synthetic is soft, stain resistant, wear resistant, and cheap enough to throw away when you get bored. >></document>
<document> Maxwell Morris looks so cute when he sits in his little chair. #URL# </document>
<document> Former #HASHTAG# Chairman Michael Steele argues in #USER# that the Supreme Court should leave #HASHTAG# #HASHTAG# as a state rights issue. #HASHTAG# </document>
<document> #USER# Oh no. I forgot to condemn the new variant. Am I cancelled? >></document>
<document> .#USER# The #HASHTAG# people American Christians as #USER# travel to #HASHTAG# to harass seek asylum in the United States. #HASHTAG# #URL# </document>
<document> #USER# #USER# This is a very detailed and specific critique of Biden's administrative policy thus far. 👇🏾 One of liberalism's worst attributes is the arrogance to assume that anyone who disagrees is simply too stupid to understand the real problems. #URL# </document>
<document> #USER# #USER# It seems silly to assume that I am invulnerable. I'm presumably human. >></document>
<document> #USER# #USER# #USER# Do you think people don't wait hours in emergency rooms under America's capitalist health care system? Truly? Have you ever been to an American emergency room? >></document>
<document> #USER# #USER# Conservatives need to eat their cake and keep it too. Publicly oppose Brexit but ultimately get credit for successfully completing it (?). >></document>
<document> I'm glad #HASHTAG# has a second season. I'm really enjoying it. Carrie Coon is wonderful. #URL# </document>
<document> Having lost the #HASHTAG# Indiana legislature, #USER# considers appealing toactivist judges. #HASHTAG# #HASHTAG# #URL# ></document>
<document> #USER# #USER# No one in this thread has picked up hard earned people to apply. People who don't know how to legislate bills shouldn't be elected to office. >></document>
<document> #USER# The rich won't save us. Might as well plan your thoughts and prayer. >></document>
<document> It's not too late to join the #HASHTAG#. Besides, no one cares about belated birthday presents. #URL# </document>
<document> Gays "increasingly intolerant", says #HASHTAG# pastor who calls for all gays to be jailed. #HASHTAG# #HASHTAG# #HASHTAG# #URL# #USER# </document>
<document> #USER# #USER# #USER# I mean, I was right. Five people had to drop out. 🤷‍♂️</document>
<document> #USER# Didn't you, in your professional capacity, convince the world that Saddam Hussein had weapons of mass destruction? Wasting trillions of dollars and a million lives? >></document>
<document> Fossil fuels are particularly effective at ruining the Earth, destroying land, sea and air at the same time. #URL# </document>
<document> #USER# Over 50. Historically a demographic well known for being open-minded to young people's ideas. (Saying it like a 50-year-old.) </document>
<document> #USER# #USER# I am very angry with Max for not sending even one banker to the big house in 2009. #URL# ></document>
<document> #USER# Thank God we are not indoctrinated like the North Koreans. >></document>
<document> #USER# #USER# #USER# When Harris announced for president she was high-flying and the press couldn't print enough flattering stories about her. She was fifth in her home state, behind Andrew Yang, when she dropped out. >></document>
<document> #USER# #USER# #USER# #USER# The current right-of-way policy is not even enforced. Throughout the city, bike lanes are used as parking, also, especially, by the police. Bike lanes are often treated by pedestrians as mere extensions of the sidewalk. >></document>
<document> #HASHTAG# Conservatives launch mass media campaign to complain they have been silenced. #HASHTAG# #HASHTAG# #HASHTAG# ></document>
<document> #USER# #USER# #USER# Yet, strangely, the WSJ headline isn't: “Employers offering home-based permanent employment may find they have the ability to choose the best candidates since 76 % of workers fear a return to the office." >></document>
<document> Do any of you ever use black garlic? I bought a few from TJ but have no idea how to use it. >></document>
<document> #USER# #USER# #USER# That wasn't even true 50 years ago when my patents got married. #URL# </document>
<document> #USER# #USER# The only important thing is the electoral calculation. The wrong Federal Reserve appointee can bankrupt an administration. >></document>
<document> #USER# #USER# #USER# I guess whether he "got away" like the OP says is subjective. >></document>
<document> The #HASHTAG# move appears to telegraph that gays will have to LOSE a Circuit Court Appeal to get #HASHTAG# before the High Court. #HASHTAG# #HASHTAG# </document>
<document> These Texans just stopped by to pay their respects to the fallen heroes of 9/11 on the anniversary and to wave for local help. #URL# </document>
<document> #USER# What is "an overheated economy?" What does it mean? Are the jobs melting away? >></document>

</author><Document> Dems: "What if we didn't deliver on our campaign promise for 2020, but delivered on it in 2022? Would you like that?" #URL# #URL# ></document>
<Document> #HASHTAG# Major #HASHTAG# media books are fiercely competing to get conservatives on the air to whine about being silenced. #HASHTAG# #HASHTAG# ></document>
<document> #USER# #USER# #USER# According to the primary poll in California, Kamala Harris is popular enough to be the California Democrats' FOURTH choice for president, behind Andrew Yang. ></document>
<document> #USER# It's funny how many Stans insist Harris looked good from this exchange. KHive are a journey. ></document>
<document> #USER# #USER# I would have definitely pushed the door close button. ></document>
<Document> #USER# Poor reception coupled with declining hearing. ></document>
<document> #USER# Seniors are exempt, so at least we can look forward to that relief. ></document>
<document> #HASHTAG# #HASHTAG# had/has no problem with "rapists, KKK and Nazis" serving - but said absolutely no gays in 1992. #HASHTAG# #URL# ></document>
<Document> #HASHTAG# complain that their activism to silence and wipe out gay people is being silenced. #HASHTAG# #HASHTAG# #URL# ></document>
<document> #USER# #USER# #USER# Obviously you don't recognize overt sarcasm. ></document>
<document> #USER# #USER# The only problem with this theory is that the plan was executed so competently. ></document>
<document> #USER# #USER# Galaxina received a publicity boost after the film's star, Dorothy Stratton, was murdered by her jealous husband shortly after release. ></document>
<Document> #USER# I don't even know if Biden has an ideology. It seems to be the path of least resistance ></document>
<Document> #USER# #USER# #USER# Lol I didn't know Adele deleted it. hey ></document>
<document> #USER# #USER# I really noticed that too. "Stay at home! (Except when teaching.)" ></document>
<Document> Season 3 was terrible. Nobody to cheer for, nobody to hate. Season 4 was better, mostly because I liked watching Sharon Needles beating all the queens she was ravaging. Season 5 is off the hook. ></document>
<Document> #USER# Filmed at the Grand Hotel on Mackinaw Island. Great. ></document>
<Document> makes me laugh when Max decides to sit in this chair. #URL# ></document>
<Document> I doubt the Catholic Church will recognize Maggie Gallagher's marriage to a Hindu. #HASHTAG# #USER# #USER# #USER# #USER# ></document>
<document> Mom takes stock of my purchases when I visit... #URL# ></document>
<document> #USER# I respect her so much. #URL# ></document>
<Document> Overlooking Mecca. His assistant once again forgot to hide dusk from his calendar. #URL# ></document>
<document> HA! Gay couples in 3 states get a tax break - thanks to #HASHTAG#! #HASHTAG# #HASHTAG# #HASHTAG# #HASHTAG# #HASHTAG# #URL# ></document>
<Document> #USER# #USER# Oh. Did you just have an operation? Very ordinary. She freaked out. Max gets Skittish after I bathed him. LOL He's scared he'll get another one. ></document>
<document> #USER# #USER# Bet he won't be such an arrogant jerk in 366 days after the interim reports come in. ></document>
<document> #USER# #USER# #USER# Because it's fascinating to see him lying to himself while lying to everyone else. It is a portrait of the human condition. It's about karma and a reminder that what you put out into the world will eventually come back to you. ></document>
<Document> Flaunt Your Sexuality! Nobody cares! Keep it to yourself! #HASHTAG# #HASHTAG# #USER# #USER# #USER# #URL# ></document>
<Document> This is real courage in #HASHTAG# condemnations. #HASHTAG# #HASHTAG# MT #USER# Church thanked me for not posting their name ></document>
<Document> #USER# Sorry. how did you notice Is the heat on yet? Do you need/want a donation? ></document>
<document> #USER# Some very happy memories from my club hopping youth associated with this tune. ></document>
<Document> #USER# Wow. Thanks for this amazing insight. I'm learning the most fascinating things about the Vogel app! 😂 ></Document>
<document> #USER# I wanted to get some melatonin and not only was it sold out (they usually have at least three brands), but the entire vitamins department was pretty much wiped out. Strange. ></document>
<document> I suspect you are wrong. RT #USER#: I guess you have no idea how ironic your tweet was. Activist judges, indeed. #HASHTAG# ></document>
<Document> #USER# #USER# It's not about four months. They fought for debt relief and did a full 180 and ruled it out. It's a betrayal, not a delay. ></document>
<Document> #HASHTAG# You use YOUR words to incite #HASHTAG# hatred, hypocrite. RT #USER#: #HASHTAG# #HASHTAG# #HASHTAG# #URL# ></document>
<document> #USER# #USER# You see, if Gov. Andrew Cuomo molesting women was newsworthy, #USER# would have covered it. #URL# ></document>
<Document> #USER# Yes. I am in BK. In MH, subway is the best option 90% of the time, only cycling 🚴‍♀️. ></document>
<document> Don't talk to black women like a monolith. #HASHTAG# RT #USER#: Dear black women, white gays are your allies. #URL# ></document>
<Document> Any Democrats who say Gitmo has historically been used to storing refugees need not know the story. Spoilers: It is NOT a proud chapter for Biden and the US to repeat. Topic: #URL# ></document>
<document> #USER# #USER# Sheep in wolf's clothing or wolf in wolf's clothing are the choices. ></document>
<document> #USER# #USER# Body shaving is normal for competitive swimmers. ></document>
<document> #USER# #USER# #USER# I disagree that two people doing the same job should be paid different wages. This is not equity. ></document>
<document> #USER# It was fairly early on that Warren was working with the same cabal of losers who couldn't get America to choose Hillary Trump over him. Then I saw the train enter the tunnel. ></document>
<Document> #HASHTAG# and #HASHTAG# appearon another national media channel to whine about being silenced by #HASHTAG# people. #URL# ></document>
<Document> Yummy #HASHTAG#! Lecture on "narcissism" by.... RT #USER# Gay narcissism is out of control... #HASHTAG# ></document>
<Document> #USER# #USER# #USER# Despite this, he would not be authorized to arrange the reception of Harry and Meghan. Actions have consequences. There are a million wedding planners out there without this racist baggage in their past and they would be thrilled to do the job. Many of them people of color. ></document>
<Document> #USER# #USER# #USER# Psaki has repeatedly said that the US does not interfere in the governments of other countries. It's a clown show lie. ></document>
<Document> What's up with all those 10 minute rainstorms that NYC has? We never had this Florida weather before. ></document>
<document> This "morally decaying society" has produced the best behaved teenagers of all time. #HASHTAG# #HASHTAG# #HASHTAG# #URL# ></document>
<Document> #USER# I have to choose? I think Bird of Paradise ranks very high in terms of raw beauty. But when I go shopping to decorate my house, a simple bouquet of tulips is my first choice, beautiful and cheering up any room. #URL# ></document>
<Document> #HASHTAG# AG #USER# fears that the US will soon lock down #HASHTAG# like gay bestiality laws did. #HASHTAG# #HASHTAG# #URL# ></document>
<Document> #HASHTAG#: After years of beating up #HASHTAG# people, #HASHTAG# begs #HASHTAG# to save them from gays beating them up. #URL# ></document>
<Document> Tiffany Alston, #HASHTAG#'s main antagonist in #HASHTAG# accused of cheating money for her WEDDING. #HASHTAG# #HASHTAG# #URL# ></document>
<Document> #USER# Agree. Making the meal just a power struggle will only make the bad situation worse. ></document>
<document> #USER# Any plumber my landlord hires is almost guaranteed to do shoddy, leaky work. ></document>
<Document> Radical centrists: "No litmus tests!"

Radical centrists too: “Did you vote for #USER#? Do you have? Do you have? Do you have? Do you have? Do you have? Do you have? I will never vote for someone who betrayed our kween! Only #HASHTAG# cultists deserve elected office!” #URL# ></document>
<document> Do you think the battalion of columnists obsessed with Bernie Bros will now move on to denouncing the rise of #HASHTAG#? #URL# ></document>
<document> #USER# #USER# #USER# #USER# When did Warren chase those people wearing hockey masks? Or is that not worth a challenge? ></document>
<document> #USER# #USER# They say you build muscle in the gym and lose weight in the kitchen. This is my experience too. ></document>
<Document> Why would 7,700 people hate Deniece Williams? Monster. #URL# ></document>
<document> #HASHTAG#. "Liberty" Counsel is among conservative groups in the US that are cheering the incarceration of #HASHTAG# individuals in #HASHTAG#. #HASHTAG# #URL# ></document>
<document> #USER# You won't believe it until someone forwhistleblower. And probably not even then. SMH. 🤦🏻‍♂️ ></document>
<Document> #USER# #USER# She is the real victim here. They're all chasing her simply because she championed JP Morgan and Goldman Sachs. ></document>
<document> Chanel's Karl Lagerfeld is the very last person to board the fashion train for gay weddings. #HASHTAG# #HASHTAG# #URL# #HASHTAG# ></document>
<document> #USER# #USER# I wouldn't brag about teaching my kid greed, but I understand how Americans think it's cool. ></document>
<Document> 3/3 Was Adams' promise to protect voters from violent crime really more compelling than Yang's? Or didn't Adams' extensive government experience just look better compared to Yang's amateurish campaign? (The recent disaster of choosing an untested POTUS may well have been accounted for.) ></document>
<document> #USER# Allows you to pay medical bills with pre-tax money. So it's bloody complicated and your funds don't roll over from year to year. So if you don't spend them... I don't know who gets them, but not you. ></document>
<Document> No greater evidence of how Christians are being "oppressed" than the birthday celebration of Jesus, which begins in October. #HASHTAG# #HASHTAG# ></document>
<document> #USER# #USER# #USER# #USER# #USER# So you're still at war, which is great I'm sure. ></document>
<document> #USER# #USER# #USER# Regardless, an honest day's work deserves an honest reward. ></document>
<document> Ah. Coco throws a tantrum because Detox made her come first in the recording session. Girl, that was the Detox mini-challenge reward: the stacking challenge. Get over it. And why does a drag queen complain about having to perform? Just climb up. #HASHTAG# ></document>
<Document> Max was a picky little gun today 🔫. But damn, he's cute. ></document>
<document> #USER# #USER# This is sad/hilarious compared to how a humble worker can get fired from a $50,000 job for not making enough money ></document>
<document> #USER# #USER# But he also did it 16 months ago. It seems like no mountain of evidence would suffice for the cult of cuomosexuals. ></document>
<Document> #USER# I do not agree. Really widening it to an exercise, what if "economic colonialism fueled humanity's expansion into the solar system?" Battlestar is a lot more of a direct parallel to racism, but has spent a lot less time on economy and class. ></document>
<Document> I bought three new shirts. My new rule is that I now have to throw out three shirts. ></document>
<Document> #USER# #USER# Bernie would have nationalized the Margarita industrial complex. ></document>
<document> #USER# At least we still have the filibuster. Until the GOP abolishes it to keep the Democrats from stopping them. ></document>
<document> Another perfect argument for the legal disenfranchisement of #HASHTAG# citizens. #HASHTAG# Seen at #HASHTAG# #URL# #HASHTAG# ></document>
<document> Tell me you don't understand consent without saying "I don't understand consent." #URL# ></document>
<Document> #USER# #USER# #USER# YesH. This is different. I don't care who they follow. I don't care if they retweet it to me. ></document>
<document> #USER# #USER# Reorder policy? How come? We elected a mass incarceration president and veep like any other election cycle in history. Nothing has changed. Americans love locking people up. Particularly poor and POC. Always have. ></document>
<Document> The same crowd that fears Sharia law is now #HASHTAG# imposing Sharia law on #HASHTAG#. #HASHTAG#. #HASHTAG# #HASHTAG# #URL# ></document>
<document> #USER# Gay NFL players now actually enjoy more protections against discrimination than our soldiers. #HASHTAG# #HASHTAG# #HASHTAG# ></document>
<Document> I guess they think they'll wait for a catastrophic failure and a few hundred people to drown a horrible death before putting any money into it. ></document>
<document> #USER# I have voted for women's suffrage in every election since 1985. It's just annoying to hear I didn't vote hard enough. ></document>
<Document> #USER# Pretty sure an attorney can appear on anyone's behalf in any civil proceeding. ></document>
<Document> Sure. Let's cycle through the tired old dinosaurs until they all die. Or we do. #URL# ></document>
<Document> #USER# #USER# TBF, not entirely unprecedented. There are countless examples of NY BOE acting shady as shit and frustrating all efforts at election transparency and accountability. What varies is how their arrogance is manifested. ></document>
<document> #USER# Ironically, a person who has every right to feel that anger doesn't feel it. #URL# ></document>
<Document> #HASHTAG#: South Carolina Republicans, now collapsing over "attacks on #HASHTAG#," wanted #USER# to be nominated for 2012's #HASHTAG# POTUS. #HASHTAG# ></document>
<document> #USER# #USER# Not only did I live for Bush 43, I never changed my mind about him. I still think he sucked. #URL# ></document>
<Document> .#USER# I'm sure a well thought out policy would make #USER# know #HASHTAG# better than #HASHTAG# people who encounter it on a daily basis. #HASHTAG# ></document>
<document> #USER# #USER# #USER# Do you think 40-year-olds only do shuffleboard, square dance and bridge? ></document>
<document> #USER# #USER# Any idea what made all that money rain from the sky? #URL# ></document>
<Document> #USER# #USER# #USER# There were at least two women who could have testified in support of Anita Hill. At Biden's sole discretion, they were not allowed to appear at the hearings. He hung Hill out to dry. ></document>
<document> #USER# #USER# Don't underestimate how many GI and Iraq deaths a single wherthers can erase from the public's mind. ></document>
<Document> #USER# Yes. I have heard of that. As a New Yorker, I live on a direct path to this hypothetical tsunami, so I think about it sometimes. As far as I know it doesn't even need a volcano as there is a massive sea cliff which is a bit sketchy in terms of integrity and could disappear any day ></document>
<Document> #USER# #USER# #USER# It's not exactually so new. Huge gap between wealthy white suffragettes and the black suffragettes with whom they felt no solidarity. ></document>
<document> #USER# * If the Senate MP gives you permission. #URL# ></document>
<Document> Poor Maxwell is trying to find a comfortable place amidst the Reno chaos. For the last time, you can't check into the Four Seasons, Little Buddy. #URL# ></document>
<Document> #USER# #USER# #USER# #USER# #USER# It seems problematic if we let the people who make the law decide what information is legal to disseminate. ></document>
<document> My point: I think city dwellers should reconsider previous bus biases and try again. After giving up bus travel for 25 years, I've found that sometimes it's a fast, cheap, and convenient option. ></document>
<document> #USER# #USER# Discovery Hill would be great for sledding. ></document>
<document> And black people have been playing since - what? – 100 years only in films? #HASHTAG# #HASHTAG# #USER# #URL# ></document>
<Document> #USER# #USER# #USER# #USER# #USER# Christians build concentration camps for gays in Uganda and Nigeria. #HASHTAG# ></document>
<Document> #HASHTAG#: Mike Mullen gets irritated with Lindsey Graham: "This policy is wrong." Can't you understand, Lindsey? #HASHTAG# #HASHTAG# ></document>
<document> #USER# #USER# I wouldn't say pointless. But not nearly enough. ></document>
<Document> Hm. Kathy Hochul is definitely playing to stay. It could get interesting. #URL# ></document>
<Document> #USER# Maybe. I was thinking maybe of using the pen at the check-in desk. ></document>
<Document> #USER# #USER# #USER# #USER# Congress declares war. They needed someone high in the Senate to collude with or be gullible towards the lies about weapons of mass destruction. They found him in Joe. ></document>
<document> #HASHTAG#: This ad from #USER#, the publisher who accelerated Regnerus' far-right hit job on "#HASHTAG# Parents" #URL# ></document>
<document> #USER# Well, he presented it as UBI, which provided $167 a month, would solve enough homelessness for the city to fund UBI with the savings. #URL# ></document>
<Document> #USER# LOL. Exercise, fresh air, sunshine, enjoying the splendor of nature, plenty of time for conversation without modern distractions, a picnic! What monster would inflict such terror on a woman? ></document>
<Document> .#USER# A shining example of conscientiously ethical journalism in the South. #HASHTAG# #URL# #HASHTAG# #URL# ></document>
<Document> What fascinates me is that raping children is euphemistically called "doing something" when powerful, rich white men are doing it. Why? #URL# ></document>
<Document> #USER# #USER# #USER# It took 20 years to admit defeat in Afghanistan. Where was that persistence on green energy? ></document>
<Document> #USER# I lived in another building, my boyfriend swore it was haunted, and I saw paranormal activity once. A force once spontaneously moved a bowl over my coffee table. ></document>
be <document>because the #HASHTAG# church always gives in to gays. #HASHTAG# #USER# #USER# #USER# #USER# ></document>
<Document> #USER# So does my minister. Wonder if he knew he was molding me into a cynical AF? ></document>
<Document> #USER# OWS activism has not really fundamentally changed the status quo. Here in NYC they only escalated to the level of annoyance and eye distress. If they had taken turns shutting down the NYSE, they might have had leverage for demands. ></document>
<document> Apparently max is a fan of Nordic Noir. I've never seen him on TV. #URL# ></document>
<document> Straight people will stop posting essays telling gay people what to say and do. #URL# ></document>
<Document> A Catholic African condemns me as an imperialist. #HASHTAG# ></document>
<document> #USER# Max and Corvie both did the chin test. I think it helps the smooth-faced animals breathe. Poor creatures. ></document>
<document> #USER# He doesn't have time to read customized menus. ></document>
<Document> #USER# #USER# I didn't have Covid. Or even a cold for ages. I never really get colds or the flu. I can't remember the last time I was sick. ></document>
<document> #USER# I don't think there's any way to stop people from wearing it. do you mean transfer it ></document>
<document> Have you ever looked at a travelogue in your local library or school auditorium? Do you even know what a travelogue is? ></document>
<Document> If Dog The Bounty Hunter finds Brian Laundrie first, President Biden must appoint him to replace #USER# director Christopher Wray. #URL# ></document>
<Document> Biden governs as a conservative and objectively largely unpopular. So why are the Democrats convinced that a move to the right towards Manchin will improve his political standing and that of the party? #URL# ></document>
<Document> #USER# Pretty woman. Romy and Michelle. Muriel's wedding. Foreigner. Extraterrestrial. terminator Terminator 2. This is the end. All about Eve. Screw every Hollywood exec who says women can't wear a movie. ></document>
<document> #USER# #USER# Maybe feminism doesn't have to mean that women behave as cruelly as men? Just a thought. ></document>
<document> Correct. I used to lose jobs. I'm not still whining about it 6 years later. #URL# ></document>
<document> #USER# #USER# How do you win the hearts and minds of Afghans? Do you think the mass killing of civilians has any counterproductive effects? ></document>
<document> #USER# I use the MapMyWalk and MapMyRide apps. They are fine. I don't ask much of them. ></document>
<document> #USER# Migraines hold up better than most other Generation Xs. #URL# ></document>
<Document> Lindsey Graham wants gay military civil rights suspended in referendum. #HASHTAG# #HASHTAG# #HASHTAG# ></document>
<Document> #USER# It's great. S3 should fall soon. 🤞🏼 ></Document>
<document> sage green. Better but still meh. #URL# ></document>
<Document> #USER# #USER# #USER# Ah yes. The strictly worded letter FTW. ></document>
<document> #USER# #USER# My mother was always kind of the opposite. When I was serving the tables and she came in, she would tell me not to hang around the table or treat her in any special way. Even though my manager said, "Sure. Give your mom a free dessert. I'm so glad to see you." ></Document>
<document> #USER# Glad to see you back on my timeline. I hope you are being cared for and healed as best as I can. Her absence is understandable, but the presence was missed. #HASHTAG# ></document>
<Document> #HASHTAG# Tolerant, freedom-loving conservatives call for boycott of #USER#'s #USER#. #URL# #HASHTAG# ></document>
<Document> #USER# #USER# I know that. It is still very difficult for me to imagine that someone could serve in the US military for years and not learn a single word of English. ></document>
<document> The Cooch (#USER#) is definitely going down in the #HASHTAG# race. Which actually is #HASHTAG#. #HASHTAG# ></document>
<document> #USER# #USER# "Is a separate permit required to sugar the fleet's gas tanks or is it included?" ></document>
<document> #USER# #USER# Will not handle large sums of money at all. I'll have a small budget that I can use to approve company expenses, but I won't even be the one to cut checks. Only approve invoices for funding. ></document>
<Document> People who weren't paying attention when the Vax was first explained now believe that they would have been able to implement a flawless public health response if only they were in charge. ></document>
<Document> #USER# #USER# #USER# #USER# #USER# It's volcel, dummy. ></document>
<Document> .#USER# Yes. This week I am fully convinced that #HASHTAG# cops are not prone to using excessive force. #HASHTAG# ></document>
<document> #USER# It doesn't say jump to 45. I don't see any disadvantage of the blue pill for me. ></document>
<document> #USER# In Metamucil's defense, I think the fibrous substance that makes up the bulk of the product is inherently very resistant to dissolving. Hence lumps. It works by absorbing water; dissolving in it would ruin the benefits of ingestion. ></document>
<document> #USER# #USER# And a promise to fix ACA and raise the minimum wage. ></document>
<Document> #HASHTAG# provides legal precedent for Muslim women to claim that their #HASHTAG# has been violated. #HASHTAG# #HASHTAG# #URL# ></document>
<Document> Aside from taking over the Oval Office, VEEP has no single area of ​​responsibility specified in the Constitution. Still, they couldn't take the job another day. #URL# ></document>
<document> #USER# If I hadn't still had my windows open I wouldn't have needed the space heater. This building, crumbling after 100 years of use, has some very thick, well-insulated walls. They don't build them like that anymore. ></document>
<document> Has anyone figured out #HASHTAG# that the "free speech" conservative martyr #USER# actually refused to speak? #HASHTAG##HASHTAG# ></document>
<document> A Twitter search for "National Organization for Marriage" returns a promoted post for "Doomsday Preppers" #HASHTAG# #HASHTAG# #URL# ></document>
<Document> See how much children suffer from #HASHTAG# parents. #HASHTAG# #HASHTAG# #USER# #URL# ></document>
<document> #USER# #USER# Looney Tumes also supports the existence of ET lives. #URL# ></document>
<document> #USER# I would certainly be skeptical of promises related to "till death do us part". Seems like she's taking the vow pretty lightly. ></document>
<document> #USER# #USER# We have ignored the genocide in Yemen for years. 🤷‍♂️ ></Document>
<Document> I was just asking a colleague, "So, do you have a Photoshop job for me?" and heard it in #USER#'s lead voice. #URL# ></document>
<document> #USER# #USER# My grandmother does. Not my parents. Although we collected them for Gramma. ></document>
<Document> In case you were curious, New York State's water reservoirs are above normal capacity. Not by a large margin, but against the trend. #URL# ></document>
<document> #USER# I don't remember doing it, but I got a bump the size of a lemon. That's good. Just horrible to look at. ></document>
<document> #USER# #USER# #USER# I'm pretty sure the operating theory at DNC ​​is: "Popularity is for the unwashed masses and must be thwarted at all costs." #URL# ></document>
<Document> I think I'm done buying expensive wool rugs. Nylon/synthetics are soft, stain-resistant, abrasion-resistant, and cheap enough to throw away when you get bored. ></document>
<Document> Maxwell Morris looks so cute sitting in his little chair. #URL# ></document>
<Document> Former #HASHTAG# Chairman Michael Steele argues to #USER# that the Supreme Court should keep #HASHTAG# #HASHTAG# as a state matter. #HASHTAG# ></document>
<Document> #USER# Oh no. I forgot to condemn the new variant. am i fired ></document>
<document> .#USER# The #HASHTAG# People US Christians like #USER# travel to #HASHTAG# to torment seek asylum in the US. #HASHTAG# #URL# ></document>
<document> #USER# #USER# This is a very articulate and specific criticism of past Biden administration policies. 👇🏾 One of the worst traits of liberalism is the arrogance of assuming that anyone who disagrees is just too stupid to understand real issues. #URL# ></document>
<document> #USER# #USER# It seems silly to assume I'm invulnerable. I'm probably human. ></document>
<document> #USER# #USER# #USER# Under America's capitalist healthcare system, do you think people don't wait hours in emergency rooms? Really? Have you never been to an American emergency room? ></document>
<document> #USER# #USER# Tories need to eat their cake and keep it too. Publicly opposed to Brexit, but ultimately lauded for successfully (?) pulling it through. ></document>
<document> I'm glad #HASHTAG# is getting a second season. Really enjoy. Carrie Coons is wonderful. #URL# ></document>
<Document> After #HASHTAG# lost the Indiana Legislature, #USER# is considering an appealactivist judges. #HASHTAG# #HASHTAG# #URL# ></document>
<document> #USER# #USER# No one in this thread has been raising hard earned money from people to run for office. People who don't know how to turn laws into laws shouldn't be elected to office. ></document>
<Document> #USER# The rich will not save us. Might as well plan thoughts and prayer. ></document>
<document> It's not too late to join the #HASHTAG#. Also, no one cares about late birthday presents. #URL# ></document>
<Document> Gays are becoming "increasingly intolerant," says #HASHTAG# pastor who calls for locking up all gays. #HASHTAG# #HASHTAG# #HASHTAG# #URL# #USER# ></document>
<Document> #USER# #USER# #USER# I mean I was right. Five people had to get out. 🤷‍♂️ ></Document>
<Document> #USER# In your professional capacity, didn't you convince the world that Saddam Hussein had weapons of mass destruction? A waste of trillions of dollars and a million lives? ></document>
<Document> Fossil fuels are particularly efficient at ruining the earth, destroying land, sea and air at the same time. #URL# ></document>
<document> #USER# Over 50. Historically, a demographic known for being open to the ideas of the young. (Say this as 50-something.) ></document>
<document> #USER# #USER# I'm very angry with Max for not even sending a single banker into the big house in 2009. #URL# ></document>
<document> #USER# Thank god we're not being indoctrinated like the North Koreans. ></document>
<document> #USER# #USER# #USER# When Harris announced for the presidency that she was front runner and the press couldn't print enough flattering articles about her. When she got out, she was fifth in her home state, behind Andrew Yang. ></document>
<document> #USER# #USER# #USER# #USER# The current right of way policy is not even respected. Cycle paths are used as parking spaces everywhere in the city, also and especially by police officers. Cycle lanes are often treated by pedestrians as mere sidewalk extensions. ></document>
<Document> #HASHTAG# Conservatives launch sweeping media campaign to lament being silenced. #HASHTAG# #HASHTAG# #HASHTAG# ></document>
<document> #USER# #USER# #USER# Oddly enough, however, the WSJ headline does not read: "Employers offering permanent work from home may find they have their pick of top candidates, as 76% of workers fear a return to the office." ></Document>
<document> Have any of you ever used black garlic? I bought some from TJ but have no idea how to use them. ></document>
<document> #USER# #USER# #USER# It wasn't even 50 years ago when my patents got married. #URL# ></document>
<document> #USER# #USER# Only the electoral calculation is important. The wrong Federal Reserve commissioner can break an administration. ></document>
<Document> #USER# #USER# #USER# I think whether she "got away with it" as the OP says is subjective. ></document>
<Document> The #HASHTAG# train appears to be telegraphing that gays must LOSE a Circuit Court appeal to get #HASHTAG# in the High Court. #HASHTAG# #HASHTAG# ></document>
<Document> These Texans just stopped by to pay their respects to the fallen heroes of 9/11 on the anniversary and to attack the relief workers on the ground. #URL# ></document>
<document> #USER# What is "an overheated economy"? What does that mean? Are jobs melting? ></document>

</author>