
	
		<document> #USER# WB women voted bit early for TMC and forfeited their right to earn free Rs.5000. ></document>
		<document> #USER# So what? The christianity that was in kerala was non-aggressive but new christianity post protugese/british arrival is invasive and harmful. ></document>
		<document> #USER# Same people beg Modi to save them in Pakistan and Afghanistan. ></document>
		<document> This is how Woke Western media in love with Islamists should have report terror attack on Jews in Texas. #URL# ></document>
		<document> #USER# I think all this BulliBai and SulliDeal are done by Congressis and proxies so that muslim women who came in support of Modi after anti-Triple Talaq legislation move away from BJP and vote for Congress and proxies. ></document>
		<document> #USER# Just waiting for the day when Tikait brothers will join Azam Khan in jail. ></document>
		<document> #USER# I agree but why did govt. give him Padam Bhushan? ></document>
		<document> #USER# What do you expect from a man who was named Tunku by his parents? Even they did not want to waste time on him. ></document>
		<document> #USER# Good that you chose to quote Netaji. He was also against Islamic communalism that triggered Hindu communalism. Islamists always have first right to communalism. Others just react. ></document>
		<document> #USER# Besides this SP has given ticket to Taukeer Raza (rioter) who threatened Hindus with genocide. ></document>
		<document> #USER# Gandhi can only be saved by bans and violence against truth. ></document>
		<document> #USER# Vinod Dua is part of my early political awakening when he and Pranoy Roy covered Indian elections in 1984. Later I realized that he had Bhakti towards Nehru-Gandhis but that doesn't mean that I have to hate him. I simply stopped watching him. RIP ></document>
		<document> #USER# Ola and Uber getting bad name for nothing ></document>
		<document> #USER# UPA days were most dreadful.. Inflation was sky high..add to that scams..and on top of that weekly bombing of Indian cities. It was most horrible time for India. ></document>
		<document> #USER# The way it is going, radical Islam won't survive in next 25 years. ></document>
		<document> #USER# #USER# #USER# #USER# Basically calling their own Nabi violent. This Maulana should be punished for Blasphemy as per Islam. ></document>
		<document> #USER# And sticking to 6th century text literally is very progressive indeed? ></document>
		<document> #USER# #USER# China has enough money to buy morality of west and the east. ></document>
		<document> #USER# #USER# #USER# #USER# #USER# #USER# #USER# first arrest all these people and send them to jails in UP. ></document>
		<document> #USER# Goa is still free of Bangladeshis so you have no chance. ></document>
		<document> #USER# Modi has class and Pidi journos &amp; their masters are crass. ></document>
		<document> #USER# There is no hope for justice in Congress ruled states because Paltoo media keeps giving Congress ruled state govt. covering fire. The paltoo media's outrage is always selective. ></document>
		<document> #USER# At the earliest she needs to be in Tihar for supporting extremist Islamists in their call for violence against Hindus. ></document>
		<document> #USER# #USER# Mast joke maara. Pretty sure he will come back in BJP post 2022 election. Bina Malai ke roti nahi digest hoti ></document>
		<document> #USER# Ukraine has never been pro-India. Just look at its record. ></document>
		<document> #USER# Actually for FB and Twitter, Hindus don't matter as India is the lone country that will raise issues of Hindus whereas issues of muslims are raised by 56 Islamic nations + wokes in all other nation backed by Islamists in those countries. ></document>
		<document> #USER# Lynching is bad but some religions actually support it save honor of religion and its prophet. ></document>
		<document> #USER# Russia is now basically a junior ally of China and is tying down US and its allies in Ukraine so that China can have window to invade Taiwan and capture it. ></document>
		<document> #USER# Didn't ur ancestors comes from Afghanistan, home of Taliban? Ab apne karma bhogo ></document>
		<document> #USER# #USER# #USER# What if China gobbled up Pakistan like Tibet? ></document>
		<document> #USER# I was banned again and again for 2 years in 1 month interval on FB. Someone in FB definitely had strong love for Islam and China. ></document>
		<document> #USER# No one should forget that approx. 95% of muslims living in current Indian borders voted for Muslim league and demand of Pakistan in 1946. BTW majority stayed back in India post partition. 100% unadulterated truth. ></document>
		<document> #USER# I always wonder why Nehru let go Kartarpur ></document>
		<document> #USER# nnIslamists have made hindus refugees within India. #URL# ></document>
		<document> #USER# #USER# #USER# Muslims exploit caste divisions in Hinduism whereas muslims following same caste order remain united. ></document>
		<document> #USER# That terrorist who hoisted a flag on Lal Qila ></document>
		<document> #USER# IAMC spreads hatred against India and Hindus in US. It openly works with Pakistani associations. ></document>
		<document> #USER# In few days NDTV will call it anti-muslim step and you will be doing a show to further that propaganda. ></document>
		<document> #USER# Political question being asked to kids just to push same old anti-Modi agenda. ></document>
		<document> #USER# Commies supported Islamists during Moplah riots. Then they supported partition. However Pakistan banned communism. These commies still have same old agenda. ></document>
		<document> #USER# #USER# I think we should not mimic Islamists. We are better off without so much of religion in our daily lives. ></document>
		<document> #USER# KSA moves away from Radical Islam and Indian Radical Islamists move away from KSA. ></document>
		<document> #USER# Indian missionaries are hell bent on declaring Jesus a Hindu and Christianity a sect of Hinduism. ></document>
		<document> #USER# #USER# Rare step by Congress govt. I hope Islamists will not destroy this memorial as they did in Mumbai. ></document>
		<document> #USER# Modi kept mum in WB. Now same script is being followed in Punjab. ></document>
		<document> #USER# Rajasthan and congress-opposition ruled states top the charts ></document>
		<document> Peaceful Indian muslims declaring Jihad #URL# ></document>
		<document> #USER# Tikait has taken money from opposition to divide Hindus in western UP. He has been able to fool many Jats. Now it is up to common sense of Hindus to understand Puppet Tikait's game. ></document>
		<document> Indian journo taking words of NYT as word of God. #URL# ></document>
		<document> #USER# Audrey Truschke seems to be a Tucchi troll rather than a Professor. What a low life!!! ></document>
		<document> #USER# I understand their ideology in an out. For them we are worse Kafirs than Shia and Ahmediyyas. ></document>
		<document> #USER# #USER# #USER# #USER# Get your facts right and not get fooled by Islamists embedded in media. ></document>
		<document> #USER# Odisha: MissionariesnDelhi: KhalistanisnPunjab: KhalistanisnJ&amp;K: IslamistsnnAll backed by Congress ></document>
		<document> #USER# So pakistan wants terrorist friendly govt. in India? ></document>
		<document> #USER# Pakistanis are feared in Norway. Perfect place to talk about human rights of Islamists. ></document>
		<document> #USER# Paltoo media ignores crimes of Congress all the time. ></document>
		<document> #USER# Islamists with the help of leftists control narrative all over the world US included. ></document>
		<document> #USER# Sikh in 1947 knew exactly how to deal with Islamists in Punjab. Ye joota khaa kar hee sidhe hote hein ></document>
		<document> #USER# Big talk...nothing happens to Islamists ></document>
		<document> #USER# These so called modern muslims have been highly radicalized due to Zahil Naik's venomous videos. ></document>
		<document> #USER# His two sentences are beyond me-
Jab Allah se deedar hoga - According to Islam Allah as no form
Allah se poochna - Aren't you suppose to talk to Allah thru Mohammad?

Yeh chal kya raha hai..Everyone has their own interpretation. ></document>
		<document> Mamta Bannerjee and Opposition ka khelo hobe in 2024.. Mamta can win election in WB thru imported voters but not across India

'Khela Hobe' in 2024; BJP will be defeated across India: Mamata Banerjee #URL# ></document>
		<document> #USER# Modi think that if he plays by rules, he will be able to win support of leftists and Islamists. Not going to happen but in this attempt to woo opposite side, Modi will lose support of his core vote bank. ></document>
		<document> #USER# Music is haram in Islam. They are just following fundamentals of Islam. ></document>
		<document> #USER# How dare they? These people deserve death for murdering a person who stated truth. ></document>
		<document> Extremist Maulana openly threatening TV anchor with violence. Western media will never notice this. #USER# #USER# #URL# ></document>
		<document> #USER# Islamists have learnt the art of throwing terrorism allegation on everyone who points out blatant support for Islamic terrorism in their community. It is like a thief when caught starts calling others thieves. ></document>
		<document> #USER# A country with 200 million muslims and close to 500,000 mosque is unsafe for muslims? There is something seriously wrong with people compiling this list. ></document>
		<document> #USER# #USER# Well said. Both are client states of China ></document>
		<document> #USER# 70 years of patronage deserves dog like loyalty ></document>
		<document> #USER# #USER# This is the difference between Congress and BJP. 

Congress is always worried about its Pidis whereas BJP only cares about winning elections. ></document>
		<document> #USER# #USER# Why no action against habitual fake news peddler like Zubair? Why is MHA sleeping? ></document>
		<document> #USER# Feel sad for Dimple that she is married to an absolute nut. ></document>
		<document> #USER# BJP found another partner TMC for its project Congress Mukt Bharat. ></document>
		<document> #USER# Bal Thackrey must have kicked Raut ass really hard. ></document>
		<document> #USER# Sonia and liberal? It's like saying Rahul Gandhi and Truth. ></document>
		<document> #USER# No one has yet claimed that it is Kaaba on moon. 😂😂😂 ></document>
		<document> #USER# #USER# Saba Naqvi is hardly a journalist but a full time propagandist. Ab to iski bakwaas stale ho gayi hai ></document>
		<document> #USER# This coming from a party who has destroyed India in its 60 years of rule. ></document>
		<document> Wokes calling it an achievement

Michigan City Is First in the Nation to Be Led by All-Muslim Government: 'Historic Achievement' #URL# via #USER# ></document>
		<document> #USER# A huge insult to real doctors. Can not pardon Anand Rangnathan for this 😉😉😉 ></document>
		<document> Gems from peace loving Islamist politicians #URL# ></document>
		<document> #USER# The whole purpose behind forming MVA was to loot Maharashtra totally ></document>
		<document> #USER# This was just a dry run by extremists backed by Punjab Congress govt. #USER#  needs to take notice. ></document>
		<document> #USER# Peshwas provided protection to Mughals and saved them from outsiders. ></document>
		<document> Ex-Imperialists have their own laws and give shit to International laws. Shamelessness at its extreme #URL# ></document>
		<document> #USER# It is so strange that foreign corporates are worshipped in India but Indian corporates get only abuses. ></document>
		<document> #USER# No, it was a successful dry run. Don't gloat. They succeeded. Modi-Shah need to act swiftly. ></document>
		<document> #USER# Arfa Khanum is a propagandist fit to be ignored. ></document>
		<document> #USER# #USER# I always wonder why Buddhists did not react when Bamiyan Buddhas were destroyed and hail by most peacefuls. ></document>
		<document> #USER# Also the one who puts his tail between the legs in pakistan-afghanistan and keeps mum on the plight of sikhs in these countries. ></document>
		<document> Terror has no religion but its face always looks like this #URL# ></document>
		<document> #USER# Check how Islamists treat dalits in Pakistan and BD. They did not allow dalits to migrate to India because they didn't know who will clean their toilets. BTW read about Jogendranath Mandal. ></document>
		<document> #USER# For Rana Ayyub, lives of Indians never mattered. She is hardcore radical Islamists who has started hating Saudi Arabia because its ruler has decided to de-radicalize his country. ></document>
		<document> #USER# Only muslims in Indian sub-continent follow strict casteism. You said you are going to free people from caste but promise made by Islamists was never kept. ></document>
		<document> #USER# #USER# Pure BS. It has been established that it came from China. Now the only question is whether it was intentional or not. ></document>
		<document> #USER# Gandhi is a stone that has been tied to neck of every Indian by West. Get rid of Gandhi and you get rid of western imperialism. ></document>
		<document> #USER# Islamists ne already "Islamophobia Islamophobia" rona shuru kar diya hai ></document>
		<document> #USER# Twitter has been shamelessly pro-violence by supporting communists and islamists. ></document>
		<document> #USER# Nehru sold Aksai-Chin to China shamelessly ></document>
		<document> #USER# This happens when laws is applied selectively. Aur Vishwas Jeeto ></document>
		<document> #USER# #USER# #USER# #USER# #USER# #USER# #USER# That's a good thought but Dalai Lama himself has diluted his stand on Tibetan Independence. He will be happy to join Communist China as long as it allows Tibetans religious freedom. BTW then he will support Chinese stand on Aksai Chin and Arunachal. ></document>
		<document> #USER# Now he can join Congress, local shop of Communist China ></document>
		<document> #USER# Govt. office ki timepass bakchodi ></document>
		<document> #USER# Propagandist like Arfa, Ravish, Barkha etc. are as important as Yes-Man like Chaudhary, Devgan etc. in a messy democracy like India where people still suffer from acute inferiority complex. ></document>
		<document> #USER# #USER# #USER# #USER# My Childhood playground had a ditch where water used to fill up in rainy season. Now on google, it shows some sadakchaap Dargah. Har jagah dargah kahan se aa jaati hein ></document>
		<document> #USER# All three jokers surrounding Mamta are Islamic supremacists. ></document>
		<document> #USER# In WB, intellectual bengali babus put files on the ground and sleep on the table. ></document>
		<document> #USER# Why is this pig standing on his legs? Shame on Gujarat Police ></document>
		<document> #USER# Let us know when you encounter an alien ></document>
		<document> #USER# Western journalists suffer from visceral hatred for Indians. ></document>
		<document> #USER# Churchill is guilty for causing Bengal famine which was basically a genocide. But these racist colonial superracists just gloss over this fact. ></document>
		<document> #USER# #USER# I am asking how Jinnah was able to annex some princely states for Pakistan. ></document>
		<document> #USER# Is Pakistan calling BJP govt. anti-terrorists? ></document>
		<document> #USER# #USER# But when referring to Mao or Xi, it prefixes them with Chairman. ></document>
		<document> #USER# During Anti-CAA riots, most rioters were brought from Kerala into Delhi. ></document>
		<document> #USER# Shiv Sena's reactions are usually petty. They deserve Congress-TMC-NCP as their partners. ></document>
		<document> #USER# #USER# This narrative is pushed very subtly thru bollywoodiya dialogues. ></document>
		<document> #USER# This is true face of Congress. All those who vote for this party are either naive or criminal. ></document>
		<document> Add to that Corruption, Criminality, Communalism and Casteism. #URL# ></document>
		<document> #USER# I like few aspects of Gandhi but don't support his lot of irrational thoughts and behavior. As religion can not be imposed on anyone, please don't impose Gandhi on people. ></document>
		<document> #USER# Manmohan was the most honest PM that we ever had except that under his watch India had biggest scam. ></document>
		<document> #USER# #USER# #USER# Sorry to say but Bengalis hide lot of things behind fake secularism and intellectualism. ></document>
		<document> #USER# I am secular when it comes to food. Sarvbhojan nirpeksha ></document>
		<document> #USER# #USER# Why is Union govt. so soft on FB and Twitter that support violence in India? ></document>
		<document> #USER# We have seen Rahul Gandhi lying repeatedly. Now Congressis are following his footsteps. ></document>
		<document> #USER# You are very desperate. It is clear from your tweet that as an IAS officer you worked more like political worker. Anyway keep your hate on. ></document>
		<document> #USER# There was a video of some dumbos marching towards Israel on horseback in some Pakistani cities. ></document>
		<document> #USER# You can't do anything to Arfa, Rana Ayyub etc. who spew fake news and hatred day in day out. You arrested Wasim Rizvi but did not touch douchebag Tauqir Raza. ></document>
		<document> #USER# Actually all self-respecting Shiv Sena workers should leave Shiv Sena that is dancing to the tunes of Pawar and Sonia. They should not commit the sin of betraying Bal Thackrey. ></document>
		<document> #USER# Islam is religion of peace
Missionaries serve people
Nehru liked Children
Gandhi was apostle of peace
Rajiv Gandhi was Bharat Ratna
Sonia Gandhi served India
Rahul Gandhi is fit to be leader of Congress
Pappi can make a difference in UP
Owaisi is dignified ></document>
		<document> Maximum violence is committed by two abahamic religion followers on Jews and people from Dharmic faiths i.e. Hindus, Buddhists, Sikhs and eastern religions. #URL# ></document>
		<document> #USER# Raghuram Rajan has acted more like a Paltoo than professional. ></document>
		<document> #USER# Let us get away from British imperialism. Plain and simple ></document>
		<document> #USER# And Kerala continues to contribute 50% of these cases daily...This is the Kerala Model that commie journos like Ravish were promoting. ></document>
		<document> Such lies. Facebook is being misused by Islamists who are dehumanizing non-muslims daily and getting them banned by biased FB.nnFacebook stalling report on human rights impact in India, allege whistleblowers #URL# via #USER# ></document>
		<document> #USER# Brahmins are not so innocent. There are many instances where they did not let even Kings do their duty. The son of Peshwa Baji Rao and Mastani was not accepted as Hindu and was raised as muslim. The Nawab of Banda Khandaan comes from same son Bahadur Shah. ></document>
		<document> Greatest day in the history of Indian Aviation. Finally Air India is in the hands of original owner. #URL# ></document>
		<document> #USER# Please raise the issue of 1971 Hindu genocide and why it continues in free Bangladesh? ></document>
		<document> #USER# Congress is an expert in making chootiya of everyone. Two prime examples are Khalistanis and Islamists. Now they are trying to fool girls in UP. ></document>
		<document> #USER# Urdu actually represents Indian muslims. Urdu has no grammar of its own so it uses Hindi grammar. Urdu borrowed words from Turkish, Persian, arabic to look foreign language. ></document>
		<document> #USER# #USER# #USER# I have many statements of Nehru praising China when it occupied Aksai Chin in 1959. Modi has not spoken but on LAC forces have been given full powers to respond. ></document>
		<document> #USER# No hate but disgust. Almost everyone who is corrupt and hypocrite. I hope Modi remains out of this list forever. ></document>
		<document> #USER# #USER# Surprised to see negative article on China in western media. ></document>
		<document> #USER# Since when NYT has become epitome of truth. It once praised Hitler and Nazis. ></document>
		<document> #USER# #USER# Birthday wishes mein bhi politics ></document>
		<document> #USER# Islamist from Hyderabad India threatening Hindus with genocide. BTW this happened before so called bigot Hindus talked of reactionary violence.
#URL# ></document>
		<document> #USER# When will Tibetan genocide be recognized? Do rights of Buddhists matter? ></document>
		<document> #USER# #USER# This Salman Nizami was found to be supporting terrorism against India. Ye kab se fauji ke liye roney laga ></document>
		<document> #USER# Some people get sympathies for their parent and imposed as PM on country. This is nothing. ></document>
		<document> #USER# #USER# #USER# There is no doubt we lost to refugees who betrayed us. And then they converted locals and we have people like you now. ></document>
		<document> #USER# Yogi has task cut out for him post 2022 win. Take care of Tikaits ></document>
		<document> #USER# #USER# Owaisi's father was chamcha of Kasim Rizvi. When Kasim Rizvi was packed off to Pakistan, he handed over MIM to Owaisi's father. Why did Congress govts. allow parties like MIM and Muslim league exist after partition? ></document>
		<document> #USER# But who will block biggest pro-pakistani pro-chinese outlet Congress? ></document>
		<document> #USER# That is really one very big drawback of  atheism 😂😂😂 ></document>
		<document> #USER# This guy needs do do community service for 90 hours in Army Cantt sweeping roads. ></document>
		<document> #USER# I hate taliban for what they did to minorities but wish them luck against Pakistan. ></document>
		<document> #USER# One sadakchaap converted mullah was recently accusing Prince Salman of not being good muslim. ></document>
		<document> Irrational views are Gandhis that are forced on Hindus by West and Islamists #URL# ></document>
		<document> #USER# #USER# #USER# Then stop lecturing hindus if you have rejected hinduism. ></document>
		<document> 100% Truth. Muslim commies who supported Pakistan movement. Those who stayed back in India remained commies and those who migrated to Pakistan became ardent Islamists. #URL# ></document>
		<document> #USER# I see same from the sides of muslims. In fact their holy book asks them to hate non-believers. Go and look at videos of your hero Zakir Naik. These Hindus are just aping Islamists. ></document>
		<document> #USER# Hindus should learn from Islamists how to remain committed to ideology. ></document>
		<document> Dozens of article on Haridwar Dharma Sansad but not one on Owaisi and Tauqir Raza.

Hindu extremists in India escalate rhetoric with calls to kill Muslims #URL# via #USER# ></document>
		<document> #USER# This Maulana should be shown that video non-stop 24/7 for at least 15 days. ></document>
		<document> #USER# For the first time, Mamta spoke truth and she is being called mad by Adhir Ranjan (Darbari). ></document>
		<document> #USER# #USER# West has been denying genocide of Tibetan Buddhists for decades. Now they are not able to deny genocide of Muslims because life of buddhists is cheap as compared to muslims. ></document>
		<document> #USER# UK is a third rate power and should just keep shut. ></document>
		<document> #USER# Priyanka Vadra feels emboldened because she knows that Modi will never send her husband to jail. ></document>
		<document> #USER# Those from UP know that SP govt. is basically govt. of Goondas ></document>
		<document> #USER# #USER# #USER# #USER# Bal Thackrey created Shiv Sena. Uddhav turned that to Sonia Sena and inducted biggest chamchi of Sonia as VP. ></document>
		<document> #USER# What about those who died because of blockade by so-called farmers? What about the Mazhabi Sikh guy who was tortured to death by Nihangs? This selective outrage is the reason that no one gets justice these days. ></document>
		<document> #USER# In Islaaam, breaking idols and religious places of others is Sunnat. ></document>
		<document> #USER# US needs to take care of its own human rights first. ></document>
		<document> #USER# Britain is anyway third rate power emasculated by Islamists. ></document>
		<document> #USER# China knows that Commies-Congress-Islamists are with it. They will amplify chinese propaganda in India. ></document>
		<document> #USER# I don't know why Modi is so desperate to get validation from left and Islamists. Bhaiyya ye kaunsa master stroke hai. When did left-congis-islamists ever honor RSS people? ></document>
		<document> #USER# Pretty sure Arfa got job in Rajya Sabha TV because of Hamid Ansari. ></document>
		<document> #USER# I really feel bad for Amitabh Bachchan. ></document>
		<document> #USER# But Sri Lankan Rajpaksha dynasty will only play in the lap of Xi. ></document>
		<document> #USER# Manmohan destroyed dignity of Prime Minister's office so this should be expected from Congress Chief Minister. ></document>
		<document> #USER# Modi govt. expected its supporters to take care of road blockade during Shaheen Bagh and then farmer protest. Supporters have voted Modi for taking care of such issue. ></document>
		<document> #USER# I initially thought you were Twinkle Khanna. Couldn't believe my eyes. Then reality dawned on me ></document>
		<document> #USER# #USER# Nehru called himself last British PM of India. Basically a lifelong loyal servant of Mountbatten. ></document>
		<document> #USER# Extreme appeasement of muslims and christians during UPA rule which resulted in large scale VISIBLE conversion to Christianity in Andhra Pradesh and many other states. Now Hindus are fed up and speaking up. ></document>
		<document> #USER# Did you report Owaisi, Taukeer and thousands of Islamists who threaten genocide of hindus on daily basis? ></document>
		<document> #USER# In last 1000 years, Hindus has perfected the art of appeasing violent invaders just to survive. They forget that we are no more under rule of invaders. ></document>
		<document> #USER# With this Bill, Kafirophobia has become approved behavior. ></document>
		<document> #USER# I have to agree with this. Zakir Naik is also doing same but why is he getting massive support from Congress-Commies-Islamists? ></document>
		<document> #USER# I will say vote any party other than Congress. It is criminal to vote for Congress party that has become a tool in the hand of Pakistan and China. ></document>
		<document> #USER# A big slap on the face of commies-islamists. This is real hindutva. ></document>
		<document> Germany jails Islamic State member for life over role in Yazidi genocide #URL# via #USER# ></document>
		<document> #USER# #USER# #USER# #USER# Does this so-called BJP IT cell really exist? If it was then you will se consolidated narrative from them. ></document>
		<document> #USER# Sikhs during 1947 were not fools and chose India wisely. A Pakistani friend of mine told me that Pakistanis hate Sikhs more than Hindus because Sikhs killed lot of muslims during partition. ></document>
		<document> #USER# Arfa means that Muslims are making India unsafe for Muslims by their acts. Read between the lines. ></document>
		<document> #USER# #USER# Elon Musk seems to have all the qualities of a politician just like Mark Jokerberg and Jack Dorsey. ></document>
		<document> #USER# There is an army of peaceful journalists backed by fiberal leftists woke journalists in media who prop each other up and live in an echo chamber. ></document>
		<document> #USER# Islamists in London have carved out Sharia zones. Have seen videos of them beating british girls wearing western dresses. ></document>
		<document> #USER# With the repeal of farm laws, SKM activists have ensure 50 more years of poverty for Indian farmers. ></document>
		<document> Congress provided full Security to Pakistan and its non-state players post 26/11 attack #URL# ></document>
	
</author><document> #USER# WB women voted a little early for TMC and lost the right to earn Rs.5000 for free. >></document>
<document> #USER# So what? The Christianity that was in Kerala was not aggressive but the new post protugese/British Christianity is invasive and harmful. >></document>
<document> #USER# The same people beg Modi to save them in Pakistan and Afghanistan. >></document>
<document> Here's how Islamist-loving Western media Woke should have reported the terrorist attack on Jews in Texas. #URL# </document>
<document> #USER# I think all this BulliBai and SulliDeal is done by Congressis and delegates so that muslim women who came in support of Modi after anti-Triple Talaq legislation walk away from BJP and vote for Congress and delegates . >></document>
<document> #USER# I'm just waiting for the day when the Tikait brothers will join Azam Khan in prison. >></document>
<document> #USER# I agree, but why the government. give him Padam Bhushan? >></document>
<document> #USER# What do you expect from a man named Tunku by his parents? They didn't want to waste time with him either. >></document>
<document> #USER# Good that you chose to quote Netaji. He was also against Islamic communalism which triggered Hindu communalism. Islamists always have the first right to communalism. Others just react. >></document>
<document> #USER# Also this SP fined Taukeer Raza (insurgent) who threatened Hindus with genocide. >></document>
<document> #USER# Gandhi can only be saved from bans and violence against the truth. >></document>
<document> #USER# Vinod Dua is part of my first political awakening when he and Pranoy Roy covered the Indian elections in 1984. Later I realized that he had Bhakti towards Nehru-Gandhi, but that doesn't mean I had to hate him. I just stopped watching it. RIP </document>
<document> #USER# Ola and Uber get a bad name for nothing </document>
<document> #USER# The days of the UPA were terrible... Inflation was skyrocketing...add to these scams...and on top of that the weekly bombing of Indian cities. It was the most horrible time for India. >></document>
<document> #USER# As things stand, radical Islam will not survive the next 25 years. >></document>
<document> #USER# #USER# #USER# #USER# Basically calling his own Nabi violent. This Maulana should be punished for blasphemy according to Islam. >></document>
<document> #USER# And is sticking to the literal 6th century text really very progressive? >></document>
<document> #USER# #USER# China has enough money to buy the morality of the West and East. >></document>
<document> #USER# #USER# #USER# #USER# #USER# #USER# #USER# First arrest all these people and send them to UP Jails. >></document>
<document> #USER# Goa is still Bengali free so you don't stand a chance. >></document>
<document> #USER# Modi has lesson and Pidi journos &amp; their masters are coarse. >></document>
<document> #USER# There is no hope for justice in states run by Congress because Paltoo media continues to provide stats run by Congressand government covering fire. Media paltoo outrage is always selective. >></document>
<document> #USER# Must be in Tihar ASAP for supporting Islamist extremists in their call for violence against Hindus. >></document>
<document> #USER# #USER# Mast joke maara. Pretty sure he will come back to BJP after 2022 election. Bina Malai ke roti nahi digest hoti </document>
<document> #USER# Ukraine has never been pro-India. Just look at his record. >></document>
<document> #USER# Actually for FB and Twitter, Hindus don't count as India is the only country that will raise Hindu issues while Muslim issues are raised by 56 Islamic nations + revivals in all other nations sustained by Islamists in those countries. >></document>
<document> #USER# Lynching is bad, but some religions actually support it, save the honor of the religion and its prophet. >></document>
<document> #USER# Russia is now basically a minor ally of China and is tying up the US and its allies in Ukraine so that China will have a window to invade and capture Taiwan. >></document>
<document> #USER# Weren't your ancestors from Afghanistan, home of the Taliban? Ab apne karma bhogo </document>
<document> #USER# #USER# #USER# What if China swallowed Pakistan like Tibet? >></document>
<document> #USER# I was banned again and again for 2 years at 1 month intervals on FB. Someone in FB definitely had a strong love for Islam and China. >></document>
<document> #USER# No one should forget that approx. 95% of Muslims living in present Indian borders voted for Muslim League and Pakistan Demand in 1946. Majority of BTW remained in India after partition. 100% pure truth. >></document>
<document> #USER# I always wonder why Nehru let go of Kartarpur </document>
<document> #USER# nnIslamists created Hindu refugees in India. #URL# </document>
<document> #USER# #USER# #USER# Muslims exploit caste divisions in Hinduism while Muslims who follow the same caste order stick together. >></document>
<document> #USER# The terrorist who raised a flag over Lal Qila </document>
<document> #USER# IAMC spreads hate against India and Hindus in the United States. Collaborate openly with Pakistani associations. >></document>
<document> #USER# In a few days NDTV will call it an anti-Muslim pitch and you will make a show to promote that propaganda. >></document>
<document> #USER# Political questions asked of children just to promote the same old anti-Modi agenda. >></document>
<document> #USER# Communists supported Islamists during the Moplah riots. So they supported partition. However Pakistan has banned communism. These communists still have the same old agenda. >></document>
<document> #USER# #USER# I think we shouldn't imitate the Islamists. We are better off without so much religion in our daily lives. >></document>
<document> #USER# Saudi Arabia is moving away from radical Islam and Indian radical Islamists are moving away from Saudi Arabia. >></document>
<document> #USER# Indian missionaries are determined to declare Jesus Hindu and Christianity a sect of hinduism. >></document>
<document> #USER# #USER# Rare step by Congress government. I hope the Islamists don't destroy this memorial like they did in Mumbai. >></document>
<document> #USER# Modi kept his mouth shut in WB. Now the same script is being followed in Punjab. >></document>
<document> #USER# Rajasthan and Congress-ruled opposition states top the charts </document>
<document> Peaceful Indian Muslims Declare Jihad #URL# </document>
<document> #USER# Tikait took money from opposition to divide Hindus into Western UP. He was able to fool many Jats. Now it's up to the common sense of Hindus to figure out the game of Puppet Tikait. >></document>
<document> Indian newspaper that takes the words NYT as the word of God. #URL# ></document>
<document> #USER# Audrey Truschke appears to be a Tucchi troll rather than a professor. What a low life!!! >></document>
<document> #USER# I understand their ideology in an out. For them we are kafirs worse than the Shiites and Ahmediyyas. >></document>
<document> #USER# #USER# #USER# #USER# Face the facts and don't be fooled by the Islamists embedded in the media. >></document>
<document> #USER# Odisha: MissionariesnDelhi: KhalistanisnPunjab: KhalistanisnJ&amp;K: IslamistsnnAll supported by Congress</document>
<document> #USER# So Pakistan wants a terrorist-friendly government. in India? >></document>
<document> #USER# Pakistanis are feared in Norway. Perfect place to talk about the human rights of Islamists. >></document>
<document> #USER# Paltoo media continually ignores the crimes of Congress. >></document>
<document> #USER# Islamists with the help of the left control the narrative around the world, including the United States. >></document>
<document> #USER# The Sikhs in 1947 knew exactly how to deal with the Islamists in the Punjab. Ye joota khaa kar hee sidhe hote hein </document>
<document> #USER# Big talk... nothing happens to Islamists </document>
<document> #USER# These so-called modern Muslims have been highly radicalized due to Zahil Naik's poisonous videos. >></document>
<document> #USER# His two sentences are beyond me-
Jab Allah se deedar hoga - According to Islam Allah as no form
Allah se poochna - Shouldn't you talk to Allah through Muhammad?

Yeh chal kya raha hai... Everyone has their own interpretation. >></document>
<document> Mamta Bannerjee and Opposition ka khelo hobe in 2024.. Mamta can win election in WB through imported voters but not all India

"Khela Hobe" in 2024; BJP to be defeated all over India: Mamata Banerjee #URL# ></document>
<document> #USER# Modi thinks that if he plays by the rules, he will be able to win the support of the left and Islamists. It won't happen, but in this attempt to woo the opposite side, Modi will lose the support of his main vote bank. >></document>
<document> #USER# Music is haram in Islam. They are just following the fundamentals of Islam. >></document>
<document> #USER# How dare they? These people deserve to die for killing a person who spoke the truth. >></document>
<document> Extremist Maulana openly threatensing TV host with violence. Western media will never notice. #USER# #USER# #URL# ></document>
<document> #USER# Islamists have mastered the art of dropping terrorism charges on anyone who demonstrates overt support for Islamic terrorism in their community. It's like a thief when he gets caught he starts calling other thieves. >></document>
<document> #USER# Isn't a country with 200 million Muslims and nearly 500,000 mosques safe for Muslims? There is something seriously wrong with the people who compile this list. >></document>
<document> #USER# #USER# Well said. Both were clients of China</document>
<document> #USER# 70 years of patronage deserves loyalty like a dog </document>
<document> #USER# #USER# This is the difference between Congress and the BJP.

Congress is always worried about its PIDs while the BJP is only interested in winning elections. >></document>
<document> #USER# #USER# Why no action against habitual fake news pusher like Zubair? Why does MHA sleep? >></document>
<document> #USER# Feel sad for Dimple who is married to an absolute lunatic. >></document>
<document> #USER# BJP has found another TMC partner for its Congress Mukt Bharat project. >></document>
<document> #USER# Bal Thackrey must have kicked Raut's ass really hard. >></document>
<document> #USER# Sonia and liberal? It's like telling Rahul Gandhi and the Truth. >></document>
<document> #USER# No one has yet claimed that it is the Kaaba on the moon. 😂😂😂 >></document>
<document> #USER# #USER# Saba Naqvi is certainly not a journalist but a full-time propagandist. Ab to iski bakwaas stale ho gayi hai </document>
<document> #USER# This is from a party that has destroyed India in its 60 years of rule. >></document>
<document> Wokes defines this as a result

Michigan City First Nation to Be Led by All-Muslim Government: "Historic Achievement" #URL# via #USER# </document>
<document> #USER# A huge insult to real doctors. I can't forgive Anand Rangnathan for that 😉😉😉 </document>
<document> Gems of peace-loving Islamist politicians #URL# </document>
<document> #USER# The whole purpose behind formation of MVA was to plunder Maharashtra totally </document>
<document> #USER# This was just an empty run by the extremists backed by the Punjab Congress government. #USER# must acknowledge this. >></document>
<document> #USER# Pesh provided protection to the Mughals and saved them from outsiders. >></document>
<document> The ex-imperialists have their own laws and don't give a damn about international laws. Shamelessness at its extreme #URL# </document>
<document> #USER# It is so strange that foreign corporations are worshiped in India, but Indian corporations are only abused. >></document>
<document> #USER# No, it was a successful test. Don't gloat. They succeeded. Modi-Shah must act quickly. >></document>
<document> #USER# Arfa Khanum is a propagandist worth ignoring. >></document>
<document> #USER# #USER# I always wonder why Buddhists didn't react when the Buddhas of Bamiyan were destroyed and greeted by mopeaceful st. >></document>
<document> #USER# Even the one who puts his tail between his legs in Pakistan-Afghanistan and is silent about the plight of Sikhs in these countries. >></document>
<document> Terror has no religion but its face is always like this #URL# </document>
<document> #USER# Check how Islamists treat Dalits in Pakistan and BD. They didn't allow Dalits to migrate to India because they didn't know who would clean their toilets. By the way read about Jogendranath Mandal. >></document>
<document> #USER# For Rana Ayyub, Indian life never mattered. He is a hardcore radical Islamist who started hating Saudi Arabia because its ruler decided to de-radicalize his country. >></document>
<document> #USER# Only Muslims in the Indian subcontinent follow strict casteism. You said you will free people from caste, but the promise made by the Islamists has never been fulfilled. >></document>
<document> #USER# #USER# Pure shit. It was established that it came from China. Now the only question is whether or not that was intentional. >></document>
<document> #USER# Gandhi is a stone that has been tied around the neck of every Indian from the West. Get rid of Gandhi and you will get rid of Western imperialism. >></document>
<document> #USER# Islamists already ne "islamophobia islamophobia" rona shuru kar diya hai </document>
<document> #USER# Twitter has been unashamedly pro-violence by supporting Communists and Islamists. >></document>
<document> #USER# Nehru shamelessly sold Aksai-Chin to China </document>
<document> #USER# This happens when laws are enforced selectively. Aur Vishwas Jeeto </document>
<document> #USER# #USER# #USER# #USER# #USER# #USER# #USER# This is a good idea, but the Dalai Lama himself has toned down his stance on Tibetan independence. He will be happy to join communist China as long as he allows the Tibetans religious freedom. By the way, it will support the Chinese position on Aksai Chin and Arunachal. >></document>
<document> #USER# Can now join Congress, Communist China local shop </document>
<document> #USER# Gov. office ki timepass bakchodi </document>
<document> #USER# Propagandists like Arfa, Ravish, Barkha etc. they are as important as Yes-Man like Chaudhary, Devgan etc. in a messy democracy like India where people still suffer from an acute inferiority complex. >></document>
<document> #USER# #USER# #USER# #USER# My childhood playground had a moat where the water filled during the rainy season. Now on google, show some Dargah sadakchaap. Har jagah dargah kahan se aa jaati hein </document>
<document> #USER# All three pranksters surrounding Mamta are Islamic supremacists. >></document>
<document> #USER# In WB, Bengali intellectual babus puts his folders on the floor and sleeps on the table. >></document>
<document> #USER# Why is this pig standing on its legs? Shame on the Gujarat Police</document>
<document> #USER# Let us know when you encounter an alien </document>
<document> #USER# Western journalists suffer from a visceral hatred of IndiansS. >></document>
<document> #USER# Churchill is guilty of causing the Bengal famine, which was basically genocide. But these racist colonial super-racists just gloss over that fact. >></document>
<document> #USER# #USER# I'm asking how Jinnah managed to annex some princely states for Pakistan. >></document>
<document> #USER# Pakistan is calling the BJP government. anti-terrorists? >></document>
<document> #USER# #USER# But when referring to Mao or Xi, prepend them to Chairman. >></document>
<document> #USER# During the anti-CAA riots, most of the rioters were driven from Kerala to Delhi. >></document>
<document> #USER# Shiv Sena's reactions are generally mean. They deserve Congress-TMC-NCP as their partner. >></document>
<document> #USER# #USER# This narrative is pushed very subtly through the Bollywoodiya dialogues. >></document>
<document> #USER# This is the true face of Congress. Everyone who votes for this party is either naïve or criminal. >></document>
<document> Add to that corruption, crime, communalism and casteism. #URL# </document>
<document> #USER# I like some aspects of Gandhi but I don't agree with his many irrational thoughts and behaviors. Since religion cannot be imposed on anyone, please don't impose Gandhi on people. >></document>
<document> #USER# Manmohan was the most honest Prime Minister we ever had, except that under his watch India had the biggest scam. >></document>
<document> #USER# #USER# #USER# I'm sorry to say, but Bengalis hide many things behind their fake secularism and intellectualism. >></document>
<document> #USER# I'm layman when it comes to food. Sarvbhojan nirpeksha </document>
<document> #USER# #USER# Why Union govt. so soft on FB and Twitter advocating violence in India? >></document>
<document> #USER# We have seen Rahul Gandhi lie repeatedly. Now Congress is following in his footsteps. >></document>
<document> #USER# You are very desperate. It's clear from your tweet that as an IAS officer you worked more like a political worker. Still keep your hatred alive. >></document>
<document> #USER# There was a video of some fools marching to Israel on horseback in some Pakistani cities. >></document>
<document> #USER# You can't do anything to Arfa, Rana Ayyub etc. who spew fake news and hate day after day. You arrested Wasim Rizvi but you didn't touch the asshole Tauqir Raza. >></document>
<document> #USER# Actually all self-respecting Shiv Sena workers should leave Shiv Sena who is dancing to the tune of Pawar and Sonia. They shouldn't commit the sin of betraying Bal Thackrey. >></document>
<document> #USER# Islam is the religion of peace
Missionaries serve people
Nehru liked children
Gandhi was an apostle of peace
Rajiv Gandhi was Bharat Ratna
Sonia Gandhi served India
Rahul Gandhi is fit to be the leader of Congress
Pappi can make all the difference in UP
Owaisi is decent </document>
<document> Maximum violence is committed by two followers of the Abahamic religion on Jews and people of dharmic faiths i.e. Hindus, Buddhists, Sikhs andoriental religions. #URL# </document>
<document> #USER# Raghuram Rajan behaved more like a Paltoo than a pro. >></document>
<document> #USER# Let's get away from British imperialism. Plain and simple </document>
<document> #USER# And Kerala continues to contribute 50% of these cases daily... This is the model of Kerala promoted by communist papers like Ravish. >></document>
<document> What lies. Facebook is misused by Islamists who dehumanize non-Muslims every day and get them banned from biased FB.
<document> #USER# Brahmins are not so innocent. There are many instances where they didn't even let the kings do their duty. Peshwa Baji Rao and Mastani's son was not accepted as a Hindu and was raised as a Muslim. The Nawab of Banda Khandaan comes from his own son Bahadur Shah. >></document>
<document> Greatest day in Indian aviation history. Finally Air India is in the hands of the original owner. #URL# </document>
<document> #USER# Please raise the issue of the 1971 Hindu genocide and why does it continue in free Bangladesh? >></document>
<document> #USER# Congress is an expert at making chootiyas for everyone. Two prime examples are the Khalistanis and the Islamists. Now they are trying to trick girls in UP. >></document>
<document> #USER# Urdu actually represents Indian Muslims. Urdu has no grammar of its own, so it uses Hindi grammar. Urdu has borrowed words from Turkish, Persian, Arabic to sound like a foreign language. >></document>
<document> #USER# #USER# #USER# I have many statements from Nehru praising China when it occupied Aksai Chin in 1959. Modi did not speak but the LAC forces were given full powers to respond. >></document>
<document> #USER# No hatred but disgust. Almost everyone who is corrupt and self-righteous. I hope Modi stays off this list forever. >></document>
<document> #USER# #USER# Surprised to see negative article about China in Western media. >></document>
<document> #USER# Since the NYT has become the epitome of truth. He once praised Hitler and the Nazis. >></document>
<document> #USER# #USER# Happy birthday mein bhi policy </document>
<document> #USER# An Islamist from Hyderabad India threatens Hindus with genocide. By the way, this was before the so-called Hindu bigots spoke of reactionary violence.
#URL# </document>
<document> #USER# When will the Tibetan genocide be recognized? Do Buddhist rights matter? >></document>
<document> #USER# #USER# This Salman Nizami was found to be supporting terrorism against India. Ye kab se fauji ke liye roney laga </document>
<document> #USER# Some people feel pity for their parents and are imposed as PM in the country. This is nothing. >></document>
<document> #USER# #USER# #USER# There is no doubt that we have lost to the refugees who betrayed us. And then they converted the locals and now we have people like you. >></document>
<document> #USER# Yogi has a task cut out for him after 2022 win. Take care of Tikaits </document>
<document> #USER# #USER# Owaisi's father was chamcha of Kasim Rizvi. When Kasim Rizvi was shipped to Pakistan, he handed over MIM to Owaisi's father. Why Congress Governments. allow parties like the MIM and the Muslim League to exist after partition? >></document>
<document> #USER# But who will block the largest pro-Pakistani pro-Chinese congress? >></document>
<document> #USER# This is really a big disadvantage of atheism 😂😂😂 </document>
<document> #USER# This guy has to do community service for 90 hours on the streets of Army Cantt. >></document>
<document> #USER# I hate the Taliban for what they did to minorities, but I wish them the best of luck against Pakistan. >></document>
<document> #USER# A sadakchaap-converted mullah recently accused Prince Salman of not being a good Muslim. >></document>
<document> Irrational viewpoints are Gandhi imposed on Hindus by Westerners and Islamists #URL# </document>
<document> #USER# #USER# #USER# Then stop lecturing on Hindus if you have rejected Hinduism. >></document>
<document> 100% truth. Muslim Communists who supported the Pakistan movement. Those who stayed in India remained communists and those who emigrated to Pakistan became ardent Islamists. #URL# </document>
<document> #USER# I see the same from Muslim sides. In fact their holy book asks them to hate unbelievers. Go watch videos of your hero Zakir Naik. These Hindus are just imitating the Islamists. >></document>
<document> #USER# Hindus should learn from Islamists how to stick with ideology. >></document>
<document> Dozens of articles on Haridwar Dharma Sansad but not one on Owaisi and Tauqir Raza.

Hindu extremists in India step up rhetoric with calls to kill Muslims #URL# via #USER# ></document>
<document> #USER# This Maulana should be shown that video continuously 24/7 for at least 15 days. >></document>
<document> #USER# For the first time, Mamta told the truth and is called crazy by Adhir Ranjan (Darbari). >></document>
<document> #USER# #USER# The West has denied the genocide of Tibetan Buddhists for decades. Now I am unable to deny the genocide of Muslims because the life of Buddhists is cheap compared to Muslims. >></document>
<document> #USER# The UK is a third-rate power and should just shut up. >></document>
<document> #USER# Priyanka Vadra feels encouraged as she knows Modi will never send her husband to jail. >></document>
<document> #USER# People at UP know that SP govt. it is basically governmental. by Goondas</document>
<document> #USER# #USER# #USER# #USER# Bal Thackrey created Shiv Sena. Uddhav addressed this to Sonia Sena and appointed Sonia's greatest chamchi as the vice president. >></document>
<document> #USER# And those who died because of the blockade of the so-called peasants? What about the Mazhabi Sikh boy who was tortured to death by the Nihangs? This selective outrage is the reason no one gets justice these days. >></document>
<document> #USER# In Islaaam, breaking idols and religionus other people's places is Sunnat. >></document>
<document> #USER# The US must first take care of its human rights. >></document>
<document> #USER# Britain is still a third-rate power emasculated by Islamists. >></document>
<document> #USER# China knows that the Communists, Congress and Islamists are with it. They will amplify Chinese propaganda in India. >></document>
<document> #USER# I don't know why Modi is so eager to get confirmation from the left and Islamists. Bhaiyya ye kaunsa masterstroke hai. When did congis leftist Islamists ever honor RSS people? >></document>
<document> #USER# Pretty sure Arfa got a job in Rajya Sabha TV thanks to Hamid Ansari. >></document>
<document> #USER# I'm really sorry about Amitabh Bachchan. >></document>
<document> #USER# But Sri Lanka's Rajpaksha dynasty will only play in Xi's womb. >></document>
<document> #USER# Manmohan has destroyed the dignity of the Prime Minister's office so this should be expected of the Congress Prime Minister. >></document>
<document> #USER# Mode Government. he expected his supporters to deal with the roadblock during Shaheen Bagh and then the farmers' protest. Supporters voted Modi to take care of that problem. >></document>
<document> #USER# At first I thought you were Twinkle Khanna. I couldn't believe my eyes. Then I realized the reality </document>
<document> #USER# #USER# Nehru called himself the last British prime minister of India. Basically a lifelong faithful servant of Mountbatten. >></document>
<document> #USER# Extreme appeasement of Muslims and Christians during UPA rule resulting in large scale VISIBLE conversion to Christianity in Andhra Pradesh and many other states. Now the Hindus are fed up and speak plainly. >></document>
<document> #USER# Have you denounced Owaisi, Taukeer and thousands of Islamists who daily threaten the genocide of Hindus? >></document>
<document> #USER# For the past 1000 years, Hindus have perfected the art of placating violent invaders just to survive. They forget that we are no longer under the rule of the invaders. >></document>
<document> #USER# With this bill, Kafirophobia has become an approved behavior. >></document>
<document> #USER# I agree with this. Zakir Naik is also doing the same, but why is he getting massive Congress-Communist-Islamist support? >></document>
<document> #USER# I'll say vote for any party other than Congress. It is criminal to vote for the Congress party which has become a tool in the hands of Pakistan and China. >></document>
<document> #USER# A big slap in the face to communist-Islamists. This is true hindutva. >></document>
<document>Germany jails Islamic State member for life for his role in Yazidi genocide #URL# via #USER#></document>
<document> #USER# #USER# #USER# #USER# Does this so-called BJP computer cell really exist? If it was then you will see an established narrative from them. >></document>
<document> #USER# The Sikhs during 1947 were no fools and chose India wisely. A Pakistani friend of mine told me that Pakistanis hate Sikhs more than Hindus because Sikhs killled many Muslims during the partition. >></document>
<document> #USER# Arfa means that Muslims are making India dangerous for Muslims by their actions. Read between the lines. >></document>
<document> #USER# #USER# Elon Musk seems to have all the makings of a politician just like Mark Jokerberg and Jack Dorsey. >></document>
<document> #USER# There is an army of peaceful journalists supported by leftist fiber journalists who have woken up in the media supporting each other and living in an echo chamber. >></document>
<document> #USER# London's Islamists have carved out their own Sharia zones. I have seen videos of them beating up British girls wearing western clothes. >></document>
<document> #USER# By repealing agriculture laws, SKM activists ensured another 50 years of poverty for Indian farmers. >></document>
<document> Congress provided full security to Pakistan and its non-state actors after 11/26 attack #URL# </document>

</author><document> #USER# WB women voted a little early for TMC and forfeited their right to earn free Rs.5000. ></document>
<Document> #USER# So what? Christianity in Kerala was not aggressive but the new Christianity after the arrival of the protégés/British is invasive and harmful. ></document>
<Document> #USER# The same people ask Modi to rescue them in Pakistan and Afghanistan. ></document>
<Document> This is how bright Western media in love with Islamists should have reported on the terrorist attack on Jews in Texas. #URL# ></document>
<document> #USER# I think all these BulliBai and SulliDeal are made by congressmen and vices for muslim women who supported modi under anti-triple talaq legislation to turn away from BJP and for congress and vices voices. ></document>
<document> #USER# I'm just waiting for the day when the Tikait brothers will join Azam Khan in prison. ></document>
<document> #USER# I agree, but why did govt. give him Padam Bhushan? ></document>
<document> #USER# What do you expect from a man who was named Tunku by his parents? They didn't want to waste time with him either. ></document>
<document> #USER# Glad you decided to quote Netaji. He was also opposed to Islamic communalism, which gave rise to Hindu communalism. Islamists always have the first right to communalism. Others just react. ></document>
<document> #USER# Also, this SP gave a ticket to Taukeer Raza (rioters) who threatened Hindus with genocide. ></document>
<Document> #USER# Gandhi can only be saved by prohibitions and violence against the truth. ></document>
<Document> #USER# Vinod Dua is part of my early political awakening when he and Pranoy Roy covered the 1984 Indian elections. I later realized that he had bhakti towards Nehru-Gandhis, but that doesn't mean I have to hate him. I just stopped watching him. RIP></document>
<document> #USER# Ola and Uber get a bad rap for nothing ></document>
<document> #USER# UPA days were extremely awful.. Inflation was sky high..add to these scams..and on top of that, weekly bombings of Indian cities. It was the most terrible time for India. ></document>
<document> #USER# Radical Islam will not survive the next 25 years as it is. ></document>
<document> #USER# #USER# #USER# #USER# Basically calls their own nabi violent. This Maulana should be punished for blasphemy according to Islam. ></document>
<document> #USER# And literally sticking to 6th century texts is actually very advanced? ></document>
<document> #USER# #USER# China has enough money to buy the morality of the West and the East. ></document>
<Document> #USER# #USER# #USER# #USER# #USER# #USER# #USER# first arrest all these people and send them to jail in UP. ></document>
<Document> #USER# Goa is still free from Bangladeshis, so you don't stand a chance. ></document>
<Document> #USER# Modi has class and Pidi-Journos &amp; their masters are awesome. ></document>
<document> #USER# There is no hope of justice in states ruled by Congress because the Paltoo media continues to provide Congressional statsthe government. Fire protection. Paltoo media outrage is always selective. ></document>
<Document> #USER# She has to be in Tihar at the earliest because she supports extremist Islamists in their call for violence against Hindus. ></document>
<Document> #USER# #USER# Mastwitz maara. Pretty sure he will return to the BJP after the 2022 election. Bina Malai ke roti nahi digest hoti ></document>
<Document> #USER# Ukraine has never been pro-India. Just look at his recording. ></document>
<document> #USER# Actually Hindus don't matter for FB and Twitter as India is the only country raising issues from Hindus while issues from Muslims are raised from 56 Islamic nations + awakening in all other countries raised by Islamists in these are supported countries. ></document>
<document> #USER# Lynching is bad, but some religions actually support it, except to honor the religion and its prophet. ></document>
<Document> #USER# Russia is now essentially a junior ally of China, tying down the US and its allies in Ukraine to give China a window to invade and conquer Taiwan. ></document>
<Document> #USER# Aren't your ancestors from Afghanistan, home of the Taliban? From apne karma bhogo ></document>
<document> #USER# #USER# #USER# What if China engulfed Pakistan like Tibet? ></document>
<document> #USER# I kept getting banned from FB for 2 years at 1 month intervals. Someone in FB definitely had a strong love for Islam and China. ></document>
<document> #USER# No one should forget that approximately 95% of the Muslims living on today's Indian borders voted for the Muslim League in 1946 and demanded Pakistan. Incidentally, after partition, the majority remained in India. 100% unadulterated truth. ></document>
<document> #USER# I always wonder why Nehru released Kartarpur ></document>
<Document> #USER# nnIslamists have turned Hindus into refugees in India. #URL# ></document>
<Document> #USER# #USER# #USER# Muslims exploit caste divisions in Hinduism, while Muslims who follow the same caste order remain united. ></document>
<document> #USER# This terrorist who raised a flag on Lal Qila ></document>
<Document> #USER# IAMC spreads hate against India and Hindus in US. It works openly with Pakistani associations. ></document>
<document> #USER# In a few days, NDTV will call it an anti-Muslim move and you will make a show to promote this propaganda. ></document>
<document> #USER# Political question asked to kids just to push the same old anti-modi agenda. ></document>
<Document> #USER# Commies supported Islamists during Moplah riots. Then they supported the partition. However, Pakistan banned Communism. These communists still have the same old agenda. ></document>
<document> #USER# #USER# I think we shouldn't imitate Islamists. We are better off without so much religion in our daily lives. ></document>
<Document> #USER# KSA moves away from radical Islam and Indian radical Islamists move away from KSA. ></document>
<document> #USER# Indian missionaries are keen to declare Jesus a Hindu and a Christianity a sect of Hinduism. ></document>
<Document> #USER# #USER# Rare move by Congressional government. I hope Islamists will not destroy this monument like they did in Mumbai. ></document>
<document> #USER# Modi has been silent in WB. Now the same script is being followed in Punjab. ></document>
<document> #USER# Rajasthan and Congressional opposition-ruled states top the charts ></document>
<Document> Peaceful Indian Muslims Declare Jihad #URL# ></Document>
<Document> #USER# Tikait took money from opposition to split Hindus in western UP. He could fool many Jats. Now it is up to the common sense of Hindus to understand the game of Puppet Tikait. ></document>
<Document> Indian journal taking words of NYT as word of God. #URL# ></document>
<Document> #USER# Audrey Truschke seems more of a Tucchi troll than a professor. What a low life!!! ></document>
<document> #USER# I fully understand their ideology. For them we are worse Kafirs than Shias and Ahmediyyas. ></document>
<document> #USER# #USER# #USER# #USER# Get your facts right and don't be fooled by Islamists embedded in the media. ></document>
<Document> #USER# Odisha: MissionariesDelhi: KhalistanisnPunjab: KhalistanisnJ&amp;K: IslamistsnnAll supported by Congress ></document>
<Document> #USER# So Pakistan wants a pro-terrorist government. in India? ></document>
<Document> #USER# Pakistanis feared in Norway. Perfect place to talk about Islamists' human rights. ></document>
<Document> #USER# Paltoo media ignores congressional crimes all the time. ></document>
<Document> #USER# Islamists, with the help of leftists, control the narrative around the world, including the US. ></document>
<Document> #USER# Sikh in 1947 knew exactly how to deal with Islamists in Punjab. Ye joota khaa kar hee sidhe hote hein ></document>
<document> #USER# Big talk… nothing happens to the Islamists ></document>
<document> #USER# These so-called modern Muslims have been severely radicalized because of Zahil Naik's toxic videos. ></document>
<document> #USER# His two sentences are beyond me-
Jab Allah se deedar hoga - According to Islam, Allah is not a form
Allah se poochna - Shall you not speak to Allah through Mohammad?

Yeh chal kya raha hai..everyone has their own interpretation. ></document>
<Document> Mamta Bannerjee and opposition ka khelo hobe in 2024. Mamta can win the elections in WB by imported voters but not all over India

"Khela Hobe" in 2024; BJP defeated across India: Mamata Banerjee #URL# ></document>
<document> #USER# Modi thinks if he plays by the rules he will be able to win support from leftists and Islamists. That won't happen, but in this attempt to woo the opposition, Modi will lose the support of his central bank. ></document>
<Document> #USER# Music is haram in Islam. They only follow the basics of Islam. ></document>
<Document> #USER# How dare you? These people deserve death for murdering a person who was telling the truth. ></document>
<Document> The extremist Maulana openly threatensTV presenter by force. Western media will never notice this. #USER# #USER# #URL# ></document>
<document> #USER# Islamists have learned the art of laying terrorism charges on anyone who indicates apparent support for Islamic terrorism in their community. It's like a thief when someone who gets caught starts calling other thieves. ></document>
<Document> #USER# A country with 200 million Muslims and almost 500,000 mosques is unsafe for Muslims? There is something seriously wrong with people compiling this list. ></document>
<Document> #USER# #USER# Well said. Both are client states of China ></document>
<document> #USER# 70 years of patronage deserves canine loyalty ></document>
<Document> #USER# #USER# This is the difference between Congress and BJP.

Congress always worries about its pidis, while the BJP only cares about winning elections. ></document>
<document> #USER# #USER# Why no action against fake news peddlers like Zubair? Why is MHA sleeping? ></document>
<document> #USER# Feeling sad for Dimple that she is married to an absolute nutcase. ></document>
<Document> #USER# BJP has found another partner TMC for its Congress Mukt Bharat project. ></document>
<Document> #USER# Bal Thackrey must have kicked Raut's ass really hard. ></document>
<Document> #USER# Sonia and liberal? It's like telling Rahul Gandhi and the truth. ></document>
<document> #USER# No one has ever claimed that it is Kaaba on the moon. 😂😂😂 ></Document>
<Document> #USER# #USER# Saba Naqvi is not a journalist but a full-time propagandist. Ab to iski bakwaas stale ho gayi hai ></document>
<Document> #USER# This comes from a party that has destroyed India in its 60 years of rule. ></document>
<document> Wakes called it an achievement

Michigan City is the first in the nation to be run by an all-Muslim government: "Historic Achievement" #URL# via #USER# ></document>
<document> #USER# A huge insult to real doctors. Can't forgive Anand Rangnathan for that 😉😉😉 ></document>
<document> Gems from Peace Loving Islamist Politicians #URL# ></document>
<document> #USER# The whole purpose behind the creation of MVA was to completely plunder Maharashtra ></document>
<Document> #USER# This was just a dry run by extremists backed by the Punjab Congress government. #USER# must take this into account. ></document>
<Document> #USER# Peshwas provided protection to Mughals and saved them from outsiders. ></document>
<Document> Ex-imperialists have their own laws and don't give a fuck about international laws. Shamelessness in its most extreme form #URL# ></document>
<document> #USER# It is so strange that foreign companies are revered in India but Indian companies are only reviled. ></document>
<document> #USER# No, it was a successful test run. don't be happy You were successful. Modi-Shah must act quickly. ></document>
<Document> #USER# Arfa Khanum is a propagandist who can be ignored. ></document>
<document> #USER# #USER# I always wonder why Buddhists didn't react when Bamiyan Buddhas were destroyed and greeted by Most peaceful. ></document>
<document> #USER# Also the one who sticks his tail between his legs in Pakistan-Afghanistan and keeps silent about the plight of the Sikhs in these countries. ></document>
<document> Terror has no religion, but his face always looks like this: #URL# ></document>
<Document> #USER# Check how Islamists treat Dalits in Pakistan and BD. They didn't allow the Dalits to migrate to India because they didn't know who would clean their toilets. By the way, read about Jogendranath Mandal. ></document>
<Document> #USER# Indian life was never important to Rana Ayyub. She is a die-hard radical Islamist who started hating Saudi Arabia because its ruler decided to de-radicalize his country. ></document>
<Document> #USER# Only Muslims on the Indian subcontinent follow a strict caste system. You said you would caste people out, but the Islamists' promise was never kept. ></document>
<Document> #USER# #USER# Pure BS. It was found to be from China. The only question now is whether it was intentional or not. ></document>
<Document> #USER# Gandhi is a stone tied around the neck of every Indian by West. If you get rid of Gandhi, you get rid of Western imperialism. ></document>
<document> #USER# Islamists no already "Islamophobia Islamophobie" rona shuru kar diya hai ></document>
<Document> #USER# Twitter has been shamelessly violent by supporting communists and Islamists. ></document>
<Document> #USER# Nehru shamelessly sold Aksai-Chin to China ></Document>
<document> #USER# This happens when laws are applied selectively. Aur Vishwa's Jeeto ></document>
<Document> #USER# #USER# #USER# #USER# #USER# #USER# #USER# That's a good idea, but the Dalai Lama himself has watered down his stand on Tibetan independence. He will happily join communist China as long as it grants freedom of religion to Tibetans. By the way, he will support the Chinese stand on Aksai Chin and Arunachal. ></document>
<document> #USER# Now he can join Congress, the local business of communist China ></document>
<Document> #USER# Govt. office ki timepass bakchodi ></document>
<document> #USER# Propagandists like Arfa, Ravish, Barkha etc. are just as important as yes-men like Chaudhary, Devgan etc. in a chaotic democracy like India, where people still suffer from acute inferiority complexes. ></document>
<Document> #USER# #USER# #USER# #USER# My childhood playground had a ditch where water used to fill in the rainy season. Now on google it shows some sadakchaap dargah. Har jagah dargah kahan se aa jaati hein ></document>
<document> #USER# All three jokers around Mamta are Islamic racists. ></document>
<Document> #USER# In WB, the intellectual Bengali Babus lays files on the floor and sleeps on the table. ></document>
<Document> #USER# Why is this pig standing on its feet? Shame on the Gujarat police ></document>
<document> #USER# Let us know if you encounter an alien ></document>
<Document> #USER# Western journalists suffer from a deep hatred of Native Americansp. ></Document>
<Document> #USER# Churchill is guilty of causing the famine in Bengal, which was essentially genocide. But these racist colonial super-racists gloss over that fact. ></document>
<document> #USER# #USER# I am asking how Jinnah was able to annex some princely states for Pakistan. ></document>
<Document> #USER# Is Pakistan calling the BJP government? anti-terrorists? ></document>
<Document> #USER# #USER# But when it comes to Mao or Xi, the chairman precedes them. ></document>
<Document> #USER# During the anti-CAA riots, most of the rioters were transferred from Kerala to Delhi. ></document>
<document> #USER# Shiv Sena's reactions are usually petty. They deserve Congress-TMC-NCP as their affiliates. ></document>
<document> #USER# #USER# This narrative is very subtly driven by Bollywoodiya dialogue. ></document>
<Document> #USER# This is the true face of Congress. All who vote for this party are either naive or criminal. ></document>
<Document> Added to this are corruption, crime, communalism and caste systems. #URL# ></document>
<document> #USER# I like some aspects of Gandhi, but I don't support his many irrational thoughts and behaviors. Since religion cannot be imposed on anyone, please do not impose Gandhi on people. ></document>
<Document> #USER# Manmohan was the most honest PM we've ever had, except India had the biggest scam under his watch. ></document>
<document> #USER# #USER# #USER# Sorry but Bengalis hide many things behind false secularism and intellectualism. ></document>
<document> #USER# I'm secular when it comes to food. Sarvbhojan nirpeksha ></document>
<Document> #USER# #USER# Why is Union govt. so soft on FB and twitter supporting violence in india? ></document>
<document> #USER# We have seen Rahul Gandhi lie repeatedly. Now Congressis are following in his footsteps. ></document>
<Document> #USER# You are very desperate. It is clear from your tweet that as an IAS official you worked more like a political worker. Still, keep your hate. ></document>
<document> #USER# There was video of some Dumbos marching towards Israel on horseback in some Pakistani cities. ></document>
<document> #USER# You can't do anything about Arfa, Rana Ayyub etc who spew fake news and hatred day by day. They arrested Wasim Rizvi but didn't touch the dope Tauqir Raza. ></document>
<Document> #USER# Actually, all self-respecting Shiv Sena employees should leave Shiv Sena dancing to the tunes of Pawar and Sonia. You shouldn't commit the sin of betraying Bal Thackrey. ></document>
<Document> #USER# Islam is a religion of peace
Missionaries serve people
Nehru liked children
Gandhi was an apostle of peace
Rajiv Gandhi was Bharat Ratna
Sonia Gandhi served India
Rahul Gandhi is eligible to become President of Congress
Pappi can make a difference at UP
Owaisi is graceful ></document>
<Document> Maximum violence is used by two Abahami religionists on Jews and people of Dharmic faith i.e. Hindus, Buddhists, Sikhs andeastern religions. #URL# ></document>
<Document> #USER# Raghuram Rajan acted more like a paltoo than a pro. ></document>
<Document> #USER# Let's get away from British imperialism. Plain and simple ></document>
<document> #USER# And Kerala continues to contribute 50% of these cases every day... This is the Kerala model that community journalists like Ravish have been promoting. ></document>
<Document> Such lies. Facebook is abused by Islamists who daily dehumanize non-Muslims and have them banned by biased FB
<Document> #USER# Brahmins are not so innocent. There are many instances where they would not even let kings do their duty. Peshwa Baji Rao and Mastani's son was not accepted as a Hindu and was raised as a Muslim. The Nawab of Banda Khandaan comes from the same son Bahadur Shah. ></document>
<Document> Biggest Day in Indian Aviation History. Air India is finally in the hands of the original owner. #URL# ></document>
<document> #USER# Please address the 1971 Hindu genocide and why it is continuing in free Bangladesh? ></document>
<document> #USER# Congress is an expert at making Chootiya out of everyone. Two prime examples are Khalistanis and Islamists. Now they try to fool girls in UP. ></document>
<Document> #USER# Urdu actually stands for Indian Muslims. Urdu doesn't have its own grammar, so it uses Hindi grammar. Urdu borrowed words from Turkish, Persian and Arabic to look like a foreign language. ></document>
<document> #USER# #USER# #USER# I have many statements by Nehru praising China when it occupied Aksai Chin in 1959. Modi has not spoken, but LAC forces have been given full authority to respond. ></document>
<Document> #USER# Not hate, but disgust. Almost everyone who is corrupt and hypocritical. I hope Modi stays off this list forever. ></document>
<document> #USER# #USER# Surprised to see negative article about China in western media. ></document>
<document> #USER# Since when did NYT become the epitome of truth. It once praised Hitler and the Nazis. ></document>
<document> #USER# #USER# birthday wishes my bhi politics ></document>
<Document> #USER# Islamist from Hyderabad, India threatens Hindus with genocide. Incidentally, this was before so-called bigoted Hindus spoke of reactionary violence.
#URL# ></document>
<Document> #USER# When will the Tibetan genocide be recognized? Do Buddhist rights matter? ></document>
<Document> #USER# #USER# This Salman Nizami has been found to support terrorism against India. Ye kab se fauji ke liye roney laga ></document>
<document> #USER# Some people get sympathy for their parents and are PM imposed on the country. It's nothing. ></document>
<document> #USER# #USER# #USER# There is no doubt that we lost to refugees who betrayed us. And then they converted local people and now we have people like you. ></document>
<Document> #USER# Yogi has a task for him after 2022 win. Take care of Tikait's ></document>
<Document> #USER# #USER# Owaisi's father was Chamcha by Kasim Rizvi. When Kasim Rizvi was deported to Pakistan, he turned MIM over to Owaisi's father. Why do congressional governments. allow parties like MIM and Muslim League to exist after partition? ></document>
<document> #USER# But who will block the biggest pro-Pakistani pro-China outlet congress? ></document>
<document> #USER# This is really a very big disadvantage of atheism 😂😂😂 ></document>
<document> #USER# This guy has to do 90 hours of community service in the Army Cantt sweeping streets. ></document>
<Document> #USER# I hate the Taliban for what they did to minorities, but I wish them luck against Pakistan. ></document>
<Document> #USER# A Sadakchaap-converted mullah recently accused Prince Salman of not being a good Muslim. ></document>
<document> Irrational views are Gandhi's imposed on Hindus by the West and Islamists #URL# ></document>
<Document> #USER# #USER# #USER# Then stop teaching Hindus if you have rejected Hinduism. ></document>
<Document> 100% truth. Muslim communists who supported the Pakistani movement. Those who remained in India remained local politicians, and those who migrated to Pakistan became ardent Islamists. #URL# ></document>
<document> #USER# I see the same thing from the Muslim side. In fact, their holy book tells them to hate unbelievers. Watch videos of your hero Zakir Naik. These Hindus are only mimicking Islamists. ></document>
<document> #USER# Hindus should learn from Islamists how to remain committed to the ideology. ></document>
<Document> Dozens of articles on Haridwar Dharma Sansad but not one on Owaisi and Tauqir Raza.

Hindu extremists in India escalate with calls to kill Muslims #URL# via #USER# ></document>
<document> #USER# This Maulana should be shown this video 24/7 for at least 15 days. ></document>
<Document> #USER# For the first time Mamta has spoken the truth and she is called insane by Adhir Ranjan (Darbari). ></document>
<Document> #USER# #USER# West has denied the genocide of Tibetan Buddhists for decades. Now they are unable to deny the genocide of Muslims because Buddhist life is cheap compared to Muslim life. ></document>
<document> #USER# Britain is a third rate power and should just shut up. ></document>
<Document> #USER# Priyanka Vadra feels emboldened knowing Modi will never send her husband to jail. ></document>
<Document> #USER# The UP know that the SP government. is basically ruled. from Goondas></document>
<Document> #USER# #USER# #USER# #USER# Bal Thackrey created Shiv Sena. Uddhav handed this over to Sonia Sena and introduced the greatest Chamchi of Sonia as VP. ></document>
<document> #USER# What about those who died because of the blockade by so-called farmers? What about the Mazhabi Sikh guy who was tortured to death by Nihangs? This selective outrage is why no one gets justice these days. ></document>
<Document> #USER# In Islam, breaking idols and religionus places of others is Sunnat. ></document>
<Document> #USER# The US must first take care of its own human rights. ></document>
<Document> #USER# Great Britain is a third-rate power, emasculated by Islamists. ></document>
<Document> #USER# China knows Communist Congress Islamists are there. They will increase Chinese propaganda in India. ></document>
<document> #USER# I don't know why Modi is so desperate for confirmation from leftists and Islamists. Bhaiyya ye kaunsa master hit hai. When have Left Congis Islamists ever honored RSS people? ></document>
<Document> #USER# I'm pretty sure Arfa got a job at Rajya Sabha TV because of Hamid Ansari. ></document>
<document> #USER# I really feel sorry for Amitabh Bachchan. ></document>
<document> #USER# But the Sri Lankan Rajpaksha dynasty will play only in the bosom of Xi. ></document>
<document> #USER# Manmohan has destroyed the dignity of the Prime Minister's office, so this should be expected of the Congressional Chief Minister. ></document>
<document> #USER# modes govt. expected her supporters to take care of the road blockade and then the peasant protests during Shaheen Bagh. Backers have voted for Modi to take care of this issue. ></document>
<document> #USER# At first I thought you were Twinkle Khanna. Couldn't believe my eyes. Then reality dawned on me ></document>
<Document> #USER# #USER# Nehru called himself the last British Prime Minister of India. Basically a lifelong loyal servant of Mountbatten. ></document>
<document> #USER# Extreme appeasement of Muslims and Christians during UPA rule which resulted in VISIBLE large scale conversion to Christianity in Andhra Pradesh and many other states. Now the Hindus are fed up and speaking out. ></document>
<Document> #USER# Have you reported Owaisi, Taukeer and thousands of Islamists threatening Hindu genocide daily? ></document>
<document> #USER# Over the last 1000 years, Hindus have perfected the art of placating violent invaders just to survive. They forget that we are no longer under the rule of invaders. ></document>
<document> #USER# With this draft law, kafirophobia has become a recognized behavior. ></document>
<document> #USER# I have to agree. Zakir Naik does that too, but why does he get massive support from congressional communist Islamists? ></document>
<document> #USER# I would say vote for any party other than Congress. It is criminal to vote for the Congress Party, which has become a tool in the hands of Pakistan and China. ></document>
<document> #USER# A big slap in the face for Islamist commissars. This is real Hindutva. ></document>
<Document> Germany sentences IS member to life imprisonment for role in Yazidi genocide #URL# via #USER# ></document>
<document> #USER# #USER# #USER# #USER# Does this so-called BJP IT cell really exist? If that was the case, you'll see a consolidated narrative from them. ></document>
<Document> #USER# Sikhs in 1947 were no fools and chose India wisely. A Pakistani friend of mine told me that Pakistanis hate Sikhs more than Hindus because Sikhs are deadled many Muslims during partition. ></document>
<Document> #USER# Arfa means that Muslims make India unsafe for Muslims through their actions. Read between the lines. ></document>
<document> #USER# #USER# Elon Musk seems to have all the qualities of a politician, just like Mark Jokerberg and Jack Dorsey. ></document>
<document> #USER# There is an army of peaceful journalists backed by de facto leftists, bright media journalists supporting each other and living in an echo chamber. ></document>
<Document> #USER# Islamists in London have carved out Sharia zones. I've seen videos of them beating British girls in western clothes. ></document>
<document> #USER# With the repeal of farm laws, SKM activists brought another 50 years of poverty to Indian farmers. ></document>
<document> Congress has warned Pakistan and its non-state actors after the 11/26 attack. #URL# ></document> full security granted

</author>