
	
		<document> #USER# "Enslaved and free black workers built the roads, buildings, fortifications, and other infrastructure"

#URL# ></document>
		<document> #USER# Hitler didn't only send jews. He also sent leftist, communist, socialist, gypsies, slavs, and disabled people to camps. He was a far-right dictator. ></document>
		<document> #USER# #USER# The murder rate against white South Africans is very low. nThe guy I originally replied to said he wants all non-whites "removed entirely". Richard Spencer said he wants "peaceful ethnic cleansing" in America and wants every Turkish person "thrown into the ocean". ></document>
		<document> #USER# #USER# #USER# True, but right-wingers calls anyone to left of them a communist. Bernie Obama, Hillary, etc ></document>
		<document> #USER# #USER# #USER# #USER# Or the white kid who shot up a school in Michigan? ></document>
		<document> #USER# #USER# #USER# #USER# #USER# You mean like school plays or mascots? Oh the horror. ></document>
		<document> #USER# #USER# Your house is just a freaking building. Let's allow rioters to storm it and see how you feel. ></document>
		<document> #USER# #USER# That's the point. Spending tax money is how the government is able to do anything. ></document>
		<document> #USER# #USER# I bet you think being gay is a choice. Hypocrites. ></document>
		<document> #USER# #USER# #USER# Tim is right-wing. That explains why he opposes the verdict. ></document>
		<document> #USER# The US military is on the same side as the law. If you right-wing idiots attempt another insurrection, you will all join Ashli Babbit in hell. ></document>
		<document> #USER# #USER# #USER# You said anyone who engages in crime gives up their right to live. Ashli was rioting in the capital building. ></document>
		<document> #USER# #USER# If he was Muslim, everyone would call it terrorism. ></document>
		<document> #USER# You're right, most cultures that don't follow western liberalism are usually authoritarian and lack human rights, like Iran or Afghanistan. Conservative countries are backwards. ></document>
		<document> #USER# I bet you support voter ID, which is more racially discriminatory. ></document>
		<document> #USER# #USER# No, but it makes racist people angry and that is good enough. ></document>
		<document> #USER# #USER# #USER# He's not going to prison for trespassing. He was convicted for obstructing an official government proceeding( the electoral college certification), which is a major felony. ></document>
		<document> #USER# #USER# #USER# #USER# Then stop complaining about schools not allowing conservative speakers. ></document>
		<document> #USER# #USER# Doesn't matter. They killed him and they will go to prison. Cope and seethe. ></document>
		<document> #USER# If the migrants are not killing you or deporting you, then they aren't erasing you. How many times do I have say that? You hate people of different races so much that you believe their mere existence in America is genocide towards you. Sad ></document>
		<document> #USER# Voter ID is a tactic to disenfranchise racial minorities. Voter fraud is rare. ></document>
		<document> #USER# Why would we put him on trial? He did a public service for killing one of you demonic fascist. ></document>
		<document> #USER# #USER# #USER# No, it's not relevant. White house reporters should be asking questions related to the presidency and government matters, not private family members. ></document>
		<document> #USER# And if you're a racial minority, LGBT, non-Christian, or poor, they will try to make your life a living hell. ></document>
		<document> #USER# No, she married a sex offender who exposed himself to children. Typical republican. ></document>
		<document> #USER# #USER# #USER# #USER# #USER# can’t “win” without suppressing black and minority voters, and they know it.

Simple as that. ></document>
		<document> #USER# #USER# #USER# Trump has the worst job creation record, twice impeached, one term, lost popular vote twice, and incited an insurrection. He's the worst president ever in history ></document>
		<document> #USER# #USER# lol Anyone to the left of Hitler is a "communist" to you guys. ></document>
		<document> #USER# #USER# #USER# #USER# #USER# #USER# Oh please, your party is trying to legalize child marriage. 
#URL# ></document>
		<document> #USER# #USER# The jury got it right. Cry more Peter ></document>
		<document> #USER# Yeah I'm not caucasian. My great grandmother was Caucasian. ></document>
		<document> #USER# Conservatives are literally obsessed with race. They hate minorities. ></document>
		<document> #USER# #USER# #USER# #USER# Only for hunting and target practicing under adult supervision. So that doesn't apply to Kyle. ></document>
		<document> #USER# #USER# So you're calling me a snowflake because I said racial slurs don't belong in school and you support the confederacy? Your mask has been slipping off today, Mike. You righties are usually more subtile about your racism. ></document>
		<document> #USER# #USER# #USER# #USER# Republicans are censoring LGBT books and books written by black authors. ></document>
		<document> #USER# #USER# Yes they are. They want to ethnically cleanse the country of all non-whites. ></document>
		<document> #USER# #USER# Republicans pretend to care about children. But they will bomb them in foreign countries, support cops who kills them if they are a racial minority, and cut programs that helps feed them. ></document>
		<document> #USER# #USER# #USER# #USER# #USER# That's why I put it in quotes. Anything related to history and race is being banned due to "anti-CRT" laws, even though they aren't really CRT. ></document>
		<document> #USER# #USER# And seatbelts don't prevent you from dying in crashes. But it still lowers the risk, just like vaccines. ></document>
		<document> #USER# #USER# #USER# #USER# Yes, she earned nearly $2 million consulting for corporations and financial firms last year. Her husband also contributed to her net worth. ></document>
		<document> #USER# #USER# Then don't ever take any medicine if you get sick or injured. Let nature take it's course. ></document>
		<document> #USER# #USER# #USER# Why did trump hang a picture of him shaking hands with Kim Jong un? ></document>
		<document> #USER# #USER# No, I'm just correcting the original tweet. He wasn't arrested for refusing to show a vax card. He was trespassing. ></document>
		<document> #USER# #USER# Since you brought up race, do you think a business should be allowed to deny service to racial minorities? ></document>
		<document> #USER# #USER# #USER# #USER# So cops and soldiers shouldn't wear bullet proof vest? ></document>
		<document> #USER# #USER# #USER# #USER# There's blonde hair and blue eyes in  native Australians and other non-European people. #URL# ></document>
		<document> #USER# The confederates fought for black slavery. That's a fact. ></document>
		<document> #USER# You think you have the right to attack cops everytime you lose an election? So much for #HASHTAG# 😂 ></document>
		<document> #USER# #USER# Asians and Whites in NYC usually go to different schools than Black and Hispanic kids. ></document>
		<document> #USER# #USER# Hahahaha. Go ahead and try, but I'm pretty sure you will end up dead or in prison. ></document>
		<document> #USER# #USER# Race is basically how you look(skin color, facial features, etc). You can't choose how you look, unless you are wealthy enough to afford plastic surgery. ></document>
		<document> #USER# #USER# #USER# #USER# #USER# #USER# There's plenty of evidence.  Conservatives tried to cancel Colin Kaepernick and other NFL players. Fuck them. I'm done playing nice. ></document>
		<document> #USER# Stop projecting. You're the one who wants to genocide all non-whites. I believe race shouldn't matter and everyone should have equal rights. ></document>
		<document> #USER# #USER# Why does everyone blame mental illnesses when it's a white shooter? ></document>
		<document> #USER# Only white people can pose with guns in America without anyone complaining. #URL# ></document>
		<document> #USER# #USER# Or...and just hear me out...we should give people more reproductive choices. If birth pods are not for you, then don't do it. But don't stop other women from using it. 9 month pregnancy should be a choice. ></document>
		<document> #USER# Trump voters would rather attack the capitol. They are savages. ></document>
		<document> #USER# #USER# #USER# She didn't lie. We all know the real reason conservatives hate her. ></document>
		<document> #USER# Did you read it? It doesn't say blacks commit half of all crimes. You were wrong. ></document>
		<document> #USER# #USER# #USER# Trump's father was arrested at a Klan rally. Like father, like son. n#URL# ></document>
		<document> #USER# #USER# #USER# Then put your kids in a private school or homeschool them. ></document>
		<document> #USER# Term limits are un-democratic. The people should be allowed to elect someone as many times as they want. ></document>
		<document> #USER# #USER# Black people voting does not equal cheating. ></document>
		<document> #USER# #USER# Is that actually true? The first modern American police started in New York in the 1840s when slavery was illegal in the state. ></document>
		<document> #USER# #USER# #USER# You telling a private business how to operate is authoritarian. I support the free market. ></document>
		<document> #USER# Their role is whatever they decide for it to be. Forcing your barbaric gender rules on people WILL cause them to be miserable though. Do women in the Middle-East seem happy to you? Women want to control their own destiny, just like you do. ></document>
		<document> #USER# #USER# #USER# #USER# Just say "I hate women" it's much easier. ></document>
		<document> #USER# Okay I understand now, you're a white supremacist and a liar. ></document>
		<document> #USER# #USER# #USER# #USER# #USER# #USER# Afrikaans is an Indo-European language, so that makes it indigenous to Europe just like English. Afrikaans is only spoken in South Africa due to colonialism.

Real sub-Saharan African languages are part of the Niger-Congo and Khoi-San language families. ></document>
		<document> #USER# #USER# Yes, every war is a rich man's war. The confederate soldiers were pawns for the wealthy slave owning elite, which means they were indirectly fighting to uphold slavery. You can't absolve them of that. They are just as guilty as those slave owning elitist they fought on behalf of. ></document>
		<document> #USER# It has devolved into white nationalist theocratic fascism. ></document>
		<document> #USER# #USER# I guess soldiers should stop wearing bullet proof vest. They still get shot! ></document>
		<document> #USER# How was it not? The capitol rioters used violence(hundred cops injured) to stop the government from certifying an election. That fits the definition. ></document>
		<document> #USER# #USER# If Obama, Hillary, or Biden incited a rebellion at the capitol, you would go ape shit. ></document>
		<document> #USER# So you can wear seatbelts, but still die in a crash? ></document>
		<document> #USER# Do you think terrorism is associated with only muslims? If you do, you're a hypocrite. ></document>
		<document> #USER# #USER# In politics, it's normal to talk about past presidents from Trump to George Washington. Conservatives do the same. And since trump is running again and is almost guaranteed to be the nominee, he is still relevant enough to talk about. So get used to it. ></document>
		<document> #USER# First of all, I hate driving far distances. Second, don't you think pilots should look professional? He's wearing a sticker with profanity. What do you think "FJB" stands for? ></document>
		<document> #USER# It's working out great. The Native Zimbabweans now have control of their own destiny, whether they fail or succeed. They don't need european foreigners anymore. ></document>
		<document> #USER# Because I don't see any non-white people on this thread proclaiming they have the "right skin color". I've only seen a few comments saying white skin is right. ></document>
		<document> #USER# #USER# Oh well that's wrong. Race should never be a factor in any policy. ></document>
		<document> #USER# #USER# #USER# They weren't trying to question him. They hit him with their truck and tried to kill him. ></document>
		<document> #USER# #USER# lol You didn't trust politifact before. 
I stand corrected, but it's still a racist flag for other reasons. The confederacy literally fought for slavery. ></document>
		<document> #USER# #USER# #USER# The nazis sent socialist to concentration camps. ></document>
		<document> #USER# You deny the right wing attacks on non-whites and non-Christians? That is undeniable. ></document>
		<document> #USER# #USER# What about the white on white massacre in Oxford Michigan? ></document>
		<document> #USER# That's your opinion. But liberalism can come in different forms. ></document>
		<document> #USER# #USER# #USER# Trump did break the law. Several times. ></document>
		<document> #USER# #USER# #USER# #USER# Fine. This one is from today. Now piss off, rightard.
#URL# ></document>
		<document> #USER# Jazz isn't "degenerate". You just hate anything that involves black people because you're neo-nazis. ></document>
		<document> #USER# #USER# #USER# Was their evidence he actually abused her? Fake accusations happen all the time, which is why vigilantism is wrong. He deserved his time in court. ></document>
		<document> #USER# #USER# #USER# #USER# #USER# #USER# #USER# #USER# #USER# #USER# #USER# I don't care, many evil people have done those things too. The fact is, if you judge other women's worth by their looks then you're simply not a good person. Stop being shallow. ></document>
		<document> #USER# #USER# If he's taking free government money, he is freeloading. ></document>
		<document> #USER# #USER# Are you implying that black kids aren't working hard enough? Sounds like you're generalizing an entire race of people. All kids should be elevated. That's the point of schools. ></document>
		<document> #USER# #USER# #USER# Yes, and they are also mandated to take vaccines for Adenovirus, Hepatitis A, Hepatitis B, Influenza, Measles, mumps, rubella, Meningococcal, Poliovirus, Tetanus-Diphtheria, and Varicella. Cry about it. ></document>
		<document> #USER# #USER# #USER# #USER# Do you understand what limits means? Executive orders can't be used to create new legislation policies such as canceling federal student debt. Only congress can pass legislation. ></document>
		<document> #USER# If it's biological, then why are women choosing to have less kids while increasingly going to colleges and having jobs? Women only stayed home when they were forced or denied opportunities. Gender roles were created by society, not nature. ></document>
		<document> #USER# 150 thousand black people were arrested for violent crime and gun crime last year. There are 41 million black people in America. That means less than 1% committed those crimes. The 99% shouldn't be blamed for the actions of the 1%. ></document>
		<document> #USER# The nazis also dehumanized their political opponents. ></document>
		<document> #USER# #USER# #USER# Well I love watching porn, so yes. ></document>
		<document> #USER# #USER# ISIS members are just a product of the society they were raised in. Does that justify their actions? ></document>
		<document> #USER# There were some Jews who joined the Nazis. That doesn't mean the Nazis weren't anti-jewish. Black right-wingers are self-hating sellouts, just like the Jewish Kapo. ></document>
		<document> #USER# White people aren't the only culture with straight and colored hair. Stop being ignorant. Google aboriginals with blonde hair. ></document>
		<document> #USER# #USER# #USER# #USER# Hell no. Expand voting to 16 years olds. ></document>
		<document> #USER# #USER# #USER# I'm getting other responses that say otherwise. ></document>
		<document> #USER# You literally said he's not a man, implying that gender is not real. ></document>
		<document> #USER# We all know the real reason why you hate the VP. ></document>
		<document> #USER# #USER# #USER# #USER# #USER# Biden was never opposed to integration. Biden only opposed Delaware's busing methods, and black activists also opposed busing. They said it would not achieve equal opportunity, and they were right. Busing was a failed plan. Biden supported other methods to integrate. ></document>
		<document> #USER# #USER# Heathcare workers always had mandated shots. I had to take several before I trained as a nurse for hepatitis, measles, flu, etc. WHY is this suddenly a bad thing? Because fox news told you? ></document>
		<document> #USER# #USER# It's not dystopian. It would give people the choice to have biological children without the burden of pregnancy. ></document>
		<document> #USER# #USER# #USER# I mean even if she was molested by him, that doesn't justify what they did. According to an article, they chased and beat him to death. They should have called cops. ></document>
		<document> #USER# Floyd has been dead for over a year. You can stop obsessing about him now. ></document>
		<document> #USER# #USER# Christian theocracy, all non-whites deported, homosexuals executed, women classified as property, liberals arrested, etc ></document>
		<document> #USER# #USER# #USER# #USER# #USER# Organs and blood are not matched by race and ethnicity, and people of different races frequently match one another. Try again, Nazi. ></document>
		<document> #USER# Wow I didn't know those slurs were used in the UK. ></document>
		<document> #USER# #USER# #USER# Are you serious? They murdered a man. You can't kill someone because of what they allegedly did. You press charges and take it to court. Everyone deserves their time in court. ></document>
		<document> #USER# #USER# #USER# #USER# #USER# Hundreds of trump supporters broke into the capitol and assaulted cops, because they wanted to prevent congress from certifying the 2020 election. That's pretty much it. ></document>
		<document> #USER# I bet you never ask that question when the government bails out banks, wall street, airline companies while spending trillions on foreign wars. ></document>
		<document> #USER# #USER# I didn't forced to become pregnant, I said forced to stay pregnant, which violates the woman's bodily autonomy. ></document>
		<document> #USER# #USER# #USER# #USER# #USER# #USER# #USER# #USER# #USER# What does that have to do with the people in the picture? Are they telling kids to eat between bites? ></document>
		<document> #USER# #USER# #USER# People who wear seatbelts in cars and airplanes can still die in a crash. So non-seatbelt wearing people aren't any more at risk than seatbelt wearing people. Why force seatbelts on those who don't want it? Why penalize not wearing a seatbelt? ></document>
		<document> #USER# Do you how expensive cancer treatment is? It would make sense for them to keep working. ></document>
		<document> #USER# #USER# #USER# #USER# So you're denying that you're hateful against other races? Okay let's test that out...if a black family moved next door to you, how would you feel? ></document>
		<document> #USER# #USER# Calling someone racial slurs would qualify. ></document>
		<document> #USER# You think neo nazis are leftist? 😂😂😂 I don't think so.... #URL# ></document>
		<document> #USER# White nationalist have always existed in this country. And they always will, unless all non-whites disappear. ></document>
		<document> #USER# #USER# Because Dems believe in fair elections, not voter suppression. ></document>
		<document> #USER# At least we will have a first female VP. And she's a racial minority too. We won, deal with it. ></document>
		<document> #USER# #USER# I hate people who abuse children too, but those boys should have called the cops instead. Everyone deserves their time in court. Vigilantism looks good in movies, but it's a terrible idea in real life. ></document>
		<document> #USER# Didn't Trump say all rioters should get 10 years minimum? Throw the Capitol rioters in prison for 10 years! ></document>
		<document> #USER# Because it's the only way to remove them and they can't survive outside the uterus anyway pre-24 weeks. ></document>
		<document> #USER# #USER# #USER# You only posted random mugshots 😂
There's no proof they are racist or vote democrat. ></document>
		<document> #USER# Bad comparison. Abortion isn't like straight up executing someone. Doctors will try to keep the fetus alive after the procedure, depending on the stage of pregnancy. Unfortunately, over 90% of abortions occur when the unborn cannot possibly survive outside the uterus. ></document>
		<document> #USER# #USER# The Union wasn't threatening their homes, they were threatening the institution of slavery. That's why the south seceded after Lincoln won, back when republicans were sane. ></document>
		<document> #USER# #USER# Does that include white leftist, white lgbt, and white non-christians? ></document>
		<document> #USER# Right-wingers hate black people, women, immigrants, lgbt, and muslims. 

Leftist don't hate anyone. 

You are the real bigots. ></document>
		<document> #USER# Most of those banned LGBT books had no explicit content. And what about the books on race that were banned? They were not sexual at all. Just admit it, your side loves censorship just as much as leftist do. ></document>
		<document> #USER# #USER# #USER# And unlike Georgia, New York doesn't purge eligible registered voters from the voter rolls. ></document>
		<document> #USER# Happy Holiday, Happy Kwanzaa, and Happy Hanukkah! ></document>
		<document> #USER# I'm not assuming your race, I'm assuming your political ideology which is far-right/white nationalist extremism. ></document>
		<document> #USER# #USER# #USER# Did you buy from a licenced or unlicensed gun seller? Private unlicensed sellers don't have to request IDs from their customers. ></document>
		<document> #USER# #USER# You can't sue people for using their freedom of speech. ></document>
		<document> #USER# #USER# #USER# #USER# I see a white supremacist who celebrates a slave trafficker and mass murderer while criticizing Kwanzaa. ></document>
		<document> #USER# If soldiers never have to follow legal orders, then what's the point of having a military? ></document>
		<document> #USER# But it was a real insurrection. A failed one, but still happened. ></document>
		<document> #USER# No, but he made white people attack the capitol. ></document>
		<document> #USER# #USER# Rightwingers only support the 2nd amendment for white people. Duh ></document>
		<document> #USER# Being a free country doesn't mean you can disobey orders from your boss at work and not get fired. ></document>
		<document> #USER# #USER# #USER# Some people on this thread were talking about private businesses. ></document>
		<document> #USER# #USER# #USER# #USER# #USER# #USER# #USER# #USER# #USER# No, they were done eating, which is why they are wearing mask. Duh ></document>
		<document> #USER# #USER# #USER# Biden lives rent free in his head. ></document>
		<document> #USER# You don't want to play cool VR games? ></document>
		<document> #USER# #USER# You think public places don't have rules? Schools are public too. Can any adult walk inside and do whatever they want? Get real. ></document>
		<document> #USER# Trump called nazis  "very fine people". He and his party are the real nazis. And you admit you want to normalize nazism in schools. Typical conservative. #URL# ></document>
		<document> #USER# #USER# #USER# #USER# Nah, American conservatives are fascist and communist. #URL# ></document>
		<document> #USER# #USER# #USER# No, the survey originated from Fox. The New York post was only reporting it. ></document>
		<document> #USER# #USER# #USER# #USER# And ya'll wonder why most minorities don't vote for conservatives. ></document>
		<document> #USER# Yes I'm scared of nazis like you who wants to purge all non-whites from society or make them second class citizens again. But fortunately, you monsters will never gain power. ></document>
		<document> #USER# Are you sure low birth rates is due to being low income? Because poor people have more kids than anyone else. The wealthier a woman is, the less kids she has because she has more freedom and oppurtunities, unlike women in poor and traditionalist nations like the ME or in Africa. ></document>
		<document> #USER# #USER# You're right. Ryan thought the guy who killed George Floyd was innocent. ></document>
		<document> #USER# Democrats have alot to offer on important issues like healthcare, infrastructure, student debt, etc. All the GOP has is fake culture wars, which is the only way to motivate their base to vote. "Who cares about our weak healthcare system, trans people are using bathrooms!" ></document>
		<document> #USER# #USER# #USER# So is demanding IDs for airports, voting, and bars also like Nazi Germany? ></document>
		<document> #USER# #USER# Call it whatever you want, but it's inevitable and the low birth rates aren't helping. ></document>
		<document> #USER# Maybe she's right. Plenty of conservatives in the south are still old school racist.n#URL# ></document>
		<document> #USER# #USER# She joined a violent mob that disrupted an election proceeding to keep trump in power. Imagine if she was muslim or black. You guys would call for her head. ></document>
		<document> #USER# #USER# #USER# I didn't say Epps is not responsible. The FBI is only focusing on arresting people who actually went inside the capitol or/and assaulted cops. ></document>
		<document> #USER# So voter id laws are useless? Then stop pushing them. ></document>
		<document> #USER# #USER# But Georgia had one of the strictest voter ID laws in the country. And voter ID prevents fraud, right? ></document>
		<document> #USER# #USER# People of different races living in the same country as you is not replacement, nazi. ></document>
		<document> #USER# #USER# The countryside is boring. This urban cyberpunk future looks cool. ></document>
		<document> #USER# #USER# #USER# Too be fair, a party doesn't really control congress unless they 60 votes in the senate, which republicans did not have. ></document>
		<document> #USER# #USER# #USER# Most states don't require IDs to buy guns. ></document>
		<document> #USER# #USER# #USER# I don't think anyone can own land in China. They are literally socialist. ></document>
		<document> #USER# And the cops had every right to arrest them for rioting. ></document>
		<document> #USER# Mike Byrd is a hero. Ashli Babbitt was a terrorist. ></document>
		<document> #USER# This is awesome. I hate seeing statues dedicated to men who fought to preserve slavery. ></document>
		<document> #USER# "people of color" is such a cringe term and offensive because it implies that all non-whites are a monolithic group, which erases their unique seperate identities and the individual issues facing those unique groups. ></document>
		<document> #USER# #USER# #USER# Oh look, another right-wing nazi. #URL# ></document>
		<document> #USER# #USER# #USER# She's a white supremacist who hates black people, like most conservatives. ></document>
		<document> #USER# Thomas the Train literally did an episode on climate change. ></document>
		<document> #USER# #USER# #USER# #USER# No, racism is a "slur" against anyone who is prejudice against other races. For example, the nation of islam is racist because they hate whites and jews. Simple as that.nnYou righties love playing victim to deflect from your own hatred against racial minorities and lgbt people. ></document>
		<document> #USER# #USER# You can't sue her for using her freedom of speech. ></document>
		<document> #USER# So you think this is okay? You must really hate cops. #URL# ></document>
		<document> #USER# #USER# I always knew southern hospitality was a myth. ></document>
		<document> #USER# #USER# Maybe because there are too many racial slurs in the book. I was the only black kid in my class when the teacher was reading it. It was so awkward. lol ></document>
		<document> #USER# Filming people while they eat is kinda creepy. ></document>
		<document> #USER# #USER# #USER# So we can't trash Ted Bundy? He's dead. ></document>
		<document> #USER# #USER# You can't tell that this account is used to mock black women? This is why black people dislike right-wingers. ></document>
		<document> #USER# In America, private companies can choose who to associate with. It's called freedom of association. And we the consumers have the right to choice who to to business with. It's called free market. Deal with it. ></document>
		<document> #USER# Why are you obsessed with white people? Are you a white supremacist? ></document>
		<document> #USER# #USER# #USER# That's false. New York and Delaware doesn't have ID requirements. New York has the longest Election Day polling hours in the nation. And they are expanding voting access with automatic voter registration and no excuse absentee ballot which will take effect in 2023. ></document>
		<document> #USER# Using a code for F*ck the president is G-rated? And Kathy Griffin also got death threats and angry responses from republicans, so spare me. ></document>
		<document> #USER# #USER# #USER# If Tim Pool truly wasn't right-wing, he wouldn't have voted for a right-wing party like the GOP. He would have voted third party or stay home. ></document>
		<document> #USER# Yeah, the person who said that quote first should seek help. ></document>
		<document> #USER# #USER# #USER# Imagine if was Ilhan Omar was holding that gun. The right would go nuts. ></document>
		<document> #USER# Did George Washington support beating up cops? #URL# ></document>
		<document> #USER# #USER# But what if the pilot wore a black lives matter sticker? Would you be okay with that? ></document>
		<document> #USER# #USER# If he actually abused that girl (which nobody knows for sure) then he was entitled to his time in court. Nobody should ever have the right to take someone else's life. ></document>
		<document> #USER# Didn't Trump sign prison reform? So how is this the left's fault? ></document>
		<document> #USER# #USER# #USER# But restaurants can still set their own rules. Follow them or leave. ></document>
	
</author><document> #USER# "Enslaved and free black workers built the roads, buildings, fortifications and other infrastructure"

#URL# </document>
<document> #USER# Hitler didn't just send Jews. He also sent leftists, communists, socialists, gypsies, Slavs and disabled people to the camps. He was a far-right dictator. >></document>
<document> #USER# #USER# The murder rate against white South Africans is very low. nThe guy I replied to initially said he wants all non-whites "removed altogether". Richard Spencer has said he wants "peaceful ethnic cleansing" in America and wants every Turkish person to be "thrown into the ocean". >></document>
<document> #USER# #USER# #USER# True, but those on the right call everyone on their left a communist. Bernie Obama, Hillary, etc. </document>
<document> #USER# #USER# #USER# #USER# Or the white boy who shot up a school in Michigan? >></document>
<document> #USER# #USER# #USER# #USER# #USER# You mean like school plays or mascots? Oh the horror. >></document>
<document> #USER# #USER# Your house is just a damn building. Let the rioters storm it and see how you feel. >></document>
<document> #USER# #USER# That's the point. Spending your tax dollars is how the government gets to do anything. >></document>
<document> #USER# #USER# I bet you think being gay is a choice. Hypocrites. >></document>
<document> #USER# #USER# #USER# Tim is right. This explains why he opposes the verdict. >></document>
<document> #USER# The US military is on the side of the law. If you right-wing idiots try another insurrection, you will all join Ashli ​​Babbit in hell. >></document>
<document> #USER# #USER# #USER# You said that anyone who commits crimes gives up their right to life. Ashli ​​was rioting in the capital building. >></document>
<document> #USER# #USER# If he were a Muslim, everyone would call him terrorism. >></document>
<document> #USER# You're right, most cultures that don't follow Western liberalism are generally authoritarian and disenfranchised, like Iran or Afghanistan. Conservative countries are backward. >></document>
<document> #USER# I bet you support voter ID, which is more racially discriminatory. >></document>
<document> #USER# #USER# No, but it pisses off racists and that's enough. >></document>
<document> #USER# #USER# #USER# He won't go to jail for trespassing. He was convicted of obstructing an official government process (electoral college certification), which is a serious crime. >></document>
<document> #USER# #USER# #USER# #USER# Then stop whining about schools that don't allow conservative speakers. >></document>
<document> #USER# #USER# It doesn't matter. They killed him and are going to prison. Tackle and boil over. >></document>
<document> #USER# If migrants aren't killing or deporting you, then they aren't deleting you. How many times do I have to say it? You hate people of different races so much that you believe their mere existence in America is genocide againstYou. Sad >></document>
<document> #USER# Voter ID is a tactic to disenfranchise racial minorities. Electoral fraud is rare. >></document>
<document> #USER# Why should we process it? He did a public service by killing one of you demon fascists. >></document>
<document> #USER# #USER# #USER# No, it doesn't matter. White House reporters should be asking questions related to presidency and government matters, not private family members. >></document>
<document> #USER# And if you are from a racial minority, LGBT, non-Christian or poor, they will try to make your life a living hell. >></document>
<document> #USER# No, she married a sex offender who exposed himself to the children. Typical Republican. >></document>
<document> #USER# #USER# #USER# #USER# #USER# can't "win" without suppressing black and minority voters, and they know it.

Simple as that. >></document>
<document> #USER# #USER# #USER# Trump has the worst record of job creation, was impeached twice, one term, lost the popular vote twice, and incited an insurrection. He is the worst president in history </document>
<document> #USER# #USER# lol Anyone to Hitler's left is a "communist" to you guys. >></document>
<document> #USER# #USER# #USER# #USER# #USER# #USER# Oh please, your party is trying to legalize child marriage.
#URL# </document>
<document> #USER# #USER# The jury is right. Cry More Peter </document>
<document> #USER# Yes, I'm not Caucasian. My great grandmother was Caucasian. >></document>
<document> #USER# Conservatives are literally obsessed with race. They hate minorities. >></document>
<document> #USER# #USER# #USER# #USER# Only for hunting and target shooting under adult supervision. So this doesn't apply to Kyle. >></document>
<document> #USER# #USER# So you're calling me snowflake because I said racial slurs don't belong in school and you support the confederacy? Your mask is slipping off today, Mike. You rightists are usually more subtle about your racism. >></document>
<document> #USER# #USER# #USER# #USER# Republicans are censoring LGBT books and books written by black authors. >></document>
<document> #USER# #USER# Yes, I am. They want to ethnically cleanse the country of all non-whites. >></document>
<document> #USER# #USER# Republicans pretend to take care of children. But they will bomb them in foreign countries, support cops who kill them if they are a racial minority, and cut programs that help feed them. >></document>
<document> #USER# #USER# #USER# #USER# #USER# That's why I put it in quotes. Anything related to history and race is banned due to "anti-CRT" laws, even though they aren't actually CRTs. >></document>
<document> #USER# #USER# And seat belts don't stop you from dying in crashes. But it still reduces the risk, just like vaccines. >></document>
<document> #USER# #USER# #USER# #USER# Yes, last year he made nearly $2 million consulting for corporate and finance companies. Her husband has also contributed to her networkWorth. >></document>
<document> #USER# #USER# Then never take medicine if you get sick or injured. Let nature take its course. >></document>
<document> #USER# #USER# #USER# Why did Trump hang up a picture of him shaking hands with Kim Jong-un? >></document>
<document> #USER# #USER# No, just correcting the original tweet. He wasn't arrested for refusing to show his vax card. It was trespassing. >></document>
<document> #USER# #USER# Since you mentioned race, do you think a business should be allowed to deny service to racial minorities? >></document>
<document> #USER# #USER# #USER# #USER# So policemen and soldiers shouldn't wear bulletproof vests? >></document>
<document> #USER# #USER# #USER# #USER# There is blond hair and blue eyes in native Australians and other non-European people. #URL# </document>
<document> #USER# Confederates fought for black slavery. This is a fact. >></document>
<document> #USER# Do you think you have the right to attack the police every time you lose an election? So much for #HASHTAG# 😂 >></document>
<document> #USER# #USER# Asians and whites in New York usually go to different schools than black and Hispanic children. >></document>
<document> #USER# #USER# Hahahaha. Go ahead and try, but I'm pretty sure you'll end up dead or in jail. >></document>
<document> #USER# #USER# Race is basically your appearance (skin color, facial features, etc). You don't get to choose your appearance, unless you're rich enough to afford plastic surgery. >></document>
<document> #USER# #USER# #USER# #USER# #USER# #USER# There is a lot of evidence. Conservatives have been trying to write off Colin Kaepernick and other NFL players. Fuck them. I stopped playing well. >></document>
<document> #USER# Stop showing. You're the one who wants to genocide all non-whites. I believe race shouldn't matter and everyone should have equal rights. >></document>
<document> #USER# #USER# Why is everyone blaming mental illness when it's a white shooter? >></document>
<document> #USER# Only white people can pose with guns in America without anyone complaining. #URL# </document>
<document> #USER# #USER# Or...and listen to me...we should give people more reproductive choices. If birth pods aren't your thing, then don't. But don't stop other women from using it. 9 months pregnant should be a choice. >></document>
<document> #USER# Trump voters would rather attack the capital. They are wild. >></document>
<document> #USER# #USER# #USER# He didn't lie. We all know the real reason why conservatives hate her. >></document>
<document> #USER# Did you read it? It doesn't say that black people commit half of all crimes. You were wrong. >></document>
<document> #USER# #USER# #USER# Trump's father was arrested at a Klan rally. Like father Like Son. n#URL# ></document>
<document> #USER# #USER# #USER# Then put your kids in private school or homeschool them. >></document>
<document> #USER# Term limits are not democratic. The people should be allowed to elect someone like so many t'stimes as they want. >></document>
<document> #USER# #USER# Black voting is not cheating. >></document>
<document> #USER# #USER# Is this true? America's first modern policing began in New York City in the 1840s when slavery was illegal in the state. >></document>
<document> #USER# #USER# #USER# Telling a private company how to operate is authoritative. I support the free market. >></document>
<document> #USER# Their role is whatever they decide it is. However, forcing your barbaric gender rules on people will make them miserable. Do Middle Eastern women look happy to you? Women want to control their own destiny, just like you. >></document>
<document> #USER# #USER# #USER# #USER# Just saying "I hate women" is much easier. >></document>
<document> #USER# Ok, now I understand, you are a white supremacist and a liar. >></document>
<document> #USER# #USER# #USER# #USER# #USER# #USER# Afrikaans is an Indo-European language, so it is native to Europe just like English. Afrikaans is only spoken in South Africa due to colonialism.

The true languages ​​of Sub-Saharan Africa are part of the Niger-Congo and Khoi-San language families. >></document>
<document> #USER# #USER# Yes, every war is a rich man's war. Confederate soldiers were pawns for the wealthy slave-owning elite, meaning they were indirectly fighting to support slavery. You cannot absolve them of this. They are just as guilty as the elite slave owners they fought for. >></document>
<document> #USER# It has morphed into white nationalist theocratic fascism. >></document>
<document> #USER# #USER# I guess the soldiers should stop wearing the flak jacket. They still get shot! >></document>
<document> #USER# How was that not? The Capitol rioters used violence (one hundred policemen injured) to prevent the government from certifying an election. This fits the definition. >></document>
<document> #USER# #USER# If Obama, Hillary, or Biden incited a rebellion on the Capitol, you'd go monkey shit. >></document>
<document> #USER# So you can wear seat belts, but still die in a crash? >></document>
<document> #USER# Do you think terrorism is associated only with Muslims? If you do, you are a hypocrite. >></document>
<document> #USER# #USER# In politics, it's common to talk about former presidents from Trump to George Washington. Conservatives do the same. And since Trump is back in the running and almost guaranteed to be the candidate, he's still relevant enough to talk about. So get used to it. >></document>
<document> #USER# First of all, I hate driving long distances. Second, don't you think pilots should look professional? Wear a sticker with profanity. What do you think "FJB" means? >></document>
<document> #USER# Works great. Native Zimbabweans are now in control of their own destiny, whether they fail or succeed. They no longer need European foreigners. >></document>
<document> #USER# Why can't I see anyone not-white people on this thread proclaim that they have the "right skin color". I have only seen a few comments that say white skin is fair. >></document>
<document> #USER# #USER# Oh well that's wrong. Race should never be a factor in any policy. >></document>
<document> #USER# #USER# #USER# They weren't trying to interrogate him. They hit him with their truck and tried to kill him. >></document>
<document> #USER# #USER# lol You didn't trust Politifact before.
Correction, but it's still a racist banner for other reasons. The confederacy literally fought for slavery. >></document>
<document> #USER# #USER# #USER# The Nazis sent the socialists to concentration camps. >></document>
<document> #USER# Do you deny right-wing attacks on non-whites and non-Christians? This is undeniable. >></document>
<document> #USER# #USER# What about the white-on-white massacre in Oxford Michigan? >></document>
<document> #USER# This is your opinion. But liberalism can come in many forms. >></document>
<document> #USER# #USER# #USER# Trump broke the law. Several times. >></document>
<document> #USER# #USER# #USER# #USER# Good. This is from today. Now go away, Rightard.
#URL# </document>
<document> #USER# Jazz is not "degenerate". You hate anything involving black people because you are a neo-Nazi. >></document>
<document> #USER# #USER# #USER# Was their proof that he actually abused her? False accusations happen all the time, which is why vigilantism is wrong. He deserved his time in court. >></document>
<document> #USER# #USER# #USER# #USER# #USER# #USER# #USER# #USER# #USER# #USER# #USER# I don't care, many evil people did these things too. The thing is, if you judge the worth of other women by their looks, you're simply not a good person. Stop being superficial. >></document>
<document> #USER# #USER# If he gets free money from the government, he's downloading for free. >></document>
<document> #USER# #USER# Are you implying that black kids don't work hard enough? You seem to be generalizing a whole race of people. All children should be elevated. This is the point of schools. >></document>
<document> #USER# #USER# #USER# Yes, and they are also required to take vaccines for Adenovirus, Hepatitis A, Hepatitis B, Influenza, Measles, Mumps, Rubella, Meningococcus, Poliovirus, Tetanus-Diphtheria and Chickenpox. Cry about it. >></document>
<document> #USER# #USER# #USER# #USER# Do you understand what limit means? Executive orders cannot be used to create new legislative policies such as the cancellation of federal student debt. Only Congress can pass legislation. >></document>
<document> #USER# If it's biological, then why are women choosing to have fewer children while increasingly going to college and having jobs? Women only stayed at home when forced or denied opportunities. Gender roles were created by society, not nature. >></document>
<document> #USER# Last year, 150,000 black people were arrested for violent crimes and firearms. There are 41 million black of people in America. That means less than 1% committed those crimes. The 99% should not be blamed for the actions of the 1%. >></document>
<document> #USER# The Nazis also dehumanized their political opponents. >></document>
<document> #USER# #USER# #USER# Well, I like watching porn, so yeah. >></document>
<document> #USER# #USER# Members of ISIS are just a product of the society they grew up in. Does this justify their actions? >></document>
<document> #USER# Some Jews joined the Nazis. This does not mean that the Nazis weren't anti-Jewish. Right-wing blacks hate themselves, just like the Jewish Kapo. >></document>
<document> #USER# Whites aren't the only culture with straight, colored hair. Stop being ignorant. Google aboriginals with blond hair. >></document>
<document> #USER# #USER# #USER# #USER# Hell no. Expand the vote to 16 years. >></document>
<document> #USER# #USER# #USER# I'm getting other replies that say otherwise. >></document>
<document> #USER# You literally said it's not a man, implying that gender isn't real. >></document>
<document> #USER# We all know the real reason you hate the VP. >></document>
<document> #USER# #USER# #USER# #USER# #USER# Biden has never been against integration. Biden only opposed Delaware's busing methods, and black activists also opposed the busing. They said it would not achieve equal opportunity and they were right. The bus was a failed plan. Biden has advocated other methods of integration. >></document>
<document> #USER# #USER# Healthcare workers have always had injections required. I had to take several before training as a nurse for hepatitis, measles, flu, etc. WHY is this suddenly a bad thing? Why did Fox News tell you that? >></document>
<document> #USER# #USER# It's not dystopian. It would give people the ability to have biological children without the burden of pregnancy. >></document>
<document> #USER# #USER# #USER# I mean, even if she was harassed by him, that doesn't justify what they did. According to one article, they chased him down and beat him to death. They should have called the police. >></document>
<document> #USER# Floyd has been dead for over a year. You can stop obsessing over him now. >></document>
<document> #USER# #USER# Christian theocracy, all non-whites deported, homosexuals executed, women classified as property, liberals arrested, etc. </document>
<document> #USER# #USER# #USER# #USER# #USER# Organs and blood do not match by race and ethnicity, and people of different races often match each other. Try again, Nazi. >></document>
<document> #USER# Wow, I didn't know those slurs were used in the UK. >></document>
<document> #USER# #USER# #USER# Are you serious? They killed a man. You can't kill someone for what they supposedly did. You file a complaint and take it to court. Everyone deserves their time in court. >></document>
<document> #USER# #USER# #USER# #USER# #USER# Hundreds of Trump supporters stormed the capital and assaulted police, becausebecause they wanted to prevent Congress from certifying the 2020 election. That's pretty much it. >></document>
<document> #USER# I bet you never ask this question when the government is bailing out banks, Wall Street, airlines while spending trillions on foreign wars. >></document>
<document> #USER# #USER# I didn't force to get pregnant, I said forced to get pregnant, which violates the woman's bodily autonomy. >></document>
<document> #USER# #USER# #USER# #USER# #USER# #USER# #USER# #USER# #USER# What does this have to do with the people in the photo? Are they telling kids to eat between bites? >></document>
<document> #USER# #USER# #USER# People wearing seat belts in cars and airplanes can still die in crashes. So people who don't wear a seat belt are no more at risk than people who wear a seat belt. Why force seat belts on those who don't want it? Why penalize not wearing a seat belt? >></document>
<document> #USER# How expensive is cancer treatment? It would make sense for them to continue working. >></document>
<document> #USER# #USER# #USER# #USER# So you're in denial that you're hateful to other races? Ok, let's try it... if a black family moved in next door, how would you feel? >></document>
<document> #USER# #USER# Calling someone with racial slurs would be fine. >></document>
<document> #USER# Do you think neo-Nazis are leftist? 😂😂😂 I don't think so.... #URL# ></document>
<document> #USER# White nationalists have always existed in this country. And they always will, unless all non-whites disappear. >></document>
<document> #USER# #USER# Because Democrats believe in fair elections, not voter suppression. >></document>
<document> #USER# At least we will have a female first vice president. And it is also a racial minority. We won, face it. >></document>
<document> #USER# #USER# I hate people who abuse children too, but those kids should have called the police. Everyone deserves their time in court. Vigilantism looks good in movies, but it's a terrible idea in real life. >></document>
<document> #USER# Didn't Trump say that all rioters should be at least 10 years old? Throw the Capitol rioters in jail for 10 years! >></document>
<document> #USER# Because it's the only way to remove them and they can't survive outside the womb before 24 weeks anyway. >></document>
<document> #USER# #USER# #USER# You only posted random mug shots 😂
There is no evidence that they are racist or vote Democrat. >></document>
<document> #USER# Bad comparison. Abortion is not like executing someone. Doctors will try to keep the fetus alive after the procedure, depending on the stage of the pregnancy. Unfortunately, over 90% of miscarriages occur when the unborn baby cannot survive outside the womb. >></document>
<document> #USER# #USER# The Union wasn't threatening their homes, they were threatening the institution of slavery. That's why the South seceded after Lincoln's victory, when the Republicans were sane. >></document>
<document> #USER# #USER# Do that include white leftists, white lgbt, and white non-christians? >></document>
<document> #USER# The right hates black people, women, immigrants, lgbt and muslims.

The left doesn't hate anyone.

You are the real bigots. >></document>
<document> #USER# Most of those banned LGBT books had no explicit content. And what about books on race that have been banned? They weren't sexual at all. Admit it, your side loves censorship as much as the left. >></document>
<document> #USER# #USER# #USER# And unlike Georgia, New York does not purge eligible registered voters from the electoral roll. >></document>
<document> #USER# Happy Holidays, Happy Kwanzaa and Happy Hanukkah! >></document>
<document> #USER# I am not assuming your race, I am assuming your political ideology which is far right/white nationalist extremism. >></document>
<document> #USER# #USER# #USER# Did you buy from a licensed or unlicensed gun dealer? Unlicensed private sellers do not have to request IDs from their customers. >></document>
<document> #USER# #USER# You cannot sue people for using their freedom of speech. >></document>
<document> #USER# #USER# #USER# #USER# I see a white supremacist celebrating a slave trader and mass murderer while criticizing Kwanzaa. >></document>
<document> #USER# If soldiers are never to follow legal orders, then what's the point of having a military man? >></document>
<document> #USER# But it was a real insurrection. One failed, but still successful. >></document>
<document> #USER# No, but he had the whites attack the Capitol. >></document>
<document> #USER# #USER# The right supports only the 2nd amendment for white people. Boh </document>
<document> #USER# Being a free country doesn't mean you can disobey your boss's orders at work and not get fired. >></document>
<document> #USER# #USER# #USER# Some people in this thread were talking about private companies. >></document>
<document> #USER# #USER# #USER# #USER# #USER# #USER# #USER# #USER# #USER# No, they're done eating, which is why they're wearing the mask. Boh </document>
<document> #USER# #USER# #USER# Biden lives for free in his head. >></document>
<document> #USER# Don't want to play cool VR games? >></document>
<document> #USER# #USER# Do you think public places have no rules? The schools are also public. Can any adult come in and do whatever they want? Get back down to earth. >></document>
<document> #USER# Trump called the Nazis "very good people". He and his party are the real Nazis. And you admit that you want to normalize Nazism in schools. Typical conservative. #URL# </document>
<document> #USER# #USER# #USER# #USER# Nah, American conservatives are fascists and communists. #URL# </document>
<document> #USER# #USER# #USER# No, this poll originated from Fox. The New York Post only reported it. >></document>
<document> #USER# #USER# #USER# #USER# And you wonder why most minorities don't vote conservative. >></document>
<document> #USER# Yes, I'm afraid ofNazis like you who want to eliminate all non-whites from society or make them second class citizens again. But luckily you monsters will never gain power. >></document>
<document> #USER# Are you sure low birth rates are due to low income? Because the poor have more children than anyone else. The richer a woman is, the fewer children she has because she has more freedom and opportunities, unlike women in poor and traditionalist nations like ME or Africa. >></document>
<document> #USER# #USER# You are right. Ryan thought the man who killed George Floyd was innocent. >></document>
<document> #USER# Democrats have a lot to offer on important issues like healthcare, infrastructure, student debt, etc. All the GOP has is fake culture wars, which is the only way to motivate their base to vote. "Who cares about our weak healthcare system, trans people use the toilets!" >></document>
<document> #USER# #USER# #USER# So Nazi Germany likes asking for IDs for airports, polls and bars too? >></document>
<document> #USER# #USER# Call it what you want, but it's inevitable and low birth rates don't help. >></document>
<document> #USER# Maybe he's right. Many conservatives in the South are still old-school racists.n#URL#></document>
<document> #USER# #USER# Joined a violent mob that disrupted an election process to keep Trump in power. Imagine if she was Muslim or black. You guys would ask for his head. >></document>
<document> #USER# #USER# #USER# I didn't say that Epps is not responsible. The FBI is only focusing on arresting people who actually entered the capital and/or assaulted cops. >></document>
<document> #USER# So voter ID laws are useless? So stop pushing them. >></document>
<document> #USER# #USER# But Georgia had one of the strictest voter ID laws in the country. And voter ID prevents fraud, right? >></document>
<document> #USER# #USER# People of different races living in the same country as you are no substitute, Nazi. >></document>
<document> #USER# #USER# The campaign is boring. This urban cyberpunk future looks great. >></document>
<document> #USER# #USER# #USER# To be fair, a party doesn't really control Congress unless it has 60 votes in the Senate, which the Republicans didn't have. >></document>
<document> #USER# #USER# #USER# Most states do not require ID to purchase guns. >></document>
<document> #USER# #USER# #USER# I don't think anyone can own land in China. They are literally socialists. >></document>
<document> #USER# And the cops had every right to arrest them for riot. >></document>
<document> #USER# Mike Byrd is a hero. Ashli ​​Babbitt was a terrorist. >></document>
<document> #USER# That's great. I hate seeing statues dedicated to men who fought to preserve slavery. >></document>
<document> #USER# "people of color" is such an embarrassing and offensive term because it implies that all non-whites are a monolithic group, which erases their unique and separate identities and individualThe problems facing those unique groups. >></document>
<document> #USER# #USER# #USER# Oh look, another right-wing Nazi. #URL# </document>
<document> #USER# #USER# #USER# She is a white supremacist who hates blacks, like most conservatives. >></document>
<document> #USER# Thomas the Train literally made an episode about climate change. >></document>
<document> #USER# #USER# #USER# #USER# No, racism is an "insult" against anyone who is prejudiced against other races. For example, the nation of Islam is racist because they hate whites and Jews. Simple as that.nnYou righteous love to play the victim to deviate from your own hatred of racial minorities and lgbt people. >></document>
<document> #USER# #USER# You can't sue her for using her freedom of speech. >></document>
<document> #USER# So you think it's okay? You must really hate cops. #URL# </document>
<document> #USER# #USER# I always knew Southern hospitality was a myth. >></document>
<document> #USER# #USER# Maybe because there are too many racial slurs in the book. I was the only black boy in my class when the teacher was reading it. It was so embarrassing. hello >></document>
<document> #USER# Filming people eating is pretty creepy. >></document>
<document> #USER# #USER# #USER# So we can't trash Ted Bundy? Is dead. >></document>
<document> #USER# #USER# Can't you tell that this account is used to mock black women? This is why black people don't like right-wing people. >></document>
<document> #USER# In America, private companies can choose who to associate with. It's called freedom of association. And we consumers have the right to choose who we do business with. It's called the free market. Face. >></document>
<document> #USER# Why are you obsessed with white people? Are you a white supremacist? >></document>
<document> #USER# #USER# #USER# This is false. New York and Delaware have no identification requirements. New York City has the longest polling hours in the nation. And they are expanding access to voting with automatic voter registration and no-excuse absentee voting going into effect in 2023. </document>
<document> #USER# Using a code for F*ck is the president rated G? And Kathy Griffin has also received death threats and angry responses from Republicans, so spare me. >></document>
<document> #USER# #USER# #USER# If Tim Pool weren't truly right-wing, he wouldn't have voted for a right-wing party like the GOP. He would have voted third or stayed home. >></document>
<document> #USER# Yes, the person who said that quote first should ask for help. >></document>
<document> #USER# #USER# #USER# Imagine if it was Ilhan Omar holding that gun. The right would go crazy. >></document>
<document> #USER# Was George Washington in favor of beating up cops? #URL# </document>
<document> #USER# #USER# What if the pilot wears a black sticker that counts life? Would that suit you? >></document>
<document> #USER# #USER# Whether he actually abused that girl (which nobody knows for sure), then he was entitled to his time in court. No one should ever have the right to take someone else's life. >></document>
<document> #USER# Trump didn't sign prison reform? So why is it the fault of the left? >></document>
<document> #USER# #USER# #USER# But restaurants can still set their own rules. Follow them or leave. >></document>

</author><Document> #USER# "Enslaved and free black workers built the roads, buildings, fortifications and other infrastructure"

#URL# ></document>
<Document> #USER# Hitler didn't only send Jews. He also sent leftists, communists, socialists, gypsies, Slavs and disabled people to camps. He was a far-right dictator. ></document>
<document> #USER# #USER# The murder rate of white South Africans is very low. nThe guy I originally replied to said he wants all non-whites to be "completely removed." Richard Spencer said he wanted "peaceful ethnic cleansing" in America and wanted every Turk "thrown in the ocean". ></document>
<Document> #USER# #USER# #USER# True, but the right calls everyone on their left a communist. Bernie Obama, Hillary, etc. ></document>
<document> #USER# #USER# #USER# #USER# Or the white boy who shot a school in Michigan? ></document>
<document> #USER# #USER# #USER# #USER# #USER# You mean like school games or mascots? Oh the horror. ></document>
<document> #USER# #USER# Your house is just a damn building. Let's rioters storm it and see how you feel. ></document>
<Document> #USER# #USER# That's the point. Spending taxpayer money is how the government is able to do anything. ></document>
<document> #USER# #USER# I bet you think being gay is a choice. Hypocrite. ></document>
<Document> #USER# #USER# #USER# Tim is on the right. That explains why he is defying the verdict. ></document>
<Document> #USER# The US military stands on the same side as the law. If you right wing idiots try another uprising you will all join Ashli ​​Babbit in Hell. ></document>
<document> #USER# #USER# #USER# You said that anyone who engages in crime gives up their right to life. Ashli ​​rioted in the main building. ></document>
<document> #USER# #USER# If he were Muslim, everyone would call it terrorism. ></document>
<document> #USER# You're right, most cultures that don't follow western liberalism are usually authoritarian and don't have human rights, like Iran or Afghanistan. Conservative countries are backward. ></document>
<document> #USER# I bet you support voter ID which is more racially discriminatory. ></document>
<document> #USER# #USER# No, but it makes racist people angry and that's good enough. ></document>
<Document> #USER# #USER# #USER# He won't go to jail for trespassing. He was found guilty of obstructing an official government proceeding (Certificate of the Electoral College), which constitutes a felony. ></document>
<Document> #USER# #USER# #USER# #USER# Then stop complaining about schools not allowing conservative speakers. ></document>
<Document> #USER# #USER# Doesn't matter. They killed him and they're going to jail. Cope and seethe. ></document>
<Document> #USER# If the migrants don't kill you or deport you, they don't delete you. How many times do I have to say that? You hate people of different races so much that you believe their very existence in America amounts to genocideYou. Sorry ></document>
<Document> #USER# Voter ID is a tactic to disenfranchise racial minorities. Voter fraud is rare. ></document>
<document> #USER# Why should we bring him to justice? He did a public service for killing one of you demonic fascists. ></document>
<Document> #USER# #USER# #USER# No, it is not relevant. White House reporters should ask questions about presidential and government matters, not private family members. ></document>
<document> #USER# And if you are a racial minority, LGBT, non-Christian or poor, they will try to make your life hell. ></document>
<document> #USER# No, she married a sex offender who exposed himself to children. Typical Republican. ></document>
<Document> #USER# #USER# #USER# #USER# #USER# can't “win” without oppressing black and minority voters, and they know it.

It's that simple. ></Document>
<document> #USER# #USER# #USER# Trump has the worst record of job creation, being impeached twice, one term in office, losing the popular vote twice and instigating an insurrection. He's the worst president ever ></document>
<document> #USER# #USER# lol Anyone to the left of Hitler is a "communist" to you. ></document>
<Document> #USER# #USER# #USER# #USER# #USER# #USER# Oh please, your party is trying to legalize child marriage.
#URL# ></document>
<document> #USER# #USER# The jury got it right. Scream more Peter ></document>
<Document> #USER# Yes, I'm not Caucasian. My great-grandmother was Caucasian. ></document>
<document> #USER# Conservatives are literally obsessed with race. You hate minorities. ></document>
<Document> #USER# #USER# #USER# #USER# For hunting and target practice under adult supervision only. So that doesn't apply to Kyle. ></document>
<document> #USER# #USER# So you're calling me a snowflake for saying racial slurs aren't in school and you support the Confederacy? Your mask fell off today, Mike. You rightists are usually more subtle about your racism. ></document>
<Document> #USER# #USER# #USER# #USER# Republicans censor LGBT books and books written by black authors. ></document>
<Document> #USER# #USER# Yes, they are. They want to ethnically cleanse the country of all non-whites. ></document>
<document> #USER# #USER# Republicans pretend to care for children. But they will bomb them in foreign countries, support police officers who will kill them if they are racial minorities, and cut programs that help feed them. ></document>
<document> #USER# #USER# #USER# #USER# #USER# That's why I put it in quotes. Anything related to history and race is banned under "anti-CRT" laws, even though it's not actually CRT. ></document>
<document> #USER# #USER# And seat belts don't prevent you from dying in accidents. But it still lowers the risk, just like vaccines. ></document>
<Document> #USER# #USER# #USER# #USER# Yes, she made nearly $2 million last year as a consultant to corporate and financial firms. Her husband also contributed to her networkValue. ></document>
<document> #USER# #USER# Then never take medication if you get sick or injured. Let nature take its course. ></document>
<document> #USER# #USER# #USER# Why did Trump put up a picture of him shaking hands with Kim Jong Un? ></document>
<document> #USER# #USER# No, I'm just correcting the original tweet. He was not arrested for refusing to show a Vax card. He was trespassing. ></document>
<document> #USER# #USER# Since you raised race, do you think a company should be allowed to refuse service to racial minorities? ></document>
<document> #USER# #USER# #USER# #USER# So police officers and soldiers shouldn't wear bulletproof vests? ></document>
<document> #USER# #USER# #USER# #USER# There is blonde hair and blue eyes in native Australians and other non-Europeans. #URL# ></document>
<Document> #USER# The Confederates fought for black slavery. That's fact. ></document>
<document> #USER# You think you have the right to attack cops if you lose an election? So much for #HASHTAG# 😂 ></document>
<document> #USER# #USER# Asians and whites in New York typically attend different schools than black and Hispanic children. ></document>
<Document> #USER# #USER# Hahahaha. Try it, but I'm pretty sure you'll end up dead or in jail. ></document>
<document> #USER# #USER# Race is basically what you look like (skin color, facial features, etc.). You can't choose how you look unless you're rich enough to afford cosmetic surgery. ></document>
<Document> #USER# #USER# #USER# #USER# #USER# #USER# There is a lot of evidence. Conservatives tried to ax Colin Kaepernick and other NFL players. fuck her I'm done playing nice. ></document>
<Document> #USER# Stop projection. You're the one who wants to genocide all non-whites. I believe race shouldn't matter and everyone should have equal rights. ></document>
<document> #USER# #USER# Why does everyone blame mental illness when it's a white shooter? ></document>
<document> #USER# Only white people in America can pose with guns without anyone complaining. #URL# ></document>
<document> #USER# #USER# Or... and listen to me... we should give people more reproductive choices. If birth capsules aren't for you, then don't. But don't stop other women from using it. 9 months pregnancy should be a choice. ></document>
<document> #USER# Trump voters would rather attack the Capitol. They are savages. ></document>
<Document> #USER# #USER# #USER# She didn't lie. We all know the real reason conservatives hate them. ></document>
<Document> #USER# Did you read it? It's not saying that black people commit half of all crimes. you were wrong ></document>
<Document> #USER# #USER# #USER# Trump's father was arrested at a Klan rally. Like father, like son. n#URL# ></document>
<document> #USER# #USER# #USER# Then take your children to a private school or homeschool them. ></document>
<document> #USER# Term limits are undemocratic. The people should be allowed to choose as many ttimes as you want. ></document>
<document> #USER# #USER# Voting black people does not equate to cheating. ></document>
<Document> #USER# #USER# Is that really true? The first modern American police force began in New York in the 1840s when slavery was illegal in the state. ></document>
<document> #USER# #USER# #USER# It is authoritative to tell a private company how to operate. I support the free market. ></document>
<document> #USER# Your role is whatever you choose to be. However, forcing your barbaric gender rules on people WILL make them miserable. Do the women in the Middle East seem happy to you? Women want to control their own destiny, just like you. ></document>
<document> #USER# #USER# #USER# #USER# Just say "I hate women", it's much easier. ></document>
<document> #USER# Okay, now I understand you are a white supremacist and a liar. ></document>
<document> #USER# #USER# #USER# #USER# #USER# #USER# Afrikaans is an Indo-European language and, like English, is native to Europe. Afrikaans is only spoken in South Africa due to colonialism.

True sub-Saharan African languages ​​are part of the Niger-Congo and Khoi-San language families. ></document>
<document> #USER# #USER# Yes, every war is a war of the rich. Confederate soldiers were pawns for the wealthy slave-owning elite, meaning they indirectly fought to perpetuate slavery. You can't absolve them of that. They are just as guilty as the slave-owning elites they fought for. ></document>
<Document> #USER# It has evolved into white nationalist theocratic fascism. ></document>
<document> #USER# #USER# I think soldiers should stop wearing bulletproof vests. You will be shot anyway! ></document>
<Document> #USER# How was it not? Capitol rioters used violence (hundreds of police officers were injured) to prevent the government from confirming an election. That fits the definition. ></document>
<document> #USER# #USER# If Obama, Hillary or Biden fomented a rebellion in the Capitol, you would be ashamed. ></document>
<document> #USER# So you can buckle up and still die in an accident? ></document>
<document> #USER# Do you think terrorism is only associated with Muslims? If you do that, you are a hypocrite. ></document>
<document> #USER# #USER# In politics, it's normal to talk about past presidents from Trump to George Washington. Conservatives do the same. And with Trump running again and almost guaranteed to be the candidate, he's still relevant enough to talk about. So get used to it. ></document>
<document> #USER# First of all, I hate driving long distances. Second, don't you think pilots should look professional? He's wearing an obscenity sticker. What do you think "FJB" stands for? ></document>
<document> #USER# It works great. Native Zimbabweans are now in control of their own destiny, whether they fail or succeed. They no longer need European foreigners. ></document>
<document> #USER# Because I don't have any non-white people in this thread proclaiming that they have the "right color of skin". I've only seen a few comments saying white skin is correct. ></document>
<Document> #USER# #USER# Oh, that's wrong. Race should never be a factor in any policy. ></document>
<Document> #USER# #USER# #USER# You didn't try to question him. They hit him with their truck and tried to kill him. ></document>
<document> #USER# #USER# lol You didn't trust Politifact before.
I stand corrected but it's still a racist flag for other reasons. The Confederacy literally fought for slavery. ></document>
<Document> #USER# #USER# #USER# The Nazis sent socialists to concentration camps. ></document>
<Document> #USER# You deny right wing attacks on non-whites and non-Christians? That is undeniable. ></document>
<document> #USER# #USER# What about the white-on-white massacre in Oxford, Michigan? ></document>
<Document> #USER# This is your opinion. But liberalism can come in different forms. ></document>
<Document> #USER# #USER# #USER# Trump broke the law. Several times. ></document>
<Document> #USER# #USER# #USER# #USER# Good. This one is from today. Now fuck off, right.
#URL# ></document>
<document> #USER# Jazz is not "degenerate". You just hate everything to do with black people because you're neo-Nazi. ></document>
<Document> #USER# #USER# #USER# Was her evidence that he actually abused her? False accusations happen all the time, which is why vigilante justice is wrong. He deserves his time in court. ></document>
<document> #USER# #USER# #USER# #USER# #USER# #USER# #USER# #USER# #USER# #USER# #USER# I don't care, many evil people have done these things too. The fact is, if you judge the worth of other women by their looks, then you're just not a good person. Stop being superficial. ></document>
<document> #USER# #USER# If he's taking money from the government for nothing, he's a parasite. ></document>
<document> #USER# #USER# Are you suggesting that black kids don't work hard enough? Sounds like you're generalizing an entire race of people. All children should be raised. That's the point of schools. ></document>
<document> #USER# #USER# #USER# Yes, and they are also required to take vaccines for adenovirus, hepatitis A, hepatitis B, influenza, measles, mumps, rubella, meningococci, poliovirus, tetanus-diphtheria and varicella. cry about it. ></document>
<document> #USER# #USER# #USER# #USER# Do you understand what limits mean? Executive Orders cannot be used to create new legal policies such as B. the cancellation of student debt at the federal level. Only Congress can pass laws. ></document>
<document> #USER# If it's biological, why are women choosing to have fewer children as they increasingly study and work? Women stayed at home only when forced to do so or denied opportunities. Gender roles were created by society, not nature. ></document>
<Document> #USER# 150,000 black people were arrested for violent crimes and gun crimes last year. There are 41 million bshortage of people in America. That means less than 1% committed these crimes. The 99% should not be held responsible for the actions of the 1%. ></document>
<Document> #USER# The Nazis also dehumanized their political opponents. ></document>
<document> #USER# #USER# #USER# Well I love watching porn so yeah. ></document>
<document> #USER# #USER# ISIS members are just a product of the society they grew up in. Does that justify their actions? ></document>
<Document> #USER# There were some Jews who joined the Nazis. That doesn't mean the Nazis weren't anti-Jewish. Black right-wingers are self-hating salesmen, just like the Jewish kapo. ></document>
<document> #USER# White people are not the only culture with straight and dyed hair. Stop being ignorant. Google Native American with blond hair. ></document>
<Document> #USER# #USER# #USER# #USER# Hell no. Expand voting to 16 year olds. ></document>
<document> #USER# #USER# #USER# I'm getting other replies that say something different. ></document>
<document> #USER# You literally said he's not a man, meaning the gender isn't real. ></document>
<document> #USER# We all know the real reason you hate the VP. ></document>
<document> #USER# #USER# #USER# #USER# #USER# Biden has never been against integration. Biden only opposed Delaware's busing methods, and black activists also opposed busing. They said it would not achieve equality of opportunity, and they were right. Busing was a failed plan. Biden supported other integration methods. ></document>
<document> #USER# #USER# Healthcare workers have always had mandatory vaccinations. I had to take several before qualifying as a nurse for hepatitis, measles, flu, etc. WHY is this suddenly a bad thing? Because Fox News told you? ></document>
<document> #USER# #USER# It's not dystopian. It would give people the opportunity to have biological children without the burden of pregnancy. ></document>
<Document> #USER# #USER# #USER# I mean, even if she was molested by him, that doesn't justify what they did. According to one article, they hunted him down and beat him to death. You should have called the police. ></document>
<Document> #USER# Floyd has been dead for over a year. You can stop obsessing over him now. ></document>
<document> #USER# #USER# Christian theocracy, deporting all non-whites, executing homosexuals, classifying women as property, arresting liberals, etc. ></document>
<Document> #USER# #USER# #USER# #USER# #USER# Organs and blood are not matched by race and ethnicity, and people of different races often agree. Try again, Nazi. ></document>
<document> #USER# Wow, I didn't know these insults were used in the UK. ></document>
<Document> #USER# #USER# #USER# Are you serious? You murdered a man. You can't kill someone for what they allegedly did. You file a complaint and go to court. Everyone deserves their time in court. ></document>
<document> #USER# #USER# #USER# #USER# #USER# Hundreds of Trump supporters broke into the capital and attacked cops, becBecause of this, they wanted to prevent Congress from confirming the 2020 election. That's pretty much it. ></document>
<document> #USER# I bet you never ask that question when the government bails out banks, Wall Street and airlines while spending trillions on foreign wars. ></document>
<Document> #USER# #USER# I wasn't forced to get pregnant, I said I was forced to stay pregnant, which violates the woman's physical autonomy. ></document>
<Document> #USER# #USER# #USER# #USER# #USER# #USER# #USER# #USER# #USER# What does that have to do with the people in the picture? Do they tell kids to eat between bites? ></document>
<document> #USER# #USER# #USER# People wearing seat belts in cars and planes can still die in an accident. People who are not wearing seat belts are therefore no more at risk than people who are wearing seat belts. Why force seat belts on those who don't want them? Why penalize not wearing a seat belt? ></document>
<document> #USER# Do you know how expensive cancer treatment is? It would make sense if they continued to work. ></document>
<document> #USER# #USER# #USER# #USER# So you're denying that you're hateful towards other races? Okay, let's put this to the test... if a black family moved in next to you, how would you feel? ></document>
<document> #USER# #USER# Insulting someone with racist insults would be justified. ></document>
<document> #USER# You think neo-Nazis are on the left? 😂😂😂 I don't think so.... #URL# ></document>
<Document> #USER# There have always been white nationalists in this country. And they always will, unless all non-whites go away. ></document>
<document> #USER# #USER# Because Dems believe in fair elections, not voter suppression. ></document>
<document> #USER# At least we will have a female first vice president. And she is also a racial minority. We won, deal with it. ></document>
<document> #USER# #USER# I also hate people who abuse children but these guys should have called the police instead. Everyone deserves their time in court. Vigilante justice looks good in movies but is a terrible idea in real life. ></document>
<document> #USER# Didn't Trump say all rioters should get at least 10 years? Throw the Capitol rioters in jail for 10 years! ></document>
<document> #USER# Because it's the only way to remove them and they can't survive outside the uterus until 24 weeks anyway. ></document>
<document> #USER# #USER# #USER# You just posted random mug shots 😂
There is no evidence that they are racist or voting Democrats. ></document>
<Document> #USER# Bad comparison. Abortion is not like executing someone outright. Depending on the stage of pregnancy, doctors try to keep the fetus alive after the procedure. Unfortunately, over 90% of abortions occur when the unborn child cannot possibly survive outside the womb. ></document>
<document> #USER# #USER# The Union was not threatening their homes, they were threatening the institution of slavery. That's why the South split after Lincoln won while Republicans were sane. ></document>
<Document> #USER# #USER# Does thatNon-white leftists, white LGBT and white non-Christians? ></document>
<Document> #USER# Rights hate blacks, women, immigrants, LGBT and Muslims.

Leftists hate nobody.

You are the real fanatics. ></document>
<document> #USER# Most of these banned LGBT books had no explicit content. And what about the banned breed books? They weren't sexual at all. Just admit it, your site loves censorship as much as the left does. ></document>
<document> #USER# #USER# #USER# And unlike Georgia, New York does not remove eligible registered voters from the electoral rolls. ></document>
<Document> #USER# Happy Holidays, Happy Kwanzaa and Happy Hanukkah! ></document>
<Document> #USER# I'm not assuming your race, I'm assuming your political ideology which is far right/white nationalist extremism. ></document>
<Document> #USER# #USER# #USER# Did you purchase from a licensed or unlicensed gun dealer? Private unlicensed sellers are not required to request IDs from their customers. ></document>
<document> #USER# #USER# You can't sue people for using their freedom of speech. ></document>
<Document> #USER# #USER# #USER# #USER# I see a white supremacist celebrating a slave trader and mass murderer while criticizing Kwanzaa. ></document>
<document> #USER# If soldiers never have to obey legal orders, what's the point of having a military? ></document>
<Document> #USER# But it was a real riot. A failed one, but happened nonetheless. ></document>
<document> #USER# No, but he got white people to attack the capital. ></document>
<Document> #USER# #USER# Permissions only support White 2nd Amendment. Duh ></document>
<document> #USER# Being a free country doesn't mean you can disobey your boss's orders at work and not get fired. ></document>
<document> #USER# #USER# #USER# Some people in this thread talked about private enterprise. ></document>
<Document> #USER# #USER# #USER# #USER# #USER# #USER# #USER# #USER# #USER# No, they finished eating, which is why they are wearing a mask. Duh ></document>
<Document> #USER# #USER# #USER# Biden lives rent free in his head. ></document>
<document> #USER# Don't feel like playing cool VR games? ></document>
<document> #USER# #USER# Think public places don't have rules? Schools are also public. Can any adult go in and do whatever they want? get real ></document>
<Document> #USER# Trump called Nazis "very fine people". He and his party are the real Nazis. And you admit that you want to normalize Nazism in schools. Typically conservative. #URL# ></document>
<Document> #USER# #USER# #USER# #USER# Nah, American conservatives are fascists and communists. #URL# ></document>
<document> #USER# #USER# #USER# No, the poll is from Fox. The New York Post just reported on it. ></document>
<document> #USER# #USER# #USER# #USER# And you'll wonder why most minorities don't vote conservatives. ></document>
<Document> #USER# Yes, I'm afraidNazis like you who want to purge all non-whites out of society or turn them back into second-class citizens. But luckily, you monsters will never gain power. ></document>
<document> #USER# Are you sure that low birth rates are due to low income? Because poor people have more children than everyone else. The wealthier a woman is, the fewer children she has because she has more freedom and opportunities, unlike women in poor and traditionalist countries like ME or Africa. ></document>
<Document> #USER# #USER# You are right. Ryan thought the guy who killed George Floyd was innocent. ></document>
<document> #USER# Democrats have a lot to say on big issues like healthcare, infrastructure, student debt, and so on. All the GOP has is fake culture wars, which is the only way to motivate their base to vote. "Who cares about our weak health system, trans people use bathrooms!" ></Document>
<document> #USER# #USER# #USER# So requiring IDs for airports, elections and bars is also like Nazi Germany? ></document>
<document> #USER# #USER# Call it what you will, but it's inevitable and the low birth rates aren't helping. ></document>
<Document> #USER# Maybe she's right. Many conservatives in the South are still old-school racists.n#URL# ></document>
<document> #USER# #USER# She joined a violent mob disrupting an election to keep Trump in power. Imagine if she were Muslim or black. You would call for her head. ></document>
<document> #USER# #USER# #USER# I didn't say Epps wasn't responsible. The FBI is only focused on arresting people who actually went to the capital and/or attacked cops. ></document>
<document> #USER# So voter identification laws are useless? Then stop pushing them. ></document>
<document> #USER# #USER# But Georgia had one of the strictest voter ID laws in the country. And Voter ID prevents fraud, right? ></document>
<Document> #USER# #USER# People of different races living in the same country as you are not a substitute, Nazi. ></document>
<document> #USER# #USER# The country is boring. This urban cyberpunk future looks cool. ></document>
<document> #USER# #USER# #USER# To be fair, a party doesn't really control Congress unless it has 60 votes in the Senate, which Republicans didn't have. ></document>
<document> #USER# #USER# #USER# Most states do not require ID to purchase guns. ></document>
<document> #USER# #USER# #USER# I don't think anyone can own land in China. They are literally socialist. ></document>
<document> #USER# And the cops had every right to arrest her for rioting. ></document>
<Document> #USER# Mike Byrd is a hero. Ashli ​​Babbitt was a terrorist. ></document>
<Document> #USER# This is great. I hate seeing statues dedicated to men who fought to preserve slavery. ></document>
<document> #USER# "People of color" is such an offensive term and offensive because it implies that all non-whites are a monolithic group that erases their uniquely separate identities and the individuall Issues faced by these unique groups. ></document>
<Document> #USER# #USER# #USER# Oh look, another real Nazi. #URL# ></document>
<Document> #USER# #USER# #USER# She is a white supremacist who hates black people like most conservatives. ></document>
<document> #USER# Thomas the Train literally did an episode on climate change. ></document>
<document> #USER# #USER# #USER# #USER# No, racism is an "insult" against anyone who harbors prejudices against other races. For example, the nation of Islam is racist because it hates white people and Jews. It's that simple. You love playing victim to distract from your own hatred of racial minorities and LGBT people. ></document>
<document> #USER# #USER# You can't sue her for using her freedom of speech. ></document>
<document> #USER# So you think that's okay? You must really hate cops. #URL# ></document>
<document> #USER# #USER# I always knew that Southern hospitality was a myth. ></document>
<document> #USER# #USER# Maybe because the book contains too many racist slurs. I was the only black kid in my class when the teacher read it. It was so awkward. lol ></document>
<document> #USER# Filming people eating is kind of creepy. ></document>
<document> #USER# #USER# #USER# So we can't trash Ted Bundy? He is dead. ></Document>
<document> #USER# #USER# You can't tell this account is being used to mock black women? That's why black people don't like rights. ></document>
<document> #USER# In America, private companies can choose who they work with. It's called freedom of association. And we, the consumers, have the right to choose who we do business with. That's called the free market. Deal with it. ></document>
<document> #USER# Why are you obsessed with white people? are you a white supremacist ></document>
<Document> #USER# #USER# #USER# This is wrong. New York and Delaware do not have ID requirements. New York has the longest election days in the nation. And they're expanding voting access with automatic voter registration and absentee voting, which will come into effect in 2023. ></document>
<document> #USER# Using a code for F*ck the President is adult? And Kathy Griffin has had death threats and angry reactions from Republicans too, so spare me. ></document>
<document> #USER# #USER# #USER# If Tim Pool really wasn't right wing, he wouldn't have voted for a right wing party like the GOP. He would have chosen third or would have stayed at home. ></document>
<document> #USER# Yes, the person who first said this quote should seek help. ></document>
<Document> #USER# #USER# #USER# Imagine Ilhan Omar holding this weapon. The right would go nuts. ></document>
<document> #USER# Did George Washington support beating up cops? #URL# ></document>
<document> #USER# #USER# But what if the pilot wore a Black Lives Matter sticker? would you agree with that ></document>
<document> #USER# #USER# If he actually abused this girl (which no one knows for sure), then he was entitled to his time in court. No one should ever have the right to take someone else's life. ></document>
<Document> #USER# Did Trump not sign prison reform? So why is this the left's fault? ></document>
<document> #USER# #USER# #USER# But restaurants can still set their own rules. Follow them or leave. ></document>

</author>