
	
		<document> #USER# #USER# are you saying tokenistic examples of women embodying the violence of patriarchy are enough to erase the recurring theme of rape as plot device and character development central to the show's narrative ? ></document>
		<document> #USER# I’m still learning but ty for taking the time to clarify and respond to my questions. I guess it makes sense for me that I could see myself being a death counselor or some other non traditional career path Iike that w/ my astrological placements ></document>
		<document> Honestly, the only way you’d get me to the circus is to see a man mauled by a bear 😈 ></document>
		<document> Consider that #HASHTAG# wasn’t even a man acting out of intention, like say the mass murder in Canada recently or the numerous wm mass murder shootings in the US. He literally was just being an over privileged wm who wanted sushi &amp; took out 4 cops 💀 #HASHTAG# ></document>
		<document> “She said she became worried when her son stopped coming home for dys at a time.I had no idea where he was sleeping, who he was with, was he safe or worse," she said.When he attempted to come home she bought him expensive underwear and gifts so he had no excuse but to stay w/her” ></document>
		<document> melancholy ></document>
		<document> #USER# It’s not breaking and entering if at the time she BELIEVED that was her apt. Prosecution has to prove that was not her mind state, that she broke into that apt knowing it wasn’t her’s, with the purpose of murdering #HASHTAG# ></document>
		<document> #USER# #USER# #USER# #USER# Case in point, if Lamar Jackson’s second year was as bad as Baker’s,  ppl would be calling him a bust and saying Cleveland needs to draft another QB but ppl are reluctant to say that about Faker. I wonder why that is?😒🤔 ></document>
		<document> #USER# you mean, he's a scientologist? lol ></document>
		<document> #USER# “No I cannot pass you a towel” 😂 ></document>
		<document> #USER# 😂😂 they prb think so ></document>
		<document> #USER# This dude stay desperate for attn from women, he’s so needy it’s sad ></document>
		<document> Totally here for Michelle Wolf but a whole lot of her White supporters and some of her Black supporters, would have felt differently about her appearance if she was say,  Tiffany Haddish. ></document>
		<document> #HASHTAG# is by far the best Spider-Man movie of the last three,it’s moving to the degree there were moments I had a lump in my throat but it also has the all too frequent unnecessary politics in its narrative that made it disheartening ></document>
		<document> #USER# #USER# #USER# My Mercury is in Aquarius. Even my Lilith is in Pisces! What is your birthday? Mine is Feb 12th ></document>
		<document> In order to meet Twitter standards of abuse you must be a mediocre cis white male pop star &amp; your abuser non-White. #HASHTAG# #HASHTAG# ></document>
		<document> I’m wondering how vocal is the #HASHTAG# movement gonna be about Allison Mack or are they just gonna parlay her as a symbolic representation of the movement? The latter, surely ></document>
		<document> The Ugly Truth of Being A Black Professor in AmeriKKKa #URL# ></document>
		<document> “The Klan’s power was devastating precisely because it was well integrated into the normal everyday life of white Protestants” - Women of the Klan #URL# ></document>
		<document> #USER# #USER# QB’s so white top 100 white QB’s of all time ></document>
		<document> #USER# Not every team is in it to win it. Some are happy just to make the finals and I think when you celebrate like you won the chip it says a lot 🤷🏾‍♂️ ></document>
		<document> #USER# Lol I hate eating out, most of these muthafuckas out here be taxin with these prices for bland ass food I can cook better myself but since I got back from Sydney yesterday I’ve been wanting fried rice? Got it yesterday and today, only $12 so not too bad ☺️ ></document>
		<document> #USER# If I’m Toni Braxton I’m shook and mad Rn 💀 ></document>
		<document> Now you have a legit newly bathed in the blood of Christ Christian ROCK STAR in Kanye West but y’all want to go back to DC Talk? Stop. They turned on LeCrae too when they realised he was Black lol ></document>
		<document> #USER# Elvis could never do it like this pffft ></document>
		<document> When you waited for Jesus to send you your husband but haven’t let him in the bedroom for the holy trinity ménage a trois #URL# ></document>
		<document> Juxtapose the very public controversy of OBJ’s interview comments about Eli with Rothelisburger’s radio show comments about Antonio Brown. Place Ben Rothelisburger’s two rape allegations on OBJ &amp; he’s not even in the league anymore, he’s very likely in jail #HASHTAG# ></document>
		<document> Wilfred was like “I dare y’all to come up in my spot and fucks wit my bitch” 😂😂

“She said neighbours had also seen the dog roaming the streets on more than one occasion” #URL# ></document>
		<document> Sports franchises that don’t have a championship pedigree always act like getting there is the goal. I remember when the Suns lost to Micheal’s Bulls in the finals, the city of Phoenix threw the team a ticker tape parade smh #HASHTAG# ></document>
		<document> #USER# Literally sanctioning violence against Black people. Women can’t have knives or pepper spray as a protective measure against predatory sexual violence but it’s open season when it comes to Black people? So fuckin violent ></document>
		<document> 21st century Eva Braun’s #URL# ></document>
		<document> #USER# Never wanted a reading to be more accurate ></document>
		<document> #USER# #USER# That persona is only a stage of development in white masculinity, freed from the reigns of their parents mall harnesses , their “rebellion”‘against authority pampered by their privilege is rights of passage toward complicit silence, voting Republican Lol ></document>
		<document> People of color would be like, ya'll apologising again? Start to not believe the apologies due to their frequency. #HASHTAG# ></document>
		<document> New job observations: two white dudes in my class look like serial killers. No way I get hired if I look like that. ></document>
		<document> Cleveland plays like their QB: emotional, undisciplined , lacking in accountability #HASHTAG# #HASHTAG# ></document>
		<document> #USER# #USER# Black domestic pets are the most put down animals in shelters, the least adopted but I’ve never heard PETA speak on this because its perspective is clouded by anti blackness &amp; it would require a examination of self which their privilege doesn’t require them to do ></document>
		<document> #USER# Oh he droppin em like R Kelly’s “Trapped in the Closet” 💀 ></document>
		<document> #USER# Like most things the feeling of luck ebbs and flows lol ></document>
		<document> Does #HASHTAG# even serve half his sentence? We don’t even know where Daniel Holdsclaw is ></document>
		<document> #USER# #USER# #USER# #USER# #USER# You need to go do some study of history, my response to the comment on the OP’s post “ don’t get the trend of “manipulative sociopath but make it girl boss”. I said white feminism because it involved a ww w/ a BM, which has a specific racially charged historical context ></document>
		<document> The disrespect from the Seattle Seahawks in not offering a long term deal to the most impactful player in their franchise history as if he’s Blake Bortles. #HASHTAG# #HASHTAG# #HASHTAG# ></document>
		<document> #USER# I find Gemini’s are either hella funny and cool or fit the type of having multiple personalities /moods. ></document>
		<document> Even if we didn't do that shit, we did that shit #URL# ></document>
		<document> #USER# what a beautiful family!! 🥰 ></document>
		<document> #USER# Before I met you I met your work and the impressive take down of the “northern intervention” in tracker, I hadn’t been here long and it was my first exposure to the intervention. Such a brilliant piece of work. Honoured to call you friend ☺️ ></document>
		<document> Because white male mediocrity gets praise all the time and Clint is good for it. #URL# ></document>
		<document> White apology is rarely accompanied with reparation, esp when it comes to BP yet being seen as “nice” or correcting something seen as “not nice” is more important to WP than not being racist or not being a racist rape apologist ></document>
		<document> #USER# Me with my Aqua sun and Mercury in the 12H living in Australia and still not feeling like I know myself or who I am 😭 ></document>
		<document> “A lot of really white shit that white people don’t think is about whiteness, they just think it’s about the world.” -Arthur Jafa #HASHTAG# #HASHTAG# ></document>
		<document> I need verification, did they arrest Julian Assange or Rip Van Winkle? ></document>
		<document> I never get tired of saying Lavar was right #HASHTAG# ></document>
		<document> Why is it so many people, largely white, are so enthused to see Pat Mahomes lose this SB? If Pat Mahomes learned anything this season, one of them has to be how  Black he really is lol ></document>
		<document> #USER# I'm unsure? I just know that song and video for "Excited" made me feel like it was the 90s again and I was back in HS listening to Hi-Five tryna be a mack lol ></document>
		<document> Where would Christianity be w/o white men? All heading to hell I suppose? #HASHTAG# ></document>
		<document> #USER# #USER# Ok ty very much ></document>
		<document> #USER# This. “The repression of self actualisation is key to systematic oppression”. James Baldwin has said many profound things but none sticks with me more than when he said “I’ve literally seen negroes go mad because they’d never be an airline pilot”. ></document>
		<document> #USER# SEEN. Forgive for my major shit far too easily , remain loyal for far too long and then we get left for something way smaller than than grace and forgiveness we gave for numerous trespasses. ></document>
		<document> #USER# Someone trying to make $$ of your ideas/imagery from #HASHTAG# on redbubble #URL# ></document>
		<document> Secret synagogue meeting? Is TED trying to say that Jewish people run Hollywood? #HASHTAG# #HASHTAG# ></document>
		<document> Think About You (Unrequited) Lover’s mix  #URL# ></document>
		<document> #USER# #USER# #USER# #USER# #USER# “Not all” argument is unnecessary. Funny how WW have to make that distinction when it’s a discussion about White Women but are quick to shoot down “Not all” argument from men. Can’t have it both ways, or you can when you’re a WW ></document>
		<document> #HASHTAG# ‘s are what Avengers Endgame looks like when there’s no time machine to go back and defeat Thanos #HASHTAG# ></document>
		<document> That time white people were taking a shit whereever they want or as payback for petty indifferences 😂 #URL# ></document>
		<document> From my understanding and the industry narratives I’ve read, Black opportunities in the industry are frequently created by other established Black artists as with Denzel and Chadwick. Marvel’s decision is so pretentious to me, peak wytness ></document>
		<document> #USER# #USER# Screamin the same thing 💀😭 ></document>
		<document> #USER# #USER# Not more unique than Australia, a black person being this candid on tv would not happen in Australia in 2019 💀 ></document>
		<document> White privileged gang plan crime spree filled day to incl the fetishisation of Asian women, misogyny,abuse of minor children&amp;the homeless,thuggery, predation of women&amp;girls aged 15-40 while consuming copious amounts of drugs. Get arrested. Must go to the police station in cuffs. ></document>
		<document> "Police didn't initially call the attack a hate crime, leading to outrage from neighborhood advocates who held a news conference. 😡🤬 ></document>
		<document> #USER# With both of those being synonymous with “White” in 2018. People act like whiteness isn’t dynamic and fluid ></document>
		<document> I wonder if Meghan has ever brought up the fact Harry donned that Nazi uniform? Maybe not yet, we tend to see the best when in love, such things are for when the bitterness sets in ></document>
		<document> #USER# #USER# #USER# This is why confrontations with WW are so disarming for BM, cuz WW KNOW they can get away with it ></document>
		<document> #USER# Hate this shit so much because the time I give people is precious to me and it’s not something I give to just anyone. This type of behaviour says to me that they clearly didn’t feel the same ></document>
		<document> The irony of a WW using a BM’s story with The Klan as example for WW engaging their WW BFF’s and family members as if the inherent risk is the same. ></document>
		<document> Neptune #URL# ></document>
		<document> First Harry wore a swastika, now he's asking your dad to give Trump a chance. MEGHAN, GET OUT !!! ></document>
		<document> wake up in a pool of your own sweat smh ></document>
		<document> #USER# Idk if there’s enough money in the world to show up to that everyday. I really feel for her. I’d be leaving the set cussin everyday at a minimum, flask of henny and a blunt in the glove compartment lol ></document>
		<document> #USER# Pisces Moon &amp; Rising and Issey Miyake is definitely my sig scent ></document>
		<document> "White supremacy isn’t predicated on white people flourishing, it’s just about white people doing better than everyone else. Sure, the entire country is drowning, but white Americans are content as long as they can watch everyone else choke on their dying breaths first" ></document>
		<document> Ya’ll shocked that #HASHTAG# is advocating for a post COVID Make Australia Great Again as a woman on the Left as if Gillard as PM didn’t institute Stop the Boats &amp; off shore “detention”.Speaks to the naivety ref Left wing politics &amp; lack of interrogation of WW’s assumed innocence in OZ ></document>
		<document> I believe this shit is a conspiracy by the NFL to rebrand and smudge out Kaepernick. Got me out here out pullin for Cam and the Pats?! Even the new Pats jerseys are clean! I hate the #HASHTAG#  so much 😩 ></document>
		<document> #USER# #USER# 100% they White Libs vacillate between the rhetoric of “punching a Nazi in the face” and being enamoured with these narratives for this very reason ></document>
		<document> Less than 15 minutes away from watching this and I’m so excited ! #URL# ></document>
		<document> Sue with the confidence of a white man 😂😂 #URL# ></document>
		<document> #USER# But if you want to join Ebro and play racist apologist for a White man than go right ahead. You're part of the problem too then ></document>
		<document> I’m sure Lamar’s best days are yet to come but he has yet to have a run that tops #HASHTAG#’s best. Most of Mike’s runs were also freelanced, Lamar gets a lot more of his yards from designed plays. #HASHTAG# ></document>
		<document> #USER# #USER# #USER# But he did take Illinois tho, he’s not from TX ></document>
		<document> #USER# When your White “brothers and sisters” in Christ vote for Barrabbas &amp; want to nail your Black ass to the cross ></document>
		<document> #USER# Tank actually said he ranked his power as an 8 out of 10 on fighthype so stop cappin. ></document>
		<document> Social media 
"S/HE"  Saul Williams #URL# ></document>
		<document> Black people didn’t create the nigger, aren’t niggers and don’t want to be the nigger but everyone else is invested in us being the nigger because it’s essential to them NOT being one and central to the longevity of this racist system as it’s passed from generation to generation ></document>
		<document> Today will be a good day as imma have two boxes of grits waiting on me when I get home 🤗😋 #HASHTAG# ></document>
		<document> In modern times the myth of the devil is oft discussed as an immense evil but I find there to be more accuracy in the devil epitomised as one of mischief yet stopping ones self from defecating so you can have the thrill of doing it on someone’s house is literally devilish&amp;evil #URL# ></document>
		<document> #USER# All of this stuff just works to humanise white people and mythologise&amp;concretise whiteness as inherently good. BP get cast as the “noble savage” helping white people “find themselves” on some Dances With Wolves ish 💀🤮 ></document>
		<document> Been in Australia so long got me remincising for an ice cold 40oz as if I was still fuckin wit them when I left the states 😂 ></document>
		<document> #USER# glad to know I'm not alone lol ></document>
		<document> Ezra Miller was White People's woke gender bending bae when that Playboy spread came out only for it to be revealed that he had made a doco from Darren Wilson's "perspective" with some brotha. Literally what was it? Lookin down the barrel of a smokin gun? I can't. ></document>
		<document> #USER# Like Brady don’t have weapons ? Lol Last year he had no weapons this yet he’s got weapons and home field advantage w/ the first home game SB. It’s like the league scripted this for him or something ? Lol What will y’all excuse be when Patty gives him an L in this SB? No weapons? ></document>
		<document> This should hardly be surprising since Morrison has held a firm lead as preferred leader over Shorten since he became party leader over Turnbull. #HASHTAG# #URL# ></document>
		<document> #USER# #USER# #USER# #USER# Cap mom, I’m Aqua sun, Pisces stellium. We get along great now but when I was a kid she expressed her displeasure w/ such harsh verbal abuse that shit scarred me and she never followed up her harshness by affirming her love for me. ></document>
		<document> #USER# #USER# the reasons why white people are is not new tho, that work has &amp; is on going in its breadth and scope ></document>
		<document> #HASHTAG# ‘s Rose Garden speech speaks to why because of White People we can’t have nice things #HASHTAG# ></document>
		<document> #USER# #USER# #USER# Lamar got “destroyed” 🙄

Lamar Jackson accumulated 508 total yards of offense against the Titans with 365 passing yards and 143 rushing yards 

He accounted for 95.8% of the Ravens total yards on offense (92.4% if you factor in yards lost via sack ></document>
		<document> Analysts still gonna talk shit about the Steelers as if they lost the game ></document>
		<document> #USER# Or Tyler the Creator ></document>
		<document> In order to meet Twitter standards for abuse ref racism&amp;homophobia you have to be a mediocre cis white male pop star #HASHTAG# #HASHTAG# ></document>
		<document> Watch it with the sound off 😂 ></document>
		<document> Even Black Tv's shows can't survive in these streets. #HASHTAG# #HASHTAG# #HASHTAG# #HASHTAG# #URL# ></document>
		<document> #USER# shockingly accurate but she (sag sun) doesn’t give a fuck about me ></document>
		<document> Imagine also being the only person in the world that remembers that The Beatles used to have circle jerks 😩💀 #URL# ></document>
		<document> #USER# It’s those daily “micro” aggressions ></document>
		<document> #USER# I wonder if Harry is gonna wear his Nazi regalia for the birth 💀 ></document>
		<document> #USER# it ain't mang lol ></document>
		<document> After 2 CT scans and an ultrasound this week I’m reminded that health is wealth ... and if I was back in the states dealing with this I’d also be filing for bankruptcy ></document>
		<document> The cops didn’t just start being racist when they found out she was dating a Black man, she just took it personally when she became a vehicle for their racism? This isn’t about racism than it is about “her” and no, that doesn’t negate the workplace harassment she experienced ></document>
		<document> #USER# #USER# #USER# #USER# #USER# 1990 it’s 2021. Such a high bar for England fans, 1990 is a sniff but you can’t even remember what it smells like ? ></document>
		<document> haunted ></document>
		<document> #USER# Clearly this was the school that thieving White Bitch Kelly Howard sent her daughter to dance classes with stolen money from Black People. #URL# ></document>
		<document> Eva Braun ass bish. #URL# ></document>
		<document> As Teju Cole said, maybe a part of decolonising is learning how to trust (and love) one another again ></document>
		<document> #USER# As a black person who moved to Australia from the states, I tell you that this isn’t uncommon. These racist caricatures aren’t relics of the past but of popular consumption in the same manner as the sale of golliwog dolls. ></document>
		<document> spirit can’t hide what the soul denies ></document>
		<document> When the rest of the world catches up with your long held opinion 💅🏾#URL# ></document>
		<document> Social media killed the hot take ></document>
		<document> #USER# unless his door was unlocked how did her keys work in his apt door? ></document>
		<document> One Nation PICKED UP two seats in the NSW election AFTER Christchurch and Labour got drubbed in NSW when they were "supposed" to win in a landslide and yet ppl are shocked that the Coalition will retain power? Like, OK Australia #HASHTAG# ></document>
		<document> Me : Who are your fav directors? 
White chick:  Guy Ritchie, Tarantino &amp; Nelson. 
Me: So Tarantino is the Zayn Malick of that boy band? ></document>
		<document> Trump’s inspiration. The world is held in the sway of old white men engaged in a dick measuring contest #URL# ></document>
		<document> Schmood #URL# ></document>
		<document> Trump is literally going to skate through this impeachment like the Pats did Spygate and Deflate Gate and it will propel him to a 2020 win. America loves “winners” 💀 ></document>
		<document> This white Aussie dude said he had a mate who would pull his dick out whenever they would take a picture

Me: That's called a pervert ></document>
		<document> To expect White women in GA to vote for #HASHTAG# over Kemp would be akin to expecting Mrs Epps in “12 Years A Slave” to free Patsy and take out her husband and slave owner Mr Epps. Where in America is this taking place ? #HASHTAG# ></document>
		<document> I "love" how they say Muslim on Fox News "Muz-lum" #HASHTAG# ></document>
		<document> #USER# #USER# In no other genre of music do BP get a seat at the table like WP in Black spaces, hip hop culture. BET Awards gave Sam Smith Best New Artist while the CMA's erased Beyonce's performance from the net. lol ></document>
		<document> Jerry Lorenzo’s inspiration board for his sixth collection had to be pictures of White Jesus. I just cannot....SO gross and insidious. IDC. #URL# ></document>
		<document> #USER# #USER# Pisces gang ♓️ ></document>
		<document> ADAGE UPDATE🚫: Don’t bring a trolley to a knife fight 🛒 ></document>
		<document> #USER# #USER# Bruh. A word. ></document>
		<document> Anger is especially devilish when black folks are the ones angry. #HASHTAG# ></document>
		<document> #USER# This album was on repeat beginning of last summer and I’m still chasing it ></document>
		<document> I can bet $$$$$$ that damn near every white women captured on video policing up Black bodies were fans of a show like Murder She Wrote or other shows in that genre ></document>
		<document> Black Christians been praying for White Christians more than White Christians pray for themselves #HASHTAG# ></document>
		<document> “Little study has been done on how loneliness conflates across racial lines but it is known that children adopted interracially represent one of the highest percentages of people afflicted with loneliness” - Kristin Radtke ></document>
		<document> Fear of a Black Planet ended by a feud over a White man doesn’t hold for the PE catalog or ethos 💀 ></document>
		<document> Day four/five of overcast skies and rain in Brisbane and my seasonal depression rears its head like Kevin Spacey in "Seven". ></document>
		<document> Off the back of Obama’s numbers, Trump will likely get re-elected in 2020 💀 #URL# ></document>
		<document> Emily Rios is doing her damn thing tho. She’s so good as Lucia but she still gotta go #HASHTAG# ></document>
		<document> #USER# lmao it's hilarious bruh. ></document>
		<document> #USER# When ww hear they’re out of frappes ></document>
		<document> #USER# Incredible ></document>
		<document> #USER# Thx for the clarification but I took your first response as exactly this ></document>
		<document> #USER# #USER# yea she didn't tweet insensitively to the contrary the sensitivity and fragility of White Australia was the issue that ran her out of the country ></document>
		<document> #USER# Both perhaps? Glad it gave you a lil moment of laughter this am ! ></document>
		<document> #USER# Mines is in the 9H- seeking meaning ? We all know everything is meaningless ></document>
		<document> Gina Rodriguez&amp;Gabrielle Union's comments ref how they felt like they were just supposed to be SO THANKFUL for breaking into the industry thus couldn't be critical of its structural racism also applies when White celebs display basic humanity in speaking about racial injustice ></document>
		<document> #USER# #USER# #USER# if you didn’t like it in South Africa, should have went back to where you came from. ></document>
		<document> #USER# You still droppin this heat this week right? right?! lol 😟😩 ></document>
		<document> I’m not sure that I’d characterise BM who have been falsely accused of sexual assault as “seeing themselves” in Kavanaugh. However there are BM who desire to have access to the privileges of White Masculinity to absolve them of their crimes against women like Kavanaugh ></document>
		<document> #USER# Enjoyed your piece on the Big Lead, another train of thought. #URL# ></document>
		<document> All these celebrity sex abuse stories popping up are like the Japanese version of Whack A Mole #URL# ></document>
		<document> #USER# it's not genuine, more like a plausible deniability ></document>
		<document> #USER# #USER# Stans are also delusional ></document>
		<document> Now that racism is officially over people of color need to put away their race cards and all their other racist paraphernalia. #HASHTAG# ></document>
		<document> #USER# No greater Nazi redemption story than Prince Harry ></document>
		<document> #USER# Next thing you know people will start saying feminists are ugly or something...wait, they already tried that.  #HASHTAG# ></document>
		<document> #USER# Did that two days last week ></document>
		<document> When you just trying to live your life and do what makes you happy &amp; someone takes it as a personal affront 🤷🏾‍♂️ ></document>
		<document> WW hate Muslim women wearing headscarfs/head covering of any kind but it becomes a potent&amp;powerfully politicised form of propaganda when WW wear them. It conjures religious imagery like the  "Virgin Mary", “covering” them in innocence in settler colonialist "Christian" societies ></document>
		<document> Caught the tail end of Christopher Nolan’s “Inception” last night and totally forgot its a peak gaslighting film. It’s in the name 😩 De Caprio’s original “inception” was planting the thought into Cotillard’s character that the only way to escape the dream was to kill herself 💀 ></document>
		<document> #HASHTAG# ‘s future baby in the waiting room with the ancestors having just received the news they’re gonna be a “royal”. #URL# ></document>
		<document> #USER# Bigger story will be how many of these black coaches get rehired like their trash white contemporaries do when they get fired after seasons of mediocrity ></document>
		<document> The problem is not that there is evil in the world, the problem is that there is good. Because otherwise, who would care? - Vargas #HASHTAG# ❄️🔪 ></document>
		<document> #USER# Yea, no. ></document>
		<document> Under the Customs and Excise Act 2018, which came into force this week, officials are able to demand travellers unlock any electronic device so it can be searched.  Anyone who refuses can face prosecution and a fine of up to $NZ5,000 #URL# ></document>
		<document> #USER# oh. I was going to take a shot in the dark and say a humorless feminist? lol #HASHTAG# ></document>
		<document> Angelina Jolie cares about black people #HASHTAG# ></document>
		<document> I went to my nigga Mac house and seen a one hundred thousand on the trap flo'
Got the strippers in here bustin' packs down, 
blow her back down
She a trap hoe
Got the shooters at the front and back doe- Gangsta Gibbs ></document>
		<document> #USER# #USER# It’s what I refer to as a White Supremacist Disneyland. Having been born and lived in the US and UK amongst other countries, Australia is far and away the place to come where Whiteness is centred like its 1975. I can’t believe I voluntarily chose to come here 🥴 ></document>
		<document> white dudes be like “in 2019 I’m just some white dude who works 9-5 in a call centre. why wouldn’t I trade that in for a time travelling suit and my own plantation in 1850? Iol #HASHTAG# ></document>
		<document> So, I suppose it's fair to say that after that trial white women are as equally radicalised by racist ideology about black men.Yes? #HASHTAG# ></document>
		<document> #USER# The role of White Womanhood as assigned by White Supremacist Patriarchy is to assume a position of innocence &amp; do the work of White Supremacy covertly in their occupation of “maternal”’roles as mother, teacher, nurses etc WW are literally gatekeepers of White Supremacy #URL# ></document>
		<document> Also still wondering how Grace Jones didn’t have a part in #HASHTAG#? Grace Jones IS Black Panther! #HASHTAG# ></document>
		<document> #USER# #USER# #USER# #USER# Ty you my brother! I'm honoured! Much love! We gotta finish these podcasts! ></document>
		<document> #USER# #USER# #USER# #USER# #USER# But go ahead and erase mine and their EXPERIENCES with your “probabilities” it’s very white of you 🤷🏾‍♂️ this conversation has just come full circle. I cannot. ></document>
		<document> Still can’t watch a Bean or Nip interview, that shit hurts man ></document>
		<document> #USER# #USER# To be clear,the reasons why not all arguments are unnecessary has been proven time&amp;again yet you wrote this piece anyway in defense of White Womanhood because that’s the relationship between White Patriarchy &amp; matriarchy.They do the work,you protect&amp;reify their pseudo innocence💀 ></document>
		<document> Is it just me or is it a thing this Christmas for White Parents to be traumatising their children with people showing up as the Grinch at their homes and posting their terrorised children on social media ? It’s like the “G” rated version of The Purge 💀 ></document>
		<document> #USER# It’s 2021 and what kind of children has white Australia produced? Violent, privileged, anti black, fascist worshipping Nazi’s, generation after generation and then they decry “this is not who we are” 💀 ></document>
		<document> #USER# Jupiter is in Pisces in my 1H so what does this mean? ></document>
		<document> #USER# Funny how White People are "colour blind"- untll they're not, with excuses. Always an excuse. ></document>
		<document> #USER# #USER# #USER# #USER# #USER# Also, Odell not persecuted at all lol ></document>
		<document> The ONE time I really need the cash app and it’s DOWN. Amazing job  #USER# 👏🏻👏🏻 ></document>
		<document> Shotgun me in the morning so I know it's real ></document>
		<document> #USER# #USER# #USER# they didn't even put cuffs on him! that wasn't an arrest that was more of an escort lol ></document>
		<document> Us men are so trash, if Ariana Grande had stayed with Mac Miller’s abusive ass y’all would rather wake up to a story that he had murdered her and then you’d still blame it on Ariana 💀 
#URL# ></document>
		<document> Instead of a new Batman movie that is really unnecessary, #HASHTAG# should be working on a #HASHTAG# solo film that would rival John Wick in its body count #HASHTAG# ></document>
		<document> #USER# Also, I hope she's ok. I'm sure she is and that was not her first attempt 😩 ></document>
		<document> #USER# mini thread lol #URL# ></document>
		<document> Get it Russ!! Earned every fucking penny!! This is historical for a Black QB! #URL# #HASHTAG# ></document>
	
</author><document> #USER# #USER# Are you saying that symbolic examples of women embodying the violence of patriarchy are enough to erase the recurring theme of rape as a plot device and central character development in the show's narrative? >></document>
<document> #USER# Still learning, but ty for taking the time to clarify and answer my questions. I guess it makes sense for me to see myself as a death counselor or some other non-traditional career path like that with my astrological placements</document>
<document> Honestly, the only way to take me to the circus is to see a man mauled by a bear 😈 </document>
<document> Consider that #HASHTAG# wasn't even a man acting intentionally, such as the mass murder in Canada recently or the many wm mass murder shootings in the United States. He was literally just an overprivileged wm who wanted sushi &amp; killed 4 cops 💀 #HASHTAG# ></document>
<document> "She said she became concerned when her son stopped coming home for dysfunction at a time. I had no idea where he was sleeping, who he was with, if he was safe or worse," she said. When she tried to come home she bought him expensive underwear and gifts so he had no excuse but to stay with her" </document>
<document> melancholy </document>
<document> #USER# It's not trespassing if you believed at the time that this was your apartment. The prosecution must prove that this was not his state of mind, that he broke into that apartment knowing it was not his, with the aim of killing #HASHTAG# </document>
<document> #USER# #USER# #USER# #USER# For example, if Lamar Jackson's sophomore year was as bad as Baker's, people would call him a bust and say Cleveland needs to draft another QB but people are reluctant to say it about Faker. I wonder why that is?😒🤔 >>
<document> #USER# you mean he's a Scientologist? hello >></document>
<document> #USER# "No, I can't pass you a towel" 😂 ></document>
<document> #USER# 😂😂 they probably think so </document>
<document> #USER# This guy is desperate for attention from women, he's so needy it's sad </document>
<document> Totally here for Michelle Wolf, but many of her white supporters and some of her black supporters would have felt differently about her looks if she were, say, Tiffany Haddish. >></document>
<document> #HASHTAG# is by far the best Spider-Man movie of the last three, it's touching to the point that there were moments where I had a lump in my throat, but it also has the too frequent pointless politics in its storytelling that made it daunting </document>
<document> #USER# #USER# #USER# My Mercury is in Aquarius. My Lilith is in Pisces too! When is your birthday? Mine is February 12th </document>
<document> To meet Twitter abuse standards you must be a mediocre white cis male pop star &amp; your non-white abuser. #HASHTAG# #HASHTAG# ></document>
<document> I wonder how vocal the #HASHTAG# movement will be about Allison Mack or will they just talkshe as a symbolic representation of the movement? The latter, definitely </document>
<document> The Ugly Truth of Being a Black Professor in AmeriKKKa #URL# </document>
<document> “The power of the Klan was devastating precisely because it was so well integrated into the normal daily life of white Protestants” - Women of the Klan #URL# </document>
<document> #USER# #USER# QB is so white in the top 100 white QBs of all time </document>
<document> #USER# Not all teams can win. Some are happy just to get to the final and I think when you celebrate like you won the chip it says a lot 🤷🏾‍♂️ ></document>
<document> #USER# Lol I hate eating out most of these motherfuckers here are taxed these prices for bland food I can cook my own better but since I got back from Sydney yesterday I've been craving fried rice? I got it yesterday and today, only $12 so not bad ☺️ </document>
<document> #USER# If I'm Toni Braxton I'm upset and angry Rn 💀 </document>
<document> Now you have a real ROCK STAR just bathed in Christ Christian blood in Kanye West, but do you want to go back to DC Talk? Stop. They even turned to LeCrae when they realized he was Black lol</document>
<document> #USER# Elvis could never do it like this pffft </document>
<document> When you waited for Jesus to send your husband to you but you didn't let him into the bedroom for the holy trinity ménage a trois #URL# </document>
<document> Contrast the very public controversy of OBJ's interview comments about Eli with Rothelisburger's radio show comments about Antonio Brown. Put Ben Rothelisburger's Two Rape Charges on OBJ &amp; he's not even in the league anymore, he's most likely in jail #HASHTAG# ></document>
<document> Wilfred was like "I dare you to come to my place and fuck my bitch" 😂😂

"He said neighbors also saw the dog wandering the streets on more than one occasion" #URL# </document>
<document> Sports franchises that don't have a championship pedigree always act as if the goal is to get there. I remember when the Suns lost to Michael's Bulls in the finals, the city of Phoenix threw the team a save smh #HASHTAG# ></document>
<document> #USER# Which literally sanctions violence against black people. Women may not have knives or pepper spray as a protective measure against predatory sexual assault, but is it open season when it comes to people of color? So fucking violent </document>
<document> #URL# </document> by Eva Braun of the 21st century
<document> #USER# I never wanted a reading to be more accurate </document>
<document> #USER# #USER# That person is just a developmental stage in white masculinity, liberated from the realms of their parent's trappings, their "rebellion" against authority tainted by their privilege is rights of passage to silence accomplice, Republican vote Lol </document>
<document> Black people would say, will you apologize again? Start disbelieving excuses because of their frequency. #HASHTAG# </document>
<document> New work observations: Two white dudes in my class look like serial killers. I won't be hired if I look like this. >></document>
<document> Cleveland plays like his quarterback: emotional, undisciplined, unaccountable #HASHTAG# #HASHTAG# </document>
<document> #USER# #USER# Black pets are the most euthanized animals in shelters, the least adopted, but I've never heard PETA talk about this because their perspective is clouded by anti-darkness and anxiety. it would require self-examination which their privilege does not require them to do</document>
<document> #USER# Oh he dropped them like R Kelly's "Trapped in the Closet" 💀 </document>
<document> #USER# Like most things, the feeling of luck comes and goes lol </document>
Does <document> #HASHTAG# serve at least half the sentence? We don't even know where Daniel Holdsclaw is</document>
<document> #USER# #USER# #USER# #USER# #USER# You need to go study the history, my reply to the comment on the OP's post "not understanding the tendency of the" manipulative sociopath but creates is the head of the lass". I said white feminism because it involved a ww with a BM, which has a specific race-laden historical context </document>
<document> The lack of respect from the Seattle Seahawks in not offering a long-term deal to the most impactful player in their franchise history such as Blake Bortles. #HASHTAG# #HASHTAG# #HASHTAG# ></document>
<document> #USER# I find Geminis to be very funny and nice or suit multiple personality type/moods. >></document>
<document> While we didn't do that shit, we did #URL# </document>
<document> #USER# what a beautiful family!! 🥰 >></document>
<document> #USER# Before I met you I got to know your work and the impressive take down of the "northern intervention" in tracker, I wasn't here long and it was my first exposure to the intervention. Such brilliant work. Honored to call you friend ☺️ </document>
<document> Because white male mediocrity always gets praise and Clint is good for it. #URL# </document>
<document> White apologies are rarely accompanied by reparations, especially when it comes to BP, but being seen as "nice" or correcting something seen as "not nice" is more important to WP than being racist or not being a racist rape apologist </document>
<document> #USER# Me with my sun Aqua and Mercury in 12H living in Australia and still don't feel like I know myself or who I am 😭 ></document>
<document> "A lot of really white shit that white people don't think is about whiteness, they just think it's about the world." -Arthur Jafa #HASHTAG# #HASHTAG# ></document>
<document> I need verification, did they arrest Julian Assange or Rip Van Winkle? >></document>
<document> I never get tired of saying that Lavar was right #HASHTAG# </document>
<document> Why are so many people, mostly white, so excited to see Pat Mahomes lose this SB? If Pat Mahomes knew anything about itone thing this season, one of them has to be how Black really is lol</document>
<document> #USER# Not sure? I just know that the song and video for "Excited" made me feel like it was the 90s again and I was back in HS listening to Hi-Five trying to be a mack lol</document>
<document> Where would Christianity be without white men? All headed to hell I guess? #HASHTAG# </document>
<document> #USER# #USER# Very good </document>
<document> #USER# This. "Repression of self-actualization is the key to systematic oppression." James Baldwin said many profound things, but none of them stayed with me more than when he said "I've literally seen niggas go crazy because they'd never be an airline pilot." >></document>
<document> #USER# SEEN. Forgive my main shit too easily, stick with it too long, and then we stand for something much smaller than the grace and forgiveness we've given for numerous transgressions. >></document>
<document> #USER# Someone is trying to make $$ with your ideas/images from #HASHTAG# on redbubble #URL# </document>
<document> Secret meeting in the synagogue? Is TED trying to say Jews run Hollywood? #HASHTAG# #HASHTAG# ></document>
<document> Thinking of you (unrequited) Love mix #URL# </document>
<document> #USER# #USER# #USER# #USER# #USER# The "Not all" argument is unnecessary. Weird how WW has to make that distinction when it comes to a discussion of white women, yet is quick to dismiss men's "Not everything" argument. You can't have both, or you can when you're a WW </document>
<document> #HASHTAG# is what Avengers Endgame looks like when there is no time machine to go back and defeat Thanos #HASHTAG# ></document>
<document> That time when white people shit where they wanted or to take revenge for petty indifference 😂 #URL# ></document>
<document> From my understanding and from the industry narratives I've read, opportunities for Black people in the industry are often created by other established Black artists such as Denzel and Chadwick. Marvel's decision is so pretentious to me, top witness</document>
<document> #USER# #USER# Screaming the same thing 💀😭 ></document>
<document> #USER# #USER# No more unique than Australia, such a candid black person on tv wouldn't happen in Australia in 2019 💀 ></document>
<document> White privileged gang plan crime spree filled the day including fetishization of Asian women, misogyny, abuse of minor children and homelessness, delinquency, predation on women and girls aged 15 and 40 years while consuming copious amounts of drugs. Get arrested. He has to go to the police station in handcuffs. >></document>
<document> “Police did not initially call the attack a hate crime, prompting outrage from neighborhood supporters who held a press conference. 😡🤬 </document>
<document> #USER# Both are synonymous with "White" in 2018. People behave as if white is not dynamic and fluid </document>
<document> I wonder if Meghan ever mentioned that Harry worethat Nazi uniform? Maybe not yet, we tend to see the best when we're in love, these things are for when the bitterness sets in </document>
<document> #USER# #USER# #USER# This is why fights with WW are so disarming for BM, because WW KNOWS they can get away with it </document>
<document> #USER# I hate this shit so much because the time I give to people is precious to me and it's not something I give to just anyone. This kind of behavior tells me that they clearly didn't feel the same way</document>
<document> The irony of a WW using a BM's history with The Klan as an example for WW by involving their WW best friends and family as if the inherent risk were the same. >></document>
<document> Neptune #URL# </document>
<document> Harry used to wear a swastika, now he's asking your father to give Trump a chance. MEGHAN, OUT!!! >></document>
<document> wake up in a pool of your own sweat smh</document>
<document> #USER# I don't know if there's enough money in the world to show up every day. I really feel for her. I would at least leave the cussin set everyday, a flask of henny and a joint in the glove compartment lol </document>
<document> #USER# Moon in Pisces &amp; Rising and Issey Miyake is definitely my signature perfume </document>
<document> "White supremacy isn't about white prosperity, it's just about white people doing better than anyone else. Sure, the whole country is drowning, but white Americans are content as long as they can watch everyone else choke on their dying breaths first" </document>
<document> You will be shocked that #HASHTAG# is advocating a post COVID Make Australia Great Again as a leftist as if Gillard as PM hadn't instituted Stop the Boats &amp; off shore "detention". Talk to naivety ref Leftist politics &amp; lack of questioning of WW's alleged innocence in OZ</document>
<document> I believe this shit is an NFL conspiracy to rebrand and tarnish Kaepernick. You took me out here shooting for Cam and the Pats?! Even the new Pats jerseys are clean! I hate #HASHTAG#  so much 😩 </document>
<document> #USER# #USER# 100% them White Libs vacillate between the rhetoric of "punching a Nazi in the face" and being in love with these narratives for that very reason</document>
<document> Less than 15 minutes into watching this and I'm so excited! #URL# </document>
<document> Sue with the safety of a white man 😂😂 #URL# </document>
<document> #USER# But if you want to join Ebro and be a racist apologist for a white man then go ahead. Then you too are part of the problem </document>
<document> I'm sure Lamar's best days are yet to come, but he has yet to make a run that surpasses the best of #HASHTAG#. Most of Mike's rushes have also been freelance, Lamar gets a lot more yards off projected plays. #HASHTAG# </document>
<document> #USER# #USER# #USER# But he took Illinois though, he's not from TX </document>
<document> #USER# When your white "brothers and sisters".in Christ vote for Barrabbs &amp; you want to nail your black ass to the cross </document>
<document> #USER# Tank actually said he rated his potency as an 8 out of 10 on fighthype, so stop cappin. >></document>
<document> Social media
"S/HE" Saul Williams #URL# ></document>
<document> Black people did not create the nigger, they are not niggers and they don't want to be the nigger, but everyone else is invested in us being the nigger because it is essential for them NOT to be one and critical to the longevity of this system racist as passed from generation to generation </document>
<document> Today is going to be a good day because I have two boxes of grits waiting for me when I get home 🤗😋 #HASHTAG# </document>
<document> In modern times the myth of the devil is often discussed as an immense evil, but I find there is more accuracy in the devil incarnate as one of malice who keeps one's self from defecating so one can have the thrill of doing it on the someone's house is literally evil and evil #URL# ></document>
<document> #USER# All of this stuff only works to humanize white people and mythologize and materialize white as inherently good. BP is cast as the "noble savage" who helps white people "find themselves" in some dances with wolves 💀🤮 ></document>
<document> Been in Australia so long it made me crave ice cold 40oz like I was still fucking with them when I left the US 😂 </document>
<document> #USER# glad to know I'm not alone lol </document>
<document> Ezra Miller was the White People's gender-bending man when that Playboy spread came out only to reveal that he had done a doco from Darren Wilson's "perspective" with a brother. Literally what was it? Looking down the barrel of a smoking gun? I cannot. >></document>
<document> #USER# Like Brady doesn't have guns? Lol Last year he had no guns but he has guns and home field advantage with first game home SB. It's like the league wrote this for him or something? Lol What will your excuse be when Patty gives it an L in this SB? No weapons? >></document>
<document> This should come as no surprise as Morrison has maintained a solid lead as preferred leader over Shorten since becoming party leader over Turnbull. #HASHTAG# #URL# </document>
<document> #USER# #USER# #USER# #USER# Cap mom, I'm Aqua sun, Pisces stellium. We get along great now but when I was a child he expressed his displeasure with verbal abuse so harsh he marked my shit out and never followed up on his harshness by affirming his love for me. >></document>
<document> #USER# #USER# the reasons why white people are is nothing new though, that work has &amp; is continuing in its breadth and scope </document>
<document> #HASHTAG# Rose Garden Speech Explains Why White People Can't Have Nice Things #HASHTAG# </document>
<document> #USER# #USER# #USER# Lamar was "destroyed" 🙄

Lamar Jackson amassed 508 total yards of offense against the Titans with 365 passing yardsds and 143 rushing yards

He accounted for 95.8% of the Ravens' total yards on offense (92.4% when factoring in yards for sacks).
<document> Analysts will continue to badmouth the Steelers as if they lost the game </document>
<document> #USER# Or Tyler the Creator </document>
<document> To meet Twitter's standards for racist and homophobic abuse, you must be a mediocre cis white pop star #HASHTAG# #HASHTAG# </document>
<document> Watch it without audio 😂 >></document>
<document> Even Black TV programs do not survive in these streets. #HASHTAG# #HASHTAG# #HASHTAG# #HASHTAG# #URL# </document>
<document> Amazingly accurate #USER# but she (sag sun) doesn't give a damn about me </document>
<document> Also imagine being the only person in the world who remembers that the Beatles had circular jerks 😩💀 #URL# ></document>
<document> #USER# It's those "micro" daily attacks </document>
<document> #USER# I wonder if Harry will wear his Nazi birthing insignia 💀 </document>
<document> #USER# is not mang lol </document>
<document> After 2 CAT scans and an ultrasound this week it occurs to me that health is wealth...and if I went back to the US to deal with that, I too would file for bankruptcy</document>
<document> Didn't the cops only start being racist when they found out she was dating a black man, but did they take it personally when she became a vehicle for their racism? It's not about racism as much as "her" and no, that doesn't deny the workplace harassment she's experienced </document>
<document> #USER# #USER# #USER# #USER# #USER# 1990 is 2021. Such a high level for England fans, 1990 is a sniff but you can't even remember what it smells like? >></document>
<document> infested </document>
<document> #USER# Clearly this was the school where thief White Bitch Kelly Howard sent her daughter to dance lessons with stolen Black People money. #URL# </document>
<document> Eva Braun bitch. #URL# </document>
<document> As Teju Cole said, perhaps part of decolonization is learning to trust (and love) one another again </document>
<document> #USER# As a black person who moved to Australia from the US, I tell you it's not uncommon. These racist caricatures are not relics of the past but popular consumption in the same way as the sale of golliwog dolls. >></document>
<document> the spirit cannot hide what the soul denies </document>
<document> When the rest of the world catches up with your long held opinion 💅🏾#URL# </document>
<document> Social media killed the hot take</document>
<document> #USER# Unless his door was unlocked how did his keys work in his apartment door? >></document>
<document> A nation gained two seats in NSW election AFTER Christchurch and Labor were beaten in NSW when they were 'supposed' to win landslide yet people are shocked that the Coalition will keep power? For example, OK Australia #HASHTAG# ></document>
<document> Me: Who are your favorite directors?
White Chick: Guy Ritchie, Tarantino &amp; Nelson.
Me: So Tarantino is the Zayn Malick of that boy band? >></document>
<document> Trump's inspiration. The world is dominated by old white men engaged in a #URL# ></document> dick-measuring contest
<document> Schmood #URL# </document>
<document>Trump is literally going to skate through this impeachment like the Pats did Spygate and Deflate Gate and will propel him to a victory in 2020. America loves "winners" 💀 ></document>
<document> This white Aussie dude said he had a friend who pulled his dick out every time his picture was taken

Me: That's called a pervert </document>
<document> Expecting white women in GA to vote #HASHTAG# over Kemp would be like expecting Mrs. Epps in 12 Years a Slave to free Patsy and kill her husband and slave owner, Mr. Epps. Where in America is this happening? #HASHTAG# </document>
<document> I love the way they say Muslim on Fox News "Muz-lum" #HASHTAG# </document>
<document> #USER# #USER# In no other musical genre does BP find a place at the table like WP in Blackspaces, hip hop culture. The BET Awards gave Sam Smith Best New Artist while the CMAs canceled Beyonce's performance from the network. hello >></document>
<document> Jerry Lorenzo's inspiration board for his sixth collection had to be the images of White Jesus. I just can't… SO crass and insidious. IDC extension. #URL# </document>
<document> #USER# #USER# Pisces Gang ♓️ </document>
<document> ADAGE UPDATE🚫: Don't take a cart to a knife fight 🛒 </document>
<document> #USER# #USER# Bruh. A word. >></document>
<document> Anger is especially evil when black people are the angry ones. #HASHTAG# </document>
<document> #USER# This album was repeated early last summer and I'm still chasing it </document>
<document> I can bet you $$$$$$ that almost every white woman caught on video checking out black bodies was a fan of a show like Murder She Wrote or other shows of that ilk</document>
<document> Black Christians prayed for white Christians more than white Christians pray for themselves #HASHTAG# </document>
<document> "There have been few studies on how loneliness blurs across racial lines, but it is known that interracially adopted children account for one of the highest percentages of people affected by loneliness" - Kristin Radtke </document>
<document> Fear of a black planet ended by a feud over a white man does not apply to the PE catalog or the ethos 💀 </document>
<document> Day four/five of overcast and rain in Brisbane and my seasonal depression rears its head like Kevin Spacey in "Seven". >></document>
<document> Based on Obama's numbers, Trump will likely be reelected in 2020 💀 #URL# </document>
<document> Emily Rios is doing her damn job. She's as good as Lucia but still needs to #HASHTAG# ></document>
<document> #USER# lmao that's funny dude.>></document>
<document> #USER# When we hear they are out of frappes </document>
<document> #USER# Amazing </document>
<document> #USER# Thanks for the clarification, but I interpreted your first answer as exactly like this </document>
<document> #USER# #USER# yes, she didn't tweet insensitive, on the contrary, White Australia's sensitivity and fragility was the issue that drove her out of the country </document>
<document> #USER# Maybe both? Glad it gave you a little moment of laughter this morning! >></document>
<document> #USER# Are mines in search meaning 9H ? We all know that everything is meaningless </document>
<document> Gina Rodriguez and Gabrielle Union's comments reflect on how they felt like they should be SO GRATEFUL to have entered the industry so they couldn't be critical of its structural racism it applies even when white celebrities show basic humanity in talking about racial injustice >></document>
<document> #USER# #USER# #USER# if you didn't like South Africa, you should have gone back where you came from. >></document>
<document> #USER# You still missed this heat this week, right? Right?! lol 😟😩 </document>
<document> I'm not sure I define BMs who have been falsely accused of sexual assault as "seeing themselves" in Kavanaugh. However there are BMs who wish to have access to the privileges of white masculinity to absolve them of their crimes against women like Kavanaugh </document>
<document> #USER# I liked your piece on The Big Lead, another line of thought. #URL# </document>
<document>All these celebrity sexual abuse stories that come out are like the Japanese version of Whack A Mole #URL# </document>
<document> #USER# is not genuine, more like plausible deniability </document>
<document> #USER# #USER# Even the Stans are delusional </document>
<document> Now that racism is officially over, people of color must put away their racial cards and all other racist paraphernalia. #HASHTAG# </document>
<document> #USER# There is no greater Nazi redemption story than Prince Harry </document>
<document> #USER# Next thing you know people will start saying feminists are ugly or something... wait, they already tried that. #HASHTAG# </document>
<document> #USER# I did this two days last week </document>
<document> When you're just trying to live your life and do what makes you happy &amp; some take it as a personal affront 🤷🏾‍♂️ </document>
<document> WW hate Muslim women who wear scarves/head coverings of any kind, but when WW wears them it becomes a powerful and highly politicized form of propaganda. It evokes religious images such as the "Virgin Mary", "coating" them with innocence in the colonialist "Christian" societies of the settlers </document>
<document> I caught the tail end of Christopher Nolan's "Inception" last night and completely forgot that it is an eye-opening flagship film. It's in the name 😩 De Caprio's original "beginning" was planting the thought in Cotillard's character that the only way for tor to escape the dream was to kill oneself 💀 </document>
<document> The future #HASHTAG# child in the waiting room with the ancestors who just received the news that they will become a "royalty". #URL# </document>
<document> #USER# The bigger story will be how many of these black coaches get rehired like their trash white peers do when they get fired after seasons of mediocrity </document>
<document> The problem is not that there is evil in the world, the problem is that there is good. Because otherwise who would care? - Vargas #HASHTAG# ❄️🔪 >>
<document> #USER# Yes, no. >></document>
<document> Under the Customs and Excise Act 2018, which came into effect this week, officials can require travelers to unlock any electronic device so it can be searched. Anyone who refuses can be prosecuted and fined up to $NZ5,000 #URL# ></document>
<document> #USER# oh. Was I going to snap in the dark and say humorless feminist? lol #HASHTAG# </document>
<document>Angelina Jolie cares about black #HASHTAG# </document>
<document> I went to my nigga Mac's house and seen a hundred thousand on the flo` trap
Got the strippers here tearing up the packs,
throw it down again
She is a trap
I have snipers in front and behind, Gangsta Gibbs </document>
<document> #USER# #USER# It's what I call white supremacist Disneyland. Having been born and raised in the US and UK amongst other countries, Australia is by far the place to come Whiteness is as centered as its 1975. Can't believe I voluntarily chose to come here 🥴 </document>
<document> white dudes say "in 2019 i'm just a white dude working 9-5 in a call center. why wouldn't i trade that for a time travel suit and my plantation in 1850? lol #HASHTAG# </ document>
<document> So, I suppose it's fair to say that after that trial white women are equally radicalized by racist ideology towards black men. Yes? #HASHTAG# </document>
<document> #USER# The role of the White Woman assigned by the White Supremacy Patriarchate is to assume a position of innocence &amp; covertly perform the work of White Supremacy in their occupation of "maternal" roles such as mother, teacher, nurse, etc. WW are literally guardians of White Supremacy #URL#></document>
<document> Still wondering why Grace Jones didn't get a part in #HASHTAG#? Grace Jones is Black Panther! #HASHTAG# </document>
<document> #USER# #USER# #USER# #USER# You my brother! I'm honored! Much love! We need to finish these podcasts! >></document>
<document> #USER# #USER# #USER# #USER# #USER# But go ahead and delete mine and their EXPERIENCES with your "odds" that's very white of you 🤷🏾‍♂️ this conversation just came back at the starting point. I cannot. >></document>
<document>I still can't watch a Bean or Nip interview, that shit hurts man</document>
<document> #USER# #USER# To be clear, the reasons why not all arguments are superfluous have been demonstrated over time&amp;again and yet you still wrote this piece in defense of White Womanhood because that is the relationship between White Patriarchy &amp; matriarchy. They do the work, you protect and reify their pseudo innocence💀 </document>
<document> Is it just me, or is it a thing this Christmas for white parents to traumatize their kids with people posing as the Grinch in their homes and posting their terrified kids on social media? It's like the "G" rated version of The Purge 💀 ></document>
<document> #USER# It's 2021 and what kind of children has White Australia produced? Violent, privileged, anti black, fascists who adore the Nazis, generation after generation, and then denounce "this is not who we are" 💀 ></document>
<document> #USER# Jupiter is in Pisces in my 1H so what does that mean? >></document>
<document> #USER# Funny how white people are "colorblind" - until they are, with apologies. Always an excuse. >></document>
<document> #USER# #USER# #USER# #USER# #USER# Also, Odell wasn't persecuted at all lol </document>
<document> The ONLY time I really need the cash app and it's DOWN. Great job #USER# 👏🏻👏🏻></document>
<document> Shoot me in the morning so I know it's true </document>
<document> #USER# #USER# #USER# they didn't even put handcuffs on him! that wasn't an arrest that was more of an escort lol</document>
<document> Us ​​men are so trashy, if Ariana Grande was left with Mac Miller's violent ass, you'd rather wake up with the story that he killed her and then you'd still blame Ariana 💀
#URL# </document>
<document> Instead of a new Batman movie that isn't really needed, #HASHTAG# should be working on a #HASHTAG# solo movie that can compete with John Wick in the #HASHTAG# body count ></document>
<document> #USER# Also, I hope you are well. I'm sure it is and that wasn't his first attempt 😩 </document>
<document> #USER# mini thread lol #URL# ></document>
<document> Get Russ!! Earned every fucking penny!! This is historic for a Black QB! #URL# #HASHTAG# </document>

</author><document> #USER# #USER# Are you saying that symbolic examples of women embodying the violence of patriarchy are enough to erase the recurring theme of rape as a plot device and character development central to the series' narrative? ></document>
<document> #USER# I'm still learning, but thank you for taking the time to clarify and answer my questions. I think it makes sense to me that I could envision being a mortuary counselor or some other non-traditional career path like this with my astrological internships ></document>
<document> Honestly, the only way to get me into the circus is to see a man mauled by a bear 😈 ></document>
<Document> Consider that #HASHTAG# was not even a man acting on purpose, such as the recent mass murder in Canada or the numerous mass murder shootings in the US. He was literally just an overprivileged man selling sushi &amp; killed 4 cops 💀 #HASHTAG# ></document>
<Document> "She said she got worried when her son stopped coming home for Dys. I had no idea where he slept, who he was with, if he was fine or worse," she said. When he tried to come home she bought him expensive underwear and gifts so he had no excuse but to stay with her
<Document> Melancholy ></Document>
<Document> #USER# It is not a burglary and intrusion if you BELIEVE this is your home at the time. Prosecutors need to prove it wasn't her state of mind to break into this apartment, knowing it wasn't hers, with the aim of murdering #HASHTAG# ></document>
<document> #USER# #USER# #USER# #USER# Case Study: If Lamar Jackson's sophomore year was as bad as Baker's, people would call him a bust and say Cleveland needs to draft another QB, but the People hesitate to say that about Faker. I wonder why that is?😒🤔 ></document>
<Document> #USER# You mean he's a Scientologist? lol ></document>
<document> #USER# "No, I can't hand you a towel" 😂 ></document>
<document> #USER# 😂😂 you probably think so ></document>
<document> #USER# This guy is desperate for attention from women, he's so needy it's sad ></document>
<Document> Totally here for Michelle Wolf, but a whole lot of her white supporters and some of her black supporters would have felt differently about her looks had she been, say, Tiffany Haddish. ></document>
<Document> #HASHTAG# is by far the best Spider-Man film of the last three, it's moving to the extent that there were moments that gave me a lump in my throat, but it also has the all-too-frequent unnecessary one Politics in his narrative that has made it daunting ></document>
<Document> #USER# #USER# #USER# My Mercury is in Aquarius. Even my Lilith is in Pisces! When is your birthday? Mine is February 12th ></document>
<Document> To meet Twitter's abuse standards you must be a mediocre white male cis pop star &amp; Your abuser is not white. #HASHTAG# #HASHTAG# ></document>
<document> I wonder how vocal the #HASHTAG# movement will be about Allison Mack, or will they just talkthem as a symbolic representation of movement? The latter certainly ></document>
<Document> The Ugly Truth of Being a Black Professor in AmeriKKKa #URL# ></Document>
<Document> "The power of the Klan was devastating precisely because it was well integrated into the normal everyday life of white Protestants" - Women of the Klan #URL# ></document>
<document> #USER# #USER# QBs so white Top 100 White QBs of All Time ></document>
<document> #USER# Not every team is there to win. Some are happy just reaching the finals and I think when you celebrate like you won the chip it says a lot 🤷🏾‍♂️ ></document>
<document> #USER# Lol I hate eating out, most of these muthafuckas out here are taxis with these boring food prices. I'm better at cooking myself but since I got back from Sydney yesterday I want fried rice? Got it yesterday and today only $12 so not that bad ☺️ ></document>
<document> #USER# If I'm Toni Braxton, I'm shocked and angry, Rn 💀 ></document>
<document> Now you've got a legitimate Christian ROCK STAR newly bathed in the blood of Christ in Kanye West, but you all want to get back to DC Talk? To stop. They also turned on LeCrae when they realized he was black lol ></document>
<document> #USER# Elvis could never do it pffft ></document>
<document> When you waited for Jesus to send you your husband but didn't let him into the bedroom for the Holy Trinity ménage a trois #URL# ></document>
<Document> Contrast the very public controversy over OBJ's interview comments about Eli with Rothelisburger's radio show comments about Antonio Brown. Set Ben Rothelisburger's two rape allegations on OBJ &amp; He's not even in the league anymore, he's very likely in jail #HASHTAG# ></document>
<Document> Wilfred said "I dare you all to come to my place and fuck my bitch" 😂😂

"She said neighbors also saw the dog roaming the street more than once" #URL# ></document>
<document> Sports franchises that don't have a championship pedigree always act like the goal is to get there. I remember when the Suns lost to Micheal's Bulls in the finals, the city of Phoenix threw the team a confetti save smh #HASHTAG# ></document>
<Document> #USER# Literally sanctions anti-Black violence. Women can't have knives or pepper spray as a safeguard against predatory sexual violence, but it's open season when it comes to black people? So damn intense ></document>
<Document> #URL# ></Document> by Eva Braun from the 21st century
<document> #USER# I never wanted a reading to be more accurate ></document>
<document> #USER# #USER# This persona is just one stage of development in white masculinity, freed from the dominations of their parents' department store ware, their "rebellion" against authority, spoiled by their privilege is the right of passage to complicity Silence Vote Republicans Lol ></document>
<document> People of color would say apologize again? Start not believing the excuses because of their frequency. #HASHTAG# ></document>
<Document> New job observations: Two white guys in my class look like serial killers. There's no way I'll get hired if I look like this. ></document>
<document> Cleveland plays like his QB: emotional, undisciplined, irresponsible #HASHTAG# #HASHTAG# ></document>
<document> #USER# #USER# Black pets are the most put down and least adopted animals in shelters, but I've never heard PETA talk about it because its perspective is fueled by anti-Blackness &amp; it would require self-examination, which they are not required to do by virtue of their privilege ></document>
<document> #USER# Oh he drops them like R Kelly's "Trapped in the Closet" 💀 ></document>
<document> #USER# As with most things, happiness is an ebb and flow lol ></document>
<document> Is #HASHTAG# even serving half his sentence? We don't even know where Daniel Holdsclaw is ></document>
<Document> #USER# #USER# #USER# #USER# #USER# You need to study some history, my response to the comment on the OP's post "don't understand the trend of 'manipulative sociopath but make it girl boss.' “. I said white feminism because it was a ww with a BM that has a specific racially charged historical context ></document>
<Document> The disrespect of the Seattle Seahawks in not offering the most influential player in their franchise history a long-term deal as if he were Blake Bortles. #HASHTAG# #HASHTAG# #HASHTAG# ></document>
<document> #USER# I think twins are either freakin' fun and cool or suit the way of having multiple personalities/moods. ></document>
<document> Even if we didn't do that shit, we did that shit #URL# ></document>
<document> #USER# what a lovely family!! 🥰 ></document>
<document> #USER# Before I met you, I got to know your work and the impressive acceptance of the “Northern Intervention” in Tracker, I haven't been here long and it was my first encounter with the Intervention. Such a brilliant work. It's an honor to call you friend ☺️ ></document>
<document> Because white male mediocrity is praised all the time and Clint is good for it. #URL# ></document>
<Document> White apologies are rarely accompanied by amends, especially when it comes to BP, but being seen as "nice" or correcting something seen as "not nice" is more important to WP than not being racist or not being a racist rapist </document>
<document> #USER# I live in Australia with my Aqua sun and Mercury in the 12H and still don't feel like I know myself or who I am 😭 ></document>
<document> "A lot of really white shit that white people don't think is about white people, they just think is about the world." -Arthur Jafa #HASHTAG# #HASHTAG# ></document>
<Document> I need confirmation, did you arrest Julian Assange or Rip Van Winkle? ></document>
<document> I'll never tire of saying that Lavar was right #HASHTAG# ></document>
<Document> Why are so many people, mostly white people, so excited that Pat Mahomes is losing this SB? If Pat Mahomes has anyThis season one of them has got to be how black he really is lol ></document>
<Document> #USER# I'm not sure? All I know is that the song and video for "Excited" made me feel like it was back in the 90's and I was back in HS listening to Hi-Five tryna be a mack ></document>
<Document> Where would Christianity be without white men? All going to hell I suppose? #HASHTAG# ></document>
<document> #USER# #USER# Ok, I'd love to ></document>
<Document> #USER# This. "The suppression of self-actualization is the key to systematic suppression". James Baldwin said many profound things, but nothing sticks in my memory more than when he said, "I literally saw Negroes go insane because they would never be airline pilots." ></document>
<Document> #USER# SEEN. Forgive me my big shit far too easily, stay loyal far too long and then we're left with something far smaller than the mercy and forgiveness we've given for numerous transgressions. ></document>
<document> #USER# Someone trying to make $$ out of your ideas/images from #HASHTAG# on redbubble #URL# ></document>
<Document> Secret meeting in the synagogue? Is TED trying to say Jews rule Hollywood? #HASHTAG# #HASHTAG# ></document>
<Document> Think About You (Unrequited) Lover’s mix #URL# ></document>
<document> #USER# #USER# #USER# #USER# #USER# "Not all" argument is unnecessary. Funny how WW has to make that distinction when it comes to a discussion about white women, but is quick to dismiss the "not all" argument from men. Neither is possible, or you can if you are a WW ></document>
<document> #HASHTAG#s is what Avengers Endgame looks like when there is no time machine to go back and defeat Thanos #HASHTAG# ></document>
<document> Back then white people would shit wherever they wanted or as revenge for petty indifference 😂 #URL# ></document>
<document> From my understanding and the industry narratives I've read, opportunities for Black people in the industry are often created by other mainstream Black artists like Denzel and Chadwick. Marvel's decision is so presumptuous to me, Peak Wytness ></document>
<document> #USER# #USER# scream the same 💀😭 ></document>
<document> #USER# #USER# No more unique than Australia, a black person so outspoken on TV would not feature in Australia in 2019 💀 ></document>
<Document> White privileged gangs plan a day of crime to include fetishization of Asian women, misogyny, abuse of underage children and homeless people, brawling, robberies of women and girls aged 15 to 40 while consuming copious amounts of drugs. be arrested. Must go to the police station in handcuffs. ></document>
<document> “Police initially did not describe the attack as a hate crime, prompting outrage from neighborhood lawyers who held a press conference. 😡🤬 ></document>
<document> #USER# Both of which were synonymous with "white" in 2018. People act like whiteness isn't dynamic and fluid ></document>
<Document> I wonder if Meghan ever addressed the fact that Harry got dressedThat Nazi uniform? Maybe not yet, we tend to look our best when we're in love, things like that are for when bitterness sets in ></document>
<document> #USER# #USER# #USER# This is why confrontations with WW are so disarming for BM because WW KNOW they can get away with it ></document>
<document> #USER# I hate this shit so much because the time I give to people is precious to me and not something I give to anyone. This kind of behavior tells me that they clearly didn't feel the same ></document>
<Document> The irony of a WW using a BM's history with the Klan as an example of WW involving their WW BFFs and family members as if the inherent risk were the same. ></document>
<Document> Neptune #URL# ></Document>
<Document> First Harry wore a swastika, now he's asking your father to give Trump a chance. MEGHAN, OUT!!! ></document>
<document> wake up in a puddle of your own sweat smh ></document>
<document> #USER# Idk if there is enough money in the world to show up for it every day. I really feel for her. I would leave the set of cusin, a bottle of Henny and a blunt in the glove box at least every day lol ></document>
<Document> #USER# Pisces Moon &amp; Rising and Issey Miyake is definitely my signature fragrance ></document>
<Document> “White supremacy isn't based on white people thriving, it's just about white people doing better than everyone else. Sure, the whole country is drowning, but white Americans are content as long as they can watch everyone else choke on their dying breaths first" ></document>
<document> You will be shocked that #HASHTAG# as a woman on the left is arguing for a post COVID Make Australia Great Again as if Gillard as PM didn't stop the boats &amp; Off-Shore “Detention”. Talks to the naive speaker Linke Politik &amp; Missing interrogation of WW's assumed innocence in OZ ></document>
<Document> I believe this shit is an NFL conspiracy to rename and wipe out Kaepernick. Did you dress me up out here for Cam and the Pats?! Even the new Pats jerseys are clean! I hate the #HASHTAG# so much 😩 ></document>
<document> #USER# #USER# The White Libs are 100% vacillating between the rhetoric of "slapping a Nazi in the face" and being in love with these tales for that very reason ></document>
<document> Less than 15 minutes away from seeing this and I'm so excited! #URL# ></document>
<document> Sue with white confidence 😂😂 #URL# ></document>
<document> #USER# But if you want to join Ebro and play a racist apologist for a white man, then get on with it. Then you are also part of the problem ></document>
<document> I'm sure Lamar's best days are yet to come, but he hasn't had a run to beat #HASHTAG#'s best yet. Most of Mike's runs have also been freelance, Lamar drawing many more of his yards from designed pieces. #HASHTAG# ></document>
<document> #USER# #USER# #USER# But he took Illinois, he's not from TX ></document>
<Document> #USER# If your white "brothers and sisters"in Christ's voice for Barrabbas &amp; wanna nail your black ass to the cross ></document>
<document> #USER# Tank actually said he rates his power as an 8 out of 10 on battle hype so stop cappin. ></document>
<Document> Social Media
"S/ER" Saul Williams #URL# ></document>
<Document> Black people didn't create the nigger, aren't niggers and don't want to be the nigger, but everyone else invests in us being the niggers because NOT being one is essential to them and central to the longevity of this racist system as it is passed from generation to generation ></document>
<document> Today will be a good day as I have two boxes of grits waiting for me when I get home 🤗😋 #HASHTAG# ></document>
<Document> In modern times, the myth of the devil is often discussed as an immeasurable evil, but I find that there is more accuracy in embodying the devil as one of mischief, yet holding back from deflating for you have the thrill of continuing to do it someone's house is literally devilish&amp;evil #URL# ></document>
<document> #USER# All this stuff just serves to humanize white people and mythologize and flesh out whiteness as inherently good. BP is cast as the "noble savage" who helps white people "find themselves" in some dances-with-wolves-ish 💀🤮 ></document>
<document> After being in Australia for so long, I remembered those ice cold 40oz as if I were still busy with them when I left the States 😂 ></document>
<document> #USER# Glad to know I'm not alone lol ></document>
<Document> Ezra Miller was the awakened white man's gender-bending bae when those Playboy spreads came out, only to reveal that he'd done a documentary with some brotha from Darren Wilson's "point of view." What was it literally? Look down the barrel of a smoking gun? I can't. ></document>
<document> #USER# Like Brady doesn't have guns? Lol Last year he didn't have guns but he does have guns and home field advantage with the first home game SB. It's like the league wrote that for him or something? Lol What are you all going to excuse if Patty gives it an L in this SB? No weapons? ></document>
<Document> This should come as little surprise as Morrison has held a solid lead over Shorten as the preferred leader since he became party leader over Turnbull. #HASHTAG# #URL# ></document>
<Document> #USER# #USER# #USER# #USER# Cap Mama, I'm Aqua Sun, Pisces Stellium. We get along great now, but when I was a kid she would express her displeasure with abuse so harsh the shit scarred me, and she never followed up on her harshness by reaffirming her love for me. ></document>
<document> #USER# #USER# The reasons why white people are is not new, this work has &amp; continues in its breadth and reach ></document>
<document> #HASHTAG#'s rose garden speech talks about why we can't have pretty things because of white people #HASHTAG# ></document>
<Document> #USER# #USER# #USER# Lamar was "destroyed" 🙄

Lamar Jackson totaled 508 offensive yards against the Titans with 365 passing yarsds and 143 rushing yards

He accounted for 95.8% of the Ravens' total yards on offense (92.4% if you include yards lost by sack ></document>
<document> Analysts will still talk shit about the Steelers like they lost the game ></document>
<Document> #USER# Or Tyler the Creator ></document>
<document> To meet Twitter standards for racism and homophobia you must be a mediocre white male cis pop star #HASHTAG# #HASHTAG# ></document>
<document> Watch it without sound 😂 ></document>
<document> Even Black TV's shows can't survive in these streets. #HASHTAG# #HASHTAG# #HASHTAG# #HASHTAG# #URL# ></document>
<document> #USER# shockingly accurate, but she (say sun) doesn't give a fuck about me ></document>
<document> Imagine if you were also the only person in the world who remembers that the Beatles once had circle jerks 😩💀 #URL# ></document>
<document> #USER# It's these daily "micro" aggressions ></document>
<document> #USER# I wonder if Harry will wear his Nazi regalia to the birth 💀 ></document>
<document> #USER# it's not a mang lol ></document>
<document> After 2 CT scans and an ultrasound this week, I was reminded that health is wealth...and if I were dealing with that again in the States, I would file for bankruptcy too ></document>
<Document> The cops didn't just start getting racist when they found out she was dating a black guy, she just took it personally as she became the vehicle of her racism? This isn't about racism, it's about "her," and no, that doesn't negate the workplace harassment she experienced ></document>
<document> #USER# #USER# #USER# #USER# #USER# 1990 is 2021. Such a high bar for England fans, 1990 is a sniffle but you can't even remember what it smells like? ></document>
<document> haunted ></document>
<Document> #USER# This was clearly the school where thieving white slut Kelly Howard sent her daughter to dance classes with money stolen from black guys. #URL# ></document>
<Document> Eva Braun ass bish. #URL# ></document>
<document> As Teju Cole said, perhaps part of decolonization is learning how to trust (and love) one another again ></document>
<Document> #USER# As a black person who has moved to Australia from the States, I can tell you that this is not uncommon. These racist caricatures are not relics of the past, but are as much popular consumption as selling Golliwog dolls. ></document>
<document> Spirit cannot hide what the soul denies ></document>
<document> When the rest of the world catches up with your long-held opinion 💅🏾#URL# ></document>
<document> Social media has ended the hot attitude ></document>
<Document> #USER# If his door wasn't unlocked, how did her keys work in his apartment door? ></document>
<Document> A nation GOT two seats in the NSW election AFTER Christchurch and Labor were beaten in NSW when they 'should' win in a landslide victory and yet people are shocked the coalition will remain in power? Like, OK Australia #HASHTAG# ></document>
<Document> Me: Who are your favorite directors?
White Chick: Guy Ritchie, Tarantino &amp; Nelson.
Me: So Tarantino is the Zayn Malick of this boy band? ></document>
<Document> Trump's inspiration. The world is ruled by old white men entering a cock measuring contest #URL# ></document>
<Document> Schmood #URL# ></Document>
<Document> Trump will literally slide through this impeachment trial like the Pats did with Spygate and Deflate Gate, and it will propel him to victory in 2020. America loves "winners" 💀 ></document>
<Document> This white Australian man said he had a mate who would pull his dick out whenever they took a picture

Me: That's called perverse ></document>
<Document> Expecting white women in GA to vote #HASHTAG# on Kemp would be akin to expecting Mrs. Epps to free Patsy and eliminate her husband and slave owner, Mr. Epps, in "12 Years A Slave." Where in America does this take place? #HASHTAG# ></document>
<document> I “love” as they say “muz-lum” of Muslim on Fox News #HASHTAG# ></document>
<document> #USER# #USER# In no other genre of music does BP sit at the table like WP does in black spaces, hip hop culture. BET Awards honored Sam Smith for Best New Artist, while the CMAs deleted Beyonce's performance from the web. lol ></document>
<Document> Jerry Lorenzo's inspiration board for his sixth collection had to be images of White Jesus. I just can't... SO gross and insidious. I.D.C. #URL# ></document>
<Document> #USER# #USER# Pisces Gang ♓️ ></document>
<document> ADAGE UPDATE🚫: Don't bring a trolley to a stabbing 🛒 ></document>
<Document> #USER# #USER# Bruh. A word. ></document>
<Document> Anger is particularly evil when black people are angry. #HASHTAG# ></document>
<document> #USER# This album was repeated early last summer and I'm still following it ></document>
<document> I can bet that almost every white woman caught on video monitoring black bodies was a fan of a show like Murder She Wrote or other shows in this genre ></document>
<document> Black Christians pray more for white Christians than white Christians pray for themselves #HASHTAG# ></document>
<Document> "Few studies have been conducted on how loneliness blends across racial lines, but it is known that interracial adopted children represent one of the highest percentages of people affected by loneliness" - Kristin Radtke >< /document>
<document> The fear of a black planet that ended in a feud over a white man does not apply to the PE catalog or the ethos 💀 ></document>
<document> Day four/five with cloudy skies and rain in Brisbane and my seasonal depression rearing its head like Kevin Spacey in "Seven". ></document>
<document> Based on Obama's numbers, Trump is likely to be re-elected in 2020 💀 #URL# ></document>
<Document> Emily Rios is doing her damn thing. She's as good as Lucia, but she still has to go #HASHTAG# ></document>
<document> #USER# lmao it's hilarious bruh.></document>
<document> #USER# When ww hears they're out of frappes ></document>
<Document> #USER# Unbelievable ></Document>
<document> #USER# Thanks for the clarification, but I took your first answer to mean exactly this ></document>
<document> #USER# #USER# Yes, she wasn't tweeting insensitively, on the contrary, White Australia's sensitivity and fragility was the issue that drove her out of the country ></document>
<Document> #USER# Maybe both? I'm glad it gave you a little moment of laughter this morning! ></document>
<document> #USER# Mines is in the 9H- seeking meaning ? We all know that everything is meaningless ></document>
<Document> Gina Rodriguez&amp;Gabrielle Union's comments relate to how they felt they should just be SO GRATEFUL for breaking into the industry and therefore couldn't criticize their structural racism, even if white celebrities show basic humanity when speaking out about racial injustice ></Document>
<Document> #USER# #USER# #USER# if you didn't like South Africa, you should have gone back to where you came from. ></document>
<document> #USER# You're still dropping that heat this week, right? To the right?! lol 😟😩 ></document>
<Document> I'm not sure I would describe BM falsely accused of sexual assault as "seeing themselves" in Kavanaugh. However, there are BMs who want access to white male privilege in order to absolve them of their crimes against women like Kavanaugh ></document>
<document> #USER# Enjoyed your article on the big track, another train of thought. #URL# ></document>
<document> All these celebrity sexual abuse stories that are popping up are like the Japanese version of Whack A Mole #URL# ></document>
<document> #USER# it's not real, more like a plausible denial ></document>
<document> #USER# #USER# Stans are delusional too ></document>
<Document> Now that racism is officially over, people of color need to put away their race cards and all their other racist paraphernalia. #HASHTAG# ></document>
<document> #USER# No greater Nazi redemption story than Prince Harry ></document>
<document> #USER# Next thing people will start saying feminists are ugly or something... wait, they've tried that before. #HASHTAG# ></document>
<document> #USER# Did this in two days last week ></document>
<Document> If you are simply trying to live your life and do what makes you happy &amp; someone takes it as a personal affront 🤷🏾‍♂️ ></document>
<Document> WW hates Muslim women wearing headscarves/head coverings of any kind, but it becomes a powerful and highly politicized form of propaganda when WW wears them. It conjures up religious images like the "Virgin Mary" and "covers" them with innocence in colonialist settler "Christian" societies ></document>
<document> I caught the end of Christopher Nolan's "Inception" last night and totally forgot it was a top gaslight movie. It's in the name 😩 De Caprio's original "beginning" was to plant in Cotillard's character the thought that the only way, tTo escape the dream, she had to kill herself 💀 ></document>
<Document> #HASHTAG#'s baby-to-be in the waiting room with the ancestors who have just received the news that they are becoming a "king". #URL# ></document>
<document> #USER# Bigger story will be how many of these black coaches are reinstated like their trashy white contemporaries when they are fired after seasons of mediocrity ></document>
<document> The problem is not that there is evil in the world, the problem is that there is good. Because who else would care? - Vargas #HASHTAG# ❄️🔪 ></document>
<Document> #USER# Yes, no. ></document>
<Document> According to the Customs and Excise Law 2018, which went into effect this week, officials can require travelers to unlock any electronic device so that it can be searched. Anyone who refuses can be prosecuted and fined up to NZ$5,000 #URL# ></document>
<document> #USER# oh. I wanted to take a shot in the dark and say a humorless feminist? lol #HASHTAG# ></document>
<document> Angelina Jolie cares about black people #HASHTAG# ></document>
<Document> I went to my nigga Mac house and saw a hundred thousand on the trap flo'
Got the strippers in here tearing down the packs
Slap them back down
She is a trap hoe
Got the shooters front and back, deer gangsta Gibbs ></document>
<document> #USER# #USER# It's what I call White Supremacist Disneyland. Born and lived in the US and UK amongst others, Australia is by far the place where whiteness reigns supreme like it was in 1975. I can't believe I voluntarily decided to come here 🥴 ></document>
<document> white guys say "In 2019 I'm just a white guy who works 9am to 5am in a call center. why not trade that in for a time travel suit and my own plantation in 1850? lol #HASHTAG# ></document>
<Document> I suppose it's fair to say that after this trial, white women are equally radicalized by racist ideologies about black men. Yes? #HASHTAG# ></document>
<Document> #USER# The role of the White Woman as assigned by the White Supremacist Patriarchy is to hold a position of innocence &amp; secretly carry out the work of White Supremacy in their filling of "maternal" roles as mother, teacher, nurse, etc. WW are literally gatekeepers of White Supremacy #URL# ></document>
<document> Still wondering why Grace Jones didn't have a role in #HASHTAG#? Grace Jones IS Black Panther! #HASHTAG# ></document>
<Document> #USER# #USER# #USER# #USER# Ty you my brother! I'm honoured! Much love! We need to end these podcasts! ></document>
<document> #USER# #USER# #USER# #USER# #USER# But delete my and your EXPERIENCES with your "probabilities" it's very white of you 🤷🏾‍♂️ this conversation just closed. I can't. ></document>
<document> Still can't watch a Bean or Nip interview, that shit hurts man ></document>
<document> #USER# #USER# To be clear, the reasons why not all arguments are unnecessary have been proven multiple times&amp;aHowever, you still wrote this piece in defense of White Femininity, for that is the relationship between the White Patriarchate &amp; Matriarchy. They do the work, they protect and verify their pseudo-innocence💀 ></document>
<document> Is it just me, or is it one thing for white parents to traumatize their children at Christmas when people show up at their home as Grinches and post their terrorized children on social media? It's like the "G" rated version of The Purge 💀 ></document>
<document> #USER# It's 2021 and what kind of children has white Australia produced? Violent, privileged, anti-black, fascist, worshiping Nazis, generation after generation, and then condemning "that's not us" 💀 ></document>
<document> #USER# Jupiter is in Pisces in my 1H, so what does that mean? ></document>
<document> #USER# Funny how white people are "color blind" - until they're not, with excuses. Always an excuse. ></document>
<document> #USER# #USER# #USER# #USER# #USER# Also, Odell is not tracked at all lol ></document>
<document> The ONE time I really need the cash app and it's DOWN. Great work #USER# 👏🏻👏🏻 ></document>
<document> Shoot me in the morning so I know it's real ></document>
<document> #USER# #USER# #USER# they didn't even handcuff him! that wasn't an arrest, that was more of an escort lol ></document>
<document> We men are so bad if Ariana Grande stuck by Mac Miller's abusive ass you'd rather wake up with a story that he murdered her and then you'd still blame Ariana for it 💀
#URL# ></document>
<document> Instead of a new Batman movie, which is really unnecessary, #HASHTAG# should be working on a #HASHTAG# solo movie that would rival John Wick in terms of body count #HASHTAG# ></document>
<document> #USER# Also, I hope she's okay. I'm sure she is and this wasn't her first attempt 😩 ></document>
<document> #USER# mini thread lol #URL# ></document>
<Document> Get it Russ!! Deserves every damn penny!! That's historic for a black QB! #URL# #HASHTAG# ></document>

</author>