
	
		<document> Witnessing the start of an epic clash, in which the West might loose it’s advantage, and privilege, gained in the last 400-500 years. Russia and China understand the West is now getting lazy, fat, old and broke and not willing to put up with a real (boots-on-the-ground) fight. ></document>
		<document> Russian inflation 70%

Since Jan. 1, 2022, the ruble has depreciated by as much as 47% #URL# ></document>
		<document> Warren is a Canadian friend … and fellow discovery investor, with some friends in high places #URL# ></document>
		<document> Hope this helps a little to understand the Ukraine situation. 

Thanks for your help spreading some background info to avoid fake news .. ></document>
		<document> #USER# Many ignore silver .. too small market in $$ for industry ></document>
		<document> From The Big Reset (2016): 

Wars have been started with less at stake .. #URL# ></document>
		<document> 10- Does the Dutch gov support the idea for a 'Global Cyber Center', being run by (a private NGO) as proposed by the WEF's Klaus Schwab. 

11- Did Duch gov officials or civil servants take part in these discussions? #URL# ></document>
		<document> Will Biden remember Putin's name and country? #URL# ></document>
		<document> How difficult is it to cordon off an international airport? When HK gov can’t, Chinese might be willing to help! ></document>
		<document> When Bloomberg publishes a piece like this you know there is some serious smoke detected .. #URL# ></document>
		<document> More money printing to ‘avoid a collapse in credit’ How about a collapse of trust in fiat? #HASHTAG# #URL# ></document>
		<document> Oil, ETH, gold and silver all liked Putin’s speech #URL# ></document>
		<document> China will build 150 new nuclear reactors #URL# ></document>
		<document> #USER# The Ultimate Battle:

The People against Central Bankers/Planners ></document>
		<document> Bank of England calls for new laws to stop crypto: 

 ‘Enhanced regulatory and law enforcement frameworks’ .. ‘ to influence developments in these fast-growing markets in order to manage risks..  and maintain broader trust and integrity in the financial system,” #URL# ></document>
		<document> Wisdom of Crowds Poll 

For Putin this is ... ></document>
		<document> Professor Christian Perronne at the Parliamentary hearing in Luxemburg 12.01.2022

#USER# #URL# ></document>
		<document> That 4th booster shot works really well .. #URL# ></document>
		<document> U$ to Russia: we started it .. could you please end it? #URL# ></document>
		<document> 🚨 Reset Alert 🚨 

Official WEF letter to Dutch Gov:

“The Forum will work with your staff to ensure that your participation becomes a major force in shaping the Great Reset.” ></document>
		<document> Nightmare for #HASHTAG# 

 (.. and some more) 

‘The simplest and most simon-pure approach would be to simply oblige stablecoin issuers to deposit 100% of the fiat currency they receive with the national central bank and remunerate them accordingly’ #URL# ></document>
		<document> IMF: Monetary Policy with Negative Interest Rates: Decoupling Cash from Electronic Money #URL# ></document>
		<document> ‘China and Russia are back to back allies’ 

Chinese influencer video gone viral #URL# ></document>
		<document> 4- why aren't journalists asking these simple and basic questions .. 

(I quit journalism in 2008 and have another job to do😀😃) ></document>
		<document> A President reading documents. Crazy idea indeed #URL# ></document>
		<document> The Dutch Official Virus Experts

 (only two years ago) 

#HASHTAG# #URL# ></document>
		<document> Imagine running your business like the US (treasury)

#HASHTAG# #URL# ></document>
		<document> Let’s try State Capitalism. China loves it #URL# ></document>
		<document> Where do we meet when Twitter cancels us as well? ></document>
		<document> Here is proof: The U$ often uses ‘money laundering’ risks as a spin .. However this text shows the fight against #HASHTAG# is all about preserving ‘the role of the dollar as a reserve currency’ #URL# ></document>
		<document> 'Satoshi Omura, winner of the Nobel prize for his discovery of Ivermectin, asked Merck to conduct clinical trials on Ivermectin, but his request was turned down' #URL# ></document>
		<document> Remember Biden's statement on allowing a small incursion into Ukraine (only to be met with sanctions) Putin understood immediately.. ></document>
		<document> #USER# Lees The Big Reset (2014) free download #URL# ></document>
		<document> Oops .. 

‘the unvaccinated accounted for only 11.5% of cases the past two weeks, but even adjusted for age-stratified vaccination rates the unvaccinated had the lowest infection rate out of the four cohorts – especially during the peak of Omicron’ #URL# ></document>
		<document> More Sanity After UK, Ireland, Denmark and some more .. Now Switzerland stops QR pass (and some more) February 16th #HASHTAG# #URL# ></document>
		<document> Imagine what can happen when 50% drives an EV .. #URL# ></document>
		<document> Now Turkey needs to sell gold .. #HASHTAG# #URL# ></document>
		<document> shit, no way back now .. another year of 'working holidays' ></document>
		<document> Only $1.3 billion per hour? Come on guys, you can do better to reach the hyperinflationary target #URL# ></document>
		<document> March 2020 was a 100 year low for commodities (valuation against Dow Jones) Valuation improved (.. take a looking glass) Reversal to the mean might be breathtaking #HASHTAG# #URL# ></document>
		<document> Web 1.0 Read + Web 2.0 Write + Web 3.0 Own
#USER# ></document>
		<document> Correction: The Big Reset 😀

free download  #URL# #URL# ></document>
		<document> History doesn’t repeat, but it often rhymes .. 

Graph by #USER# 

The Great Rotation #URL# ></document>
		<document> It’s (almost) over for the gold cartel .. the attacks are failing Somebody is eager to buy the dips. Huge imho (Remember the Bloomberg story?) #URL# ></document>
		<document> Made some new friends in Cape Town last week

What a Week! 🙏👍

🙏 #USER#⁩ #URL# ></document>
		<document> Wang also expressed his anger at the U.S. warship's transit through the sensitive Taiwan Strait. "If it intends to embolden Taiwan's independent separatist forces, then it will only accelerate the fall of Taiwan independence forces and the U.S. will pay a heavy price" ></document>
		<document> From 2014: CPM Group Needs To Take Silver Investor Demand Seriously

#URL# ></document>
		<document> Wealth transfer from North to South according to plan #URL# ></document>
		<document> Dutch natural gas +69% (just in the last 5 days) #URL# ></document>
		<document> NATO/US send their stuff to the Baltics. Putin will not be allowed to take them back as well .. ></document>
		<document> Twitter is censoring this story. ‘The Sinister Convergence of Klaus Schwab’s “Great Reset” with the Vatican and “Liberation Theology’ … that’s why I can’t publish the link without risking my account will be blocked/deleted. ></document>
		<document> Takes one to know one .. 

#HASHTAG# #URL# ></document>
		<document> 9. Why are 'ongoing engagements with (Dutch) senior civil servants' needed, to advance the WEF agenda #URL# ></document>
		<document> The ugly white supremacist even dared to called it #HASHTAG# ></document>
		<document> 🚨Reset🚨 

‘.. a coordinated bank holiday, debt repayment grace periods.. and coordinated delinking from major currencies.

Dr. Yeadon believes the simulation is a front for a planned financial reset to take place sometime after March 2022’  #URL# ></document>
		<document> A deer resting near our office .. 

 #HASHTAG# #HASHTAG# #URL# ></document>
		<document> #USER# #USER# #USER# We are a battery metals fund. We invest in copper, nickel, lithium and some more important conductive metals, like silver and gold  😀 ></document>
		<document> When more than a few people arrived they were cordoned off immediately.. many arrests made, even during peaceful demonstrations 

The use of water canons and police dogs without any rioting ongoing ..

I am very curious who decided to change Dutch riot police policies?! ></document>
		<document> Don’t forget Taiwan:

Former Japanese Prime Minister Shinzo Abe said Sunday that it is time for the U.S. to make clear that it would defend Taiwan from a Chinese invasion and ditch its longstanding strategic ambiguity’ 
 #URL# ></document>
		<document> British Medical Journal Demands Immediate Release of All COVID-19 Vaccine, Treatment Data | ZeroHedge #URL# ></document>
		<document> Filo's hole 54 in perspective to some of the best holes ever #HASHTAG# #HASHTAG# #URL# #URL# ></document>
		<document> IMF, 10 countries simulate cyberattack on global financial system

#URL# ></document>
		<document> ‘Iran currently hosts the equivalent of 10% of Afghanistan’s population’ #URL# ></document>
		<document> Turkey is the new Weimar now 

Misery without end in sight .. humanitarian crisis, in which many will see hunger &amp; cold

A disaster without borders (refugee crisis next?) #URL# ></document>
		<document> Every World Class Discovery returns, at least once, to its 200-DMA ></document>
		<document> Another conspriracy-fact ... (but no manipulation in precious metals, only in Bitcoin) ></document>
		<document> We build a 4% position (of AUM) in Carnaby/Discoverex over the last few months. Both jumped over 40% during Australian trading 🍾 #URL# #URL# ></document>
		<document> Very well connected Dutch journalist (former Russian correspondent) reports: #URL# ></document>
		<document> Great to see the US found some new enemies #URL# ></document>
		<document> Some were early
Many will be (too) late
You are still on time .. 

#HASHTAG# #URL# ></document>
		<document> Amazing 2020: Total world population asking to be injected within 12 months. Great real-life test Might be useful one day (when some conclude too many people around) ></document>
		<document> Fly like an eagle .. to the sea .. #URL# ></document>
		<document> 😀Smile 😀 ( ... when you are talking about increase of suicides in your country, at a WEF forum) #HASHTAG# #URL# ></document>
		<document> #USER# I bought out partners 6 years ago and took over control (trading) ></document>
		<document> Who would have thought? Monsanto had such a great name and track-record. #URL# ></document>
		<document> CHINESE BANKS: PREPARE FOR RISING CREDIT AND MARKET RISKS #URL# ></document>
		<document> While the stock market is making lower lows, gold is showing higher lows #HASHTAG# ></document>
		<document> China and Russia to establish independent financial systems #URL# ></document>
		<document> Some Nuance In The New Yorker

'Why John Mearsheimer Blames the U.S. for the Crisis in Ukraine'

#URL# ></document>
		<document> Did Justin Trudeau start a bank run, by going after bank accounts of all involved in the #HASHTAG# ?? #URL# ></document>
		<document> Gold and silver have the longest history (&gt;5000 year), as a hedge on war and crisis

However, bitcoin is the best 'geo-independent' asset ></document>
		<document> In a free country, you don't need any permission to demonstrate .. ></document>
		<document> Informative thread on the Russia - Nato - Ukraine conflict, which is getting hotter everyday .. #URL# ></document>
		<document> Corona is the perfect scapegoat

(..central bankers will never point to money printing/currency debasement) 😁

 #HASHTAG# #URL# ></document>
		<document> Fine print Eurogroup Deal: - In Q3 an extra ZERO will be added to all numbers - In 2021 two ZERO’s will ne added #URL# ></document>
		<document> Dutch Politrix vs Media 

Great thread #URL# ></document>
		<document> Didn't Trump promise Covid would suddenly be gone? #URL# ></document>
		<document> #USER# .. why we don’t trade the last day of the year .. ></document>
		<document> Dutch Silver Investors Join Suez Revolt #URL# ></document>
		<document> December 22th we tipped Carnaby at our channel #URL# Only 2 likes 😁 #HASHTAG# #URL# ></document>
		<document> With so much at stake the EU/Dutch (politics) nitty/gritty topics/discussions are almost laughable.. ></document>
		<document> I live by the Pareto Principle rule .. do you?

#URL# ></document>
		<document> How it started (RIVM model) ..     how it's going (black) #URL# ></document>
		<document> Strongest jump in inflation since Weimar #URL# ></document>
		<document> World QR-pass coming 

- The QR code-based software solution will be used for other vaccinations as well, such as polio or yellow fever, T-Systems said, adding that the WHO would support its 194 member states in building national and regional verification technology - #URL# ></document>
		<document> Gold will always return to that black line .. #URL# ></document>
		<document> Pro-tip: Buy GDX or GDXJ tomorrow and make 10% within a month (send me 1% in return .. thx) ></document>
		<document> This week was simply the best skiing I have ever experienced .. met some great new friends .. enjoyed the snow and sunshine and only worked 6-9AM and 17-20PM 😁👍 ></document>
		<document> Breaking

Possible hostage situation Apple Store Amsterdam #URL# ></document>
		<document> Interested to understand a bit more on these dynamics?

Please download the full Big Reset manuscript (2016) for free ..

#URL#

🙏 ></document>
		<document> Better video of the #HASHTAG# hostage situation in Amsterdam #URL# ></document>
		<document> Great to see #HASHTAG# open up even more to the #HASHTAG# space .. #URL# ></document>
		<document> Many working class people as well .. add higher food bills .. next worldwide social crisis brewing ></document>
		<document> The Asian view (… from our man in HK, who follows mainland China media as well): #URL# ></document>
		<document> Beijing is struggling to articulate a position on Russia’s invasion of Ukraine that allows it to join hands with Moscow in opposing U.S. hegemony while still furthering its goal to be seen as a responsible global power #URL# ></document>
		<document> #USER# #USER# Secretary to Cyber Security Council of the Netherlands ></document>
		<document> Super Inflation Alert 🚨 

You can still order a Tesla in Europe, but you won’t know the price, until shortly before delivery

Tesla first raised prices 10% last year 

(.. glad we locked in the price for a new S, early 2021) #HASHTAG# #URL# ></document>
		<document> Sign 😀

Putin’s Astro chart: He is currently going through the final phase of a Saturn cycle. This Saturn cycle will end in November 2022. The last 18 years have been a rising period for him, and it is also ushering an end to his power in November 2022

#HASHTAG# ></document>
		<document> #USER# A few aren’t PM .. PGZ is a copper explorer ></document>
		<document> First 2022 buyout in our portfolio 

We own significant positions in both companies, responsible for a significant IOCG (copper) discovery

#URL#

 $COD $TRN #URL# ></document>
		<document> Received an invitation for a conference next week in Cape Town 😀

#URL# ></document>
		<document> Joe kisses all the girls .. even his own wife #URL# ></document>
		<document> Correction: 🚨 

Tweet about possible Saudi disinvestments in the US, was taken out of context and is removed ></document>
		<document> Some questions running through my mind

1- Was the Dutch parliament ever informed about these facts, close relations

2- Did parliament ever ask the Dutch gov to play such a core part of the World Economic Forum's activities, related to the Great Reset, who took the initiave? ></document>
		<document> Financial markets react 

Oil and gold/silver up
Crypto’s down #URL# ></document>
		<document> .. [emphasis added], strengthening of bilateral strategic cooperation is neither aimed against third countries nor affected by the changing international environment and circumstantial changes in third countries.” ></document>
		<document> War is Inflationary 

More Money Printing Guaranteed

  #HASHTAG# #URL# ></document>
		<document> The Dutch energy policy was directed by Shell for over a century .. who will take over, now they leave for London?! ></document>
		<document> The Weekend Long Read 

De Indianen van Baudet (Dutch)

#URL#

By: Chris Jongema ></document>
		<document> Ukraine invited to become EU member #URL# ></document>
		<document> Sounds like a perfect false flag -- #URL# ></document>
		<document> CNB has a gold discovery next to DeGrey (Hemi) as well .. and a lithium project ></document>
		<document> When gov's are afraid you will get hurt ... they might act #URL# ></document>
		<document> Within days, after my agent showed The Big Reset to them during the London book fair, two of China’s top universities wanted to buy the publishing rights

Later I learned the content was very familiar with China’s view of world affairs .. ></document>
		<document> Wiki: On 30 May 2015, Ukrainian President Petro Poroshenko appointed Saakashvili as Governor of Odessa Oblast.[16][17][18] He was also granted Ukrainian citizenship,[16] and due to restrictions on dual nationality under Georgian law, was stripped of his Georgian citizenship.[19] ></document>
		<document> Best Davos/WEF Elite Video Ever #URL# ></document>
		<document> Good thread:

‘the sheer number of top strategic thinkers who warned for years that it was coming if we continued down the same path’ 

#HASHTAG#
#HASHTAG# 

No-one listened to them and here we are. #URL# ></document>
		<document> ‘1000 Peer Reviewed Studies Questioning Covid-19 Vaccine Safety’ #URL# ></document>
		<document> CIA advise: show other flags as well this time #URL# ></document>
		<document> Top Sign Yesterday I joined a group of relative young financial commentators (and their technical teams) on a bus ride for one hour. 90% of the ride was filled with NFT and alts chatter .. ></document>
		<document> Another imposter.. please help report 🙏🙏 #URL# ></document>
		<document> New Definition of Hyperinflation: Speakers Fee for ex-Fed Bankers jumps 50% (current rate $200k per speech) ></document>
		<document> Without Chinese support, Putin is toast imho (in a few months) ></document>
		<document> ‘collapses hours before Biden visits the city for an infrastructure event. At least 10 people were injured’ ></document>
		<document> The Ultimate Battle 

Fiat versus Bitcoin/crypto #URL# ></document>
		<document> I still remember the US ‘shock and awe’ bombing campaigns on Belgrade, Baghdad, and some more  

Hope #HASHTAG# will never experience one .. ></document>
		<document> `Weimarization of U$ second hand cars .. #URL# ></document>
		<document> In 50 years time historians will look back at 2020-2022 and conclude: ></document>
		<document> Can somebody’s please explain why central bankers expect inflation to be transitory, while their money printing/growth/debasement is permanent 😁 ></document>
		<document> The dollar and Dow might open higher in a few hours ></document>
		<document> European Natural Gas now $200 (oil barrel equivalent)! #URL# ></document>
		<document> broker comment: We think energy metals will be big winners here If Europe can’t import Russian gas, energy storage and efficiency become that much more important – good for uranium, lithium, vanadium, nickel &amp; copper ></document>
		<document> ‘A “realistic” guerrilla war will be fought across two dozen North Carolina counties in the coming weeks, with young soldiers battling seasoned “freedom fighters,” according to the U.S. Army’ #URL# ></document>
		<document> Congrats to Altus and #USER# We are happy to announce we have invested $1mln in this $26mln deal. We were joined by La Mancha, owned by Egyptian billionaire Naguib Sawiris, who likes to hedge his wealth with precious metals as well 😄 #URL# #URL# ></document>
		<document> Conspiracy Fact:

Even the Davos elite's are calling themselves 'The Elite' now 😀 #URL# ></document>
		<document> European energy prices will rise to levels many will be unable to afford This will put huge pressure on gov’s to provide extra subsidies or lower taxes Expect budget deficits to increase … ></document>
		<document> and the repercussions will be felt worldwide for years and years .. super-inflation will hurt almost all (except the 1%) ></document>
		<document> Growth versus Value ... trend change? #URL# ></document>
		<document> Follow #USER# - he is Dutch PM's assistant/shadow ></document>
		<document> The Biden- Ukraine corruption is well documented #URL# ></document>
		<document> ‘Americans just dove into credit card debt faster than they have in 22 years’  #URL# ></document>
		<document> Paul Volcker (2013): 

‘Inflation is a more fundamental danger than speculative investment. Some countries seem to be in the unusual situation where they are trying to create inflation. They will come to regret that.’ #URL# ></document>
		<document> For US Defense industry a small long term war with Russia would be highly profitable .. #HASHTAG# ></document>
		<document> Quote and Sentiment Of The Day/Week/Month/Year #URL# ></document>
		<document> When will Putin say, let’s call for a cease fire and start negotiating? ></document>
		<document> .. while bringing wars and regime change to dozens of countries

In both countries people share meme’s like these: #URL# ></document>
		<document> ‘Regarding the landmass of Eurasia as the center of global power, Brzezinski formulates a Eurasian geostrategy for the United States. In particular, he writes that no Eurasian challenger should emerge that can dominate Eurasia and thus also challenge U.S. global pre-éminence’ ></document>
		<document> One Dutch word comes to mind: Oversterfte ></document>
		<document> Another shocker. Belarus involved as well .. #URL# ></document>
		<document> Wise Words On Inflation &amp; Democracy 

Coming from Charlie Munger (Buffett’s partner) 99 years old #URL# ></document>
		<document> How is started (Tweet Dec 15th) -- How it's going #URL# #URL# ></document>
		<document> It's Official (and MSM is still silent)

Why is Google censoring search results?

#HASHTAG# #URL# ></document>
		<document> Reuters: El Salvador said its inaugural bitcoin bond issue, planned for this year, would be worth $1 billion and carry a coupon of 6.5%. The bond is intended to back President Nayib Bukele's plan of creating the world's first "Bitcoin City".  #URL# ></document>
		<document> Conspiracy Fact:

‘global COVID vaccine verification app’  #URL# ></document>
		<document> Please keep on walking. Nothing to see here. Just a little repo-crisis. No gold needed. Will go down more #URL# ></document>
		<document> Break: Today 19PM Dutch Lockdown Press Conference National TV ></document>
		<document> Is this why members of gov have secret discussions with the WEF and elected officials don't mention their WEF positions on their resume? ></document>
		<document> Finally (what a shame it took a war to start it) #URL# ></document>
		<document> Failure of (US) Democracy: Please choose the best: Trump (expert on All) Or Biden (doesn’t understand All) China must be laughing #URL# ></document>
		<document> 'G2 strategy in conflict with human rights' ></document>
		<document> ‘Chinese media accidentally posts CCP rules on Russia-Ukraine coverage, hint at Taiwan takeover’

‘.. including a note of China’s need for Russian "support" with Taiwan’ #URL# ></document>
		<document> Media: Mrs Kaag will be the new Dutch Finance Minister #URL# ></document>
		<document> Some Dutch consumers scared like hell over new energy bills Soon some will start buying cheap filthy coal again to heat their homes #URL# ></document>
		<document> Just like 2008 (Lehman), 2022 will turn out to be a turning point, in many respects

Even in 2030, 2040 and probably even 2050, we will still point to the moment Putin painted himself into a corner  ..

#HASHTAG# #HASHTAG# ></document>
		<document> Macron: "Online platforms, influencers, and also citizens who sometimes take a considerable place in the public debate precisely through these new platforms ... must have a framework of responsibility that is yet to be built," #URL# ></document>
		<document> Dutch 'trader' Diede Mink has been stalking me for years .. this guy never stops #HASHTAG# ></document>
		<document> Those were the days ..

 (LTCM was my first financial crisis, as an investor, in 1998) #URL# ></document>
		<document> First they ignore ‘a Reset’ 
Then they laugh about it 
Then they say it’s normal 
Then … ></document>
		<document> Lot’s of eyes on Taiwan now 

"Taiwan is an inalienable part of China's territory and there is only one China in the world” #URL# ></document>
		<document> In the Weimar Republic, they were monitoring prices very very closely every day ... Guess it didn't help a lot, unfortunately #URL# ></document>
		<document> 'I watched all 3 hours of this interview. I was amazed at how candid Robert Malone was He is a brave man to say the things he does and it is hard to think it is for personal gain #URL# Robert Malone is 62 and wants to enjoy a quiet retirement on his ranch' ></document>
		<document> When you need a permission to demonstrate, you no longer live in a free country ></document>
		<document> Draghi Says ECB Should Examine New Ideas About Monetary Madness #URL# ></document>
		<document> #USER# His speeches are way better than Biden’s 90% of the time ></document>
		<document> ‘“We’ll have another pandemic. It will be a different pathogen next time,” Gates said’ #URL# ></document>
		<document> Dubai has over 40 5star-hotels 

.. which is your favorite and why? ></document>
		<document> Economic consequences: Higher energy/fertilizer prices and inflation Will Russia be kicked out of SWIFT? Run on all (physical) precious metals might overrun production capacity, leading to collapse of paper trading #HASHTAG# ></document>
		<document> Shocker

Dutch secretary of energy clearly doesn’t know how nuclear energy is being used worldwide (archived video while he was MP) #URL# ></document>
		<document> China and Russia both stopped investing in US treasuries (dollars), since 2011/2014

Both decided to build a huge gold position, understanding the need for sanction-free asset, without any third party risks .. 

Both understood how the US has been using the sanctions as a weapon ></document>
		<document> #USER# To name a view #USER# #USER# #USER# .. never seen them in the MSM .. most viewed online .. real mentors to me 🙏🏼 ></document>
		<document> Must read by Ray Dalio

Hot or Cold War ?!

#URL# ></document>
		<document> Funny World UCLA doctor ‘willing to lose everything’ escorted from work for refusing COVID vaccine Read more at: #URL# ></document>
		<document> #HASHTAG#

Wisdom of Crowds Poll

Wanner gaat Rutte4 vallen? ></document>
		<document> Interesting aviation inside view: ‘Russia will be in effect cut off from international travel, perhaps with the notable exception of China. It will be more isolated than the USSR’ #URL# ></document>
		<document> Clear message to prepare the markets for another inflation shock .. #URL# ></document>
		<document> BHP Billiton: Demand for Primary Nickel by Battery Industry to Grow over 500% in 2020-2030 ></document>
		<document> #USER# #USER# #USER# #USER# #USER# #USER# #USER# #USER# #USER# #USER# #USER# Wouldn’t be surprised to see this wave as the Peak Covid moment. The corona-virus will stay present (probably forever), just like influenza. But this might be the last full lockdown cycle .. ></document>
		<document> Another example: tweeted this week about new evidence of the very close connection between WEF and Dutch Gov. Result: 1 mln views and a few 1000’s retweets. My MSM friend, who I know for over 20 years, told me there wasn’t anything newsworthy in it … bizar ></document>
		<document> The Twitter Planet 🌎 seems to part of a totally different solar system ..

#HASHTAG# ></document>
		<document> On a side note- Some MSM journalist, I have known for 30 years, told me this story is not touched, because the documents were released after questions by an (extreme right) member of parliament they despise. ></document>
	
</author><Document> Witness the beginning of an epic clash in which the West could lose the advantages and privileges it has garnered over the last 400-500 years. Russia and China understand that the West is now getting lazy, fat, old and broke and unwilling to endure a real fight (boots on the ground). ></Document>
<Document> Russian inflation 70%

Since January 1, 2022, the ruble has depreciated by up to 47% #URL# ></document>
<document> Warren is a Canadian friend...and another Discovery investor with some friends in high places #URL# ></document>
<Document> I hope this helps a little to understand the situation in Ukraine.

Thank you for helping to spread some background information to avoid fake news.. ></document>
<document> #USER# Many ignore silver... not enough market in $$ for industry ></document>
<Document> From The Big Reset (2016):

Wars were started with less at stake.. #URL# ></document>
<Document> 10- Does the Dutch government support the idea for a “Global Cyber ​​Center” run by (a private NGO) as suggested by WEF's Klaus Schwab?

11- Did Dutch government officials or officials take part in these discussions? #URL# ></document>
<Document> Will Biden Remember Putin's Name and Country? #URL# ></document>
<document> How difficult is it to seal off an international airport? If the HK government can't, Chinese might be willing to help! ></Document>
<document> When Bloomberg publishes an article like this, you know serious smoke has been detected.. #URL# ></document>
<Document> More money printing to 'avoid a credit collapse' How about a confidence collapse in fiat? #HASHTAG# #URL# ></document>
<document> Oil, ETH, Gold and Silver liked Putin's speech #URL# ></document>
<Document> China is building 150 new nuclear reactors #URL# ></Document>
<Document> #USER# The Ultimate Battle:

The people against central bankers/planners ></document>
<Document> Bank of England Calls for New Laws to Stop Crypto:

 "Enhanced regulatory and law enforcement frameworks" ... "to influence developments in these fast-growing markets, to manage risk ... and to maintain broader trust and integrity in the financial system", #URL# ></document>
<Document> Survey of the Wisdom of the Crowds

For Putin, this is... ></document>
<Document> Professor Christian Perronne at the parliamentary hearing in Luxembourg on 01/12/2022

#USER# #URL# ></document>
<document> This 4th booster shot works really well.. #URL# ></document>
<document> U$ to Russia: We started this... could you please finish it? #URL# ></document>
<Document> 🚨 Reset Alarm 🚨

Official WEF letter to the Dutch government:

"The Forum will work with your staff to ensure your participation becomes a major force in shaping the Great Reset." ></Document>
<document> nightmare for #HASHTAG#

 (.. and a few more)

“The simplest and most simon pure approach would be to simply require stablecoin issuers to deposit 100% of the fiat currency they receive with the national central bank and remunerate them accordinglyingly' #URL# ></document>
<Document> IMF: Monetary Policy with Negative Interest Rates: Decoupling Cash from Electronic Money #URL# ></Document>
<Document> "China and Russia are back-to-back allies"

A Chinese influencer's video has gone viral #URL# ></document>
<Document> 4- why don't journalists ask these simple and basic questions?

(I quit journalism in 2008 and have another job to do😀😃) ></document>
<Document> A President reads documents. Crazy idea indeed #URL# ></document>
<Document> The Dutch official virus experts

 (only two years ago)

#HASHTAG# #URL# ></document>
<Document> Imagine running your business like the US (Treasury)

#HASHTAG# #URL# ></document>
<Document> Let's try state capitalism. China loves #URL# ></document>
<document> Where do we meet if Twitter cancels us too? ></Document>
<document> Here's the proof: the U$ often uses the risk of "money laundering" as a spin.. However, this text shows that the fight against #HASHTAG# is about preserving "the dollar's role as a reserve currency" # URL# ></document>
<document> 'Satoshi Omura, Nobel laureate for his discovery of ivermectin, asked Merck to conduct clinical trials with ivermectin, but his application was rejected' #URL# ></document>
<Document> Remember Biden's statement about allowing a small invasion of Ukraine (only to be hit with sanctions), which Putin immediately understood. ></Document>
<Document> #USER# Lee's The Big Reset (2014) Free Download #URL# ></Document>
<document> Oops..

"The unvaccinated accounted for only 11.5% of cases over the past two weeks, but even adjusting for age-stratified vaccination rates, the unvaccinated had the lowest infection rate of the four cohorts — particularly during the peak of Omicron." #URL# ></ Document >
<document> More Sanity After UK, Ireland, Denmark and some more.. Now Switzerland stops QR-Pass (and some more) on February 16th #HASHTAG# #URL# ></document>
<document> Imagine what can happen if 50% drive an electric vehicle. #URL# ></document>
<document> Now Turkey needs to sell gold.. #HASHTAG# #URL# ></document>
<document> Shit, no going back now.. another year of 'working holidays' ></document>
<Document> Only $1.3 billion an hour? Come on guys you can do better to reach the hyperinflationary #URL# ></document> goal
<document> March 2020 was a 100 year low for commodities (Valuation versus Dow Jones) Valuation improved (..take a mirror) Reversal to the mean could be stunning #HASHTAG# #URL# ></document>
<Document> Web 1.0 Read + Web 2.0 Write + Web 3.0 Prop
#USER# ></document>
<Document> Correction: The Big Reset 😀

Free download #URL# #URL# ></document>
<Document> History doesn't repeat itself, but it often rhymes..

Diagram of #USER#

The big rotation #URL# ></document>
<document> It's (almost) over for the gold cartel.. the attacks fail. Someone wants to buy the dips. Huge imho (Remember the Bloomberg story?) #URL# ></document>
<Document> Made a new friendds last week in Cape Town

What a week! 🙏👍

🙏 #USER# #URL# ></document>
<Document> Wang also expressed anger at the passage of the US warship through the sensitive Taiwan Strait. "If it intends to encourage Taiwan's independent separatist forces, it will only hasten the downfall of Taiwan's independence forces and the US will pay a heavy price" ></document>
<Document> From 2014: CPM Group needs to take demand from silver investors seriously

#URL# ></document>
<document> Transfer of wealth from north to south according to plan #URL# ></document>
<Document> Dutch natural gas +69% (only in the last 5 days) #URL# ></Document>
<Document> NATO/US send their stuff to the Baltics. Putin is also not allowed to take them back .. ></document>
<Document> Twitter is censoring this story. "The uncanny convergence of Klaus Schwab's "Great Reset" with the Vatican and "Liberation Theology"... therefore I cannot post the link without risking my account being banned/deleted. ></Document>
<Document> You have to know one..

#HASHTAG# #URL# ></document>
<Document> 9. Why is "ongoing contacts with (Dutch) senior officials" needed to advance the WEF agenda #URL# ></dokument>
<document> The ugly white supremacist even dared to call it #HASHTAG# ></document>
<Document> 🚨Reset🚨

“...a coordinated bank holiday, grace periods for debt repayments...and a coordinated decoupling from the major currencies.

dr Yeadon believes the simulation is a front for a planned financial realignment to take place sometime after March 2022' #URL# ></document>
<document> A deer resting near our office..

 #HASHTAG# #HASHTAG# #URL# ></document>
<Document> #USER# #USER# #USER# We are a battery metals fund. We invest in copper, nickel, lithium and some more important conductive metals like silver and gold 😀 ></document>
<Document> When more than a few people arrived, they were immediately cordoned off. Many arrests were made, even during peaceful demonstrations

The use of water cannons and police dogs without rioting.

I'm very curious who decided to change the policy of the Dutch riot police?! ></Document>
<Document> Don't forget Taiwan:

Former Japanese Prime Minister Shinzo Abe said Sunday it was time the US made it clear it would defend Taiwan from a Chinese invasion and ditch its long-standing strategic ambiguity.
 #URL# ></document>
<Document> British Medical Journal calls for immediate release of all COVID-19 vaccine and treatment data | ZeroHedge #URL# ></document>
<document> Filo's hole 54 compared to some of the best holes of all time #HASHTAG# #HASHTAG# #URL# #URL# ></document>
<Document> IMF, 10 countries simulate a cyber attack on the global financial system

#URL# ></document>
<Document> "Iran is currently home to the equivalent of 10% of the Afghan population" #URL# ></Document>
<Document> Turkey is now the new Weimar

Endless misery in sight.. humanitarian crisis in which many are starving &amp; cold

A disaster jokehout Borders (next refugee crisis?) #URL# ></document>
<document> Every World Class Discovery returns to its 200-DMA at least once ></document>
<document> Another conspiracy fact... (but no manipulation in precious metals, only in bitcoin) ></document>
<Document> We have initiated a 4% position (of AUM) in Carnaby/Discoverex over the past few months. Both up over 40% during Australian trading 🍾 #URL# #URL# ></document>
<document> Very well connected Dutch journalist (former Russian correspondent) reports: #URL# ></document>
<document> Nice to see that the US has found some new enemies #URL# ></document>
<Document> Some were early
Many will come (too) late
You're on time...

#HASHTAG# #URL# ></document>
<Document> Amazing 2020: Entire world population is asking to be injected within 12 months. Great practice test Might come in handy someday (when some assume there are too many people around) ></document>
<document> Fly like an eagle .. to the sea .. #URL# ></document>
<document> 😀Smile 😀 (...when talking about the increase in suicides in your country in a WEF forum) #HASHTAG# #URL# ></document>
<document> #USER# I bought partners 6 years ago and took control (trading) ></document>
<Document> Who would have thought? Monsanto had such a great name and track record. #URL# ></document>
<Document> CHINESE BANKS: PREPARING FOR INCREASING CREDIT AND MARKET RISKS #URL# ></Document>
<document> As the stock market makes lower lows, gold makes higher lows #HASHTAG# ></document>
<Document> China and Russia set up independent financial systems #URL# ></Document>
<Document> Some nuances in the New Yorker

"Why John Mearsheimer blames the US for the crisis in Ukraine"

#URL# ></document>
<document> Did Justin Trudeau start a bank run by tracking the bank accounts of everyone involved in #HASHTAG#?? #URL# ></document>
<Document> Gold and silver have the longest history (> 5000 years) as a hedge against war and crises

However, Bitcoin is the best “geo-independent” good ></document>
<document> In a free country you don't need a permit to demonstrate.. ></document>
<Document> Informative thread on the conflict between Russia, Nato and Ukraine, which is getting hotter every day. #URL# ></document>
<Document> Corona is the perfect scapegoat

(..Central bankers will never point out money printing/currency debasement) 😁

 #HASHTAG# #URL# ></document>
<document> Eurogroup agreement in fine print: - One additional ZERO will be added to all numbers in Q3 - Two ZEROs will be added in 2021 #URL# ></document>
<Document> Dutch politrix against media

Great thread #URL# ></document>
<Document> Didn't Trump promise that Covid would suddenly be gone? #URL# ></document>
<document> #USER# .. why we don't trade on the last day of the year .. ></document>
<Document> Dutch Silver Investors Join Suez Revolt #URL# ></Document>
<document> On December 22nd we typed Carnaby on our channel #URL# Only 2 likes 😁 #HASHTAG# #URL# ></document>
<document> Withso much is at stake that the EU/Dutch (politics) issues/discussions are almost ridiculous.. ></document>
<Document> I live by the Pareto principle. You too?

#URL# ></document>
<document> How it started (RIVM model) ... how it goes (black) #URL# ></document>
<document> Strongest jump in inflation since Weimar #URL# ></document>
<Document> World QR Pass is coming

- The QR code-based software solution is also used for other vaccinations such as polio or yellow fever, T-Systems said, adding that the WHO will support its 194 member states in building national and regional verification technology - #URL# ></Document>
<document> Gold always returns to this black line.. #URL# ></document>
<document> Pro Tip: Buy GDX or GDXJ tomorrow and earn 10% within a month (send me 1% in return..thx) ></document>
<document> This week was simply the best skiing I've ever experienced.. met some great new friends.. enjoyed the snow and sunshine and only worked 6am-9am and 5pm-8pm 😁👍 ></document >
<Document> Break

Possible hostage situation Apple Store Amsterdam #URL# ></document>
<document> Interested in learning more about these dynamics?

Please download the full Big Reset manuscript (2016) for free.

#url#

🙏 ></Document>
<Document> Better video of the #HASHTAG# hostage situation in Amsterdam #URL# ></Document>
<document> Nice to see #HASHTAG# opening up even more for the #HASHTAG# space .. #URL# ></document>
<document> Also many working class people .. add higher food bills .. the next global social crisis brewing ></document>
<document> The Asian perspective (…from our Hong Kong guy who also follows the mainland China media): #URL# ></document>
<Document> Beijing is scrambling to formulate a position on the Russian invasion of Ukraine that will allow it to join forces with Moscow to oppose US hegemony while furthering its goal of being seen as a responsible global power# URL# ></document>
<Document> #USER# #USER# Secretary of the Cyber ​​Security Council of the Netherlands ></document>
<Document> Super inflation alert 🚨

You can still order a Tesla in Europe, but you won't know the price until just before delivery

Tesla raised prices by 10% for the first time last year

(.. glad we priced a new S early 2021) #HASHTAG# #URL# ></document>
<Document> Sign 😀

Putin's astrological chart: He is currently going through the final phase of a Saturn cycle. This Saturn cycle will end in November 2022. The last 18 years have been an ascending time for him, and it also heralds an end to his power in November 2022

#HASHTAG# ></document>
<document> #USER# A few are not PM.. PGZ is a copper explorer ></document>
<Document> First buyout 2022 in our portfolio

We hold significant positions in both companies responsible for a significant IOCG (copper) discovery

#url#

 $COD $TRN #URL# ></document>
<Document> Received an invitation to a conference in Cape Town next week 😀

#URL# ></document>
<document> joe keats all the girls.. even his own wife #URL# ></document>
<Document> Correction: 🚨

Tweet about possible Saudi divestments in US taken out of context and removed ></document>
<Document> A few questions are running through my mind

1- Has the Dutch Parliament ever been informed of these facts, close ties

2- Has Parliament ever asked the Dutch government to play such a central role in the World Economic Forum's activities related to the Great Reset, who took the initiative? ></Document>
<Document> The financial markets are reacting

oil and gold/silver
Crypto failed #URL# ></document>
<Document> .. [emphasis added], the strengthening of bilateral strategic cooperation is not directed against third countries, nor is it influenced by the changing international environment and circumstances in third countries.” ></Document>
<Document> War is inflationary

More money printing guaranteed

  #HASHTAG# #URL# ></document>
<Document> Dutch energy policy has been led by Shell for over a century. Who's taking over, now they're moving to London?! ></Document>
<Document> The long weekend reading

De Indianen van Baudet (Dutch)

#url#

By: Chris Jongema ></document>
<Document> Ukraine has been invited to become a member of the EU #URL# ></Document>
<document> Sounds like a perfect false flag - #URL# ></document>
<Document> CNB also has a gold discovery alongside DeGrey (Hemi)...and a lithium project ></Document>
<document> If the government is afraid you will get hurt, they could take action #URL# ></document>
<Document> Within days of my agent showing them The Big Reset during the London Book Fair, two of China's top universities wanted to buy the publishing rights

I later learned that the content was very familiar with China's worldview.. ></document>
<Document> Wiki: On May 30, 2015, President of Ukraine Petro Poroshenko appointed Saakashvili as governor of Odessa Oblast.[16][17][18] He was also granted Ukrainian citizenship[16] and was stripped of Georgian citizenship due to restrictions on dual citizenship under Georgian law.[19] ></Document>
<document> Best Davos/WEF Elite Video Ever #URL# ></document>
<document> Good thread:

“The sheer number of top strategic thinkers who have warned for years that if we continue on the same path, it would come”

#HASHTAG#
#HASHTAG#

Nobody listened to them and here we are. #URL# ></document>
<Document> "1000 Peer-Reviewed Studies Questioning Covid-19 Vaccine Safety" #URL# ></Document>
<Document> CIA advises: show other flags this time too #URL# ></Document>
<document> Top Sign Yesterday I accompanied a group of relatively young financial commentators (and their technical teams) on an hour-long bus ride. 90% of the ride was filled with NFT and Alts chatter. ></document>
<document> Another scammer.. please help report 🙏🙏 #URL# ></document>
<Document> Hyperinflation redefined: Speaker fee for ex-Fed bankers increases by 50% (currently $200,000 per speech) ></document>
<Document> Without chapIn this support Putin is toast imho (in a few months) ></document>
<Document> collapses hours before Biden visits city for infrastructure event. At least 10 people were injured’ ></document>
<Document> The Ultimate Battle

Fiat versus Bitcoin/Crypto #URL# ></document>
<Document> I still remember the US bombing raids on Belgrade, Baghdad and a few more

Hopefully #HASHTAG# will never experience one.. ></document>
<document> `Weimarization of U$ used cars .. #URL# ></document>
<document> In 50 years, historians will look back at the years 2020-2022 and conclude: ></document>
<document> Can someone please explain to me why central bankers expect temporary inflation while their money printing/growth/monetary debasement is permanent 😁 ></document>
<document> The Dollar and Dow could open higher in a few hours ></document>
<Document> European Natural Gas Now $200 (Oil Barrel Equivalent)! #URL# ></document>
<Document> Broker Comments: We Think Energy Metals Will Be Big Winners Here If Europe can't import Russian gas, energy storage and efficiency becomes all the more important - good for uranium, lithium, vanadium, nickel &amp; Copper ></document>
<document> "A 'realistic' guerrilla warfare will be fought in two dozen North Carolina counties in the coming weeks, pitting young soldiers against experienced 'freedom fighters'," according to the US Army's #URL# ></document>
<document> Congratulations to Altus and #USER# We are pleased to announce that we have invested $1 million in this $26 million deal. We were joined by La Mancha, owned by Egyptian billionaire Naguib Sawiris, who also likes to hedge his wealth with precious metals 😄 #URL# #URL# ></document>
<document> conspiracy fact:

Even the elite of Davos now call themselves "The Elite" 😀 #URL# ></document>
<document> European energy prices will rise to levels many cannot afford This will put enormous pressure on governments to provide additional subsidies or lower taxes Expect budget deficits to widen... ></document>
<document> and the effects will be felt worldwide for years and years. Superinflation will hurt almost everyone (except the 1%) ></document>
<Document> Growth versus Value ... turnaround? #URL# ></document>
<Document> Follow #USER# - he is the Dutch Prime Minister's assistant/shadow ></Document>
<document> Corruption between Biden and Ukraine is well documented #URL# ></document>
<document> "Americans have descended into credit card debt faster than in 22 years" #URL# ></document>
<Document> Paul Volcker (2013):

“Inflation is a more fundamental danger than speculative investing. Some countries seem to be in the unusual situation of trying to create inflation. They will regret that.” #URL# ></document>
<document> For the US defense industry, a small long-term war with Russia would be highly profitable .. #HASHTAG# ></document>
<document> Quote and sentiment of the day/week/month/year #URL# ></document>
<Document> When will Putin say, letCall for a truce and start negotiations? ></Document>
<Document> .. while bringing wars and regime change to dozens of countries

In both countries, memes like this one are shared: #URL# ></document>
<Document> “Brzezinski views the landmass of Eurasia as the center of global power and formulates a Eurasian geostrategy for the United States. In particular, he writes that no Eurasian challenger should emerge who can dominate Eurasia and thus also challenge US global supremacy’ ></document>
<document> A Dutch word comes to mind: Oversterfte ></document>
<Document> Another shocker. Belarus is also involved .. #URL# ></document>
<Document> Wise words on inflation &amp; democracy

By Charlie Munger (Buffett's partner) 99 years old #URL# ></document>
<document> How is started (Tweet December 15) -- How it's going #URL# #URL# ></document>
<Document> It's official (and MSM is still silent)

Why does Google censor search results?

#HASHTAG# #URL# ></document>
<Document> Reuters: El Salvador said its first bitcoin bond issue planned for this year would be worth $1 billion and carry a coupon of 6.5%. The bond is intended to support President Nayib Bukele's plan to create the world's first "Bitcoin City". #URL# ></document>
<document> conspiracy fact:

"Global COVID Vaccine Review App" #URL# ></document>
<Document> Please continue. There is nothing to see here. Just a small repo crisis. No gold needed. Continue down #URL# ></document>
<Document> Break: Today 7pm Dutch lockdown press conference National TV ></Document>
<Document> Is this why government officials hold secret talks with the WEF and why elected officials do not mention their WEF positions on their resumes? ></Document>
<document> Finally (what a shame it took a war to start it) #URL# ></document>
<Document> Failure of (US) democracy: Please choose the best: Trump (expert on everything) or Biden (does not understand everything) China must laugh #URL# ></Document>
<Document> "G2 strategy in conflict with human rights" ></Document>
<Document> "Chinese Media Accidentally Post CCP Rules on Russia-Ukraine Coverage, Hint at Taiwan Takeover"

"...including a reference to China's need for Russian 'assistance' with Taiwan" #URL# ></document>
<document> Media: Ms Kaag becomes the new Dutch Finance Minister #URL# ></document>
<document> Some Dutch consumers are terrified of new energy bills Soon some will start buying cheap dirty coal again to heat their homes #URL# ></document>
<Document> Just like 2008 (Lehman), 2022 will prove to be a turning point in many ways

Also in 2030, 2040 and probably even 2050 we will still point out the moment when Putin painted himself in a corner.

#HASHTAG# #HASHTAG# ></document>
<Document> Macron: “Online platforms, influencers, but also citizens, who sometimes occupy a significant place in the public debate precisely through these new platforms … must have an outstanding framework of responsibilitybe created", #URL# ></document>
<document> The Dutch "dealer" Diede Mink has been following me for years. This guy never stops #HASHTAG# ></document>
<Document> Those were the days ..

 (LTCM was my first financial crisis as an investor in 1998) #URL# ></document>
<document> First they ignore "a reset"
Then they laugh about it
Then they say it's normal
Then... ></document>
<Document> Many eyes now turn to Taiwan

"Taiwan is an inalienable part of the territory of China and there is only one China in the world" #URL# ></document>
<document> In the Weimar Republic, prices were monitored very, very closely every day... It probably didn't help much, unfortunately #URL# ></document>
<Document> “I watched this interview every 3 hours. I was amazed at how outspoken Robert Malone was. He's a brave man when he says the things he does and it's hard to believe that it's for his personal gain. #URL# Robert Malone is 62 and wants to enjoy a quiet retirement on his ranch' </doc>
<document> If you need a demonstration permit, you are no longer living in a free country ></document>
<document> Draghi says ECB should examine new ideas on currency madness #URL# ></document>
<document> #USER# His speeches are much better than Biden's 90% of the time ></document>
<Document> “We will have another pandemic. Next time it will be a different pathogen," Gates' #URL# ></document> said
<Document> Dubai has over 40 5-star hotels

.. which one is your favorite and why? ></Document>
<Document> Economic Impact: Higher Energy/Fertilizer Prices and Inflation Will Russia Be Kicked Out of SWIFT? Run on all (physical) precious metals could exceed production capacity and lead to paper trade collapse #HASHTAG# ></document>
<document> shocker

Dutch energy minister clearly doesn't know how nuclear energy is being used around the world (archived video from when he was MP) #URL# ></document>
<Document> Both China and Russia have stopped investing in US Treasuries (dollars) since 2011/2014.

Both decided to build a huge gold position as they understood the need for sanction-free assets with no third-party risks.

Both understood how the US used the sanctions as a weapon ></document>
<document> #USER# To name a view #USER# #USER# #USER# .. never seen in MSM .. most viewed online .. real mentors for me 🙏🏼 ></document>
<Document> Must be read by Ray Dalio

Hot or Cold War?!

#URL# ></document>
<document> Funny World UCLA doctor 'ready to lose everything' escorted off work over COVID vaccine rejection Read more at: #URL# ></document>
<document> #HASHTAG#

Survey of the Wisdom of the Masses

Do you want to fight Rutte4? ></Document>
<Document> Interesting Inside View of Aviation: “Russia will be virtually cut off from international travel, with perhaps the notable exception of China. It will be more isolated than the USSR #URL# ></document>
<Document> Clear message to prepare markets for another inflationary shock .. #URL# ></Document>
<Document> BHP Billiton: Decalls for the battery industry to grow primary nickel by over 500% in 2020-2030 ></document>
<document> #USER# #USER# #USER# #USER# #USER# #USER# #USER# #USER# #USER# #USER# #USER# Wouldn't be surprised to see this wave as the peak of Covid. The corona virus will remain present (probably forever), just like the flu. But this could be the last full lockdown cycle. ></document>
<Document> Another example: Tweeted this week about new evidence of the very close connection between the WEF and the Dutch government. Result: 1 million views and some 1000 retweets. My MSM friend, who I have known for over 20 years, told me there was nothing newsworthy about it... bizarre ></document>
<Document> The Twitter planet 🌎 seems to be part of a completely different solar system.

#HASHTAG# ></document>
<Document> As an aside - Some MSM journalists I've known for 30 years told me that this story was left untouched because the documents were released after questions from a (far right) MP they despise. ></Document>

</author>