
	
		<document> Supreme court rejects Trump bid to shield documents from January 6 panel 
Time he was behind bars. America needs certainty. #URL# ></document>
		<document> Justice!  

Ahmaud Arbery killers get life in jail; no parole for father, son #URL# ></document>
		<document> #USER# #USER# Nor can you stand idly by while people threaten to lynch elected officials and abuse locals and kids for wearing masks. ></document>
		<document> #USER# Entitled stupidity continues to be the greatest global pandemic ></document>
		<document> #USER# Spreader event. Yet I guarantee they will be all over our health system demanding their “human rights” if they get covid. ></document>
		<document> #USER# Dude he has quite literally just told me they have placed limits on the amount of meat he can buy at the supermarket. Don’t tell me something isn’t happening when he lives there and has just told me it is. ></document>
		<document> I, one World citizen, condemn the actions of Vladimir Putin and Russia and their unwarranted act of aggression in attacking Ukraine. 
I stand in solidarity with the protesters in Russia demanding an end to these aggressive acts, and with the innocent people of Ukraine. ></document>
		<document> #USER# #USER# Scared? Common sense isn’t fear boo. Common sense means less likely to die if you’re vaccinated. But if you have chosen the Darwin option then good on you. I prefer to trust the science so I can one day meet any potential grand kids. But you do you and good luck with it. ></document>
		<document> #USER# This isn’t about the mandates, this is about Coutts not liking a female led Labour Govt. 
If National had done this you wouldn’t hear a thing from him, guaranteed. ></document>
		<document> #USER# #USER# please advise what EXPERTS are advising National on Covid? NZers have a right to know given your statements are consistently opposite expert advice to the Govt/public NZ's Covid-19 response still one of the best worldwide - Baker #URL# ></document>
		<document> #USER# Yep. It comes to mind for me every damn time. ></document>
		<document> #USER# Us? Lmao You’ve done nothing but whine. When there is proof that spots were available in MIQ, instead of acknowledging that fact you then blamed the lack of people accessing them on people believing they could self isolate at home. A statement without evidence or merit. ></document>
		<document> #USER# #USER# #USER# In this particular instance it is on the money. You gave a weak excuse for a valid criticism made of Key at the time. The intellectually weak argument here is the one that refuses to acknowledge the attacks on Ardern over her marriage etc are fuelled by it, not her politics. ></document>
		<document> #USER# Smdh. Why would anyone do something so disgusting? ></document>
		<document> #USER# #USER# #USER# Says the guy bitching about where the Coromandel does and does not start. Silliness personified methinks. ></document>
		<document> #USER# God, if you choose to believe in him/her, offered help in the form of a vaccine. They rejected it. ></document>
		<document> #USER# I’d suggest some horrible ones but chances are I’m heading that way sp I might just send them my music drive instead. ></document>
		<document> #USER# Well he’s implicated in the insurrection so as a complicit traitor he would say that. 
Luckily no one with any common sense gives a damn what Ted “traitor” Cruz has to say. ></document>
		<document> #USER# #USER# No but I think my Rottie would if given half a chance. She frequently takes a dip in the stock troughs. ></document>
		<document> #USER# #USER# I never said that actually. I told you that you have no right to speak FOR Maori. Apparently reading comprehension is also not a skill you possess. You are telling Maori what they can and cannot have in their language. #HASHTAG# ></document>
		<document> #USER# No one said rights were waived. Stop inventing conversations that never happened anywhere but in your head. 
Obviously no one knows how long a pandemic will run but thanks for stating the obvious. ></document>
		<document> #USER# #USER# #USER# No he won’t. That means taxing Nat voters and that will never happen. ></document>
		<document> #USER# Yup because they’re not the sharpest tools in the shed, but make no mistake, they are tools. ></document>
		<document> #USER# #USER# #USER# So you are reaching.  Note, if he had a stroke because of the vaccine he would also have had a stroke with the virus according to the medical experts and scientists.
I am sorry this occurred to your brother &amp; family, but please stop spreading disinformation. ></document>
		<document> #USER# #USER# #USER# The comment about urea pissed me off. Far too much fertiliser is shoved into the land to artificially enhance grass production in order to justify overstocking. ></document>
		<document> #USER# Or the harassment of citizens in the streets, the brake checking of citizens on NZ roads, nor the barrage of social media threats leading up to this toxic event. ></document>
		<document> #USER# #USER# #USER# Says the guy who lied about his vaccine status. You now have ZERO credibility. Seek life elsewhere. Muted for the duration. ></document>
		<document> Look at this bullshit. #HASHTAG#
Entitled BS claiming Mana Whenua status in spite of the true claimants, the Tangata Whenua, saying they want them to leave. 

Check out NZstuff's video! #HASHTAG# #URL# ></document>
		<document> #USER# #USER# I’m not your mate. When you slam the Govt for not having the deaths then modelling showed would happen if they took no action then you show a distinct lack of credibility. Your “friends” are those who blame this Govt for everything, just as you have, including keeping us safe. ></document>
		<document> #USER# #USER# #USER# And yet you just created a whole scenario in your head that read more like a script for a bad Alex Jones take than anything else. ></document>
		<document> #USER# #USER# Btw Nurses took an oath to do no harm. If they refuse the vaccine then leaving the profession achieved the same purpose. ></document>
		<document> #USER# On brand for these people though. I hope he lays a harassment complaint. ></document>
		<document> #USER# Btw I haven't commented on everything you wrote, only the tweets where you bullied others. Now you are trying to get others to help you but you called me a cultist? ></document>
		<document> #USER# He’s already shown his contempt for beneficiaries so I doubt his leadership will be pretty at all. ></document>
		<document> #USER# #USER# #USER# You didn’t acknowledge the points made in their tweet either. His leadership to date has been spectacularly underwhelming. This is a guy who can’t be trusted to wear a face mask properly. That alone is a smack in the face for social cohesion isn’t it? ></document>
		<document> #USER# #USER# #USER# #USER# Thank goodness you have no say then because your solutions would’ve caused immense harm to our society. ></document>
		<document> #USER# Still at it. Endangering public health, seeking to undermine the NZ covid response and pushing your right wing hate and divisiveness at every turn. Newstalk are you owned by Russian propaganda or Rupert Murdoch?
#URL# ></document>
		<document> #USER# Another business that is going to lose customers then. #HASHTAG# ></document>
		<document> #USER# I’ve never had that from random people thankfully. They’d have been verbally sat on their rear end if they’d tried. ></document>
		<document> #USER# RW media trying to rewrite the news and control the narrative. ></document>
		<document> #USER# #USER# #USER# #USER# Ken you are a bot.  Stay out of things your algorithms don't understand.
Reported. ></document>
		<document> #USER# Children haven’t piers. You know, those small humans that rely on adults to keep them safe?
The over 90% refers to eligible ADULTS not the entire population. 
Stay in your damn lane. ></document>
		<document> Dr Noelyn Hung: Data indicates Covid 100 times riskier than jab - NZ Herald #URL# ></document>
		<document> #USER# Nope but I sure as hell remember the reverse happening to my mum. ></document>
		<document> #USER# #USER# You know what I find amusing Danny? Your bio states you are anti Globalism yet you are pro-Trump. ></document>
		<document> #USER# I wasn’t following her, but she’s now blocked. I don’t have time for that level of denialism and pro-Putin BS. ></document>
		<document> Get vaccinated!

New Zealand mother claimed her COVID wasn't as bad as the flu - now she can't breathe without oxygen #URL# ></document>
		<document> #USER# #USER# #USER# #USER# He most definitely does not talk straight. He is awash with jargonese and weak corporate slogans that say nothing. He is essentially a walking meme at this point. ></document>
		<document> Reminder: John Key wasn’t amazing, he was just good at PR smoke &amp; mirrors. 

Political commentator Trish Sherson urges National to stop believing new leader will be 'second-coming of John Key' #URL# ></document>
		<document> NZ's tough border controls may protect against new variant - Prof Baker #URL# ></document>
		<document> #USER# #USER# #USER# #USER# There is a marked difference between right wing ideology overall and trump supporters. Those who supported him from a conservative viewpoint are not the same as those who stormed the Capitol &amp; who flaunt Nazi flags. But then you know that. #HASHTAG# ></document>
		<document> #USER# The thing is these people have been fed disinformation from the likes of QAnon and Counterspin. That’s the real story, why are Steve Bannon et al trying to incite insurrection &amp; bring down western democracies?
Why are no journalists talking about the disinformation properly? ></document>
		<document> #USER# #USER# Vaccination is a safeguard not a guarantee.  Vaccinated people are less likely to spread covid, however if someone is immuno-compromised &amp; vaccinated, or an unvaccinated child, Covid can still have devastating consequences.
#HASHTAG# ></document>
		<document> #USER# #USER# #USER# What a stupid response. Economically NZ is doing as well as if not better than most. What exactly is happening to stop you living your life as normal?  I’m certainly not encumbered by anything other than the mild inconvenience of a mask on a hot day. ></document>
		<document> #USER# #USER# #USER# #USER# Ah, you’re a troll account. Enough said. ></document>
		<document> #USER# #USER# #USER# #USER# Oh look, a stupid statement about NZ reliant on generalisations and assumptions. #URL# ></document>
		<document> #USER# #USER# #USER# This covers any activities outside the classroom and water activities including teaching swimming were deemed high risk. 

#URL# ></document>
		<document> #USER# #USER# #USER# No you didn’t or she wouldn’t have disagreed with you. The irony is you calling someone else intolerant. #HASHTAG# ></document>
		<document> #USER# #USER# Communities are asking Aucklanders NOT to travel and all you are going on about is why can’t you come in from Aussie?
Why can’t you hurry up and wait until our most vulnerable are vaccinated and safe? ></document>
		<document> #USER# Potentially allowing it so that when they move there is the maximum weight of the law thrown at the law breakers. ></document>
		<document> #USER# #USER# Costs get passed on to the consumer and what supply chain issue? Milk tankers haven’t stopped collecting milk and dairy companies haven’t stopped producing products. Ports still ship overseas and supermarkets haven’t run out of milk, butter or cheese. ></document>
		<document> #USER# #USER# #USER# #USER# Answer the question?  Where do more ICU beds go? ></document>
		<document> #USER# #USER# Yeah that’s utter bollocks. All anyone has to do is watch the movie Patu. The police at this protest were nothing but professional under at times, extreme provocation. ></document>
		<document> #USER# The only certainty about this pandemic is that the virus is mutating and responses to it must change as a result. It shows a lack of critical thinking ability to assume that an ever changing pandemic landscape should have an unchanging response. #HASHTAG# #HASHTAG# ></document>
		<document> Gazpacho police?  Now that’s cold!  😂😂😂😂. She’s an absolute #HASHTAG# 

Check out MSNBC's video!  #URL# ></document>
		<document> #USER# #USER# #USER# Well I’m sorry that happened to you but this isn’t her first baby. ></document>
		<document> #USER# Um so now they control who can be in a public place?  So much for freedom and rights eh?  What a total bunch of twats. ></document>
		<document> #USER# #USER# What is your problem?  You prefer that some dude who sailed by and never stepped foot on this land name it after a place you’ve likely never been over a name given by the first settlers?
If you don’t want to call it Aotearoa don’t, but get over telling the rest of us not to. ></document>
		<document> #USER# He gets zero sympathy. He’s obviously a toxic person. He can fark right off. ></document>
		<document> #USER# #USER# #USER# #USER# No thanks. The lack of responsibility taken by those who have already “isolated at home” while fully vaccinated is why omicron got out. Pay attention. ></document>
		<document> #USER# Your dental hygienist is uninformed. I hope you set them straight. ></document>
		<document> #USER# Time to move in and move them out. They are plague rats at this point. ></document>
		<document> #USER# He pretty much just won the lottery. She’s out of the house so now is the perfect time for him to change the locks. ></document>
		<document> #USER# Yet we have repeatedly seen people get on a plane negative and get off positive. It’s as though being in an enclosed space for a prolonged period of time breathing the same pumped air spreads infection… or magic. So hard to explain eh Maurice? #HASHTAG# #HASHTAG# #HASHTAG# ></document>
		<document> #USER# No one is preventing them from making their own medical decisions. Employers have the right to set conditions of employment. Employees then have a choice in terms of meeting those conditions or seeking a different employer. This isn’t rocket science. It’s called being an adult! ></document>
		<document> #USER# #USER# So you polled the entire country to come up with your “no one “ sampling, or you’re just spinning bovine excrement in the hope it might stick and someone believes you?
As for toxic, she just got rolled as LOTO, hence today’s vote. ></document>
		<document> #USER# #USER# Smdh The WH is the primary source of immortality, malfeasance and corruption &amp; you rail about Hollywood. ></document>
		<document> We’ve been saying this all along. Stop giving them media coverage. 

Is news media coverage of the Parliament protest throwing fuel on the fire?  #URL# ></document>
		<document> #USER# Not on purpose. 
My dogs have an unerring ability to slap my face with their tongues when I’m not paying attention though. 

#HASHTAG# 😂😂 ></document>
		<document> #USER# #USER# #USER# #USER# #USER# I am too busy laughing at the absurdity of her trying to be the adult then resorting to sarcastic rejoinders. ></document>
		<document> #USER# #USER# #USER# As this is the first time you’ve mentioned it to me, that would be once. So you have discovered the consequences of the choice you made. Welcome to being an adult. Life is about choices and the corresponding consequences. You chose, now live with your choice &amp; ffs grow up. #URL# ></document>
		<document> #USER# No, but there are a number in my house belonging to my son and husband. ></document>
		<document> #USER# #USER# I’ve posted the information elsewhere in this thread. You could have googled. 

The constitution of New Zealand is the sum of laws and principles that determine the political governance of New Zealand. Unlike many other nations, New Zealand has no single constitutional document. #URL# ></document>
		<document> #USER# #USER# #USER# You still put your own spin on it and we both know it. Nowhere was she calling for force, nor was she calling for vigilante justice. Do better. ></document>
		<document> “You’re not a patriot you’re a hypocrite”

Check out Rabba's video! #HASHTAG# #URL# ></document>
		<document> The protest is NOT peaceful. Time they were removed. 

COVID protest: Grant Robertson condemns 'distressing' scenes outside Parliament after man drives car into police officers #URL# ></document>
		<document> #USER# #USER# #USER# Naturally I’m not saying that. I’m saying it is an unintelligent Of course they do, but allowing a virus to rip through a population with the potential to devastate entire populations and leave children without parents as we’ve seen overseas is a negligent response. Do better. ></document>
		<document> #USER# #USER# Yep he’s already suggested it. Jesus worked tirelessly to raise up the poor and downtrodden. Modern Christianity is nothing like what he did. Just ask Luxon who favours removing benefits from solo parents who “don’t comply” with the state. #HASHTAG# ></document>
		<document> #USER# You can call whatever you like. He has been told there is a limit on meat and wasn’t able to purchase his usual order as a result. #HASHTAG# ></document>
		<document> #USER# #USER# The majority WANT people to take health precautions. Social media is full of ridiculous conspiracy theories and denialism about this virus. It has nothing to do with the PM and everything to do with disinformation and cult like gullibility. #URL# ></document>
		<document> #USER# #USER# Not everyone is double vaxxed. The UK is hardly the country we want to emulate given how many are still dying over there. Nurse shortages, which are global, are one of the reasons for health restrictions. All this information has been widely disseminated yet you still struggle. ></document>
		<document> #USER# Hilarious that they need to put the words Leader and Deputy under their photos, because you know, we commoners might not be able to distinguish Luxon from Willis otherwise. #URL# ></document>
		<document> #USER# #USER# No it didn’t. It was an ideological statement. You then went off on a tangent crying over something that was never said because you can’t read. Do better. ></document>
		<document> #USER# Tell them you are there because you believe you were exposed to covid but if they’re willing to risk it so are you, then begin taking off your mask. ></document>
		<document> #USER# #USER# #USER# Dude, check yourself. The point is, and I repeat, that Haka belongs to Ngati Toa and THEY decide if it can be used and how it should be used.
Intellectual property rights are a thing whether you like it or not.
As for your indigenous statement, wai koe? ></document>
		<document> #USER# Not much to say. Being stupid is a deadly disease nowadays. ></document>
		<document> #USER# #USER# Lawsuit time mate. I’m so sorry this has happened to you and yours. ></document>
		<document> #USER# #USER# Make no mistake, if a PM, ANY PM had sought to influence print media in the way you suggest it would be Governmental overreach. That is why the ASA exists. The Herald is a trash bin of right wing ideology. Most who voted against would have done so regardless of media ads. ></document>
		<document> #USER# denying he is being a political opportunist, is of course saying exactly what a political opportunist would say. 
Someone no longer interested in being in the public eye wouldn’t be seeking it. ></document>
		<document> #USER# You are the one inventing scenarios dude not me. 
Spots were available which people failed to take up. #HASHTAG#
NZers overseas at the start of the pandemic who are still there CHOSE not to return in spite of Govt encouragement to do so. #HASHTAG#
They knew the risks. ></document>
		<document> #USER# #USER# The plans for this were announced last year before her self inflicted plight was even known about. It was announced in NOVEMBER the reopening would be delayed until February to allow vaccination of children due to omicron. 
Opening our borders has NOTHING to do with her. ></document>
		<document> #USER# The stupidity of these people is actually the saddest thing. That they write crap like that is bad enough. That other people actually believe it is even worse. ></document>
		<document> #USER# #USER# #USER# You clearly struggle to read &amp; comprehend. If you have all the information available at the time then it is informed consent. If new information comes to light later it doesn’t negate your consent prior to it becoming available. You are implying Pfizer withheld info which is BS. ></document>
		<document> #USER# #USER# #USER# Why when the majority support them?  Why should the immune compromised be put at risk by the selfish and uneducated?
Hint - they shouldn’t and won’t be while people with common sense give a damn. #HASHTAG# #HASHTAG# ></document>
		<document> #USER# #USER# #USER# Oh look, Emma is angry because she feels she is being spoken to disrespectfully so she launches into name calling because she has no other way to express herself. Grow up Emma. You proved her point. You have the cheek to talk about disrespect while calling people losers? ></document>
		<document> #USER# #USER# Oh for fucks sake dude, grow up. You’re tiresome. ></document>
		<document> #USER# No issue whatsoever. Barely even a sore arm this time. ></document>
		<document> #USER# #USER# This from a guy who has gone bankrupt multiple times and lost more money than any man in US history. ></document>
		<document> #USER# #USER# #USER# More building consents have been granted under this Govt than in the 9 years under Key. More houses have been built. Our population exploded thanks to Key’s bad immigration policies too. There is also a global housing crisis but sure, blame the Govt tasked with fixing the mess. ></document>
		<document> #USER# Because they know they are essentially sitting in red states and therefore vote accordingly. They aren’t Dems and people need to realise this. They are there for themselves, no one else. ></document>
		<document> So why is she issuing them if she knows they don’t meet the MoH threshold? Time the medical council had a look at her behaviour as it’s clear her disclaimer is an attempted work around. 

Doctor's vaccine exemption form holds 'no weight', MOH says #URL# ></document>
		<document> #USER# Most teachers put their students first. The rest shouldn’t be in the profession if they won’t. ></document>
		<document> #USER# Policies*
National cut funding for police along with pretty much everything else. You can’t point fingers when you caused the damn problem in the first place. ></document>
		<document> #USER# #USER# #USER# The answer to that question is unequivocally yes. It was crossed repeatedly and with malice. See Chris Bishop’s admission that their sole intent was to prevent the Govt from governing as evidence of their wilful disregard for public safety. #HASHTAG# #HASHTAG# ></document>
		<document> #USER# Good for you and I am so sorry you were accosted. 
Freedom of choice only applies to them apparently. ></document>
		<document> Overwhelming support yet all the RW media ever report are the tiny minority who whinge. 

Newshub-Reid Research poll: Overwhelming support for COVID-19 vaccine certificates but 900,000 yet to be downloaded #URL# ></document>
		<document> #USER# #USER# My hope is your algorithms reset. Ka kite bot. ></document>
		<document> #USER# #USER# #USER# And for the record, you made a choice to be unvaccinated and I 100% support your right to that choice, but when the rest of us, the majority, move on with our lives because we made a different choice, &amp; want safer living conditions, don’t come crying to us about how unfair it is. ></document>
		<document> #USER# You don’t live in NZ but you’re trying to tell me, who does live here, that I’m wrong about the NZ response and you’re right. Stop making a fool of yourself. ></document>
		<document> #USER# #USER# #USER# The Govt isn’t supporting them. Fml you conspiracy theorists really are tiresome. ></document>
		<document> #USER# #USER# Where did he say he worked across both?  Pro tip - he didn’t. ></document>
		<document> #USER# #USER# #USER# Not interested in you or your disinformation. Proven liars lack integrity. End of discussion. ></document>
		<document> #USER# You appear unable to understand the difference between opinion and fact. Facts are unimpeachable truths backed up by quantifiable evidence. Calling people haters for calling you out on your opinions tends to make you what you decry does it not? Cue ></document>
		<document> #USER# #USER# #USER# #USER# You are clearly not interested in an answer to your question or to receiving information that doesn't support your preconceptions.
That makes you a time wasting troll and I have neither the time nor the patience for your particular brand of anal retentive bullshit. ></document>
		<document> #USER# #USER# #USER# #USER# Yet your little island cannot. #HASHTAG# New Zealand had numerous outbreaks. Again, educate yourself. The Delta variant required a new strategy because nothing is a monolith not even your tiresome and incorrect assertions. ></document>
		<document> #USER# #USER# #USER# History is already judging &amp; in this case the majority nailed it. 
1. Apprenticeship &amp; trades trading now free
2. Got rid of National Standards that was negatively impacting student learning
3. Increased building consents
4. Extended paid parental leave 
5. Increased minimum wage ></document>
		<document> #USER# #USER# Idiots abound. Apparently they have found a willing handmaiden in many of the NZ media who have fomented unrest and vaccine hesitancy from day one. 
Sadly the good journos like the team working on The Project and John Campbell’s Breakfast team are sane voices in the wilderness. ></document>
		<document> #USER# Isolate at home… The home they currently don’t have on account of having lived overseas? Or does she mean the home of a relative or friend, thereby forcing them to also isolate? Perhaps National intend to magically erect a million new homes? The stupid is palpable already. ></document>
		<document> #USER# That’s disgusting. They clearly scraped the bottom of the barrel with these people. ></document>
		<document> #USER# #USER# #USER# Generally speaking we expect ethical, honest and credible service from doctors. Her refusal to answer Paddy is irrelevant but the medical council will be a different matter. ></document>
		<document> #USER# #USER# #USER# All the information available at the time was EXACTLY my tweet. If Pfizer release subsequent information once it was collected that doesn’t negate previous information that was available at the time. Again, I gave consent. It’s none of your business if people get vaccinated. ></document>
		<document> #USER# #USER# This is being driven by overseas disinformation merchants safe more than the kiwi psyche. ></document>
		<document> #USER# Lazy, one-eyed “journalists” (hacks) with a RW bias will do that. ></document>
		<document> #USER# #USER# There is more than one expert and the Govt has done a good job so far. Stop with the thinly veiled childish insults too. ></document>
		<document> #USER# How would you know dude? Texas is racist AF. ></document>
		<document> #USER# You’re what corruption and being a traitor looks like. Sincerely someone from the other side of the World. You hypocrites enabled them Ukraine crisis so you should shut the hell up. ></document>
		<document> #USER# #USER# And just so you understand my context, today my brother, who lives overseas and is in lockdown, watched via a live stream as we held the funeral service for our mum.
Sometimes we make sacrifices and while it’s not easy he’s not blaming our Govt for our circumstances &amp; nor am I. ></document>
		<document> #USER# #USER# So, according to your profile, you are not a fan of online bullies. Is that because you don’t like the competition? ></document>
		<document> #USER# Yep. Despite this we now have right wing whingers complaining about a lack of ICU beds &amp; hospitals not fit for purpose &amp; blaming Labour. This BS from National is the damn reason why we’re playing catch up. Big mouths &amp; short memories are what #HASHTAG# rely on. ></document>
		<document> #USER# #USER# #USER# #USER# #USER# Again with being disingenuous. You know damn well why. You are wasting my time. Being straight is the expected norm. For someone that says being an adult is accepting differing views you are having a hard time accepting I don’t agree with yours. ></document>
		<document> #USER# #USER# He won’t be PM. Rebuilding social cohesion?  Who do you think spent the last two years undermining the social cohesion of this country?  The bloody National party, that’s who, &amp; trust me I for one will NEVER forget the bullying, race baiting &amp; obstructionism they engaged in. ></document>
		<document> #USER# #USER# #USER# Yeah I understood that thanks. As far as I am concerned that doesn’t matter given that he didn’t fulfil his obligations to the people of this nation. #HASHTAG#
Clearly someone took that photo, meaning they were potentially at risk. ></document>
		<document> #USER# #USER# #USER# I am sorry that occurred to your brother.  Was there definitive proof this was caused by the Pfizer shot or is this based on assumption?  My brother-in-law had a stroke months after his second shot, no way were they related. ></document>
		<document> Not quite sure what this guy is smoking, but apparently commenting on a post of someone I follow and having a photo of my deceased dog as my avatar is grounds for a tinfoil level trollbot conspiracy. is he also follows me. #HASHTAG#? #URL# ></document>
		<document> #USER# That’s an intentionally dishonest mirepresentation of the data. As a so-called medical professional, you of all people should know that medical data should be presented accurately and not cherry picked in this appalling and underhand manner. #HASHTAG# #HASHTAG# ></document>
		<document> #USER# #USER# #USER# #USER# Why should you be excused? The Key Govt failed to maintain infrastructure including ICU capacity. You then accused someone of a massive fail when it is you who doesn’t know this occurred. His Govt recorded a massive surplus by not spending on essential services. ></document>
		<document> #USER# Omg me too!  
I have been known to tell them to get off in a fit of impotent rage. 😂😂 ></document>
		<document> #USER# #USER# Wanting to see family overseas is natural but wanting to stop those you love from getting a deadly virus is also natural. At the end of the day death is a hell of a lot more inconvenient than a zoom call. ></document>
		<document> #USER# Steve Bannon has always worked toward the destruction of Western Democracy. It’s time the NZ Police took this seriously. Andrew Coster needs to step up or step off and bring in someone with the balls to do the job. ></document>
		<document> #USER# Typical. I’m sick to death of the negative NZ media. Some of them don’t deserve a damn job as they are intent on creating news rather than reporting it. ></document>
		<document> #USER# #USER# A MP that bags his own country to International media doesn’t deserve to be one. He works for us not himself and it is high time Seymour and his narcissistic ilk remember that. ></document>
		<document> #USER# #USER# #USER# I never labelled you anything actually. Learn to read and comprehend. 
Try again. ></document>
		<document> #USER# #USER# Inflation is primarily driven by global influences. The NZD, like every other global currency, reacts to the US economy. This is why when the US Stockmarket collapsed it rippled around the World, and why every US recession has triggered a global one. #URL# ></document>
		<document> #USER# Investigate Oligarch influence &amp; dark money on US politics. Enact laws that tighten regulations around campaign revenue &amp; foreign donations/influence. Have independent observers present at any meetings between Russian oligarchs/representatives &amp; members of the US Congress. ></document>
		<document> #USER# #USER# What an asinine statement. I mean do you honestly believe that or are you just trying to stay relevant with the conspiracy theory crowd. 
I mean dude, we have more freedoms than you do, you pinecone. ></document>
		<document> #USER# Lawful protest does not include obstructing people from entering Parliament grounds yet that continues to happen. ></document>
		<document> #USER# #USER# #USER# Inflation is driven by global factors far more than by our country’s pandemic restrictions. Educate yourself on the true causes of inflation. 

#URL# ></document>
		<document> #USER# #USER# #USER# Yep. I remember exploring the bush on Mt Pihanga over 40 yes ago with my dad &amp; siblings &amp; finding some massive trenches that Maori used to evade the British by quite literally walking below ground level. They were able to hit and run pretty much with impunity. #HASHTAG# ></document>
		<document> #USER# #USER# Did you make stupid comments like this about John Key and his billions?  How about Luxon. You ooze childish jealousy. I’m embarrassed for you. ></document>
		<document> #USER# #USER# #USER# #USER# #USER# #USER# #USER# #USER# #USER# #USER# #USER# #USER# #USER# #USER# #USER# #USER# #USER# #USER# #USER# #USER# #USER# #USER# #USER# #USER# #USER# #USER# #USER# #USER# #USER# #USER# #USER# #USER# #USER# #USER# #USER# #USER# #USER# #USER# #USER# #USER# #USER# #USER# #USER# #USER# #USER# #USER# #USER# #USER# #USER# #USER# You don't want enlightenment Mike. You want to sit on your MAGAt position and ignore every fact you have been presented. The irony is that you present yourself as being able to handle this but you can't. Yet you call him snowflake? ></document>
		<document> #USER# You are right, they do. Welcome to the consequences of the choice you made when you posted that tweet. ></document>
		<document> #USER# #USER# #USER# No natural immunity isn’t safer, particularly with new variants removing said natural immunity’s viability to Covid which science has already proved. #URL# ></document>
		<document> #USER# You are essentially defending people who prey on the vulnerable in society. That says a great deal about you. You should be ashamed of yourself. ></document>
		<document> #USER# To be grabbed by police so she can claim sexual assault would be my guess. ></document>
		<document> #USER# #USER# After living through &amp; observing both the Key era and this Govt, as a lay person looking at the social media it is obvious that the abuse of Ardern is unprecedented yet here you are denying and minimising. Why? Anyone with a strong moral compass would be denouncing it. #HASHTAG# ></document>
		<document> #USER# #USER# While we are at it what did YOU do about it?  Did you lay a broadcasting complaint?  Did you write a letter to whichever papers published it?  Did you start a go fund me and then print a counter argument advertisement?
Or did you, like a child, blame the PM?
#HASHTAG# ></document>
		<document> #USER# #USER# #USER# It passed the threshold of experimentation in the first few months. Your ignorance is astounding. I never lost any basic human rights dude. You should educate yourself on what they are before spouting your brainwashed nonsense. I feel sorry for you. ></document>
		<document> #USER# #USER# She doesn’t speak for Maori. Her suggestion clearly indicates a desire to use Maori for their own aims. #HASHTAG#. ></document>
		<document> #USER# #USER# #USER# Watch the video ffs instead of relying on a still photo that omits the entire incident and stop being so ridiculously gullible. ></document>
		<document> #USER# #USER# Dream, nightmare… who’s checking right?  Hooting continues his plethora of bad and incorrect takes. 
Colour me surprised. ></document>
		<document> #USER# #USER# #USER# #USER# Do you understand how long hospitals take to build?  I drove past ground zero of Dunedin’s hospital just over 2 weeks ago. Progress is being made but it takes time. #HASHTAG# 
As per my question, where are they going to put more beds?  Where will the staff come from? ></document>
		<document> #USER# Lmfao IKR? Meanwhile we keep inventing technology that they then use. ></document>
		<document> #USER# #USER# What I also challenged you on was the implied statements that Te Reo Maori is not a living language, by calling transliterations fake. Your tweets have actually shown your own entrenched unconscious bias. For example telling me not to speak about English when challenged. ></document>
		<document> #USER# Nothing like a bit of implied racism eh? ></document>
		<document> #USER# #USER# #USER# You talk like a bot mate. Do better. ></document>
		<document> #USER# #USER# #USER# I’m not the one demanding you not be on it dude. Do you have any self awareness at all?  I mean really? 
You demand I not comment on a thread while commenting on a thread. That is literally the point of Twitter. 
You call me names because you can’t control yourself. Smdh. ></document>
		<document> #USER# #USER# Oh please. You don’t give a rat’s arse about saving lives. If you did you would help sort out the ignorant belief that 2A means unfettered access to firearms &amp; support common sense guns laws.
You don’t because you’re a hypocrite just like the rest of your corrupt party. ></document>
		<document> #USER# #USER# #USER# Says the bully who copies and pasted Trump policies from their website to National’s. ></document>
		<document> #USER# #USER# No, you were spinning the truth to imply the Government won’t disclose this to the public which is blatant rubbish. As with other absconded from isolation they don’t comment on an active police matter but have always disclosed. You’re being disingenuous. ></document>
		<document> #USER# It really sucks when people are faced with the consequences of their own actions eh?
Freedom of choice doesn’t mean freedom to infect. ></document>
		<document> #USER# #USER# Yet he won’t put his own personal interests aside to speak out publicly in defence of his country. ></document>
		<document> #USER# #USER# While we are at it I talked about his “belief in healing the sick” which is an ideological standpoint NOT that he actively did it. Perhaps if you throttle back your hysteria you might learn to comprehend what you read. ></document>
		<document> #USER# The hypocrisy of this tweet. Now do transmission gully and how much it has cost tax payers to finish that National project… oh… wait… it’s still not finished. #HASHTAG# Your party’s one note solution is more roads. Sit this one out, your whinging is tiresome. ></document>
		<document> #USER# #USER# #USER# Says the guy who repeatedly attributed things to me I never said. #URL# ></document>
		<document> #USER# I 100% agree and it is yet another reason why they are unfit for government. ></document>
		<document> #USER# #USER# #USER# #USER# It has nothing to do with politics and everything to do with copyright ownership. 
You are repetitive and tiresome dude. ></document>
		<document> #USER# I’m sorry I’m all out of time for lame reckons from has beens as Piers Morgan took up quite a bit of time today. 
RATS aren’t reliable enough which you would know if you were in Govt but you aren’t. Quit trying to find a platform to come back on and retire ffs. #HASHTAG# ></document>
		<document> #USER# #USER# Ah yes the projection tactic.  Every country on the planet was "making it up as they went along" and NZ has done a far better job than most.  Sounds like a serious case of sour grapes you have.
Again, who was talking about Ardern?
Stay on topic if you can ok? #HASHTAG# ></document>
		<document> #USER# #USER# Don’t be ridiculous. The Ministry of Health is a neutral Government agency that doesn’t operate from a political ideology but carries on regardless of which party is in Government. To suggest anything different is conspiracy theory nonsense. ></document>
		<document> #USER# #USER# #USER# #USER# The red wave? Sounds like toxic sludge. Not an original bone in your body is there? With only 30% of Americans supporting him you must really be praying for a lot of Russian hacking. Red is the colour of communism btw. ></document>
		<document> #USER# The last thing this Government can be accused of is being anti-science. You really are tiresome. Thank goodness you will never lead a Government in this country. ></document>
		<document> Airline passengers call for consistent policing of vaccine passes, mask use #URL# ></document>
		<document> #USER# #USER# #USER# #USER# #USER# Don’t be ridiculous. It’s not the left trying to drag a story that isn’t one. The person lacking objectivity here is you. The food poisoning may well be part of the story. You don’t know. The question was asked and you literally lost your shit. ></document>
		<document> #USER# #USER# #USER# #USER# It is clear from your tweets you do not understand the science as you are incorrectly ascribing the total eradication of covid to the term elimination, which, in the case of a zero covid strategy does not mean eradication forever. 
Educate yourself. ></document>
		<document> #USER# #USER# Remember when journalism had integrity and people could think critically?
Nothing this woman tweeted is accurate but sure, be insulting about the leader of a country with the best covid response instead of questioning the fact free take you’re all in on. ></document>
		<document> #USER# #USER# #USER# Dude, she worked in a fish and chip shop while in school. Many NZ students had similar jobs. It’s not shameful, in fact the polar opposite as it shows a willingness to pay her own way. Your lack of maturity over it however is something you should be embarrassed about. Grow up. ></document>
		<document> #USER# #USER# #USER# Cool disinformation. Did you write your fact free opinions yourself? ></document>
		<document> #USER# #USER# #USER# I’m totally stunned that you’re this uninformed. What are you agreeing with exactly?  Nothing in his ridiculous column is accurate. 
Maybe worry about your own plague nation and the idiot that is Boris Johnson. We’re doing fine without your fact free reckons. ></document>
		<document> #USER# #USER# You do realise you are doing the very thing you are accusing me of? Lecturing and issuing imperatives. ></document>
		<document> #USER# #USER# You have no way of knowing that.  Given the fact many tried to go there to flee lockdown I think you are wrong.
Northland iwi, of which I am a part, have made their feelings very clear.  When stepping on our whenua, be vaccinated or don't go. ></document>
	
</author><Document> Supreme Court rejects Trump offer to protect documents from Jan. 6 panel
Once he was behind bars. America needs certainty. #URL# ></document>
<Document> Justice!

Killer of Ahmaud Arbery in prison for life; no parole for father son #URL# ></document>
<document> #USER# #USER# Nor can you sit idly by when people threaten to lynch elected officials and berate locals and children for wearing masks. ></Document>
<document> #USER# Justified stupidity is still the biggest global pandemic ></document>
<Document> #USER# Spreader event. Still, I guarantee that if they get Covid, they will demand their “human rights” anywhere in our healthcare system. ></Document>
<document> #USER# Dude, he literally just told me that they capped the amount of meat he can buy at the supermarket. Don't tell me something won't happen if he lives there and just told me. ></Document>
<Document> I, a citizen of the world, condemn the actions of Vladimir Putin and Russia and their unjustified act of aggression in attacking Ukraine.
I stand in solidarity with the protesters in Russia demanding an end to these acts of aggression and with the innocent people of Ukraine. ></Document>
<Document> #USER# #USER# Scared? Common sense isn't scary boo. Common sense means you are less likely to die if you are vaccinated. But if you chose the Darwin option, then good for you. I'd rather trust science so I can meet potential grandchildren one day. But you do yourself and good luck with it. ></Document>
<Document> #USER# This is not about the mandates, this is about Coutts not liking a women-led Labor government.
If National had done that, you wouldn't have heard from him, guaranteed. ></Document>
<document> #USER# #USER# please advise which EXPERTS advise nationally on Covid? NZers have a right to know as your statements are pitted against government/public expert advice. NZ's response to Covid-19 is still one of the best in the world - Baker #URL# ></document>
<Document> #USER# Yes. It comes to mind every damn time. ></Document>
<Document> #USER# We? Lmao You were just whining. If there is evidence that places in the MIQ were available, instead of acknowledging that fact, you have attributed the lack of people accessing it to people believing they could self-isolate at home. A statement without evidence or merit. ></Document>
<Document> #USER# #USER# #USER# This particular case is about money. You provided a feeble excuse for a valid criticism of Key at the time. The intellectually weak argument here is the one that refuses to acknowledge that the attacks on Ardern about her marriage etc. are fueled by her, not her politics. ></Document>
<Document> #USER# Smdh. Why would anyone do such a disgusting thing? ></Document>
<Document> #USER# #USER# #USER# Says the guy bitching about where the Coromandel starts and doesn't. Silly personified I guess. ></Document>
<document> #USER# God if you choose to believe in him/offered her help in the form of a vaccine. They refused. ></Document>
<document> #USER# I'd suggest some terrible ones, but chances are I'm going in that direction, sp I could just send them my music drive instead. ></Document>
<Document> #USER# Well, he's involved in the riot, so he'd say that as an complicit traitor.
Luckily, no one with common sense cares what Ted "Traitor" Cruz has to say. ></Document>
<document> #USER# #USER# No, but I think my Rottie would if given half a chance. She often takes a dip in the stock troughs. ></Document>
<document> #USER# #USER# I never actually said that. I told you you have no right to speak FOR Maori. Apparently, reading comprehension isn't a skill you possess either. They tell the Maori what they can and cannot have in their language. #HASHTAG# ></document>
<Document> #USER# Nobody said that rights were renounced. Stop inventing conversations that didn't happen anywhere but inside your head.
Obviously nobody knows how long a pandemic will last, but thanks for stating the obvious. ></Document>
<Document> #USER# #USER# #USER# No, he won't. That means taxing the Nat voters, and that's never going to happen. ></Document>
<document> #USER# Yes, because they're not the sharpest tools in the shed, but make no mistake, they are tools. ></Document>
<Document> #USER# #USER# #USER# So you reach. Note that if he had suffered a stroke as a result of the vaccine, he would also have suffered a stroke with the virus, according to medical experts and scientists.
I'm sorry this happened to your brother &amp; family, but please stop spreading disinformation. ></Document>
<document> #USER# #USER# #USER# The comment about urea pissed me off. Far too much fertilizer is being pushed into the soil to artificially boost weed production to justify overstocking. ></Document>
<document> #USER# Or the harassment of citizens on the street, the brake-checking of citizens on New Zealand roads, or the barrage of threats on social media that led to this toxic event. ></Document>
<Document> #USER# #USER# #USER# Says the guy who lied about his vaccination status. You now have ZERO credibility. Find life elsewhere. Muted for the duration. ></Document>
<document> Look at this bullshit. #HASHTAG#
Eligible BS claiming Mana Whenua status despite the true claimants, the Tangata Whenua saying they want her to go.

Check out the video from NZstuff! #HASHTAG# #URL# ></document>
<Document> #USER# #USER# I'm not your buddy. If you beat the government for not having the deaths that the modeling showed would happen if they did nothing then you are showing a clear lack of credibility. Your "friends" are the ones who blame this government for everything, just like you, including our security. ></Document>
<document> #USER# #USER# #USER# And yet you've just dreamed up a whole scenario in your head that reads more like a script for a bad Alex Jones recording than anything else. ></Document>
<document> #USER# #USER# Btw Nurses took an oath to do no harm. If yourefusing the vaccine and then leaving the profession accomplishes the same purpose. ></Document>
<document> #USER# Trademarks for these people. I hope he files a harassment complaint. ></Document>
<document> #USER# By the way, I didn't comment on everything you wrote, only the tweets where you bullied others. Now you're trying to get others to help you, but you called me a cultist? ></Document>
<document> #USER# He's already shown his disdain for the beneficiaries, so I doubt his leadership will be pretty at all. ></Document>
<document> #USER# #USER# #USER# They also didn't confirm the points made in their tweet. His lead so far has been spectacularly overwhelming. This is one guy who cannot be trusted to properly wear a face mask. That alone is a slap in the face for social cohesion, isn't it? ></Document>
<document> #USER# #USER# #USER# #USER# Thank God you don't have a say then, because your solutions would have caused immense damage to our society. ></Document>
<Document> #USER# Still at it. Endangering public health, trying to undermine New Zealand's Covid response and pushing your right wing hatred and division at every turn. Newstalk do you belong to Russian propaganda or Rupert Murdoch?
#URL# ></document>
<document> #USER# Another company that will lose customers. #HASHTAG# ></document>
<document> #USER# I've never heard that from random people, thankfully. They would have been verbally sat on their rump if they tried. ></Document>
<document> #USER# RW media trying to rewrite the messages and control the narration. ></Document>
<Document> #USER# #USER# #USER# #USER# Ken, you're a bot. Stay out of things your algorithms don't understand.
reported. ></Document>
<Document> #USER# Children do not have bars. You know, those little people who rely on adults to protect them?
The 90%+ refers to eligible ADULTS, not the general population.
stay in your damn lane ></Document>
<document> Dr. Noelyn Hung: Data suggests Covid is 100 times more risky than vaccines - NZ Herald #URL# ></document>
<document> #USER# No, but I clearly remember that the opposite happened to my mother. ></Document>
<document> #USER# #USER# You know what I find amusing, Danny? Your bio says you're against globalism, but you're pro-Trump. ></Document>
<document> #USER# I didn't follow her, but she's now blocked. I don't have time for this level of denial and pro-Putin bullshit. ></Document>
<Document> Get vaccinated!

The New Zealand mum claimed her COVID wasn't as bad as the flu - now she can't breathe without oxygen #URL# ></document>
<document> #USER# #USER# #USER# #USER# He's definitely not speaking outright. It's awash with jargon and flimsy corporate slogans that mean nothing. He's essentially a walking meme at this point. ></Document>
<Document> As a reminder, John Key wasn't great, he was just good at PR smoke &amp; Mirror.

Political commentator Trish Sherson urges National to stop believing in the belief that the new leader will be the "descendant of John Key" #URL# ></document>
<Document> New Zealand's strict border controls could protect against a new variant - Prof. Baker #URL# ></Document>
<Document> #USER# #USER# #USER# #USER# There is a clear difference between right-wing ideology overall and Trump supporters. Those who supported him from a conservative perspective are not the same as those who supported the Capitol &amp; raise the Nazi flag. But then you know that. #HASHTAG# ></document>
<document> #USER# The thing is, these people have been fed disinformation from the likes of QAnon and Counterspin. This is the real story why Steve Bannon and others are trying to start riots &amp; overthrow western democracies?
Why aren't journalists speaking properly about the disinformation? ></Document>
<Document> #USER# #USER# Vaccination is a protective measure, not a guarantee. Vaccinated people are less likely to spread Covid, but if someone is immunocompromised &amp; vaccinated or an unvaccinated child, Covid can still wreak havoc.
#HASHTAG# ></document>
<Document> #USER# #USER# #USER# What a stupid answer. Economically, New Zealand is doing just as well, if not better than most. What exactly is happening to prevent you from living your life as usual? I'm certainly not bothered by anything other than the slight discomfort of a mask on a hot day. ></Document>
<Document> #USER# #USER# #USER# #USER# Ah, you are a troll account. Enough said. ></Document>
<document> #USER# #USER# #USER# #USER# Oh look, a silly statement about NZ based on generalizations and assumptions. #URL# ></document>
<document> #USER# #USER# #USER# This includes all activities outside of the classroom and water activities, including swimming lessons, have been classified as high risk.

#URL# ></document>
<Document> #USER# #USER# #USER# No, you didn't, or she wouldn't have contradicted you. The irony is that you are calling someone else intolerant. #HASHTAG# ></document>
<document> #USER# #USER# Communities are asking Aucklanders NOT to travel and all you are saying is why can't you be from Australia?
Why can't you hurry and wait until our most vulnerable are vaccinated and safe? ></Document>
<document> #USER# Might allow it so that when they move, the maximum weight of the law is thrown at the lawbreakers. ></Document>
<document> #USER# #USER# Costs are passed on to the consumer and what problem in the supply chain? Milk tankers haven't stopped collecting milk, and dairy companies haven't stopped producing products. Ports are still shipping overseas and supermarkets are not running out of milk, butter or cheese. ></Document>
<Document> #USER# #USER# #USER# #USER# Answer the question? Where are more ICU beds going? ></Document>
<document> #USER# #USER# Yes, that's complete nonsense. All everyone has to do is watch the movie Patu. The police at this protest were nothing but professional under sometimes extreme provocation. ></Document>
<document> #USER# The only certainty about this pandemic is that the virus will mutate and responses to it will need to change ais a result. It shows a lack of critical thinking to assume that an ever-changing pandemic landscape should have an unchanging response. #HASHTAG# #HASHTAG# ></document>
<Document> Gazpacho Police? It's cold now! 😂😂😂😂. She is an absolute #HASHTAG#

Check out the video from MSNBC! #URL# ></document>
<Document> #USER# #USER# #USER# Well, I'm sorry this happened to you, but this isn't her first baby. ></Document>
<document> #USER# Um, so now they control who can be in a public place? So much for freedom and rights, right? What a bunch of cunts. ></Document>
<Document> #USER# #USER# What is your problem? You'd rather that some guy who sailed by and never set foot on this land name it after a place you've probably never been, rather than a name given by the early settlers?
If you don't want to call it Aotearoa, don't, but get over telling the rest of us not to. ></Document>
<document> #USER# He gets zero sympathy. He's obviously a toxic person. He can leave right now. ></Document>
<Document> #USER# #USER# #USER# #USER# No thanks. The irresponsibility of those who have already fully vaccinated "home isolated" is why omicron pulled out. Pay attention. ></Document>
<Document> #USER# Your dental hygienist is not informed. I hope you got them right. ></Document>
<document> #USER# Time to move in and out. They are plague rats at this point. ></Document>
<document> #USER# He pretty much just won the lottery. She's out of the house so now is the perfect time for him to change the locks. ></Document>
<document> #USER# However, we have repeatedly seen people board a plane negatively and exit positively. It's like being in a closed room for an extended period of time, breathing in the same pumped air that spreads infection... or magic. So hard to explain, Maurice? #HASHTAG# #HASHTAG# #HASHTAG# ></document>
<document> #USER# No one prevents them from making their own medical decisions. Employers have the right to set working conditions. The employees then have the choice of whether they meet these conditions or look for another employer. This isn't rocket science. That's called being an adult! ></Document>
<document> #USER# #USER# So you've surveyed the whole country to find your "nobody" sampling, or are you just spinning cattle excrement hoping it will stick and someone will believe you?
As for toxic, it just got rolled as LOTO, hence today's vote. ></Document>
<document> #USER# #USER# Smdh The WH is the main source of immortality, wrongdoing and corruption &amp; They complain about Hollywood. ></Document>
<Document> We've been saying that all along. Stop giving them media coverage.

Does the media coverage of the parliamentary protests add fuel to the fire? #URL# ></document>
<Document> #USER# Not on purpose.
However, my dogs have an uncanny ability to smack me in the face with their tongues if I'm not careful.

#HASHTAG# 😂😂 ></document>
<Document> #USER# #USER# #USER# #USER# #USER# I shouldo busy laughing at the absurdity of her trying to be the adult and then resorting to sarcastic retorts. ></Document>
<document> #USER# #USER# #USER# Since you mentioned it to me for the first time, that would be the only time. So you have discovered the consequences of the choice you made. Welcome to adulthood. Life is about choices and their consequences. You have made your choice, now live with your choice &amp; ffs growing up. #URL# ></document>
<Document> #USER# No, but there is a number in my house that belongs to my son and husband. ></Document>
<document> #USER# #USER# I posted the information elsewhere in this thread. you could have googled

The Constitution of New Zealand is the body of laws and principles that govern New Zealand's political governance. Unlike many other nations, New Zealand does not have a single constitutional document. #URL# ></document>
<document> #USER# #USER# #USER# You still put your own spin on it and we both know it. Nowhere did she call for violence, nor did she call for vigilante justice. Do it better. ></Document>
<Document> "You are not a patriot, you are a hypocrite"

Check out Rabba's video! #HASHTAG# #URL# ></document>
<Document> The protest is NOT peaceful. time when they were removed.

COVID protest: Grant Robertson condemns 'disturbing' scenes outside Parliament after man drove car into cops #URL# ></document>
<Document> #USER# #USER# #USER# Of course I'm not saying that. I say it's unintelligent. Of course they do, but allowing a virus to permeate a population with the potential to devastate entire populations and leave children without parents, as we have seen abroad, is a negligent response. Do it better. ></Document>
<document> #USER# #USER# Yes, he already suggested it. Jesus worked tirelessly to lift up the poor and downtrodden. Modern Christianity is not what he used to be. Just ask Luxon who would prefer to eliminate benefits for single parents who "do not comply with the state". #HASHTAG# ></document>
<document> #USER# You can call it whatever you want. He was told there was a limit on meat so was unable to purchase his usual order. #HASHTAG# ></document>
<document> #USER# #USER# The majority WANT people to take health precautions. Social media is full of ridiculous conspiracy theories and denials about this virus. It has nothing to do with the prime minister and everything to do with disinformation and cult-like gullibility. #URL# ></document>
<document> #USER# #USER# Not everyone is double vaccinated. Britain is hardly the country we want to emulate given how many are still dying there. The worldwide nursing shortage is one of the reasons for health restrictions. All this information has been widely shared, but you are still struggling. ></Document>
<document> #USER# Funny they have to put the words leader and deputy under their photos because otherwise we citizens might not be able to tell Luxon from Willis. #URL# ></document>
<document> #USER# #USER# No, it didn't. It was an ideological statement. You then went on a tangent and cried over something that was never said because you can't read. Do it better. ></Document>
<document> #USER# Tell them you're there because you think you've been exposed to Covid, but if they're willing to risk it then take off your mask. ></Document>
<Document> #USER# #USER# #USER# Dude, check yourself. The point is, and I repeat, Haka Ngati belongs to Toa and YOU decide if it can be used and how it should be used.
Intellectual property rights are a thing whether you like it or not.
Regarding your indigenous statement, wai koe? ></Document>
<Document> #USER# Not much to say. Stupidity is a deadly disease these days. ></Document>
<Document> #USER# #USER# Lament time buddy. I am so sorry that this happened to you and you. ></Document>
<document> #USER# #USER# Make no mistake if a PM, ANY PM would have attempted to influence the print media in a way you suspect would be government transgression. That's why the ASA exists. The Herald is a dustbin of right-wing ideology. Most who would have voted against would have done so regardless of media publicity. ></Document>
<Document> #USER# denies that he is a political opportunist, of course saying exactly what a political opportunist would say.
Someone who is no longer interested in being in the public eye would not seek it. ></Document>
<document> #USER# You're the one making up scenarios, dude, not me.
There were places that were not taken up. #HASHTAG#
NZers abroad at the start of the pandemic who are still there have chosen not to return, despite government encouragement. #HASHTAG#
You knew the risks. ></Document>
<document> #USER# #USER# The plans for this were announced last year, before their self-inflicted plight was even known. In NOVEMBER it was announced that the reopening would be postponed to February to allow vaccination of children due to Omicron.
Opening our borders has NOTHING to do with it. ></Document>
<document> #USER# The stupidity of these people is actually the saddest thing. That they write such crap is bad enough. That other people actually think it's worse. ></Document>
<document> #USER# #USER# #USER# You are clearly having difficulty reading &amp; understand. If all information is available to you at this point, it is a declaration of consent. If new information later comes to light, this does not contradict your consent before it becomes available. They imply Pfizer withheld information that is BS. ></Document>
<document> #USER# #USER# #USER# Why, if the majority supports it? Why should the selfish and uneducated compromise the immune system?
Note - they shouldn't and won't be, while people with common sense don't give a damn. #HASHTAG# #HASHTAG# ></document>
<document> #USER# #USER# #USER# Oh look, Emma is angry because she feels disrespected, so she starts ranting because she has no other way to express herselfss yourself. Growing up Emma. They have proved their point. You have the gall to talk about disrespect while calling people losers? ></Document>
<document> #USER# #USER# Oh damn dude, grow up. you are tiring ></Document>
<Document> #USER# No problem. Hardly a sore arm this time. ></Document>
<document> #USER# #USER# This from a man who has gone bankrupt multiple times and lost more money than any other man in US history. ></Document>
<Document> #USER# #USER# #USER# More building permits were issued under this administration than in the 9 years under Key. More houses were built. Our population also exploded thanks to Key's poor immigration policy. There's also a global housing crisis, but sure, the blame lies with the government tasked with fixing the mess. ></Document>
<document> #USER# Because they know they essentially sit in red states and vote accordingly. They're not Dems and people need to realize that. You are there for yourself, nobody else. ></Document>
<document> So why is she issuing them if she knows they don't meet the MoH threshold? Time for the Medical Council to take a look at her behavior, since it is clear that her disclaimer is an attempt at circumvention.

Physician's Vaccination Waiver Form contains "no weight", MOH says #URL# ></document>
<document> #USER# Most teachers put their students first. The rest shouldn't be in the profession if they don't want to be. ></Document>
<Document> #USER# Policies*
Nationally cut police funding along with pretty much everything else. You can't point your finger at when you caused the damn problem in the first place. ></Document>
<Document> #USER# #USER# #USER# The answer to this question is clearly yes. It was repeated and crossed with malice. See Chris Bishop's admission that their only intention was to prevent the government from governing as evidence of their willful disregard for public safety. #HASHTAG# #HASHTAG# ></document>
<document> #USER# Good for you and I'm so sorry you were spoken to.
Freedom of choice is only apparent to them. ></Document>
<document> Overwhelming support, but all RW media ever reported on is the tiny minority that whines.

Newshub-Reid Research poll: overwhelming support for COVID-19 vaccine certificates, but 900,000 still to download #URL# ></document>
<document> #USER# #USER# My hope is that your algorithms will be reset. Ka Dragon Bot. ></Document>
<document> #USER# #USER# #USER# And for the record, you have made a choice not to be vaccinated and I 100% support your right to make that choice but when the rest of us, the majority, with ours life goes on because we made different choices, &amp; want safer living conditions, don't yell at us how unfair that is. ></Document>
<document> #USER# You don't live in New Zealand but you are trying to tell me who lives here that I am wrong with the New Zealand answer and you are right. Stop making a fool of yourself. ></Document>
<Document> #USER# #USER# #USER# The government does not support them. Fml you conspiracy theorists are really tiredsome. ></Document>
<document> #USER# #USER# Where did he say he worked on both? Pro tip - he doesn't. ></Document>
<Document> #USER# #USER# #USER# Not interested in you or your disinformation. Proven liars lack integrity. end of discussion. ></Document>
<document> #USER# You don't seem to understand the difference between opinion and fact. Facts are unimpeachable truths backed by quantifiable evidence. Calling people haters because they denounce you for your opinion tends to make you what you denounce, doesn't it? Keyword ></document>
<document> #USER# #USER# #USER# #USER# You are clearly not interested in an answer to your question or in information that does not support your prejudices.
That makes you a time-wasting troll, and I don't have the time or patience for your particular brand of anal, low-key bullshit. ></Document>
<document> #USER# #USER# #USER# #USER# But your little island can't do that. #HASHTAG# New Zealand has had numerous outbreaks. Again, keep educating yourself. The Delta variant required a new strategy because nothing is a monolith, not even your annoying and false claims. ></Document>
<document> #USER# #USER# #USER# History already judges &amp; in this case, the majority made it.
1. Education &amp; Trades Trade now for free
2. Abolished national standards that negatively impacted student learning
3. Increased building permits
4. Extended Paid Parental Leave
5. Increased minimum wage ></document>
<Document> #USER# #USER# There are many idiots. Apparently they've found a willing maid in much of New Zealand's media, which has fueled unrest and vaccination hesitancy from day one.
Unfortunately, the good journalists like the team working on The Project and John Campbell's breakfast team are wholesome voices in the wild. ></Document>
<Document> #USER# Isolating home… The home you don't currently have because you've lived abroad? Or does she mean the home of a relative or friend, forcing them to isolate themselves as well? Perhaps National intends to magically build a million new homes? The stupid is already tangible. ></Document>
<document> #USER# This is disgusting. You clearly scratched the bottom of the barrel with these guys. ></Document>
<document> #USER# #USER# #USER# In general, we expect physicians to provide ethical, honest and credible service. Your refusal to answer Paddy is irrelevant, but the medical council will be a different matter. ></Document>
<document> #USER# #USER# #USER# All the information available at the time was EXACTLY my tweet. If Pfizer releases subsequent information after it has been collected, it does not negate any prior information that was available at the time. Again, I agreed. It's none of your business if people get vaccinated. ></Document>
<document> #USER# #USER# This is run by overseas disinformation dealers who are more certain than the Kiwi Psyche. ></Document>
<document> #USER# Lazy, one-eyed "journalists" (hacks) with an RW bias will do this. ></Document>
<docment> #USER# #USER# There is more than one expert and the government has done a good job so far. Stop the thinly veiled childish insults, too. ></Document>
<document> #USER# How do you know dude? Texas is racist AF. ></Document>
<document> #USER# You are what corruption and traitors look like. Sincerely someone from the other end of the world. You hypocrites made the Ukraine crisis possible for them, so you should shut up. ></Document>
<document> #USER# #USER# And just so you get my context, today my brother who lives abroad and is in lockdown watched via live stream as we held our mother's funeral service.
Sometimes we make sacrifices and while it's not easy, he doesn't blame our government for our circumstances &amp; Me neither. ></document>
<document> #USER# #USER# So, according to your profile, you're not a fan of online bullies. Is it because you don't like the competition? ></Document>
<Document> #USER# Yes. Still, we now have right-wing whiners complaining about a shortage of ICU beds. Hospitals not fit for purpose &amp; blame Labour. That BS from National is the damn reason we're catching up. Big Mouths &amp; quick reminders are what #HASHTAG# relies on. ></Document>
<document> #USER# #USER# #USER# #USER# #USER# Again with insincerity. You know damn well why. You're wasting my time. Being straight is the expected norm. For someone who says being an adult means accepting different points of view, you have a hard time accepting that I disagree with you. ></Document>
<Document> #USER# #USER# He will not be a PM. restore social cohesion? Who do you think has spent the last two years undermining the social cohesion of this country? The damn national party, that's who, &amp; Trust me I for one will stop bullying, race hate &amp; obstructionism in which they participated. ></document>
<document> #USER# #USER# #USER# Yes, I understand that, thanks. It doesn't matter to me as he has failed in his obligations to the people of this nation. #HASHTAG#
Obviously someone took this photo, meaning it was potentially at risk. ></Document>
<Document> #USER# #USER# #USER# I'm sorry this happened to your brother. Was there any definitive proof that this was caused by the Pfizer shot, or is this based on assumption? My brother-in-law had a stroke months after his second injection, there was no connection. ></Document>
<document> Not exactly sure what this guy is smoking, but apparently commenting on a post by someone I follow and having a photo of my deceased dog as an avatar is grounds for a trollbot conspiracy at the tinfoil level. he follows me too. #HASHTAG#? #URL# ></document>
<document> #USER# This is an intentionally dishonest misrepresentation of the data. As a so-called medical professional, you of all people should know that medical data should be presented correctly and not cherry-picked in this frightening and insidious way. #HASHTAG# #HASHTAG# ></document>
<document> #USER# #USER# #USER# #USER# Why should you be excused? Key's government has failed to maintain infrastructure including intensive care unit capacity. You have then accused someone of a massive failure, although it is you who are unaware that this has happened. His government ran a massive surplus by not spending on essential services. ></Document>
<Document> #USER# Oh my god too!
I've been known to tell them to get away in a fit of impotent rage. 😂😂 ></Document>
<document> #USER# #USER# Wanting to see family abroad is natural, but preventing your loved ones from catching a deadly virus is also natural. At the end of the day, death is a lot more uncomfortable than a Zoom call. ></Document>
<Document> #USER# Steve Bannon has always worked to destroy Western democracy. It's about time the New Zealand police took this seriously. Andrew Coster needs to climb up or down and get someone with the balls to get the job done. ></Document>
<Document> #USER# Typical. I'm sick and tired of the negative New Zealand media. Some of them don't deserve a damn job as they are intent on creating news rather than reporting on it. ></Document>
<Document> #USER# #USER# An MP who puts his own country in the international media doesn't deserve to be one. He works for us, not himself, and it's high time Seymour and his ilk remembered that. ></Document>
<document> #USER# #USER# #USER# I never actually gave you a label. learn to read and understand.
Try it again. ></Document>
<document> #USER# #USER# Inflation is mainly driven by global influences. The NZD reacts to the US economy like any other global currency. This is why the US stock market collapse spread around the world and why every US recession has triggered a global one. #URL# ></document>
<Document> #USER# Investigate Oligarch Influence &amp; Black money in US politics. Pass legislation to tighten regulations related to campaign earnings &amp; foreign donations/influence. At all meetings between Russian oligarchs/representatives &amp; Members of the US Congress. ></Document>
<Document> #USER# #USER# What a stupid statement. I mean, do you really believe that or are you just trying to stay relevant to the conspiracy theory crowd?
I mean, dude, we have more freedom than you, pinecone. ></Document>
<document> #USER# Lawful protest does not involve obstruction of entry to Parliament, but this continues to occur. ></Document>
<document> #USER# #USER# #USER# Inflation is being driven far more by global factors than our country's pandemic restrictions. Find out about the real causes of inflation.

#URL# ></document>
<Document> #USER# #USER# #USER# Yes. I remember being with my father &amp; Siblings &amp; finding some massive trenches that the Maori used to evade the British by literally going underground. They could strike and run with relative impunity. #HASHTAG# ></document>
<Document> #USER# #USER# Do you have make stupid comments like this about john key and his billions? How about Luxons? You are brimming with childish jealousy. I am ashamed for you. ></Document>
<Document> #USER# #USER# #USER# #USER# #USER# #USER# #USER# #USER# #USER# #USER# #USER# #USER# #USER# #USER# #USER# #USER # #USER# #USER# #USER# #USER# #USER# #USER# #USER# #USER# #USER# #USER# #USER# #USER# #USER# #USER# #USER# #USER# # USER# #USER# #USER# #USER# #USER# #USER# #USER# #USER# #USER# #USER# #USER# #USER# #USER# #USER# #USER# #USER# #USER# #USER# You don't want enlightenment Mike. You want to sit in your MAGAt position and ignore every fact that has been presented to you. The irony is that you present yourself as capable of handling it, but you can't. Still you call him Snowflake? ></Document>
<document> #USER# You're right, they do. Welcome to the consequences of the decision you made when you posted this tweet. ></Document>
<document> #USER# #USER# #USER# No natural immunity is safer, especially with new variants eliminating the viability of natural immunity against Covid, something science has already proven. #URL# ></document>
<document> #USER# They essentially defend people who exploit the vulnerable in society. That says a lot about you. You should be ashamed of yourself. ></Document>
<Document> #USER# Being arrested by the police so they can claim a sexual assault would be my guess. ></Document>
<Document> #USER# #USER# After typing &amp; Observing both the Key era and this administration, it is obvious as a layman looking at social media that Ardern's abuse is unprecedented, but here you deny and minimize. Why? Anyone with a strong moral compass would denounce it. #HASHTAG# ></document>
<document> #USER# #USER# Speaking of which, what did YOU do about it? Have you filed a broadcasting complaint? Did you write a letter to the newspapers that published it? Did you start funding me and then print an ad with counter arguments?
Or did you, like a child, blame the Prime Minister?
#HASHTAG# ></document>
<document> #USER# #USER# #USER# It crossed the threshold of experimentation in the first few months. Your ignorance is amazing. I have never lost a person with basic human rights. You should educate yourself on what they are before spreading your brainwashed nonsense. I feel sorry for you. ></Document>
<Document> #USER# #USER# She doesn't speak for Maori. Her proposal clearly shows a desire to use Maori for their own ends. #HASHTAG#. ></Document>
<document> #USER# #USER# #USER# Watch the video instead of relying on a still image that omits the entire incident and stops being so ridiculously gullible. ></Document>
<document> #USER# #USER# Dream, nightmare... who checks correctly? Hooting continues its plethora of bad and wrong takes.
Color me surprised. ></Document>
<document> #USER# #USER# #USER# #USER# Do you know how long it takes to build hospitals? I drove past Dunedin Hospital Ground Zero a little over 2 weeks ago. There is progress, but it takes timeTime. #HASHTAG#
Per my question, where will they put more beds? Where will the staff come from? ></Document>
<Document> #USER# Lmfao IKR? In the meantime, we keep inventing technologies that they then use. ></Document>
<document> #USER# #USER# What I also challenged you in was the implied statements that Te Reo Maori is not a living language by calling transliterations fake. Your tweets have actually revealed your own ingrained unconscious bias. Like telling me not to talk about English when challenged. ></Document>
<document> #USER# Nothing beats a little hint of racism, right? ></Document>
<document> #USER# #USER# #USER# You're talking like a bot buddy. Do it better. ></Document>
<document> #USER# #USER# #USER# I'm not the one to ask you out, dude. Do you have any self-confidence at all? I'm serious?
You request that I not comment on a thread while you are commenting on a thread. This is literally the point of Twitter.
You call me names because you can't control yourself. smdh. ></Document>
<Document> #USER# #USER# Oh please. You don't give a fuck about saving lives. If you did this you would help dispel the ignorant belief that 2A allowed unrestricted access to firearms &amp; support common sense gun laws.
You don't do it because you are a hypocrite like the rest of your corrupt party. ></Document>
<Document> #USER# #USER# #USER# Says the bully who copied Trump guidelines from their website and pasted them onto National's. ></Document>
<document> #USER# #USER# No, you twisted the truth to imply that the government will not disclose this to the public, which is blatant nonsense. Like other people who have fled isolation, they do not comment on an active police matter, but have always disclosed it. you are insincere ></Document>
<document> #USER# It really sucks when people face the consequences of their own actions, doesn't it?
Freedom of choice does not mean freedom from contagion. ></Document>
<document> #USER# #USER# But he will not put his own personal interests aside in order to publicly defend his country. ></Document>
<Document> #USER# #USER# Speaking of which, I was talking about his "belief in healing the sick," which is an ideological stance, NOT that he actively did. Perhaps if you push back your hysteria, you'll learn to understand what you're reading. ></Document>
<Document> #USER# The hypocrisy of this tweet. Now do the gearbox bay and how much it cost taxpayers to finish this national project...oh...wait...it's still not done. #HASHTAG# Your party's one-note solution is more streets. Put that off, your whining is annoying. ></Document>
<Document> #USER# #USER# #USER# Says the guy who repeatedly attributed things to me that I never said. #URL# ></document>
<document> #USER# I agree 100% and this is another reason why they are unfit for government. ></Document>
<Document> #USER# #USER# #USER# #USER# It has nothing to do with politics and everything to do with copyright ownership.
You are repetitive and tiredme guy ></Document>
<document> #USER# I'm sorry I don't have time for lame calculations of has beens anymore, as Piers Morgan took up quite a bit of time today.
RATS aren't reliable enough, which you would know if you were in government, but you aren't. Stop finding a platform to return to and withdraw ffs. #HASHTAG# ></document>
<document> #USER# #USER# Ah yes, the projection tactic. Every country on the planet "made it up to us" over time, and New Zealand has done a far better job than most. Sounds like a serious case of sour grapes you have.
Again, who spoke of Ardern?
stay on topic if you can ok? #HASHTAG# ></document>
<Document> #USER# #USER# Don't make a fool of yourself. The Ministry of Health is a neutral government agency that does not act on any political ideology but carries on regardless of which party is in government. To suggest otherwise is conspiracy theory nonsense. ></Document>
<Document> #USER# #USER# #USER# #USER# The red wave? Sounds like poison mud. Is there no original bone in your body? With only 30% of Americans supporting it, you really have to pray for a lot of Russian hacking. By the way, red is the color of communism. ></Document>
<document> #USER# The last thing this government can be accused of is anti-science. You are really tiring. Thank God you will never run a government in this country. ></Document>
<document> Flight passengers demand consistent vaccination card checks, use of masks #URL# ></document>
<Document> #USER# #USER# #USER# #USER# #USER# Don't make a fool of yourself. It's not the left trying to drag out a story that isn't. The person lacking objectivity here is you. Food poisoning may well be part of the story. You do not know. The question was asked and you literally lost the shit. ></Document>
<document> #USER# #USER# #USER# #USER# It is clear from your tweets that you do not understand the science as you mistakenly attribute the complete eradication of Covid to the term elimination which in the case of a zero Covid strategy means not extermination forever.
educate yourself ></Document>
<document> #USER# #USER# Remember the time when journalism had integrity and people could think critically?
Nothing this woman tweeted is accurate but sure insult the leader of a country with the best Covid response rather than questioning the fact you are letting yourself in. ></Document>
<document> #USER# #USER# #USER# Dude, she worked at a fish and chip shop when she was in school. Many New Zealand students had similar jobs. It's not shameful, on the contrary, as it shows a willingness to go their own way. However, your lack of maturity about it is something to be ashamed of. Grow up. ></Document>
<Document> #USER# #USER# #USER# Cool disinformation. Did you write your fact-free opinions yourself? ></Document>
<document> #USER# #USER# #USER# I'm stunned that you are so uninformed. What exactly do you agree with? Nothing in his ridiculous column is gemUrine.
Perhaps you worry about your own plague nation and the idiot Boris Johnson. We're fine without your fact-free calculations. ></Document>
<document> #USER# #USER# You realize you're doing exactly what you're accusing me of? Speaking and giving imperatives. ></Document>
<document> #USER# #USER# You can't know that. Given that many have tried to go there to escape lockdown, I think you're wrong.
Northland iwi, to which I belong, made their feelings very clear. If you step on our Whenua, get vaccinated or don't go. ></Document>

</author>