
	
		<document> #USER# #USER# EU help Poland to feed and house 2,000,000+ Ukrainian refugees. ></document>
		<document> #USER# #USER# #USER# The 2nd Amendment does #HASHTAG# support everyone owning guns.  It supports a GOVERNMENT-REGULATED MILITIA, a #HASHTAG# of our now-US MILITARY, taking up arms to defend the USA.nnIt's astounding how so many of you are all up the 2nd Amendment's ass #HASHTAG# knowing what it even means ></document>
		<document> Indeed, it is #HASHTAG#.nnThat is.until he started allowing #HASHTAG# to hold it over his head &amp; #HASHTAG# him to causing  even MORE #HASHTAG# to the American people, INCLUDING the #HASHTAG# COMMUNITY.nnTHAT IS THE #HASHTAG#;nn#HASHTAG# the fact that he's gay. Hell, we all #HASHTAG# that!! #URL# ></document>
		<document> I sometimes wonder what this country will turn into once the corrupt politicians, media, and oligarchs completely run it into the ground. ></document>
		<document> Do you #HASHTAG# "care about nthe U.S. Military", n.#USER#.#USER#???nnYou always #HASHTAG# you do.nnWhy are you IGNORING Putin's #HASHTAG#??? #URL# ></document>
		<document> #HASHTAG# belong in PRISON!nnOn Facebook, anti-vaxxers pushed a mom #HASHTAG# to give her son tamiflu. nnHe later #HASHTAG#.nn#URL# ></document>
		<document> #USER# The vaccine pass lawsuit was just filed. Same team that won for the cops and defence staff.
#URL# ></document>
		<document> this just in, off guard picture taken of women mid sentence looks bad in comparison to posed photo with good lighting #URL# ></document>
		<document> #HASHTAG# Our towns are #HASHTAG# combat zones. So why do police need military gear? #HASHTAG# police militarization! #URL# ></document>
		<document> Tributes pour in for ‘loving’ mum-of-three, 33, found dead at her home, as cops continue murder probe #URL# ></document>
		<document> Chelsea Manning: Help veterans by #HASHTAG# sending us to kill for ‘nationalist fairy tales’ #URL# ></document>
		<document> Here’s what it was like being 'the gay kid' from 'School of Rock.' (Spoiler: #HASHTAG# fun.) nn#URL# ></document>
		<document> Arizona Migrant Justice Activist: #HASHTAG# the #HASHTAG# Arpaio Criminalized, #HASHTAG# the Racist Sheriff #URL# via #USER# ></document>
		<document> Joint Chiefs: Tweets are #HASHTAG# enough to implement transgender military ban #URL# ></document>
		<document> #USER# Of course he is dumb as rocks given that he is shitting bricks over his military cratering and being picked apart by the Ukrainians. ></document>
		<document> #HASHTAG# VoteVets petition: nnDo #HASHTAG# task JAG officers with prosecuting #HASHTAG# at the border. Do #HASHTAG# house immigrant children on military bases!nnIT'S #HASHTAG# THEIR JOB!nn The military should #HASHTAG# be cleaning up this Cartel's #HASHTAG#-FUELED MESS!!nn#URL# ></document>
		<document> #HASHTAG# Failed To Build A Caring Economy, Does #HASHTAG# Understand The Challenges Working Families Facenn#URL# via #USER# ></document>
		<document> Don’t let the gays have Magnai, if he fucks he’ll get 100x less tolerable and pathetic, it’ll all go to his head ></document>
		<document> #USER# #USER# #USER# #USER# #USER# I am not arguing that consent shouldn't be asked, I just wanted to clarify which pov all men should have. Obviously one of the two groups of women's feeling is gonna get invalidated so I just wanted to clarify which one should be and you have told me. ></document>
		<document> Please #HASHTAG# NOW!! nn#HASHTAG# Trump's RIDICULOUS, COSTLY &amp; #HASHTAG# Military Parade!! nnThis is AMERICA... #HASHTAG# North Korea!! nn#HASHTAG# 202-224-3121 ☎📞📲☎📞📲nn#URL# ></document>
		<document> #HASHTAG#:nn"ANTIFA" IS #HASHTAG# A REAL THING!! ></document>
		<document> A gay non-binary person, they won the lottery with a ticket they found in a garbage bag. Their only desire is to create a gay cult, and they have shaggy dark blond hair. They are a vampyre and very vain. ></document>
		<document> #USER# He’s got low blood sugar because he missed his afternoon vegan soy burger ></document>
		<document> We can make politics work for all of us!n☑️ #HASHTAG# big money’s hold on politics &amp; amplify voices of regular peoplen☑️ #HASHTAG# everyone can Vote &amp; that every vote is counted!nn☑️ Draw #HASHTAG# districts so voters pick their politicians #HASHTAG# the other way aroundn#HASHTAG# ></document>
		<document> BTW, they also do #HASHTAG# "love fetuses".nnTheir anti-abortion BS is #HASHTAG# about controlling women. #URL# ></document>
		<document> #USER# Maybe the Russian military is like Starfleet, with commanders always beaming down to the planet? ></document>
		<document> #USER# A solid 5. Idk how you’d describe me being “gay” since I’m agender. ></document>
		<document> #USER# #USER# We've #HASHTAG# done sh** in our lives we probably should NOT have done.nnWe're all HUMAN.nnIt does #HASHTAG# give.THUG COPS the right to shoot and strangle us to death. ></document>
		<document> Farmers deserve a #HASHTAG# shake in their business deals. nnWe will be #HASHTAG# the court’s decision, but rest assured, we will #HASHTAG# STOP FIGHTING until #HASHTAG# is served for America’s #HASHTAG# and ranchers!!nn#URL# ></document>
		<document> #USER# #USER# Right now? Coercion and punishment.

Sanctions out the ass/economic warfare. As much covert military aid as possible to the Ukrainian resistance. Massive NATO buildup in Eastern Europe.

Isolate Russia on the world stage as much as possible. ></document>
		<document> The #HASHTAG# continues to #HASHTAG# immigrants, INCLUDING #HASHTAG#!!nn This #HASHTAG#  and SHALL #HASHTAG# be our nation's story!! Please #HASHTAG#!!nn #URL# #HASHTAG# ></document>
		<document> Will be glad when we go from propaganda back to news.
"Black women form the first line of defense for a historic Supreme Court nominee: #URL# ></document>
		<document> The IRGC MUST NOT be removed from the terrorist list.  
#HASHTAG# ></document>
		<document> Exclusive: Trump’s #HASHTAG# is supposed to make #HASHTAG# for worthy cases. nnA new #HASHTAG# contends that it is #HASHTAG#!!nn #URL# via #USER# ></document>
		<document> #USER# #USER# #USER# ANTIFA DOES #HASHTAG# EXIST, #HASHTAG#. ></document>
		<document> PETITION!! "As an Iranian #HASHTAG# I’m #HASHTAG# allowed to watch live football! nnThis Has to #HASHTAG#!nn#URL# via #USER# ></document>
		<document> Please #HASHTAG#!! Do #HASHTAG# Ban Transgender Troops! - The Veterans Site #URL# via #USER# ></document>
		<document> #HASHTAG#: Trump’s FASCIST #HASHTAG# Would Cost $92 Million.nnThat is #HASHTAG# OK.n #URL# via #USER# ></document>
		<document> #USER# #USER# It is actually fueling the fire again LGB too. I will not be surprised if gay marriage will be up for debate again. All bc the TRA groups pushed the envelope too far. You can’t keep gaslighting without people getting angry. ></document>
		<document> Tell Congress: nnDo #HASHTAG# let Trump nuse the #HASHTAG# to intervene in Venezuela!nn👇👇✏✏n#URL# ></document>
		<document> #HASHTAG# has been #HASHTAG# three times since #HASHTAG# with bipartisan support, but a #HASHTAG# House reauthorization bill does #HASHTAG# have a single Republican co-sponsor!nnLet's #HASHTAG# That!nn#HASHTAG# 203-224-3121!n📱📱📱nn#URL# via #USER# ></document>
		<document> Local #HASHTAG# should #HASHTAG# be in the dark about the #HASHTAG# available to them!!nnIt’s time to #HASHTAG#!nnTAKE ACTION: Tell Congress: nn#HASHTAG# the Local #HASHTAG#!nn#URL# ></document>
		<document> P.S. #HASHTAG# members:nnTRUMP #HASHTAG#. You are #HASHTAG# getting a 10% Raise!nnTrump Finally #HASHTAG# the Troops, But So Much Went #HASHTAG# nn#HASHTAG# #URL# ></document>
		<document> PETITION!! Tell Congress: Do #HASHTAG# Force Women to Register for the Draft, #HASHTAG# the Draft Entirely!!  nn#URL# ></document>
		<document> Apparently,  the #USER# and #USER# are perfectlyn OKAY with n#HASHTAG#, too, because they have n#HASHTAG# done sh*t about it, including the ones who have served in the #HASHTAG# themselvesnn (LOOKING AT YOU,  #USER# and #USER#, to name just a couple) #URL# ></document>
		<document> George W. Bush and Bill Clinton visit Ukrainian Church to lay flowers, pay respects #URL# #HASHTAG# why he is all time kissing Democrats ass? #USER# #USER# #USER# #USER# #USER# #USER# #USER# ></document>
		<document> The women who got second and third are Olympic medalists but yeah they just needs to train harder #URL# ></document>
		<document> Trans &amp; Non-Binary Folks on Why Birth Control Isn #HASHTAG# Just for Cis Women #URL# ></document>
		<document> #USER# Lol I know a Muslim isnt talking. No majority Muslim country allows other faiths to practice peacefully ></document>
		<document> #USER# Thin air money is for politicians and pay offs. We still have to cover handouts and infrastructure with taxes. ></document>
		<document> .#USER# has globally blocked Russian state-funded media, yet the platform has been instrumental in propagating Ethiopian propaganda against Tigrayans. This is hypocrisy. Do black lives not matter? #HASHTAG# #USER# #USER# #USER# #URL# ></document>
		<document> #USER# 1. This photo was taken after they already stood on the podium.
2. Men shouldn’t be able to compete in women’s sports, it’s a terribly unfair advantage.
Why don’t you see women competing in men’s sports and taking first place?😂 ></document>
		<document> Do #HASHTAG# Forget #HASHTAG# in Your Gay Pride Celebrations!nn#URL# ></document>
		<document> Please #HASHTAG# 202-456-1414! Demand they OBEY the Court Orders &amp; SAFELY #HASHTAG# immigrant families now!!nnNo, the Government Did #HASHTAG# Make the Deadline to #HASHTAG# Children With Their ParentsnnAnd #HASHTAG# Needs to be PUNISHED For It!!n #URL# via #USER# ></document>
		<document> #USER# Maybe because Easter is not far away for Christians and those who celebrate the general Vernal Equinox vibe with chocolate. Purim is about walnut and honey candy. I think. Not only is See's candy fabulous, but they have purposely stayed a local San Francisco treat. 😍 ></document>
		<document> So a dude in the pool beats all the women. #HASHTAG# this is sooooo wrong! ></document>
		<document> 8.1 Billion euros a year and 14 billion per year are the costs society pays not to help women who are suicidal during pregnancy &amp; after.  People are too ashamed to admit they are feeling suicidal.

Read this, it will save lives and help women stay alive before &amp; after childbirth #URL# ></document>
		<document> #USER# The real story for women is 'cardiology's problem with women'...no doubt she would/should have discussed her workplace stress with her physician...#URL# ></document>
		<document> Trump and his Attorney General just unveiled their CRUELEST #HASHTAG# on immigrants yet...nnAnd America is #HASHTAG# having it!!nn#URL# ></document>
		<document> #USER# **JUST A QUICK MESSAGE FOR ALL THOSE CANADIANS OUT THERE** Please.....take a listen!#HASHTAG# #HASHTAG# #HASHTAG# #HASHTAG# #HASHTAG# #HASHTAG# #HASHTAG#️ #HASHTAG# #HASHTAG#UnderAttack #HASHTAG# #HASHTAG# #HASHTAG# #HASHTAG# #HASHTAG#HASHTAG#nWar #HASHTAG# #HASHTAG# #HASHTAG# #URL# ></document>
		<document> #USER# Gay guy here, bet you can’t quote her directly and explain in your own words why what’s she’s said is bigoted.

#HASHTAG# ></document>
		<document> So much for progressive California.

She proposed a safe parking lot for homeless people living in cars. She helped get homeless folks living in tents access to medical care.

Now the Sacramento councilwoman is threatened with a recall.

By #USER#
#URL# ></document>
		<document> #USER# #USER# #USER# #USER# #USER# Did you just say a group of politicians have “decency &amp; respect”? 🤪 #URL# ></document>
		<document> #USER# Imagine living in the USA today, where the #HASHTAG# source of destruction of the USA is Democrats, books about CRT are being taught, parents are criminalized for speaking at School Boards, yet asserting the 1st amendment given to us by our Constitution is being destroyed by DemoRats! ></document>
		<document> This is #HASHTAG# a game. We SERIOUSLY need to #HASHTAG# This #HASHTAG# MONSTROSITY.. nnAND HIS #HASHTAG# $30MILLION PARADE!!nn#URL# ></document>
		<document> Nobody: 

Women: Send all the niggas that don’t eat pussy to Russia 😂 ></document>
		<document> Is it me or does bad vegan from Netflix sounds like a real long ass story time from a tik tok??!! #URL# ></document>
		<document> Over the last 24 hrs they have #HASHTAG# over $10,000 to legal hot-spots around the country to pay for legal experts, election #HASHTAG#, and expensive court fees. nnWe are #HASHTAG# going to leave any fight or ballot uncontested.nnPlease #HASHTAG# to our Legal Fund!nn#URL# ></document>
		<document> THIS IS #HASHTAG# OK!!!nn#HASHTAG# MEDICAL CARE in ICE Detention Is KILLING Immigrants, ENDANGERING Lives nn#URL# via #USER# ></document>
		<document> #USER# #USER# In case Trump-humpers are confused: The handsome gentleman on the left-hand side in the #HASHTAG# uniform is a #HASHTAG#. The decidely #HASHTAG# handsome scumbag on the right-hand side holding the trophy is a cowardly, #HASHTAG# pervert. That concludes today's lesson. You're Welcome. 😀 ></document>
		<document> You sent #HASHTAG#.nnThey are #HASHTAG# military.nnYou forget what country this is.nnWE WILL BEAT YOU DOWN, YOU #HASHTAG#. #URL# ></document>
		<document> You are WRONG,. #USER#! n1) NO, mass shooting are #HASHTAG# "mostly done by Democrats". That has been PROVEN FALSE. n2) It wouldn't matter even if it were true (which it is #HASHTAG#). WE STILL WANT GUN SAFETY LAWS!! nNow knock off your #HASHTAG# BS &amp; #HASHTAG# SENSIBLE GUN LAWS! #URL# ></document>
		<document> #USER# Just like conservatives ignore the terrorism of Palestinians at the hands of the Israeli government and military. ></document>
		<document> So groups like SYSBM, channels like Fresh &amp; Fit &amp; Tommy Sotomoisture &amp; black men who follow them just casually don’t exist now? 

I mean, we see black women do it more but we’re not gonna lie like it’s nonexistent for black men. #URL# ></document>
		<document> gay people are real and seunggi is one of them ></document>
		<document> The World's First Oscillating G-spot 'Vibrator'! #URL# #HASHTAG# #HASHTAG# #HASHTAG# #HASHTAG# #HASHTAG# #HASHTAG# #HASHTAG# #HASHTAG# #HASHTAG# #HASHTAG# #HASHTAG# ></document>
		<document> The organization is not imploding. 

Ultra-leftists gotta be so extra. #URL# ></document>
		<document> #HASHTAG# Video Shows #HASHTAG# BEFORE Being MURDERED.nnHE WAS #HASHTAG# RESISTING.nn#HASHTAG# Calls for Charges Against #HASHTAG# 4 Cops n #URL# via #USER# ></document>
		<document> Nazik al-Mala’ika, from ‘My Silence’, Women of the Fertile Crescent: An Anthology of Modern Poetry by Arab Women. #URL# ></document>
		<document> “I could #HASHTAG# stand by anymore.” Marine commander speaks out on military sexual assault crisis. Introducing #HASHTAG# new CEO!nnTake action here: n#URL# ></document>
		<document> #USER# P.S.:nnIf #HASHTAG# actually cared about #HASHTAG#, nthey would n#HASHTAG# TRYING nto cut n#HASHTAG# programs such as Medicaid, WIC, etc.nnThey're #HASHTAG# "protecting the unborn"; THEY'RE TRYING TO #HASHTAG# WOMEN. ></document>
		<document> #USER# #USER# where vanity and self obsession deny Israel's massacres and use of violent military force to ethnically cleanse and entire population of Arabs using the excuse, "we lived here two thousand years ago". ></document>
		<document> #USER# #USER# You and your BOYFRIEND #HASHTAG# make a very cute couple, #USER#. nnLook, #HASHTAG#.. No one cares that you're gay. Seriously, we don't. nnSo #HASHTAG# embarrassing yourself. He is #HASHTAG# your "adopted son". nnWe saw the public records, Your story is BULL SH*T. ></document>
		<document> OK, TWO Things:nn1) The woman who claimed to be a "major #HASHTAG# supporter" but somehow "did not know" that he is gay WAS a #HASHTAG#.nn2) #HASHTAG#, nPelosi ndid #HASHTAG#T "break the law" by ripping up the speech.nnThe original was ALREADY #HASHTAG#.nnShe tore a #HASHTAG#. nnTherefore, #HASHTAG#. ></document>
		<document> #USER# #USER# So you would’ve been ok playing softball against a team of trans women? ></document>
		<document> #USER# Absolutely despicable that this was even allowed the opportunity to happen! A male has no place competing against women. Disgraceful ></document>
		<document> 120K+ Tigrayan women and girls have been brutally raped by Amhara, Eritrean and Ethiopian forces. Many left without proper treatment as a result of the siege. Will you please be a voice for these women? #USER# #USER# #HASHTAG#  #URL# ></document>
		<document> Support #USER#: nnWe will #HASHTAG# comply with a HATEFUL #HASHTAG# that is criminalizing #HASHTAG# and locking #HASHTAG# and families in #HASHTAG#.... #HASHTAG# our Muslim sisters and brothers...and #HASHTAG# our #HASHTAG#!! nn#URL# ></document>
		<document> PETITION! Tell Trump: Do #HASHTAG# Take Money From Domestic Programs To Bloat The Military!!! - The Hunger Site #URL# via #USER# ></document>
		<document> #USER# #USER# #USER# #USER# LOVE REFUGEES AS YOURSELFnWHEN A #HASHTAG# RESIDES AMONG YOU IN YOUR LAND, DO #HASHTAG# MISTREAT THEM. THE FOREIGNER RESIDING AMONG YOU MUST BE TREATED AS YOUR NATIVE-BORN. LOVE THEM AS YOURSELF, FOR YOU WERE FOREIGNERS IN EGYPT. (LEVITICUS 19:33-34) ></document>
		<document> #USER# They're #HASHTAG# even Military.nn They're prison inmates &amp; mercenaries dressed in fatigues. ></document>
		<document> PETITION!! Tell the White House to FIX The #HASHTAG# Problems Now! - Veterans need SOLUTIONS, #HASHTAG# CUTS!!nnThe Veterans Site #URL# via #USER# ></document>
		<document> #USER# it is our lives and choice but I don't feel any of our men and women need to be sent over seas to fight battles that have nothing to do with us citizens. PROTECT OUR BORDERS and America FIRST!!!!! ></document>
		<document> #USER# #USER# #USER#
#USER# #USER# #USER# #USER# #USER#  “First of its Kind human NFT” 
Women Unite 10k Assembly Women Launching 28-03-2022
⭐️ Exclusive Unbelievable
👉 $235,000 Giveaway!!!!! 
👉 Click here: #URL# ></document>
		<document> #USER# You do #HASHTAG# know the law very well, do you, dumbass??nnYou do #HASHTAG# know MILITARY rules, either.nnDenying quarter is a CRIME.nnDamn, you're dense. nn🙄🙄🙄nn.#USER# ></document>
		<document> Do #HASHTAG# ever tell me that Dems are "doing nothing".nn#HASHTAG# are doing a helluva #HASHTAG#; nBut the f**king n#HASHTAG# blocks everything that actually HELPS people.n🤬🤬🤬nnPelosi, top Democrats unveil #HASHTAG# billnn#URL# ></document>
		<document> I would REFUSE to refer to that #HASHTAG# Usurper as 'president', #USER#. EVERYONE needs to #HASHTAG# calling him that, including politicians and media. He is #HASHTAG# legit and everybody knows it! #URL# ></document>
		<document> Soldiers used ethnic slurs, threats &amp; degrading comments - survivors said their rapists told them 'This is what you deserve' 'You are disgusting'. The sexual violence intended to instil fear, humiliate victims and their ethnic group. #HASHTAG# #USER# ></document>
		<document> #USER# Thankfully, hundreds of thousands of anti-mask anti-vaxx clownie #HASHTAG# got the freedom them deserved.

Maybe not enough.

But with 1k muppets STILL getting ground into dust PER DAY by the "totally contained" scam, don't worry.

Plenty time for God to finish His plan 🙏 #URL# ></document>
		<document> #USER# #USER# #USER# #USER# #USER# #USER# #USER# Fano Terrorist organization buried human beings alive must disarm fano criminal organization ></document>
		<document> Indeed, Pres. #USER#.  nnWHY have you #HASHTAG# filed a fricking nWRIT OF MANDAMUS nagainst #HASHTAG# for her ILLEGAL nrefusal to Certify the Election Results?nnGET YOUR #HASHTAG# ON THIS TODAY!! #URL# ></document>
		<document> #USER# Will conservatives go after title 9? Isn't that the main reason all these woman sports exist? ></document>
		<document> NEVER TRUST A NIGGA WHO CALLS WOMEN "FEMALES" ></document>
		<document> Dem tranny's made women's sports a laughing crying joke... Dems destroyed it like they do everything... #HASHTAG# #HASHTAG# #HASHTAG# #HASHTAG# ></document>
		<document> Trump’s #HASHTAG# nIs a #HASHTAG# and Must n#HASHTAG# Go Up... nnBut the “Border Security” of the #HASHTAG# Is ALSO a Machinery of n#HASHTAG# Persecution, Demonization, and Deportationn #URL# ></document>
		<document> Honestly, #USER#, we DO #HASHTAG# CARE that you're gay. nnIt's the fact that you're a racist, hateful d*ckbag with Mommy Issues that's problematic. nn#HASHTAG# #URL# ></document>
		<document> Once again, #HASHTAG# is busted as a lying sack of crap.nnUkraine still has #HASHTAG# received $35 million of #HASHTAG# military aidnn#URL# ></document>
		<document> Republicans Are #HASHTAG# Even Trying to Fight the Democrats’ Covid Relief Bill.nnBut #USER# is completely  IGNORING it.n #URL# Follow #USER# ></document>
		<document> On #USER#  “Sonstein Sunday” at 6:55 AM , MBE winner Simon Lewis tells what it’s like to get the 3rd highest  honor bestowed by the royal fmaily in England. Simon was honored for his work with The Red Cross in Britain.And he’ll advise the best way to help the Ukraine refugees. ></document>
		<document> &amp; Jayda prolly wasn’t even on that 😂 it just be UNACCEPTABLE for women ></document>
		<document> #USER# #USER# She actually normalises discrimination (she thinks she is above all human beings), racism &amp; white supremacy (she still ensure she retain people of colour  her subjects) , sexual exploitation of women( Andrew uses women his sex toys) &amp; suppression of any dissent like Harry’s case. ></document>
		<document> Please #HASHTAG# to ntell the #USER# nthat n#HASHTAG# someone simply for who they #HASHTAG# or how they identify is n#HASHTAG# okay!!nnPROTECT #HASHTAG# WORKERS!!nn📝📝👇👇👇n#URL# ></document>
		<document> It's #HASHTAG# about "saving the fetus" for the #USER#;nnIT'S ABOUT #HASHTAG# WOMEN. #URL# ></document>
		<document> #USER# Watson only needs 4 more women to reach trump's number of sexual assault accusers at 26. ></document>
		<document> #USER# Fallen women are the real problem everywhere ></document>
		<document> This Is #HASHTAG# an Ordinary n#HASHTAG# —n It’s a Way to n#HASHTAG# Refugeesnn #HASHTAG# #URL# ></document>
		<document> THIS IS IMPOSSIBLE 🤓

The media in the west says “Taliban bad”, “Taliban hate women”. So so so so it must be true. #URL# ></document>
		<document> #USER# #USER# #USER# obiden is giving Ukraine to Putin as we speak, just like obiden gave Afghanistan to the Taliban. 

He is a spineless idiot that will NEVER accomplish anything during his political career, other than destroying the United States. 

But I am glad. Our military isn't ready for that. ></document>
		<document> Please #HASHTAG# ton tell the n#USER#:nnInvestigate and #HASHTAG# violence, n#HASHTAG# Black people's struggle for freedom!!nn👇👇📝📝n#URL# ></document>
		<document> Not sure. #USER#  #HASHTAG# "New York City" but I see no proof of that since he #HASHTAG# to show his LONG-FORM BIRTH CERTIFICATE. nnHis PARENTS were IMMIGRANTS so he's evidently #HASHTAG# actually an American.... so I'm not sure WHAT he is. #URL# ></document>
		<document> PETITION!! Do #HASHTAG# Let the Meat Industry Bully Vegan Startups!nn #URL# ></document>
		<document> US military helicopter carrying four people CRASHES in Norway #URL# ></document>
		<document> We #HASHTAG# give up hope. nnWe must #HASHTAG# our #HASHTAG# into action, and n#HASHTAG# BACK!!nnFor #HASHTAG#, for families, for survivors who will #HASHTAG# back down until we n#HASHTAG# those in power #HASHTAG#!!nn#URL# ></document>
		<document> Oh also it's very funny that the video people are sharing really turns on the idea that "tactical" is just a Military Man word for "cool", which it is not, it has an actual meaning to people who don't have dogshit in their skulls. ></document>
		<document> #USER# #USER# #USER# #USER# Doubt very much that any of your rights have been violated by anyone, especially Christians, exercising their rights to worship etc as they wish ></document>
		<document> #HASHTAG# should have KNOWN BETTER.nnIt's #HASHTAG# as ifn it was his FIRST #HASHTAG# in the fricking MILITARY!! #URL# ></document>
		<document> omg wait, is this the gay super bowl we’ve been waiting for??? #HASHTAG# ></document>
		<document> #USER# #USER# This isn't what Scotland wants. Why aren't you helping the 10,000 plus families in temporary emergency housing and the Glasgow street homeless, that results in deaths of hypothermia each month? ></document>
		<document> Dm if ur horny lets talk im so wet 🥵 #HASHTAG# #HASHTAG# #HASHTAG# #HASHTAG# #HASHTAG# #HASHTAG# #HASHTAG# #HASHTAG# #HASHTAG# #HASHTAG# #HASHTAG# #HASHTAG# #HASHTAG# #HASHTAG# #HASHTAG# #HASHTAG# #HASHTAG# #HASHTAG# #HASHTAG# #HASHTAG#tribute #HASHTAG# #HASHTAG# #HASHTAG# #HASHTAG# #HASHTAG# ></document>
		<document> Sen. Merkley’sn #HASHTAG#, the “Prohibiting Unauthorized Military Action in Venezuela Resolution of 2019,” has FIVE #HASHTAG#, incl. Bernie Sanders, #HASHTAG#, nPatrick Leahy &amp;  Elizabeth Warren. nn#USER#, n#USER# &amp; #USER# nhaven#HASHTAG# nco-sponsored yet. ></document>
		<document> Inviting #HASHTAG# makes nme think maybe you're #HASHTAG# as nsupportive ofn#HASHTAG# as you say.n🤔🤔🤔🤔🤔nn#HASHTAG# KASICH!!nn.#USER# Responds to News That #HASHTAG# Extremist n#HASHTAG# Is Expected to Speak at DNC - nn#URL# via #USER# ></document>
		<document> PETITION!! Do #HASHTAG# Let the VA Ignore How This State Helped Vets Off the Street! - The Veterans Site #URL# via #USER# ></document>
		<document> Russian troops’ morale collapsing as Ukraine ‘wipes the floor with them’, military expert claims #URL# ></document>
		<document> Military to Trump: we will #HASHTAG# ban transgender service members just because you tweeted about it #URL# via #USER# ></document>
		<document> #USER# #USER# #USER# #USER# #USER# I believe you humans are very much into having role models to aspire to? Your country is not one that currently favours the rights of women of any kind to my eyes so perhaps a woman president would change that? ></document>
		<document> Please #HASHTAG# the petition to n.#USER#: nnPROTECT VICTIMS, #HASHTAG# sexual predators!nn👇👇👇📝📝📝n#URL#? ></document>
		<document> but also former catholic here ... and I have bad news for you cause even nuns get sexually assaulted in their church by male members of the clergy..it's more common than you think ... ></document>
		<document> #HASHTAG#! DO #HASHTAG# Let the Government Take Money from Vets and Their Families! - The Veterans Site #URL# via #USER# ></document>
		<document> #USER# Amazing #USER# has anti American #USER# on every night spreading pro #HASHTAG# commentary as innocent #HASHTAG# #HASHTAG# #HASHTAG# being killed think #HASHTAG# against humanity

Suggest view #USER# #USER# interview #USER#

#URL#

#USER#Opinion #URL# ></document>
		<document> #USER# #USER# #USER# I also oppose essentialism, but if feels like you said as much and then essentialized a bunch of white folks in the next sentence.
Essentialism would be thinking Owens would have more to say about black culture than a doctorial scholar of African American studies (race unknown). ></document>
		<document> See, #HASHTAG# are #HASHTAG# afraid to answer questions, unlike a certain OTHER party.... 😀😀nnrep #HASHTAG# Answers Questions from Constituents at #HASHTAG# nn#URL# ></document>
		<document> #USER# Folks here in the Bible belt LOVE Putin because he is NOT woke!#URL# ></document>
		<document> Voters do #HASHTAG# have problem with n#HASHTAG# women in politicsn #URL# via #USER# ></document>
		<document> The War That Never Ends for the US Military High Command -- and It's #HASHTAG# the War on Terror #URL# via #USER# ></document>
		<document> If your #HASHTAG# still is #HASHTAG# signed on in support of the Violence Against Women Act (#HASHTAG#), PLEASE  #HASHTAG# n202-224-3121 &amp;demand They #HASHTAG# it!!nn#URL# ></document>
		<document> Yes,n.#USER# , we DO want to DEFUND THE #HASHTAG# OF POLICE. nnWe want to take #HASHTAG# now going for UNNECESSARY tanks &amp; military #HASHTAG# nthat COPS DO n#HASHTAG# need  &amp; #HASHTAG# it into PROPER n#HASHTAG# for incoming cadets.nnWe will #HASHTAG# f*cking apologize for that. ></document>
		<document> Possible ‘active shooter’ at Salem Center mall in Oregon as cops hunt suspect after reports of gunfire #URL# ></document>
		<document> #USER# just interviewed two women who save birds and it’s incredible. They’re twins and don’t just finish each other’s sentences they actually say the same sentences at the same time. #URL# ></document>
		<document> PETITION!! nnCalifornia, #USER#,  Do #HASHTAG# Send National Guard Troops to the Southern Border! nnWE ARE #HASHTAG# AT WAR WITH MEXICO!! #HASHTAG# Trump's #HASHTAG# misuse of the military!! nn#URL# ></document>
		<document> - #HASHTAG#|an women have been subjected to brutal treatment aimed at dehumanising them. #USER# reported 'Eritrean troops inflicted torture solely to cause maximum pain and damage, not to extract information' #HASHTAG# #USER# ></document>
		<document> #USER# Men's and women's programs both advance in her first 24 hours! ></document>
		<document> Addressing women’s workforce participation and closing the gender pay gap could generate significant economic gains across the OECD. Uncover more in our #HASHTAG# Index:  #URL# ></document>
		<document> honestly I don't see nothing homofobic in what Tim and Kristen said, like they're the same that write about Hen and she's lesbian.
Tarlos and they're both gay. Why should they have a problem in making Buddie canon? ></document>
		<document> #USER# Do #HASHTAG# EVER call yourself a 'Christian'.  Doing so is a SLAP in the face to JESUS who Preached that we should n#HASHTAG# FOR IMMIGRANTS n&amp; TO n#HASHTAG# MISTREAT THEM.nnCrack open a f**king #HASHTAG# sometime, you uneducated sow.nnYou might accidentally learn something. ></document>
		<document> Got some new underwear the other day. 🤫

Well, new to me of course!!😈

#HASHTAG# #HASHTAG#mtl #HASHTAG# #HASHTAG# #HASHTAG# #HASHTAG# #HASHTAG# #URL# ></document>
		<document> Defense Secretary #HASHTAG# reportedly was #HASHTAG# consulted before the military dropped the 'Mother of All Bombs': #URL# ></document>
		<document> #USER# Freedom?
Texas has been conquered, along with America, by nwo leftists, globalists &amp; cultural marxists.
Statues &amp; monuments vandalized, defaced &amp; removed.
Schools, streets, parks &amp; buildings renamed...
Our heritage &amp; culture are being destroyed.  Our history rewritten. ></document>
		<document> WAKE UP, GIRL! he's #HASHTAG# your friend!!--&gt;#HASHTAG# calls out Trump over transgender military ban: #URL# via #USER# ></document>
		<document> Donald #HASHTAG# &amp; Mike #HASHTAG# are Sticking to their #HASHTAG# agenda.nnSo we’re sending them a #HASHTAG# to PUT THEM ON NOTICE!!nnWe’re #HASHTAG# letting them get away with #HASHTAG# Women's lives!nnPlease #HASHTAG# nto n#HASHTAG# nthe letter &amp; n#HASHTAG# Democratic women!nn#URL# ></document>
		<document> Why We Need More Filmmakers Who Are #HASHTAG# Cisgender White Men #HASHTAG# #URL# ></document>
		<document> I can’t stop thinking about how earlier this week I ended up working on a project with two other true plus size women and we sat and talked for almost an hour about our shared experience with shopping and just existing while fat. It was so liberating and nice. ></document>
		<document> #USER# Are you gay ? 🤔

Now that I have your attention.. 🤦‍♂️

#USER# offers various organic growth services and help NFT clients fill their discord, get mints and much more.

Dm the word « glitch » on #USER# to sell out your NFT project! ></document>
		<document> PETITION!! Tell Congress: Do #HASHTAG# cut funding for programs that PROTECT #HASHTAG# farmers and hungry Americans! nn#URL# via #USER# ></document>
		<document> #USER# #USER# #USER# #USER# #USER# #USER# Lol sure buddy wanting good sex ed in school which leads to less abortion, less teen pregnancy, less stds, more welcoming of the lgbt+ community really is such a strange idea ></document>
		<document> Maybe the right thing to do is to learn from the past, and stop playing political football with immigrants and refugees from all over the world.

Taking care of immigrants and refugees in the U.S. should be above politics, but the far left and far right treat it ONLY as politics. ></document>
		<document> #USER# I was pretty sure these perpetrators would be White Supremacist women, so imagine my shock upon watching the video ></document>
		<document> #USER# #USER# Trans beats gay and woman in the current round of leftist "rock‐paper‐scissors" ></document>
		<document> #USER# I love the way they drew women then and the statues r 😍 ></document>
		<document> PETITION! #HASHTAG#, Tell Students Protesting Gun Violence Will #HASHTAG#  Hurt Admission Chances! RESPECT THE #HASHTAG#!!  #HASHTAG# #URL# ></document>
		<document> I sincerely hope that #HASHTAG# know that #HASHTAG# all of us are like #HASHTAG#. nnIn fact, the #HASHTAG# OF US ARE #HASHTAG# like that Racist Weasel! ></document>
		<document> #USER# Was she jealous of other women’s maternity leave or jealous of them having babies? ></document>
		<document> Just cuz she’s taller really doesn’t mean much. Yea it may be bogus for biological men to participate in sports with biological women n the women may be uncomfortable with it but the normality of trans people in sports not aligned with they sex at birth has been goin on #URL# ></document>
		<document> It appears to me that these comments are promoted &amp; most the people liking them are the ones programmed 
They just like &amp; RT these tweets all day but for the life of me I can't think of one I can post
Like Trump won or the testicles are winning in women sports or Biden sucks... #URL# ></document>
		<document> North-east Tory politicians call for increased oil extraction – Grampian Online #URL# ></document>
		<document> #USER# #USER# Yeah, well technically liberal is pretty close to libertarian... That's not to say the people who are considered "liberal" these days are anything close to libertarian though... But OG liberals are ></document>
		<document> #USER# also its funny how whenever we talk about cis men and cis womens sports its a unanimous agreement that splitting sports up by gender is misogynistic and stupid but when a trans woman wants to participate in womens sports then suddenly splitting sports up by gender is good now ></document>
		<document> Bread lines in Brooklyn but The Democrats tweet this. #URL# ></document>
		<document> No one can really admit anything about negative about gay people because we’re needed, we’re wanted and everyone would want to be treated equal. ></document>
		<document> Good for them.nnI still do #HASHTAG# trust them. nn#URL# ></document>
		<document> Of course it #HASHTAG# fake. We have all heard #HASHTAG# disparage our military before with our own ears. nnRemember the crap he said about #HASHTAG#??nnHell, even #HASHTAG# &amp; other rightwing outlets #HASHTAG# that he said it then &amp; has said it MANY times before. #URL# ></document>
		<document> #HASHTAG# Veterans Medical Center at (804) 675-5242! Tell them you do #HASHTAG# want your tax dollars funding cruel, wasteful experiments on puppies! #URL# ></document>
		<document> #USER# #USER# #USER# #USER# #USER# Using outliers like individuals or specific teams doesn’t work bubba. The sport as a WHOLE is still in mens favor. Men AND women would rather watch mens sports. ></document>
		<document> diversity win! disney allows the restoration of a single (1) gay kiss scene they had previously demanded to be cut from the film, resulting in homophobes to believe this change will enable pedophilia somehow.

there was no mention of disney cancelling their funding of homophobia. #URL# ></document>
		<document> The Hill family goes shopping at the Mega Lo Mart, where they get lost in women's intimates. Connie comes to the rescue, but decides that the Hill family is more trouble than they're worth and leaves. Meanwhile, Chuck Mangione is revealed to still be living in the Mega Lo Mart. ></document>
		<document> #HASHTAG# FINALLY admits that Peaceful Protesters #HASHTAG# just randomly be KIDNAPPED by #HASHTAG#.nnP.S. REMEMBER THAT THESE ARE #HASHTAG# POLICE.nnTHESE ARE #HASHTAG# MILITARY.nnTHEY ARE RANDOM #HASHTAG# THROWN TOGETHER BY THE #HASHTAG#. ></document>
		<document> #USER# #USER# Democrats are suppose to except ANYTHING. So an open gay male should be a given in for that instance, but you flip it how you want. ></document>
		<document> Please #HASHTAG#!--&gt;They Served Us, Now Let's Serve Them - DO #HASHTAG# DEFUND MEALS ON WHEELS!! - The Veterans Site #URL# #USER# ></document>
		<document> yo women look so good i get dizzy thinking about how i wanna rearrange there guts. it’s crazy ></document>
		<document> PETITION! Medical Research Must #HASHTAG# Ignore Women - The Breast Cancer Site #URL# via #USER# ></document>
		<document> This is definitely #HASHTAG# what #HASHTAG# would do!!nnCities Across US Are Stripping #HASHTAG# People of Their Autonomyn #URL# via #USER# ></document>
		<document> for years now n it’s the states that allow this. People are mad cuz the woman in 2nd place lost cuz it’s a “man” winning in a woman’s sport but y’all were heated when a biological woman that’s a trans man played wrestling with women n won 😭 ></document>
		<document> #USER# Companies like Disney, have already just started promoting support for LGBT relationships and people, but a bunch of homophobic people don't want children (theirs or not) exposed to these concepts 🤨😠😡🤦‍♂️. ></document>
		<document> Do #HASHTAG# Raid Military Funds for a Wall. nnRaid Them for #HASHTAG# Care!!n #URL# via #USER# ></document>
		<document> #USER# Ok we get it, you read gay Harry Potter smut x ></document>
		<document> While you're at it, #USER# #USER#  how about n#HASHTAG# TRUMP for HIS n#HASHTAG# support of White Supremacists.nnThey are most certainly #HASHTAG# "fine people"!!nn#HASHTAG# being selectively "outraged".nn#URL# ></document>
		<document> #USER# It’s giving I’m gay but I’m shy but I also like to eat d*ck ></document>
		<document> LGBT People Should #HASHTAG# Be Punished for Self-Defense #HASHTAG# #URL# ></document>
		<document> #USER# #USER# #USER# Lol well I suppose if you think she's the only one involved here that would be a way to wiggle out of the conspiratorial thinking... but she has coaches, doctors, and the swim org backing her, clearly. If you learn more about trans people you mite discover this. ></document>
		<document> PETITION!! Demand #HASHTAG# appoint judges who will #HASHTAG# OUR RIGHTS and #HASHTAG# attack them!nn#URL# ></document>
		<document> #USER# I have read on the situation and from what I've seen JK Rowling believes that trans women are not biological women and should not be considered as such (which is valid and logical reasoning) so people have now exaggerated the situation by claiming that she is an evil bigot. ></document>
	
</author><document> #USER# #USER# EU helps Poland to care for and shelter over 2,000,000 Ukrainian refugees. ></Document>
<document> #USER# #USER# #USER# The 2nd Amendment #HASHTAG# supports anyone who owns a gun. It supports a REGULATED MILITIA, a #HASHTAG# of our current US military, taking up arms to defend the US.nnIt's amazing how many of you all stand behind the 2nd Amendment #HASHTAG# and know what it even means > </document>
<document> Indeed it is #HASHTAG#.nnIt is.until he started allowing #HASHTAG# to hold it over his head &amp; #HASHTAG# him to add MORE #HASHTAG# to the American people, INCLUDING the #HASHTAG# COMMUNITY.nnTHIS IS THE #HASHTAG#;nn#HASHTAG# the fact that he is gay. Damn we all #HASHTAG# that!! #URL# ></document>
<Document> I sometimes wonder what will become of this country when the corrupt politicians, media and oligarchs plunge it completely into the abyss. ></Document>
<document> Do you #HASHTAG# "care about the US military", n.#USER#.#USER#???nnYou always do #HASHTAG#.nnWhy are you IGNORING Putin's #HASHTAG#??? #URL# ></document>
<Document> #HASHTAG# belongs in jail!nnOn Facebook, anti-vaccination activists urged a mother #HASHTAG# to give her son Tamiflu. nnEr later #HASHTAG#.nn#URL# ></document>
<Document> #USER# The vaccination card lawsuit has just been filed. The same team that won for the cops and defense personnel.
#URL# ></document>
<document> This just-came-in, off-the-cuff image of women, taken mid-sentence, looks poor compared to a posed photo with good lighting #URL# ></document>
<Document> #HASHTAG# Our cities are #HASHTAG# battle zones. Why do the police need military equipment? #HASHTAG# Militarization of the police! #URL# ></document>
<document> Tributes are pouring out for the 'loving' mother-of-three, 33, who was found dead at her home as police continue murder investigation #URL# ></document>
<Document> Chelsea Manning: Help veterans by #HASHTAG# us to kill for 'nationalist fairy tales' #URL# ></document>
<document> That's what it was like to be "the gay kid" from "School of Rock". (Spoilers: #HASHTAG# fun.) nn#URL# ></document>
<Document> Arizona Migrant Justice Activist: #HASHTAG# the #HASHTAG# Arpaio Criminalized, #HASHTAG# the Racist Sheriff #URL# via #USER# ></document>
<document> Joint Chiefs: Tweets are #HASHTAG# enough to implement transgender military ban #URL# ></document>
<document> #USER# Of course he's dumb as a rock considering he's shitting bricks over his military crater and being ripped apart by the Ukrainians. ></Document>
<Document> #HASHTAG# VoteVets Petition: nnTask #HASHTAG# JAG officers to track #HASHTAG# at the border. Harbor #HASHTAG# immigrant children on military bases!nnIT IS #HASHTAG# YOUR JOB!nn The military should #HASHTAG# clean up the #HASHTAG# LEAD BY this cartel!!nn#URL# ></document>
<document> #HASHTAG# failed to build a caring economy, #HASHTAG# understands the challenges working families facenn#URL# via #USER# ></document>
<Document> Don't let the gays have Magnai if he fucks he becomes 100x less tolerable and pathetic it will all go to his head ></document>
<document> #USER# #USER# #USER# #USER# #USER# I'm not suggesting that you shouldn't ask for consent, I just wanted to clarify what POV all men should have. Obviously, one of the two sets of women's feelings is devalued, so I just wanted to clarify which one that was supposed to be, and you told me so. ></Document>
<Document> Please #HASHTAG# NOW!! nn#HASHTAG# Trump's RIDICULOUS, PRECIOUS &amp; #HASHTAG# military parade!! nnThis is AMERICA... #HASHTAG# North Korea!! nn#HASHTAG# 202-224-3121 ☎📞📲☎📞📲nn#URL# ></document>
<Document> #HASHTAG#:nn"ANTIFA" IS #HASHTAG# A REAL THING!! ></Document>
<document> A gay non-binary person, they won the lottery with a ticket they found in a garbage bag. Their only desire is to create a gay cult and they have shaggy dark blonde hair. You are a vampire and very vain. ></Document>
<document> #USER# He has low blood sugar because he missed his vegan soy burger in the afternoon ></document>
<Document> We can make politics work for all of us!n☑️ #HASHTAG# big money affects politics Amplify ordinary people's votes☑️ #HASHTAG# everyone can vote &amp; that every vote is counted!nn☑️ Draw #HASHTAG# districts so voters select their politicians #HASHTAG# inverse#HASHTAG# ></document>
<document> By the way, they also #HASHTAG# "love fetuses".nnTheir anti-abortion bullshit is #HASHTAG# about women's control. #URL# ></document>
<document> #USER# Maybe the Russian military is like Starfleet, wherever commanders beam down to the planet? ></Document>
<document> #USER# A solid 5. I know how you would describe me as "gay" since I'm aender. ></Document>
<document> #USER# #USER# We've done #HASHTAG# shit in our lives, which we probably should NOT have done.nnWe're all HUMAN.nnIt gives #HASHTAG#.THUG COPS the right to shoot and strangle us Deaths. ></Document>
<document> Farmers deserve a #HASHTAG# shake on their business deals. nnWe will be #HASHTAG# the court's decision, but rest assured we will #HASHTAG# STOP FIGHTING until #HASHTAG# is served for America's #HASHTAG# and ranchers!!nn#URL# ></document>
<Document> #USER# #USER# Right now? coercion and punishment.

Sanctions from the butt/economic war. As much covert military aid as possible to the Ukrainian resistance. Massive NATO rearmament in Eastern Europe.

Isolate Russia on the world stage as much as possible. ></Document>
<Document> The #HASHTAG# continues to #HASHTAG# immigrants, INCLUDING #HASHTAG#!!nn This #HASHTAG# and #HASHTAG# SHALL be the history of our nation!! Please #HASHTAG#!!nn #URL# #HASHTAG# ></document>
<Document> Will be glad when we get back to the news from propaganda.
"Black women are the first line of defense for a historic Supreme Court nominee: #URL# ></document>
<Document> The IRGC MUST NOT be removed from the terrorist list.
#HASHTAG# ></document>
<document> Exclusive: Trump's #HASHTAG# to make #HASHTAG# for workyour cases. nnA new #HASHTAG# claims it is a #HASHTAG#!!nn #URL# via #USER# ></document>
<Document> #USER# #USER# #USER# ANTIFA EXISTS #HASHTAG#, #HASHTAG#. ></Document>
<document> PETITION!! "As an Iranian #HASHTAG#, I am allowed to watch #HASHTAG# live football! nnThis must be #HASHTAG#!nn#URL# via #USER# ></document>
<Document> Please #HASHTAG#!! #HASHTAG# bans transgender troops! - The veteran site #URL# via #USER# ></document>
<document> #HASHTAG#: Trump's FASCIST #HASHTAG# would cost $92 million.nnThis is #HASHTAG# OK.n #URL# via #USER# ></document>
<document> #USER# #USER# It's actually heating up LGB again. I won't be surprised if gay marriage comes up for debate again. All bc the TRA groups went too far to the limit. You can't gaslight without making people angry. ></Document>
<document> Tell Congress: nnLet #HASHTAG# Trump use #HASHTAG# to intervene in Venezuela!nn👇👇✏✏n#URL# ></document>
<Document> #HASHTAG# has been #HASHTAG# three times since #HASHTAG# with bipartisan support, but a #HASHTAG# bill reauthorizing the #HASHTAG# has a single Republican co-sponsor!nnLet's #HASHTAG# that!nn#HASHTAG # 203-224-3121!n📱📱📱nn#URL# via #USER# ></document>
<Document> Local #HASHTAG# should be #HASHTAG# in the dark about the #HASHTAG# you have available!!nnIt's time for #HASHTAG#!nnTAKING ACTION: Inform Congress: nn#HASHTAG# the local # HASHTAG#!nn# URL# ></document>
<document> P.S. #HASHTAG# Members:nnTRUMP #HASHTAG#. You are #HASHTAG# and get a 10% raise!nnTrump Finally #HASHTAG# the troops but that much went #HASHTAG# nn#HASHTAG# #URL# ></document>
<document> PETITION!! Tell Congress: Force #HASHTAG# women to sign up for the draft, #HASHTAG# the whole draft!! nn#URL# ></document>
<document> Apparently the #USER# and #USER# with n#HASHTAG# are also perfectly fine because they did n#HASHTAG# shit, including those who themselves served in the #HASHTAG#nn (LOOK AT THEM, # USER# and #USER# to name a few) #URL# ></document>
<Document> George W. Bush and Bill Clinton visit Ukrainian church to lay flowers, pay respect #URL# #HASHTAG# why does he kiss democrats in the ass all the time? #USER# #USER# #USER# #USER# #USER# #USER# #USER# ></document>
<document> Second and third place finishers are Olympic medalists, but yeah, they just need to train harder #URL# ></document>
<Document> Trans &amp; Non-binary folks on why birth control isn't #HASHTAG# only for cis women #URL# ></document>
<Document> #USER# Lol I know a muslim doesn't speak. No majority Muslim country allows other faiths to practice peacefully ></document>
<document> #USER# Thin air money is for politicians and it pays off. We still have to cover handouts and infrastructure with taxes. ></Document>
<Document> .#USER# has blocked Russian state-funded media worldwide, but the platform has been instrumental in spreading Ethiopian propaganda against Tigrayans. This is hypocrisy. Make Black Liit does not matter? #HASHTAG# #USER# #USER# #USER# #URL# ></document>
<Document> #USER# 1. This photo was taken after they were already on the podium.
2. Men shouldn't be able to compete in women's sports, it's a terribly unfair advantage.
Why don't you see women competing in men's sport and taking first place?😂 ></document>
<document> Make #HASHTAG# Forget #HASHTAG# at your gay pride celebrations!nn#URL# ></document>
<Document> Please #HASHTAG# 202-456-1414! Demand that they comply with court orders &amp; Now SAFE #HASHTAG# immigrant families!!nnNo, the government has set #HASHTAG# the deadline for #HASHTAG# children with their parentsnnAnd #HASHTAG# must BE PUNISHED!!n #URL# via #USER# ></Document>
<document> #USER# Maybe because Easter isn't far off for Christians and those who celebrate the general Spring Equinox mood with chocolate. Purim is about walnut and honey candy. I find. Not only are See's sweets fabulous, but they've intentionally remained a local treat in San Francisco. 😍 ></document>
<document> So a guy in the pool beats all the women. #HASHTAG# this is sooooo wrong! ></Document>
<Document> 8.1 billion euros per year and 14 billion per year is the cost society pays to not help women at risk of suicide during pregnancy &amp; after. People are too ashamed to admit they have suicidal thoughts.

Read this it will save lives & help women stay alive before &amp; after birth #URL# ></document>
<document> #USER# The real story for women is the "women's problem in cardiology"... no doubt she should/should talk to her doctor about her stress at work... #URL# ></document>
<document> Trump and his Attorney General just unveiled their CRUELEST #HASHTAG# on immigrants yet...nnAnd America has #HASHTAG# it!!nn#URL# ></document>
<document> #USER# **JUST A SHORT MESSAGE FOR ALL THE CANADIANS OUT THERE** Please.....listen!#HASHTAG# #HASHTAG# #HASHTAG# #HASHTAG# #HASHTAG# #HASHTAG# #HASHTAG #️ #HASHTAG# #HASHTAG#UnderAttack #HASHTAG# #HASHTAG# #HASHTAG# #HASHTAG# #HASHTAG#HASHTAG#nWar #HASHTAG# #HASHTAG# #HASHTAG# #URL# ></document>
<document> #USER# Gay dude here, bet you can't quote her directly and explain in your own words why what she says is bigoted.

#HASHTAG# ></document>
<Document> So much for progressive California.

She suggested a safe parking space for homeless people living in cars. She helped provide access to medical care for homeless people living in tents.

The Sacramento City Councilwoman is now threatened with dismissal.

From user#
#URL# ></document>
<document> #USER# #USER# #USER# #USER# #USER# Did you just say that a group of politicians called "Decency &amp; respect"? 🤪 #URL# ></document>
<document> #USER# Imagine living in the US today, where the #HASHTAG# source of US destruction is the Democrats, books are taught about CRT, parents are criminalized for speaking in front of school boards and yet the 1st amendment asserting us through our constitution is being destroyed by DemoRats! ></Document>
<document> This is a #HASHTAG# game. WE NEED TO #HASHTAG# THIS #HASHTAG# MONSTROSITY SERIOUSLY.. nnAND ITS #HASHTAG# $30M PARADE!!nn#URL# ></document>
<Document> Nobody:

Women: Send all niggas who don't eat pussy to Russia 😂 ></document>
<document> Is it me or does a bad vegan from Netflix sound like a really long winded story time from a tik tok??!! #URL# ></document>
<Document> In the last 24 hours, they have sent over $10,000 #HASHTAG# to legal hotspots across the country to pay legal experts, #HASHTAG# elections and expensive court fees. nnWe will #HASHTAG# any fight or vote unchallenged.nnPlease #HASHTAG# to our legal fund!nn#URL# ></document>
<Document> THIS IS #HASHTAG# OK!!!nn#HASHTAG# MEDICAL AID in ICE detention kills immigrants and endangers lives nn#URL# via #USER# ></document>
<document> #USER# #USER# In case Trump humpers are confused, the handsome gentleman on the left in the #HASHTAG# uniform is a #HASHTAG#. The very #HASHTAG# handsome bastard on the right holding the trophy is a cowardly, #HASHTAG# pervert. That ends today's lesson. You're welcome. 😀 ></document>
<Document> You sent #HASHTAG#.nnThey are #HASHTAG# military.nnYou forget which country this is.nnWE WILL PUNCH YOU DOWN YOU #HASHTAG#. #URL# ></document>
<Document> You are WRONG. #USER#! n1) NO, mass shootings are #HASHTAG# "carried out primarily by Democrats". That turned out to be WRONG. n2) It wouldn't matter even if it were true (which is #HASHTAG#). WE STILL WANT GUN LAWS!! nNow hit your #HASHTAG# BS &amp; #HASHTAG# SENSE GUN LAWS! #URL# ></document>
<Document> #USER# Just as conservatives ignore terrorism by the Israeli government and military against Palestinians. ></Document>
<Document> Groups like SYSBM, channels like Fresh &amp; Fit &amp; Tommy Sotomoisture &amp; Black men who only casually follow them are gone now?

I mean, we're seeing black women doing it more often, but we're not going to lie like it doesn't exist for black men. #URL# ></document>
<Document> Gays are real and Seunggi is one of them ></Document>
<document> The world's first oscillating G-spot "Vibrator"! #URL# #HASHTAG# #HASHTAG# #HASHTAG# #HASHTAG# #HASHTAG# #HASHTAG# #HASHTAG# #HASHTAG# #HASHTAG# #HASHTAG# #HASHTAG# ></document>
<document> The organization does not implode.

Ultra-leftists have to be so extra. #URL# ></document>
<Document> #HASHTAG# Video shows #HASHTAG# BEFORE BEING MURDERED.nnHE HAS RESISTED #HASHTAG#.nn#HASHTAG# calls for charges against #HASHTAG# 4 cops n #URL# via #USER# ></document>
<Document> Nazik al-Mala'ika, from "My Silence", Women of the Fertile Crescent: An Anthology of Modern Poetry by Arab Women. #URL# ></document>
<document> "I couldn't stand by #HASHTAG# anymore." Marine commander speaks out on military sexual assault crisis. Introducing the #HASHTAG# new CEO!nnGet active here: n#URL# ></document>
<Document> #USER# P.S.:nnIf #HASHTAG# really cares about #HASHTAG#, nthey would n#HASHTAG# TRY to cut n#HASHTAG# programs like Medicaid, WIC, etc.nnThey are #HASHTAG# "protection of the unborn"; THEY TRY TO #HASHTAG# WOMEN. ></Document>
<Document> #USER# #USER# where vanity and self-obsession deny Israel's massacres and use of violent military force to ethnic cleanse and entire population of Arabs, using the excuse "we lived here two thousand years ago". ></Document>
<Document> #USER# #USER# You and your BOYFRIEND #HASHTAG# make a very cute couple, #USER#. nnLook, #HASHTAG#.. Nobody cares if you're gay. Seriously, we don't. nnSo #HASHTAG# embarrass yourself. He is #HASHTAG# your "adopted son". nnWe've seen the public record, your story is BULL SH*T. ></Document>
<Document> OK, TWO things:nn1) The woman who claimed to be a "huge #HASHTAG# supporter" but somehow "didn't know" he was gay WAS a #HASHTAG#.nn2) #HASHTAG #, nPelosi ndid # HASHTAG#T "Break the law" by tearing up the speech.nnThe original was ALREADY #HASHTAG#.nnShe tore up a #HASHTAG#. nnHence #HASHTAG#. ></Document>
<document> #USER# #USER# So it would have been okay to play softball against a trans team? ></Document>
<document> #USER# Absolutely despicable that this could even happen! A man has no place in competition against women. Disgraceful ></document>
<Document> More than 120,000 Tigrayan women and girls were brutally raped by Amharic, Eritrean and Ethiopian forces. Many were left without proper treatment as a result of the siege. Would you please be a voice for these women? #USER# #USER# #HASHTAG# #URL# ></document>
<Document> Support #USER#: nnWe will #HASHTAG# comply with a HATEFUL #HASHTAG# that criminalizes #HASHTAG# and imprisons #HASHTAG# and families in #HASHTAG#.... #HASHTAG# our Muslim sisters and brothers. ..and #HASHTAG# our #HASHTAG#!! nn#URL# ></document>
<document> PETITION! Tell Trump: Take #HASHTAG# money from domestic programs to bloat the military!!! - The hunger site #URL# via #USER# ></document>
<Document> #USER# #USER# #USER# #USER# LOVE REFUGEES AS YOU DO. IF A #HASHTAG# LIVES AMONG YOU IN YOUR COUNTRY, TREAT THEM WITH #HASHTAG#. THE FOREIGNERS LIVING AMONG THEM MUST BE TREATED AS THEIR NATIVE BORN. LOVE HER AS YOURSELF FOR YOU WERE FOREIGNERS IN EGYPT. (LEV. 19:33-34) ></document>
<Document> #USER# They are #HASHTAG# even military.nn They are prison inmates &amp; Mercenaries in uniform. ></Document>
<document> PETITION!! Tell the White House to FIX the #HASHTAG# issues now! - Veterans need SOLUTIONS, #HASHTAG# CUTS!!nnThe Veterans Site #URL# via #USER# ></document>
<Document> #USER# it's our life and our choice, but I don't think our men and women need to be sent across seas to fight battles that have nothing to do with us citizens. PROTECT OUR BORDERS and America FIRST!!!!! ></Document>
<Document> #USER# #USER# #USER#
#USER# #USER# #USER# #USER# #USER# "The First Human NFT of Its Kind"
Women Unite 10,000 congregation women start on 03/28/2022⭐️ Exclusive Incredible
👉 $235,000 Sweepstakes!!!!!
👉 Click here: #URL# ></document>
<document> #USER# You #HASHTAG# know the law very well, don't you, fool? nn🙄🙄🙄nn.#USER# ></document>
<document> Ever #HASHTAG# tell me that Dems "do nothing". nBut the damn n#HASHTAG# blocks everything that actually HELPS people.n🤬🤬🤬 nnPelosi, top Democrats reveal #HASHTAG# billnn#URL# ></document>
<Document> I would refuse to refer to this #HASHTAG# usurper as "President", #USER#. EVERYONE must call him that with #HASHTAG#, including politicians and the media. He's #HASHTAG# real and everyone knows it! #URL# ></document>
<Document> Soldiers used ethnic slurs, threats &amp; demeaning comments - Survivors said their rapists told them 'this is what you deserve' 'you are disgusting'. The sexual violence is intended to instill fear and humiliate victims and their ethnic group. #HASHTAG# #USER# ></document>
<document> #USER# Thankfully, hundreds of thousands of anti-mask, anti-vaccination clownies #HASHTAG# have been given the freedom they deserve.

Maybe not enough.

But with 1,000 Muppets STILL PER DAY being crushed to dust by the "Totally Contained" scam, worry not.

Plenty of time for God to complete His plan 🙏 #URL# ></document>
<Document> #USER# #USER# #USER# #USER# #USER# #USER# #USER# The terrorist organization Fano, which has been burying people alive, must disarm the criminal organization Fano ></document>
<document> Indeed, Pres. #USER#. nnWHY did you #HASHTAG# file a freaking nWRIT OF MANDAMUS against #HASHTAG# for your ILLEGAL refusal to certify the election results?nnGET YOUR #HASHTAG# TODAY!! #URL# ></document>
<document> #USER# Will the Conservatives attack Title 9? Isn't that the main reason why there are all these women's sports? ></Document>
<document> NEVER TRUST A NIGGA WHO CALLS WOMEN "WOMEN" ></document>
<document> This tranny made women's sport a laugh, cry, joke... Dems destroyed it like they would do anything... #HASHTAG# #HASHTAG# #HASHTAG# #HASHTAG# ></document>
<Document> Trump's #HASHTAG# nIs a #HASHTAG# and must n#HASHTAG# go up... nnBut the #HASHTAG#'s "border security" is ALSO a machine of n#HASHTAG# persecution, demonization and deportation # URL# >< /document>
<document> Honestly, #USER#, #HASHTAG# WE CARE that you're gay. nnIt's the fact that you're a racist, hateful moron with mommy issues that's problematic. nn#HASHTAG# #URL# ></document>
<document> Once again, #HASHTAG# has been exposed as a hoax.nnUkraine has still received #HASHTAG# $35 million in #HASHTAG# military aidnn#URL# ></document>
<Document> Republicans #HASHTAG# are even trying to fight Democrats' Covid relief bill.nnBut #USER# IGNORES it completely.n #URL# Follow #USER# ></document>
<Document> On #USER# "Sonstein Sunday" at 6:55am, MBE winner Simon Lewis shares what it's like to reach the third highestHonor bestowed by the royal family in England. Simon was honored for his work with the Red Cross in Britain. And he will advise on how best to help the refugees from Ukraine. ></Document>
<document> &amp; Jayda probably wasn't even on it 😂 it's just UNACCEPTABLE for women ></document>
<document> #USER# #USER# She actually normalizes discrimination (she thinks it's above all people), racism &amp; white supremacy (she still makes sure she keeps people of color among her subjects), sexual exploitation of women (Andrew uses his sex toys on women) &amp; Suppression of any disagreement as in Harry's case. ></Document>
<Document> Please #HASHTAG# to tell the #USER# that n#HASHTAG# is someone just for who they #HASHTAG# or how they identify themselves, n#HASHTAG# is okay!!nn #HASHTAG# PROTECT WORKERS !!nn📝📝👇👇 👇n#URL# ></document>
<document> It's about #HASHTAG# to "save the fetus" for the #USER#;nn IT'S ABOUT #HASHTAG# WOMEN. #URL# ></document>
<document> #USER# Watson only needs 4 more women to match Trump's tally of 26 sexual assault accusers. ></document>
<document> #USER# Fallen women are the real problem everywhere ></document>
<document> This is #HASHTAG# an ordinary n#HASHTAG# —n It is a path to n#HASHTAG# escapeesn #HASHTAG# #URL# ></document>
<document> THIS IS IMPOSSIBLE 🤓

The media in the west say "Taliban bad", "Taliban hate women". So so so it has to be right. #URL# ></document>
<Document> #USER# #USER# #USER# Obiden is giving Putin Ukraine as we speak, just as Obiden gave Afghanistan to the Taliban.

He's a spineless idiot who will NEVER accomplish anything in his political career except destroy the United States.

But I am happy. Our military is not ready for this. ></Document>
<document> Please #HASHTAG# tell the n#USER#:nnInvestigate and #HASHTAG# violence, n#HASHTAG# Black freedom struggle!!nn👇👇📝📝n#URL# ></document>
<document> Not sure. #USER# #HASHTAG# "New York City" but I don't see any proof of that since he wanted to show #HASHTAG# his LONG BIRTH CERTIFICATE. nnHis PARENTS were IMMIGRANTS so obviously he's #HASHTAG# American...so I'm not sure WHAT he is. #URL# ></document>
<document> PETITION!! Do #HASHTAG# Let the meat industry bully vegan startups!nn #URL# ></document>
<document> A US military helicopter carrying four people crashes in Norway #URL# ></document>
<Document> We #HASHTAG# give up hope. nnWe must put our #HASHTAG# #HASHTAG# into action and n#HASHTAG# BACK!!nnFor #HASHTAG#, for families, for survivors who will #HASHTAG# stand down until we n#HASHTAG# the powers that be #HASHTAG#! !nn#URL# ></document>
<document> Oh it's also very funny that the video that people are sharing really throws up the idea that "tactical" is just a military word for "cool" which it isn't, it has an actual meaning to people who don't have dog shit in their skulls. ></Document>
<Document> #USER# #USER# #USER# #USER# I very much doubt that your rights have been violated by anyone, especially Christians,exercising their right to worship etc. as they wish ></document>
<Document> #HASHTAG# should have known better.nnIt's #HASHTAG# like it's his FIRST #HASHTAG# in the frigging MILITARY!! #URL# ></document>
<document> omg wait is this the gay superbowl we've been waiting for??? #HASHTAG# ></document>
<document> #USER# #USER# Scotland doesn't want that. Why not help the more than 10,000 families in temporary shelters and the homeless on the streets of Glasgow who cause hypothermia deaths every month? ></Document>
<document> Dm if you're horny let's talk I'm so wet HASHTAG# #HASHTAG# #HASHTAG# #HASHTAG# #HASHTAG# #HASHTAG# #HASHTAG# #HASHTAG#tribute #HASHTAG# #HASHTAG# #HASHTAG # #HASHTAG# #HASHTAG# ></document>
<Document> Sen. Merkley's #HASHTAG#, the "2019 Resolution Prohibiting Illicit Military Actions in Venezuela," contains FIVE #HASHTAG#, including Bernie Sanders, #HASHTAG#, nPatrick Leahy &amp; Elizabeth Waren. nn#USER#, n#USER# &amp; #USER# nhaven#HASHTAG# nco-sponsored yet. ></Document>
<document> Inviting #HASHTAG# makes me think maybe you support #HASHTAG# the way you say.n🤔🤔🤔🤔🤔nn#HASHTAG# KASICH!!nn.#USER# replied to News That # HASHTAG# Extremist n#HASHTAG# expected to speak at DNC ​​- nn#URL# via #USER# ></document>
<document> PETITION!! Do #HASHTAG# Let the VA ignore how this state has helped vets off the street! - The veteran site #URL# via #USER# ></document>
<Document> Russian troops' morale is plummeting as Ukraine "wipes the floor with them," claims a military expert #URL# ></document>
<Document> Military to Trump: We will ban #HASHTAG# members of the transgender service just because you tweeted about it via #URL# via #USER# ></Document>
<document> #USER# #USER# #USER# #USER# #USER# I think you humans are very keen on having role models to aspire to? In my opinion your country is not currently one that favors women's rights of any kind, so maybe a woman president would change that? ></Document>
<Document> Please #HASHTAG# the petition to n.#USER#: nn PROTECTS VICTIMS, #HASHTAG# sex offenders!nn👇👇👇📝📝📝n#URL#? ></Document>
<Document> but also ex-Catholic here... and I have bad news for you because even nuns are sexually assaulted by male clergymen in their church... it's more common than you think... ></Document>
<document> #HASHTAG#! MAKE #HASHTAG# Let the government take money from veterinarians and their families! - The veteran site #URL# via #USER# ></document>
<document> #USER# Amazing #USER# has anti-American #USER# every night spreading pro #HASHTAG# comments while killing innocent #HASHTAG# #HASHTAG# #HASHTAG# think #HASHTAG# against humanity

Suggest View #USER# #USER# Interview #USER#

#url#

#USER#Opinion #URL# ></document>
<document> #USER# #USER# #USER# I also reject essentialism, but if it feels like you said so much and then essentialized some white people in the next sentence.
Essentialism would think Owens had more to say about black culture than a PhD African American (race unknown). ></Document>
<document> See #HASHTAG# are #HASHTAG# afraid to answer questions unlike a certain OTHER party.... 😀😀nnrep #HASHTAG# answers questions from voters at #HASHTAG# nn#URL# >< /document>
<document> #USER# People here in the Bible Belt LOVE Putin because he DIDN'T wake up!#URL# ></document>
<Document> Voters have #HASHTAG# issues with n#HASHTAG# women in politics, #URL# via #USER# ></Document>
<document> The war that never ends for the US military high command - and it is #HASHTAG# the war on terror #URL# via #USER# ></document>
<Document> If your #HASHTAG# is still a #HASHTAG# signed in support of the Violence Against Women Act (#HASHTAG#), PLEASE #HASHTAG# n202-224-3121 & request that you sign it #HASHTAG# make!!nn# URL# ></document>
<document> Yes, n.#USER# , we want to DETECT THE POLICE #HASHTAG#. nnWe want #HASHTAG# now for UNNECESSARY tanks &amp; military #HASHTAG# nthat COPS need n#HASHTAG# &amp; #HASHTAG# it into the CORRECT n#HASHTAG# for incoming cadets.nnWe'll fucking apologize for that. ></Document>
<document> Possible 'active shooter' at Salem Center mall in Oregon as cops hunt suspect after reports of gunfire #URL# ></document>
<Document> #USER# just interviewed two women who save birds and it's amazing. They are twins and not only do they finish each other's sentences, they actually say the same sentences at the same time. #URL# ></document>
<document> PETITION!! nnCalifornia, #USER#, #HASHTAG#: Send National Guard troops to the southern border! nnWE ARE #HASHTAG# AT WAR WITH MEXICO!! #HASHTAG# Trump's #HASHTAG# Abuse of the Military!! nn#URL# ></document>
<Document> - #HASHTAG#|a woman was subjected to brutal treatment aimed at dehumanizing her. #USER# reported: "Eritrean troops used torture only to cause maximum pain and damage, not to extract information." #HASHTAG# #USER# ></document>
<document> #USER# Both male and female programs progress in their first 24 hours! ></Document>
<Document> Tackling female labor force participation and closing the gender pay gap could result in significant economic gains across the OECD. Discover more in our #HASHTAG# index: #URL# ></document>
<Document> To be honest I don't see anything homophobic in what Tim and Kristen said as if they are the same ones writing about Hen and she is a lesbian.
Tarlos and she are both gay. Why would they have a problem making buddy canon? ></Document>
<Document> #USER# ALWAYS call yourself a 'Christian'. This is a slap in the face to JESUS ​​who preached that we n#HASHTAG# FOR IMMIGRANTS n&amp; TO n#HASHTAG# ABUSE THEM.nnSometime crack open a damn #HASHTAG#, you uneducated bastard.nnYou might accidentally learn something. ></Document>
<Document> Got new underwear the other dayj. 🤫

Well, new for me of course!!😈

#HASHTAG# #HASHTAG#mtl #HASHTAG# #HASHTAG# #HASHTAG# #HASHTAG# #HASHTAG# #URL# ></document>
<Document> Secretary of Defense #HASHTAG# was reportedly consulted #HASHTAG# before the military dropped the "mother of all bombs": #URL# ></document>
<Document> #USER# Freedom?
Texas was co-founded along with America by two leftists, globalists &amp; cultural marxists.
Statues &amp; Monuments Destroyed, Defaced &amp; REMOVED.
schools, streets, parks &amp; Building renamed...
Our heritage &amp; culture is destroyed. Our history rewritten. ></Document>
<document> WAKE UP GIRLS! he is #HASHTAG# your friend!!--&gt;#HASHTAG# calling Trump about military ban on transgender people: #URL# via #USER# ></document>
<Document> Donald #HASHTAG# &amp; Mike #HASHTAG# is sticking to his #HASHTAG# agenda.nnSo we're sending them a #HASHTAG# TO MAKE THEM WATCH OUT!!nnWe #HASHTAG# let them get away with #HASHTAG# women's lives!nnPlease #HASHTAG # nto n #HASHTAG# change letter &amp; n#HASHTAG# Democratic women!nn#URL# ></document>
<document> Why we need more filmmakers who are #HASHTAG# white cisgender men #HASHTAG# #URL# ></document>
<document> I can't stop thinking about how earlier this week I was working on a project with two other true plus size women and we sat together for almost an hour and shared our shared experience of shopping and just plain fat exist have spoken. It was so liberating and beautiful. ></Document>
<Document> #USER# Are you gay? 🤔

Now that I have your attention.. 🤦‍♂️

#USER# offers various services for organic growth, helping NFT clients to fill their dichotomy, get breath mints and much more.

Enter the word "glitch" on #USER# to sell your NFT project! ></Document>
<document> PETITION!! Tell Congress: Cut #HASHTAG# funding for programs that PROTECT #HASHTAG# farmers and hungry Americans! nn#URL# via #USER# ></document>
<document> #USER# #USER# #USER# #USER# #USER# #USER# Lol sure dude who wants good sex education in school which will result in less abortions, less teenage pregnancy, less STDs and really more Openness to the LGBT+ community is such a strange idea ></document>
<Document> Perhaps learning from the past and stopping playing political football with immigrants and refugees from around the world is the right thing to do.

Caring for immigrants and refugees in the US should be above politics, but the far left and far right treat it ONLY as politics. ></Document>
<document> #USER# I was pretty sure these perpetrators would be white supremacist women so imagine my shock when I watched the video ></document>
<document> #USER# #USER# Trans beats gays and women in current round of leftist Rock-Paper-Scissors ></document>
<document> #USER# I love the way they drew women back then and the statues r 😍 ></document>
<document> PETITION! #HASHTAG#, Tell Students Protesting Gun Violence #HASHTAG# Hurt Admissions! RESPECT THE #HASHTAG#!! #HASHTAG# #URL# ></document>
<document> I sincerely hope that #HASHTAG# know that #HASHTAG# we are all like #HASHTAG#. nnIn fact, the #HASHTAG# OF US #HASHTAG# are like this racist weasel! ></Document>
<Document> #USER# Was she jealous of other women's maternity leave or jealous that they are having babies? ></Document>
<document> Just because it's bigger doesn't mean much. Yes, it may be wrong for physical men to play sports with physical women, and women may be uncomfortable with it, but the normality of trans people in sports who do not match their birth gender has been #URL# > </document> introduced
<Document> It seems to me that these comments are advertised &amp; Most people who like them are the ones who are programmed
They like simple &amp; RT these tweets all day but I can't think of a single one to post in my life
Like Trump won, or the testicles win in women's sports, or Biden sucks... #URL# ></document>
<document> Northeast Tory politicians call for increased oil production - Grampian Online #URL# ></document>
<document> #USER# #USER# Yes, technically liberal is pretty close to libertarian... But that doesn't mean that the people who are considered "liberal" these days are even remotely libertarian... But OG- Liberals are </doc>
<document> #USER# It's also funny that when we talk about the sport of cis men and cis women, there is a unanimous consensus that dividing sport by gender is misogynistic and stupid, but when a trans woman am If you want to take part in women's sports, then the sport is suddenly divided up by gender is now good ></document>
<Document> Famines in Brooklyn, but Democrats tweet this. #URL# ></document>
<Document> Nobody can really admit anything negative about gay people because we are needed, we are wanted and we all want to be treated equally. ></Document>
<document> Good for you.nnI #HASHTAG# still trust you. nn#URL# ></document>
<Document> Of course it's #HASHTAG# fake. We've all heard #HASHTAG# denigrate our military at some point. nnThink of the crap he said about #HASHTAG#. other right wing media #HASHTAG# that he said it then &amp; has said it MANY times. #URL# ></document>
<Document> #HASHTAG# Veterans Medical Center at (804) 675-5242! Tell them you #HASHTAG# want your tax dollars to fund cruel, wasteful experimentation on puppies! #URL# ></document>
<document> #USER# #USER# #USER# #USER# #USER# Using outliers like individuals or specific teams doesn't work bubba. The sport as a whole is still in the favor of men. Men AND women prefer to watch men's sports. ></Document>
<Document> Gain diversity! Disney is allowing the recreation of a single (1) gay kissing scene which they had previously requested to be cut from the film, leading homophobes to believe that this change will somehow enable pedophilia.

There was no mention that Disney stopped funding homophobia. #URL# ></document>
<Document> The Hill family goes shopping at Mega Lo Mart, where they get lost in women's shopsFriends. Connie comes to the rescue but decides the Hill family is more trouble than she's worth and leaves. Meanwhile, it is revealed that Chuck Mangione is still living at the Mega Lo Mart. ></Document>
<Document> #HASHTAG# FINALLY admits that peaceful protesters #HASHTAG# were simply KINKED BY #HASHTAG# at random.nnP.S. Remember these are #hashtag# police. ></Document>
<document> #USER# #USER# Democrats should exempt EVERYTHING. So an open gay man should be a given for this case, but you twist it how you want. ></Document>
<document> Please #HASHTAG#!--&gt;They served us, now let us serve them - MAKE #HASHTAG# DEFINANCE MEALS ON WHEELS!! - The veteran site #URL# #USER# ></document>
<Document> Your women are so handsome that I get dizzy thinking about rearranging their bowels. it's crazy ></document>
<document> PETITION! Medical Research Must #HASHTAG# Ignore Women – The Breast Cancer Site #URL# via #USER# ></document>
<document> This is definitely #HASHTAG#, what #HASHTAG# would do!!nnCities in the US are revoking their #URL# autonomy from #HASHTAG# people via #USER# ></document>
<document> for years n it's the states that allow it. People are mad because the #2 woman lost because it's a "man" who wins in a women's sport, but they were all excited when a biological woman who is trans male wrestled with women and won 😭 ></document>
<Document> #USER# Companies like Disney have only just started promoting support for LGBT relationships and people, but a bunch of homophobic people don't want children (theirs or not) to be exposed to these concepts 🤨😠😡🤦‍ ♂️. ></Document>
<Document> Make #HASHTAG# Raid military funds for a wall. nnRaid Them for #HASHTAG# Care!!n #URL# via #USER# ></document>
<document> #USER# Okay, we get it, you're reading the gay Harry Potter smut x ></document>
<document> While you're at it, #USER# #USER# how about n#HASHTAG# TRUMP for HIS n#HASHTAG# support of white supremacists.nnThey are #HASHTAG# "fine people" for sure!!nn# HASHTAG # selectively "outraged".nn#URL# ></document>
<document> #USER# I'm gay but I'm shy but I also like to eat d*ck ></document>
<Document> LGBT people should be #HASHTAG# punished for self-defense #HASHTAG# #URL# ></Document>
<Document> #USER# #USER# #USER# Lol well I suppose if you think she's the only one involved here that would be a way to wriggle out of the conspiratorial thinking... but she has coaches, doctors and the swimming org supports her, clearly. As you learn more about trans people, you're sure to discover this. ></Document>
<document> PETITION!! Demand #HASHTAG# to appoint judges who attack OUR RIGHTS #HASHTAG# and #HASHTAG# them!nn#URL# ></document>
<Document> #USER# I've read about the situation and from what I've seen, JK Rowling believes that trans women are not biological women and should not be considered as such (which is a valid and logical reasoning), so people have now exaggerated the situation by claiming she's an evil fanatic. ></Document>

</author>