
	
		<document> MYANMAR BURMA : Anti-mine activists on trial for Chinese flag burning #URL# ></document>
		<document> Local villagers in #HASHTAG# start Digging #HASHTAG# also said that they heard #HASHTAG# this morning in and around the Mawchi village. 
Photos: Salween Press.
#HASHTAG# #HASHTAG# #HASHTAG# #HASHTAG# #HASHTAG# #URL# ></document>
		<document> #HASHTAG# #HASHTAG# into #HASHTAG#
100% Guaranteed to Be #HASHTAG# ...
#HASHTAG# #HASHTAG# trying to break in
Mae Sot Township on the #HASHTAG#-#HASHTAG# #HASHTAG#
24-6-2021 with the #HASHTAG# #HASHTAG#
#HASHTAG# #HASHTAG#
 #HASHTAG# and #HASHTAG#
ရဲမင္း(AAC)-  #HASHTAG# 
photos rainbow #URL# ></document>
		<document> Chin #HASHTAG# #HASHTAG# for taking photo of the #HASHTAG# explosion in Yangon.
Police found a young man taking photos from his residence after police came to #HASHTAG# #HASHTAG# #HASHTAG# near Insein Road Station, Yangon, Hlaing Township.
#HASHTAG# #HASHTAG# #HASHTAG# #URL# ></document>
		<document> BURMA: Press Conference at China Ambassador’s Residence in Yangoon by ssmk #URL# ></document>
		<document> Kachin Women's Association Thailand (KWAT): From Persecution to Deprivation- International donors neglect 60,000 displaced Kachin on… ></document>
		<document> #USER# #USER# #USER# since all the years from Nargis to now UN useless- no balls #URL# ></document>
		<document> Protest leader Suthep Thaugsuban today declared a total shutdown of state properties in the next few days #URL# ></document>
		<document> Turkey: NGO; over 100,000 sex slaves, half are children #URL# ></document>
		<document> ANTI GOVERNMENT PROTESTERS GET KILLED BY "MEN IN BLACK"AND RED SHIRT POLICE OFFERS PUBLIC SHOOTING LESSONS !!!!!! #URL# ></document>
		<document> MALAYSIA Nation’s biggest ever crackdown soon #URL# ></document>
		<document> Chairperson of the National League for Democracy Daw Aung San Suu Kyi is visiting the Czech Republic #URL# ></document>
		<document> BANGKOK URGENT!!! :Rural Medical Network needs volunteers to help take care of us this Sunday… #URL# ></document>
		<document> THAILAND : NACC _ Yingluck will lose the right to copy documents about the enquiry into her role regarding the rice… #URL# ></document>
		<document> BANGKOK :Suthep Thaugsuban : Here's our route tomorrow.!!! #URL# ></document>
		<document> KACHIN WAR : Kachin want political solution with Burmese government-english -burmese-videos #URL# ></document>
		<document> Drugs found at abandoned Burma army post in Kachin state #URL# ></document>
		<document> #HASHTAG# #HASHTAG# #HASHTAG#  said today that she would revise the rice-pledging scheme if her Pheu Thai … #URL# via #USER# ></document>
		<document> At Eleven Media we urge the government to try to bring about real change and reform #URL# ></document>
		<document> Burmese Government Strongly Objects Al Jazeera Television's Fabricated Non-Sense Propaganda For So-Called Rohingya (Bengali)-Exaggerating… ></document>
		<document> ELEVEN MEDIA RESPONDS TO CHINA,S ACCUSATIONS OVER ARMS DEAL TO UWSA #URL# ></document>
		<document> Minister Chalerm to protest if police do not arrest Suthep in 2 days #URL# ></document>
		<document> WATCH IT !!! Whistle blowings greet Yingluck in Northeast-VIDEO #URL# ></document>
		<document> ABSDF Arrives to Yangon, Begins for Peace Talk-VIDEO-(ABSDF)’s Northern Sector unable to participate #URL# ></document>
		<document> Myanmar: Burma Army :2 KNU member were arrested. #URL# ></document>
		<document> QUOTE OF DAY -Former House speaker Uthai Pimchaichon" Thaksin is now a special human species that could not be… #URL# ></document>
		<document> MYANMAR BURMA : HAPPY BIRTHDAY U KO GYI 88 GENERATION STUDENTS LEADER #URL# ></document>
		<document> THAILAND ACADEMICS : Statement of the Assembly for the Defense of Democracy (AFDD) #URL# ></document>
		<document> US EMBASSY YANGON Statement on Kachin Conflict BURMESE-ENGLISH #URL# ></document>
		<document> Published KNU GS_ Open Letter to Karen Society on Scribd #URL# #HASHTAG# ></document>
		<document> LOOK FIRST TO YOUR OIC COUNTRIES !- The secretary general of the OIC discusses discrimination, freedom of expression and religious… ></document>
		<document> TDRI: #HASHTAG# #HASHTAG# with #HASHTAG# #HASHTAG# in past 4-5 yrs #URL# via #USER# ></document>
		<document> Thailand: Suu Kyi  no chance  give public speech during Mae Sot trip-PM Yingluck Shinawatra worried about the impact… #URL# ></document>
		<document> Please record the violence against #HASHTAG# as war crime.
#HASHTAG# 
#HASHTAG# 
#HASHTAG# #URL# ></document>
		<document> Supreme commander of the Thai Armed Forces has agreed to host a public forum for sake of peace on December 14 #URL# ></document>
		<document> #HASHTAG# #HASHTAG# Since May 29th the continuous rain continues, people living in #HASHTAG# #HASHTAG# are moving to another place to escape #HASHTAG#.
There's a lot left living in other #HASHTAG# and not connected to #HASHTAG# #HASHTAG# groups. #HASHTAG#  #HASHTAG# 
KantarawaddyTimes #URL# ></document>
		<document> IMPORTANT NOTE!: National races never ever think of hatred #URL# ></document>
		<document> Published Vorschau von „conflict“ on Scribd #URL# #HASHTAG# ></document>
		<document> WE DON,T WANT THIS IN BURMA MYANMAR- Four killed in Bangladesh clashes over 'atheist bloggers'VIDEO #URL# ></document>
		<document> #USER# please don,t post mala pics its psywar and it could affect the strength of our young fighters ></document>
		<document> Fire  broke out i City Hall, , #HASHTAG# city around 10:30 pm tonight. #HASHTAG#  #HASHTAG# #URL# ></document>
		<document> Edward Snowden asks Brazil for asylum #URL# ></document>
		<document> ASIA SECURITY INITIATIVE Ceasefires sans peace process in Myanmar: The Shan State Army, 1989-2011” #URL# ></document>
		<document> Rohingya looting, setting fire, throwing stones -video-Rule of Law? #URL# ></document>
		<document> MYANMAR BURMA : Battles Continue in Kachin and Northern Shan State as Ethnic Armed Groups Prepare for the Next… #URL# ></document>
		<document> Today, #HASHTAG#, #HASHTAG# Township, Shan State; #HASHTAG#; The MNDAA has officially released the images of the casualties and the seizure of ammunition by the #HASHTAG#.
#HASHTAG#  #HASHTAG#  #HASHTAG# #URL# ></document>
		<document> DSI summons 17 PDRC anti-government protest leaders to acknowledge insurrection charges; freezes bank accounts of 18… #URL# ></document>
		<document> A #HASHTAG# blast at the home of a former #HASHTAG# candidate U Phir Mawng in  #HASHTAG# Hniarlawn  #HASHTAG#  #HASHTAG# #URL# ></document>
		<document> Published AAPP Statement Peaceful Protestors Face Violence English on Scribd #URL# #HASHTAG# ></document>
		<document> Please don't post any news or photos that have been sent to #HASHTAG# #HASHTAG#. Our camps are #HASHTAG# #HASHTAG# #HASHTAG# camps right now. nIt's #HASHTAG# post online where things have been delivered. I'm afraid our #HASHTAG# will be #HASHTAG#.n#HASHTAG# #HASHTAG# #URL# ></document>
		<document> LAD PADAUNG COPPER MINING PROTEST NEWS 29.JANUARY-video #URL# ></document>
		<document> #HASHTAG# #HASHTAG# #HASHTAG# Bo Htun Tauk Naing announced that he was #HASHTAG# #HASHTAG#.nLast night's news that Bogy Tun Naing was arrested and some news media reported PDF military members were arrested while Bogyauk Htauk Htun Naing was released. #HASHTAG#  #HASHTAG# #URL# ></document>
		<document> #HASHTAG# #HASHTAG# #HASHTAG# at #HASHTAG# #HASHTAG#-#HASHTAG# #HASHTAG# #HASHTAG# #HASHTAG# cash en route to Lao P… #URL# via #USER# ></document>
		<document> We are very happy to see when Daw Aung San Suu Kyi as a chairperson and Ko Min Ko Naing and Ko Ko Gyi as the members in the inquiry… ></document>
		<document> The #HASHTAG#  #HASHTAG# #HASHTAG# formed in #HASHTAG# Thuwanda Township #HASHTAG# Region.
May 17  #HASHTAG# #HASHTAG#  #HASHTAG# #HASHTAG# #URL# ></document>
		<document> THAILAND: Protest leader vows to eliminate Thaksin regime #URL# ></document>
		<document> THAILAND: The Metropolitan Police Bureau is gearing up for major protests planned for December 19-20 by PDRC #URL# ></document>
		<document> On May 13, it was reported that the #HASHTAG# and  #HASHTAG# #HASHTAG# had mistakenly #HASHTAG#.nThe real story is #HASHTAG# a #HASHTAG#. The military council ordered the BGF to go east. The BGF did not dare to go and ordered the military council to go east. #HASHTAG# n#URL# ></document>
		<document> Peace process in Burma/Myanmar means granting vehicle import licenses? #URL# ></document>
		<document> Therefore our #HASHTAG# (Underground Revolutionaries) will #HASHTAG#  #HASHTAG# any #HASHTAG# attending any #HASHTAG#.attacked schools is not our handwork. The #HASHTAG# of #HASHTAG# trying to divide people between #HASHTAG# and the people. #HASHTAG#  #HASHTAG# #HASHTAG# #URL# ></document>
		<document> MYANMAR -BURMA WANTED:He crate group and kill visited Monk in Meik Thi Lar . #URL# ></document>
		<document> RAKHINE STRAIGHT VIEW (RSV) Online Journal No 3, Vol 1 #URL# ></document>
		<document> THAILAND: Foreign Ministry denies hiring US lobbying firm #URL# ></document>
		<document> Fire destroys 200 homes in Mandalay-Myanmar,Burma #URL# ></document>
		<document> Daw Suu to meet with the Burmese Community in USA : Venue: American University, Washington, D.C. Date: 20th September, 2012… ></document>
		<document> #HASHTAG# #HASHTAG# in #HASHTAG# Council area is ##HASHTAG# of #HASHTAG#-positive-quarantine patients 
Naypyitaw police forces and police officers from outside Naypyitaw are being transferred to the Municipal Guest as there is no space for treatment.

#HASHTAG# #HASHTAG# #URL# ></document>
		<document> PDF-MDY announced that the list of the affected end of the #HASHTAG# #HASHTAG# has not been confirmed.#ပြည်သူကမွေး
#ပြည်သူ့သွေး
​#ပြည်သူ့အတွက်PDF #URL# ></document>
		<document> Anti-govt protesters cut electricity, water supply to Govt House after their one-hour deadline for police to leave… #URL# ></document>
		<document> Birth rate in the northern parts of Rakhine State is increasing at an alarming rate #URL# ></document>
		<document> Myanmar suspends sending workers to Malaysia #URL# ></document>
		<document> Thai Academic Professor Seri Wongmonta english speech about Reform before Election-video #URL# ></document>
		<document> 1 ward administrators stabbed in #HASHTAG#
Governor U Win Naing, Myo Thar Township, Ngan Zun Township, #HASHTAG# Region, U Win Naing was stabbed and died on #HASHTAG#  #HASHTAG# #URL# ></document>
		<document> "Two #HASHTAG# escalate around Bhamo tonight"
April 24 2021 #HASHTAG# #HASHTAG# #HASHTAG# #HASHTAG# #HASHTAG# #HASHTAG# #HASHTAG# #URL# ></document>
		<document> Announcement from PDRC spokesperson Akanat Promphan :To avoid confusion and potential misinformation, please take… #URL# ></document>
		<document> CHULA PRESS :Demande Caretaker Prime Minister Yingluck Shinawatra and her cabinet to resign-คณาจารย์แพทย์… #URL# ></document>
		<document> PDRC would like to express its deep condolences to the loved ones of Khun Sutin Taratin, who was fatally shot by… #URL# ></document>
		<document> UN group resettlement to third countries for Myanmar refugees on the Thai-Burma border will end sometime in late… #URL# ></document>
		<document> Burma to re-open Mongla’s border gate with China soon #URL# ></document>
		<document> LAOS: Letter from Sombath Somphone's wife on the International Day of the Disappeared #URL# ></document>
		<document> THAILAND : CHANGE YOUR FACBOOK PROFILE PHOTO-THANK YOU- FRIENDS OF THAI CAN JOIN #URL# ></document>
		<document> Lt-Col Khun Kyaw aka Than Gyaung, Shan State Army (SSA) South,is not among Shan rebels released t #URL# ></document>
		<document> WOW REPORT:RESTRICTED RIGHTS: Migrant Workers in Thailand, Cambodia and Malaysia-english #URL# ></document>
		<document> Htin Kyaw and 3 Activists Appear at Township Court for Protests without Permission-video #URL# ></document>
		<document> 27/5/2021.The #HASHTAG# Brigade #HASHTAG# #HASHTAG# today
#HASHTAG# between #HASHTAG# and the #HASHTAG#  #HASHTAG# continues to this day #HASHTAG# #HASHTAG# 
No KNU casualties were reported #HASHTAG#  #HASHTAG# #URL# ></document>
		<document> !! #แผ่นดินไหว #เชียงราย #ขนาด 4.6- EARTHQUAKE CHIANG RAI #URL# via #USER# ></document>
		<document> THAILAND : It’s final: General election on Sunday, as scheduled #URL# ></document>
		<document> STATEMENT : THAILAND People's Democratic Reform Committee (PDRC) ENGLISH #URL# ></document>
		<document> Hacker group Anonymous says it will avenge &lt;a href="#URL#" data-query-... #URL# ></document>
		<document> MYANMAR BURMA 27.TH SEA GAMES OPENING CEREMONY -VIDEOS #URL# ></document>
		<document> Interior Ministry concerned over Gulf of Thailand being closed off by fishermen #URL# ></document>
		<document> MYANMAR BURMA : Eleven Media reporter sentenced to three months for trespass while covering story regarding illegal… #URL# ></document>
		<document> Myanmar Airways to buy 3 French aircrafts to replace three Chinese MA60 planes #URL# ></document>
		<document> THAILAND: Dhammajarinee Witthaya School_Buddhist Way: Helping and working with girls since 1990 #URL# ></document>
		<document> #HASHTAG# Division  #HASHTAG# one person was #HASHTAG# and another was injured #URL# ></document>
		<document> Obama Administration declares Burma open to U.S. mining investment #URL# ></document>
		<document> MYANMAR BURMA :KIO,Government to meet as precondition to highest-level peace talks #URL# ></document>
		<document> Facebook and Microsoft executives to visit Myanmar #URL# ></document>
		<document> Burma Myanmar Parliament : This is for Headline Readers - Democracy come NOT Overnight #URL# ></document>
		<document> Suthep charged with making unlawful, impossible proposals #URL# ></document>
		<document> Response letter KNU regarding bombing Suspect- #URL# ></document>
		<document> Media persons criticize attacks on journalists #URL# ></document>
		<document> order soldiers shot dead four drug traffickers and arrested another during a fierce two hour cash with an armed drug… #URL# ></document>
		<document> TACHILEIK MARTYR DAY JULY 19. VIDEO #URL# ></document>
		<document> U ThanShwe Does Not Trust the President as Well as Gen MinAungHlaing - Orders Counter Groups to Be Alert-May 11. #URL# ></document>
		<document> THAILAND :STUDENTS CLIMBING WALL GOVERNMENT HOUSE BANGKOK-VIDEO #URL# ></document>
		<document> Thein Sein to receive International Crisis Group ( ICG) peace award #URL# ></document>
		<document> do #HASHTAG# #HASHTAG# the exact location on #HASHTAG# nTake the #HASHTAG# from #HASHTAG# as a #HASHTAG#. when the public on the grounds write the location where the gun shots were fired, #HASHTAG# #HASHTAG# immediately looked at the #HASHTAG# and blocked the roads n #HASHTAG# #URL# ></document>
		<document> Members of the Islamic extremist Boko Haram group yesterday killed the Rev. Faye Pama Musa, Christian Association of Nigeria… ></document>
		<document> Press council to submit media bill directly to Parliament #URL# ></document>
		<document> Deputy Minister for Foreign Affairs are heading off to Malaysia ENGL,SUBTITLE-VIDEO #URL# ></document>
		<document> PEACE MARCHER YANGON TO LAIZA UPDATE NEWS VIDEO #URL# ></document>
		<document> ABSDF Northern Killing Myanmar Students Case Video #URL# ></document>
		<document> Dozens of #HASHTAG# #HASHTAG# have #HASHTAG# home this morning after #HASHTAG# #HASHTAG# asked them to return home in Karen State. #HASHTAG#  #HASHTAG#  
Photos: Kawthoolei Today. #URL# ></document>
		<document> World Fellowship of Buddhist Youth (WFBY): Buddhist Peaceful Protest to protect Buddhagaya at United Nations in Thailand… ></document>
		<document> Leaders of prominent activist group 88 Generation Students said they plan to form a political party to work for democratization, peace and… ></document>
		<document> Security Tightened Up in Shwedagon Pagoda in Yangon Due to Blasts at Buddha Gaya of India #URL# ></document>
		<document> Burma: " STOP KILLING PRESS " Protest #URL# ></document>
		<document> HIGHER EDUCATION DEPARTMENT: PASSPORT APPLICANTS NO LONGER REQUIRED #URL# ></document>
		<document> Joint Communique from PDRC allies and supporters in Denmark, New Zealand, Germany, Atlanta (Georgia, USA), Sydney,… #URL# ></document>
		<document> Marine police to be stationed in Rakhine’s port cities #URL# ></document>
		<document> Published 50th anniversary of 7th july post card by ABSL on Scribd #URL# #HASHTAG# ></document>
		<document> Suu 67 - Her Words with her time line Excerpts of her words ... #URL# ></document>
		<document> Western media conglomerates - when will you start telling the truth? Stop smearing our legitimate battle against… #URL# ></document>
		<document> Republic of the Union of Myanmar President Office Notification No (19/2014) #URL# ></document>
		<document> #HASHTAG# #HASHTAG#-#HASHTAG# #HASHTAG#,#HASHTAG# #HASHTAG#, #HASHTAG# Poster and force the cancellation of a concert in Nonthaburi #URL# ></document>
		<document> THAILAND : Police arrest two men for torching bus near Ramkhamhaeng University #URL# ></document>
		<document> Published KNU's Press Release on Gov's Postponement Burmese _2 on Scribd #URL# #HASHTAG# ></document>
		<document> The #HASHTAG# is responding to a growing number of #HASHTAG# about whether it is the #HASHTAG# as the newly formed #HASHTAG# or #HASHTAG#.
The two #HASHTAG# are #HASHTAG# #HASHTAG# #HASHTAG# #HASHTAG# #URL# ></document>
		<document> Radio Free Asia's reporter, Moe Thu Aung,Waiphyo Han passed away on Monday morning #URL# ></document>
		<document> Ministry of Foreign Affairs Press Release on forthcoming Aljazeera programmes on the "Rohingyas" #URL# ></document>
		<document> Open Letter to KNU by daughter of SAW BA U GYI -Thelma Gyi - August 2013-ENGLISH #URL# ></document>
		<document> Abhisit Vejjajiva is ready to defend murder case in the Criminal Court - red-shirt leader Supporn Attawong, now… #URL# ></document>
		<document> #HASHTAG# #HASHTAG# #HASHTAG# #HASHTAG# #HASHTAG#; We will #HASHTAG# #HASHTAG# repeated calls from #HASHTAG# #HASHTAG# refrain reposting protest images and, if not, to help run business/give them authority. Stakeholders informed they will participate until end of revolution &amp; stand with the people ></document>
		<document> Next UNFC meeting delayed until January #URL# ></document>
		<document> BURMA: Vagrant Beggars in the City YANGOON #URL# ></document>
		<document> Sea Games : MRTV-4 Online Live TV from Myanmar is now free broadcasting Live TV Channels for Online TV Viewers from… #URL# ></document>
		<document> The #HASHTAG# of #HASHTAG# #HASHTAG# passed from the silent generation in 1962 through the hands of the 1975-76 generation and the 1988 generation. It deserves to fall into the hands of today's #HASHTAG# #HASHTAG# steel to achieve the  #HASHTAG# #URL# #URL# ></document>
		<document> ALERT !!!! Death threats such as this one have been made against PDRC rally leaders.-Government/UDD supporters are… #URL# ></document>
		<document> young people  #HASHTAG# Township #HASHTAG# #HASHTAG#  #HASHTAG# 
ဓါတ်ပုံ - CJ
#နွေဦးတော်လှန်ရေး_Myanmar_GZ #URL# ></document>
		<document> WAR: KIA-ABSDF NORTH LIVE WAR REPORT ON SKYPE-VIDEO #URL# ></document>
		<document> Published NCUB St on Rohinja June-Eng on Scribd #URL# #HASHTAG# ></document>
		<document> Published Burma Karen Rpt Ltr 2012 on Scribd #URL# #HASHTAG# ></document>
		<document> Rebel leaders: Few will show up for the nationwide ceasefire agreement #URL# ></document>
		<document> BANGKOK: TIME TABLE PUBLIC FORUM SATURDAY 14. #URL# ></document>
		<document> MYANMAR -FOOTBALL LIVE SEA GAMES : MYANMAR -1 :THAILAND 0 -WATCH LIVE #URL# ></document>
		<document> Security officials: Still no information on North Korean hostages #URL# ></document>
		<document> #HASHTAG# #HASHTAG# Road #HASHTAG# #HASHTAG# #HASHTAG# (7)
Looking for a 4 ward
There's a lot of #HASHTAG# #HASHTAG#
May , 29 (9:50PM  #HASHTAG#  #HASHTAG# #URL# ></document>
		<document> Nok Air prepares for IPO in 3Q2013 with international expansion, starting with two Myanmar routes #URL# ></document>
		<document> #USER# No news from Myanmar!! Terrorists (SAC) brutally killing and confiscating properties from even dying civilian. This happened on May2,as Terrorists (SAC) dispersed Protesters in #HASHTAG# ,2 civilians died and one dead body took away by them too. #URL# ></document>
		<document> BANGKOK : RESPECT TO STUDENT NETWORK!!!! BEFORE AND AFTER DEFENCING GOVERNMENT HOUSE DECORATION #URL# ></document>
		<document> BOSCH Myanmar Office Opens, Recognizes THIS COUNTRY as Strategic Place VIDEO #URL# ></document>
		<document> Burma Democratic Concern (BDC) on 2012 Arakan Crisis: What Went Wrong?-video #URL# ></document>
		<document> MYANMAR: Anin villagers appeal to reclaim public land for new hospital #URL# ></document>
		<document> SHAN STATE NATIONALITIES PEOPLES LIBERATION ORGANZATION SNPLO 12.FEBRUARY 2013 #URL# ></document>
		<document> #HASHTAG# #HASHTAG# Degree #HASHTAG# Releases List of #HASHTAG# and #HASHTAG# #HASHTAG# List will be checked
#HASHTAG# #HASHTAG# #HASHTAG# #URL# ></document>
		<document> "HUMAN RIGHTS WATCH" Saudi Arabia school textbooks which show children how to chop off hands and feet under Sharia law… ></document>
		<document> Online campaign waging against TIME magazine's use of "Buddhist Terror" #URL# ></document>
		<document> #HASHTAG# announced tonight that no #HASHTAG# that affects #HASHTAG# and #HASHTAG# #HASHTAG# can be accepted and to cooperate against #HASHTAG# targeting attack. #HASHTAG# #URL# ></document>
		<document> KIA participate in political meeting between government ,UNFC and leader of the 88 Generation Students Group-video #URL# ></document>
		<document> FIGHTING BROKE OUT BETWEEN GOVERNMENT TROOPS AND KIA #URL# ></document>
		<document> It's as if the four pillars are being torn down 🚨
There are 2 dogs near Dhamma Linkara School 
8:15
#HASHTAG#  #HASHTAG# #HASHTAG# ></document>
		<document> Burmese musician Lasho Thein Aung, also known as Jimmy Jack, returns to Burma-photos by Jimmy Lashio #URL# ></document>
		<document> MYANMAR BURMA : Rakhine Nationalities Development Party (RNDP)objects to use of “other” in census #URL# ></document>
		<document> #HASHTAG# #HASHTAG# #HASHTAG# forces to #HASHTAG# #HASHTAG# #HASHTAG# #HASHTAG# nPeople are also requested #HASHTAG# to #HASHTAG# #HASHTAG# and #HASHTAG# and live streams between #HASHTAG# troops and #HASHTAG# councils. #HASHTAG#  #HASHTAG# #URL# ></document>
		<document> TRICKY Khin Yi: "It's up to the election commission to decide on whether the Bengalis holding the cards have the right to vote "… ></document>
		<document> Burma: speed pill compressor was seized by Tachilek police near the Akha market #URL# ></document>
		<document> Network of Thais Overseas, Los Angeles, condemned Yingluck Shinawatra Government 2013-12-1-video #URL# ></document>
		<document> THAILAND : Public forum at Thammasat University " political reform should be done before the general election" #URL# ></document>
		<document> Ko Nay Myo Zin press conference for travel Hlaing Zar -video #URL# ></document>
		<document> PDRC leader says mosque closure a misunderstanding #URL# ></document>
		<document> MYANMAR BURMA:Land grabbing the biggest issue in Myanmar says rights group #URL# ></document>
		<document> Myanmar President Office Statement No.(1/2012)with regard to conflict in Rakhine State #URL# ></document>
		<document> BANGKOK : Leading Member of PDCR, Jitpas, or well-known as Tant,s house attacked with fire bombs #URL# ></document>
		<document> Rebel ethnic armies to attend Shan national conference next month #URL# ></document>
		<document> Published 2012 May 09 Gen ThanShwe in Crisis Sovling Mode on Scribd #URL# #HASHTAG# ></document>
		<document> The #HASHTAG# #HASHTAG# given by Union Parliamentary Representative Committee will be released on July 28th to the #HASHTAG# and #HASHTAG# who will #HASHTAG# #HASHTAG# under the authority #HASHTAG# #HASHTAG#. #HASHTAG# #URL# ></document>
		<document> Davenport McKesson Corporation agreed to provide lobbying services for the The Kingdom of Thailand inside the United… #URL# ></document>
		<document> #HASHTAG# #HASHTAG# #HASHTAG# #HASHTAG# is as good as #HASHTAG#, as strategic hills around it have been … #URL# via #USER# ></document>
		<document> #HASHTAG# I request you #HASHTAG# to #HASHTAG# the #HASHTAG# of nearby #HASHTAG# during the #HASHTAG# of #HASHTAG# of local land people #HASHTAG# #URL# ></document>
		<document> The office of Aung Chan Thar Ward in #HASHTAG# is on #HASHTAG# . The cause of the fire is unknown.#HASHTAG# #URL# ></document>
		<document> !! 'update #သာေကတၿမိဳ႕နယ္အတြင္း #HASHTAG# #လႊတ္ေတာ္ကိုယ္စားလွယ္ေလာင္း #ဦးႏိုင္ငံလင္းႏွင့္ #ပါတီ၀င္အခ်ိ… #URL# via #USER# ></document>
		<document> Indian civil societies urge the Prime Minister of India to sincerely engage with Burma on Rohingya #URL# ></document>
		<document> Today (May 18) morning, #HASHTAG# Division; The #HASHTAG# Township #HASHTAG# was #HASHTAG# in the #HASHTAG# and died on the spot near bomb explosion
Crd, #HASHTAG#  #HASHTAG#  #HASHTAG# #URL# ></document>
		<document> Burma Myanmar’s National League for Democracy (NLD) will hold a fund-raising concert on December 27 and 28 #URL# ></document>
		<document> Response to the Press Release of the ‘Rohingyas’ By Khin Maung Saw, Berlin, Germany 2009-wontharnu #URL# ></document>
		<document> Abhisit turned up at the court this morning to face indictment on murder charges in connection with the military… #URL# ></document>
		<document> the rest of our #HASHTAG#...
- In my own village
- without having to chill..
- One #HASHTAG# after #HASHTAG# to #HASHTAG#
- The one to avoid difficulties. #HASHTAG# #HASHTAG# #HASHTAG# 
#HASHTAG#  #HASHTAG# #URL# ></document>
		<document> #HASHTAG# at #HASHTAG# #HASHTAG# #HASHTAG#...
July 26, 2021
Some residents and buildings are flooded due to continuous rain and flood at the largest refugee camp in #HASHTAG#- #HASHTAG# #HASHTAG#.
Source: DVB #HASHTAG# #URL# ></document>
		<document> Indian Colonel Ajay Chaudhary arrested on drug smuggled #URL# ></document>
		<document> #หนุ่มอินเดีย #โดนเสือขย้ำดับ!- #HASHTAG# #HASHTAG# #HASHTAG# #HASHTAG# #HASHTAG# #HASHTAG# the #HASHTAG# to #HASHTAG# #HASHTAG#!: #URL# via #USER# ></document>
		<document> #ရိုးရိုး ရူးလည်း..ရပါတယ် ဟ.! #HASHTAG# Young men Buddhist Association😂#HASHTAG# #HASHTAG# #HASHTAG# #URL# ></document>
		<document> Buddhist monks from Monywa reinforced the main copper mining protest camp-video #URL# ></document>
		<document> Burma: Aung San Suu Kyi : illegal migration from Bangladesh had to be stopped. #URL# ></document>
		<document> Nearly 100 reported rapes in Yangon over eight months #URL# ></document>
		<document> #HASHTAG# #HASHTAG# to a #HASHTAG# #HASHTAG# is #HASHTAG# terrorism at all. #HASHTAG# #HASHTAG# Minister U Ye Mon.Terrorism is the killing of #HASHTAG# #HASHTAG# by force of arms" #HASHTAG# #URL# ></document>
		<document> Thailand: Dengue fever detected in Mae hongson #URL# ></document>
		<document> People's Democratic Reform Committee - PDRC-UPDATE NEWS 18.DEC.ENGLISH #URL# ></document>
		<document> AASG SINGAPORE NOTE : Actually AASG never have plan to do honorary drum in opening or closing event. #URL# ></document>
		<document> President pushes for swifter rehabilitation in Rakhine State #URL# ></document>
		<document> Another 2 month curfew extended in Arakan, include Sittwe, Buthidaung, Maungdaw, Rambree, Kyauk Pru and Kyauk Taw. #URL# ></document>
	
</author><Document> MYANMAR BURMA: Anti-mine activists in court over burning Chinese flag #URL# ></Document>
<Document> Local villagers in #HASHTAG# start digging #HASHTAG# also said they heard #HASHTAG# in and around Mawchi Village this morning.
Photos: Salween Press.
#HASHTAG# #HASHTAG# #HASHTAG# #HASHTAG# #HASHTAG# #URL# ></document>
<Document> #HASHTAG# #HASHTAG# to #HASHTAG#
100% guaranteed #HASHTAG# ...
#HASHTAG# #HASHTAG# is trying to break in
Municipality of Mae Sot on the #HASHTAG#-#HASHTAG# #HASHTAG#
24.6.2021 with the #HASHTAG# #HASHTAG#
#HASHTAG# #HASHTAG#
 #HASHTAG# and #HASHTAG#
ရဲမင်း(AAC)- #HASHTAG#
Photos Rainbow #URL# ></document>
<Document> Chin #HASHTAG# #HASHTAG# for photographing the #HASHTAG# explosion in Yangon.
Police found a young man taking photos of his home after police came to #HASHTAG# #HASHTAG# #HASHTAG# near Insein Road Station, Yangon, Hlaing Township.
#HASHTAG# #HASHTAG# #HASHTAG# #URL# ></document>
<Document> BURMA: Press Conference at Chinese Ambassador's Residence in Yangoon by ssmk #URL# ></Document>
<document> Kachin Women's Association Thailand (KWAT): From Persecution to Deprivation - International Donors Neglect 60,000 Displaced Kachin on... ></document>
<document> #USER# #USER# #USER# for all the years of Nargis until now UN useless- no balls #URL# ></document>
<document> Protest leader Suthep Thaugsuban today announced a full shutdown of state property in the coming days #URL# ></document>
<Document> Türkiye: NGO; over 100,000 sex slaves, half are children #URL# ></document>
<document> GOVERNMENT PROTESTERS ARE KILLED BY “MEN IN BLACK” AND RED T-SHIRT POLICE OFFICE PUBLIC GUNSLING LESSONS!!!!!! #URL# ></document>
<document> MALAYSIA Nation's Biggest Raid Coming Soon #URL# ></document>
<Document> National League for Democracy President Daw Aung San Suu Kyi visits Czech Republic #URL# ></document>
<Document> BANGKOK URGENT!!! :Rural Medical Network needs volunteers to take care of us this Sunday... #URL# ></document>
<Document> THAILAND: NACC _ Yingluck will lose the right to copy documents on the investigation of their role in relation to the rice… #URL# ></Document>
<Document> BANGKOK: Suthep Thaugsuban: Here is our route tomorrow.!!! #URL# ></document>
<Document> KACHIN WAR: Kachin seeks political settlement with Burmese government-english -burmese-videos #URL# ></document>
<Document> Drugs found in abandoned Burmese army post in Kachin State #URL# ></Document>
<document> #HASHTAG# #HASHTAG# #HASHTAG# said today that they would revise the rice pawning system if their Pheu Thai… #URL# via #USER# ></document>
<document> At Eleven Media, we urge the government to try to make real change and reform #URL# ></document>
<document> Burmese government firmly opposes Al Jazeera Television's fabricated nonsensical propaganda for the so-called Rohingya (Bengalis) - exaggeration... ></document>
<Document> ELEVEN MEDIA RESPONDS TO CHINA'S CHARGES OVER ARMS DEAL TO UWSA #URL# ></document>
<Document> Minister Chalerm to protest if police do not arrest Suthep within 2 days #URL# ></Document>
<Document> WATCH IT !!! Whistleblowing salutes Yingluck in Northeast VIDEO #URL# ></document>
<document> ABSDF arrives in Yangon, starts for Peace Talk-VIDEO-(ABSDF)'s Northern Sector cannot participate #URL# ></document>
<Document> Myanmar: Burmese Army: 2 KNU members arrested. #URL# ></document>
<document> QUOTE OF THE DAY – Former House Speaker Uthai Pimchaichon “Thaksin is now a special human species that could not be… #URL# ></document>
<Document> MYANMAR BURMA: HAPPY BIRTHDAY U KO GYI STUDENT LEADER OF THE 88TH GENERATION #URL# ></Document>
<Document> THAILAND ACADEMICS: Assembly in Defense of Democracy (AFDD) Statement #URL# ></Document>
<Document> Statement of US EMBASSY YANGON on Kachin Conflict BURMESE-ENGLISH #URL# ></Document>
<Document> Published KNU GS_ Open Letter to the Karen Society on Scribd #URL# #HASHTAG# ></document>
<Document> LOOK AT YOUR OIC COUNTRIES FIRST!- The Secretary General of the OIC speaks on Discrimination, Freedom of Speech and Freedom of Religion... ></Document>
<Document> TDRI: #HASHTAG# #HASHTAG# with #HASHTAG# #HASHTAG# in the last 4-5 years #URL# via #USER# ></document>
<Document> Thailand: Suu Kyi has no chance to make public speech during trip to Mae Sot - Prime Minister Yingluck Shinawatra worried about repercussions... #URL# ></Document>
<Document> Please record the violence against #HASHTAG# as a war crime.
#HASHTAG#
#HASHTAG#
#HASHTAG# #URL# ></document>
<document> The Supreme Commander of the Thai Armed Forces has agreed to host a public forum for peace on December 14 #URL# ></document>
<document> #HASHTAG# #HASHTAG# Since May 29th, the continuous rain continues, people living in #HASHTAG# #HASHTAG# move to another place to escape #HASHTAG#.
Many people still live in other #HASHTAG# groups and are not affiliated with #HASHTAG# groups. #HASHTAG# #HASHTAG#
Kantarawaddy Times #URL# ></document>
<document> IMPORTANT NOTE!: National races never think of hatred #URL# ></document>
<document> Published preview of "conflict" on Scribd #URL# #HASHTAG# ></document>
<document> WE DON'T WANT THIS IN BURMA MYANMAR - Four dead in clashes in Bangladesh over 'atheist bloggers' VIDEO #URL# ></document>
<document> #USER# please don't post mala pics, it's psywar and it might affect the strength of our young fighters ></document>
<Document> A fire broke out in the #HASHTAG# town hall at around 10:30 p.m. tonight. #HASHTAG# #HASHTAG# #URL# ></document>
<Document> Edward Snowden seeks asylum in Brazil #URL# ></Document>
<Document> ASIA SECURITY INITIATIVE Ceasefire without Peace Process in Myanmar: The Shan State Army, 1989-2011” #URL# ></document>
<Document> Rohingya looting, setting fires, throwing stones - Video - Rule of Law? #URL# ></document>
<document> MYANMAR BURMA: Fighting continues in Kachin and northern Shan State as ethnic armed groups prepare for the next... #URL# ></document>
<Document> Today, #HASHTAG#, #HASHTAG# Township, Shan State; #HASHTAG#; The MNDAA has officially released the images of the victims and ammunition confiscation through the #HASHTAG#.
#HASHTAG# #HASHTAG# #HASHTAG# #URL# ></document>
<Document> DSI calls on 17 anti-government PDRC protest leaders to acknowledge insurgency charges; freezes bank accounts from 18… #URL# ></document>
<Document> A #HASHTAG# explosion at the home of former #HASHTAG# candidate U Phir Mawng in #HASHTAG# Hniarlawn #HASHTAG# #HASHTAG# #URL# ></document>
<Document> AAPP published statement Peaceful Demonstrors Face Violence English on Scribd #URL# #HASHTAG# ></document>
<document> Please do not post messages or photos sent to #HASHTAG# #HASHTAG#. Our camps are #HASHTAG# #HASHTAG# #HASHTAG# camps right now. nThere is #HASHTAG# post online where things have been delivered. I'm afraid our #HASHTAG# will be #HASHTAG#.n#HASHTAG# #HASHTAG# #URL# ></document>
<document> LAD PADAUNG COPPER MINING PROTEST NEWS JANUARY 29 video #URL# ></document>
<Document> #HASHTAG# #HASHTAG# #HASHTAG# Bo Htun Tauk Naing announced that he was #HASHTAG# #HASHTAG#.n Last night's news said that Bogy Tun Naing was arrested and some news media reported that PDF -Military members were arrested while Bogyauk Htauk Htun Naing was released. #HASHTAG# #HASHTAG# #URL# ></document>
<Document> #HASHTAG# #HASHTAG# #HASHTAG# at #HASHTAG# #HASHTAG#-#HASHTAG# #HASHTAG# #HASHTAG# #HASHTAG# Cash on the way to Lao P… #URL# via #USER# ></ document >
<document> We are very pleased to see that Daw Aung San Suu Kyi as Chair and Ko Min Ko Naing and Ko Ko Gyi as members of the investigation... ></document>
<Document> The #HASHTAG# #HASHTAG# #HASHTAG# was formed in the #HASHTAG# Thuwanda Township #HASHTAG# region.
May 17 #HASHTAG# #HASHTAG# #HASHTAG# #HASHTAG# #URL# ></document>
<Document> THAILAND: Protest leaders vow to eliminate Thaksin regime #URL# ></document>
<Document> THAILAND: The Metropolitan Police Bureau is preparing for large protests planned by the PDRC #URL# ></document> for December 19-20
<Document> On May 13, it was reported that #HASHTAG# and #HASHTAG# #HASHTAG# incorrectly had #HASHTAG#. The real story is that #HASHTAG# is a #HASHTAG#. The Military Council ordered the BGF to go east. Daring not to go, the BGF ordered the military council to go east. #HASHTAG# n#URL# ></document>
<Document> Burma/Myanmar Peace Process Means Issuance of Vehicle Import Licenses? #URL# ></document>
<Document> That's why our #HASHTAG# (underground revolutionaries) #HASHTAG# #HASHTAG# will visit every #HASHTAG# visiting any #HASHTAG# attacked schools is not our handwork. The #HASHTAG# of #HASHTAG# attempts to separate humans between #HASHTAG# and humans. #HASHTAG# #HASHTAG# #HASHTAG# #URL# ></document>
<Document> MYANMAR - BURMA WANTED: He killed a group of boxes and a visiting monk in Meik Thi Lar. #URL# ></document>
<Document> RAKHINE STRAIGHT VIEW (RSV) Online Journal #3 Volume 1 #URL# ></Document>
< Document> THAILAND: State Department denies hiring US lobby firm #URL# ></document>
<Document> Fire destroys 200 houses in Mandalay-Myanmar, Burma #URL# ></Document>
<Document> Daw Suu Meets with Burmese Community in USA: Venue: American University, Washington, D.C. Date: September 20, 2012... ></document>
<Document> #HASHTAG# #HASHTAG# in the #HASHTAG# advice area is ##HASHTAG# from #HASHTAG# positive quarantine patients
Naypyitaw Police Force and police officers from outside of Naypyitaw are transferred to Municipal Guest as there is no place for treatment.

#HASHTAG# #HASHTAG# #URL# ></document>
<Document> PDF-MDY announced that the affected end list of #HASHTAG# #HASHTAG# was not confirmed.#ပြည်သူကမွေး
#ပြည်သူ့သွေး
​#ပြည်သူ့အတွက်PDF #URL# ></document>
<Document> Anti-government protesters cut off electricity and water supplies to Govt House after police gave an hour to leave... #URL# ></document>
<Document> The birth rate in the northern parts of Rakhine State is increasing at an alarming rate #URL# ></document>
<Document> Myanmar suspends posting of workers to Malaysia #URL# ></Document>
<Document> English Speech by Thai Academic Professor Seri Wongmonta on Pre-election Reform - Video #URL# ></Document>
<Document> 1 community manager stabbed in #HASHTAG#
Governor U Win Naing, Myo Thar Township, Ngan Zun Township, Region #HASHTAG#, U Win Naing was stabbed and died on #HASHTAG# #HASHTAG# #URL# ></document>
<document> "Two #HASHTAG# escalate around Bhamo tonight"
April 24, 2021 #HASHTAG# #HASHTAG# #HASHTAG# #HASHTAG# #HASHTAG# #HASHTAG# #HASHTAG# #URL# ></document>
<Document> Announcement by PDRC Spokesman Akanat Promphan: To avoid confusion and possible misinformation, please include... #URL# ></document>
<document> CHULA PRESS: Demand the resignation of Acting PM Yingluck Shinawatra and her cabinet - คณาจารย์แพทย์… #URL# ></document>
<Document> PDRC would like to extend its heartfelt condolences to the family of Khun Sutin Taratin, who was fatally shot by... #URL# ></Document>
<Document> The UN group's third country resettlement for Myanmar refugees at the Thai-Burmese border will eventually end… #URL# ></Document>
<Document> Burma will soon reopen Mongla's border gate with China #URL# ></document>
<Document> LAOS: Letter from Sombath Somphone's wife on the International Day of the Disappeared #URL# ></Document>
<document> THAILAND : CHANGE YOUR FACBOOK PROFILE PHOTO - THANK YOU - FRIENDS OF THAI MAY JOIN #URL# ></document>
<Document> Lt. Col. Khun Kyaw aka Than Gyaung, Shan State Army (SSA) South, is not among the Shan rebels released at #URL# ></document>
<Document> WOW REPORT: RESTRICTED RIGHTS: Migrant Workers in Thailand, Cambodia and Malaysia - English #URL# ></Document>
<Document> Htin Kyaw and 3 activists appear before Municipal Court for protests without permission - Video #URL# ></Document>
<Document> 27/5/2021.The #HASHTAG# Brigade #HASHTAG# #HASHTAG# today
#HASHTAG# between #HASHTAG# and the #HASHTAG# #HASHTAG# continues to this day #HASHTAG# #HASHTAG#
No KNU casualties were reported #HASHTAG# #HASHTAG# #URL# ></document>
<document> !! #แผ่นดินไหว #เชียงราย #ขนาด 4.6- EARTHQUAKE CHIANG RAI #URL# via #USER# ></document>
<Document> THAILAND: It's final: Sunday general elections as scheduled #URL# ></Document>
<Document> STATEMENT: THAILAND People's Democratic Reform Committee (PDRC) ENGLISH #URL# ></Document>
<document> Hacking group Anonymous says they will avenge <a href="#URL#" data-query-... #URL# ></document>
<Document> MYANMAR BURMA 27TH SEA GAMES OPENING CEREMONY - VIDEOS #URL# ></Document>
<document> Ministry of Interior Concerned by Fishermen's Gulf of Thailand Blockade #URL# ></document>
<Document> MYANMAR BURMA: Eleven Media reporter sentenced to three months in prison for trespassing while reporting on illegal … #URL# ></Document>
<Document> Myanmar Airways to buy three French aircraft to replace three Chinese MA60 aircraft #URL# ></Document>
<Document> THAILAND: Dhammajarinee Witthaya School_Buddhist Way: Helping and working with girls since 1990 #URL# ></Document>
<Document> #HASHTAG# Division #HASHTAG# one person was #HASHTAG# and another was violated #URL# ></document>
<Document> Obama administration opens Burma to US mining investment #URL# ></Document>
<Document> MYANMAR BURMA: KIO, Government meets as a prerequisite for high-level peace talks #URL# ></Document>
<document> Facebook and Microsoft executives visit Myanmar #URL# ></document>
<document> Parliament of Burma Myanmar: This is for headline readers - democracy will NOT come overnight #URL# ></document>
<Document> Suthep accused of making illegal, impossible suggestions #URL# ></Document>
<Document> Response letter from KNU regarding bombing suspect - #URL# ></Document>
<Document> Media representatives criticize attacks on journalists #URL# ></Document>
<document> Chapter soldiers shot dead four drug dealers and arrested another during a violent two-hour cash payment with an armed drug... #URL# ></document>
<Document> TACHILEIK MARTYR'S DAY JULY 19. VIDEO #URL# ></document>
<Document> U ThanShwe doesn't trust President as well as Gen MinAungHlaing - orders counter-groups to be vigilant - May 11 #URL# ></document>
<Document> THAILAND: STUDENTS CLIMBING THE WALL OF BANGKOK GOVERNMENT HOUSE - VIDEO #URL# ></Document>
<document> Thein Sein receives the International Crisis Group (ICG) Peace Prize #URL# ></document>
<document> make #HASHTAG# #HASHTAG# the exact place on #HASHTAG# nTake the #HASHTAG# of #HASHTAG# as #HASHTAG#. When the public on the premises posted the location where the shots were fired, #HASHTAG# #HASHTAG# immediately looked at the #HASHTAG# and blocked the streets n #HASHTAG# #URL# ></document>
<Document> Members of Islamist extremist group Boko Haram killed Reverend Faye Pama Musa, Christian Association of Nigeria… ></document> yesterday
<Document> Press Council submits media bill directly to Parlink #URL# ></document>
<Document> Deputy Foreign Minister travels to Malaysia ENGL,SUBTITLE-VIDEO #URL# ></Document>
<document> PEACEMARKER YANGON TO LAIZA UPDATE NEWS VIDEO #URL# ></document>
<Document> ABSDF Northern Killing Myanmar Students Case Video #URL# ></document>
<Document> Dozens of #HASHTAG# #HASHTAG# brought #HASHTAG# home this morning after #HASHTAG# #HASHTAG# asked them to return home to Karen State. #HASHTAG# #HASHTAG#
Photos: Kawthoolei today. #URL# ></document>
<document> World Fellowship of Buddhist Youth (WFBY): Buddhist peaceful protest to protect Buddhagaya at the United Nations in Thailand… ></document>
<document> Leaders of the prominent activist group 88 Generation Students said they plan to create a political party to work for democratization, peace and... ></document>
<Document> Security tightened at Shwedagon Pagoda in Rangoon due to explosion at Buddha Gaya in India #URL# ></document>
<Document> Burma: 'STOP KILLING THE PRESS' protest #URL# ></Document>
<Document> UNIVERSITY DEPARTMENT: PASSPORT APPLICANT NO LONGER REQUIRED #URL# ></Document>
<Document> Joint Communiqué from PDRC Allies and Supporters in Denmark, New Zealand, Germany, Atlanta (Georgia, USA), Sydney, … #URL# ></Document>
<Document> Naval Police Deployment in Port Cities of Rakhine #URL# ></Document>
<Document> Posted 50th Anniversary July 7th ABSL postcard on Scribd #URL# #HASHTAG# ></Document>
<Document> Suu 67 - Her words with their timeline Excerpts of her words... #URL# ></Document>
<Document> Western media conglomerates - when will you start telling the truth? Stop slandering our legitimate fight against… #URL# ></document>
<Document> Notice of the Presidential Office of the Republic of the Union of Myanmar No. (19/2014) #URL# ></Document>
<document> #HASHTAG# #HASHTAG#-#HASHTAG# #HASHTAG#,#HASHTAG# #HASHTAG#, #HASHTAG# Poster and forced cancellation of a concert in Nonthaburi #URL# ></document>
<Document> THAILAND: Police arrest two men for setting fire to bus near Ramkhamhaeng University #URL# ></document>
<Document> Release of KNU press release on Government move of Burmese _2 on Scribd #URL# #HASHTAG# ></Document>
<Document> The #HASHTAG# responds to a growing number of #HASHTAG# whether it is the #HASHTAG# as newly formed #HASHTAG# or #HASHTAG#.
The two #HASHTAG# are #HASHTAG# #HASHTAG# #HASHTAG# #HASHTAG# #URL# ></document>
<Document> Radio Free Asia reporter Moe Thu Aung, Waiphyo Han, died Monday morning #URL# ></document>
<Document> Ministry of Foreign Affairs Press Release on Upcoming Aljazeera Programs in the "Rohingyas" #URL# ></Document>
<Document> Open Letter to KNU from Daughter of SAW BA U GYI - Thelma Gyi - August 2013 - ENGLISH #URL# ></Document>
<Document> Abhisit Vejjajiva ready to defend murder case in criminal court – Red Shirt leader Supporn Attawong now… #URL# ></Document>
<Document> #HASHTAG# #HASHTAG# #HASHTAG# #HASHTAG# #HASHTAG#; We will refrain from #HASHTAG# #HASHTAG# repeated calls from #HASHTAG# #HASHTAG# to repost protest images and if not to run the business/give them authority. Stakeholders informed that they will participate until the end of the revolution &amp; help people ></document>
<document> Next UNFC meeting postponed to January #URL# ></document>
<Document> BURMA: Vagabond beggars in the city of YANGOON #URL# ></Document>
<Document> Sea Games: MRTV-4 Online Live TV from Myanmar is now broadcasting free live TV channels for online TV viewers from … #URL# ></document>
<Document> The #HASHTAG# of #HASHTAG# #HASHTAG# passed from the silent generation in 1962 to the hands of the 1975-76 generation and the 1988 generation. It deserves to fall into the hands of today's #HASHTAG# #HASHTAG# steel to achieve the #HASHTAG# #URL# #URL# ></document>
<document> ALERT!!!! Death threats like these have been made against the leaders of the PDRC rally. Government/UDD supporters are… #URL# ></document>
<Document> Youth #HASHTAG# Township #HASHTAG# #HASHTAG# #HASHTAG#
ဓါတ်ပုံ - CJ
#နွေဦးတော်လှန်ရေး_Myanmar_GZ #URL# ></document>
<Document> WAR: KIA-ABSDF NORTH LIVE WAR REPORT ON SKYPE VIDEO #URL# ></Document>
<Document> Publishes NCUB St on Rohinja June-Eng on Scribd #URL# #HASHTAG# ></document>
<Document> Published Burma Karen Rpt Ltr 2012 on Scribd #URL# #HASHTAG# ></document>
<document> Rebel Leaders: Few will show up for nationwide ceasefire agreement #URL# ></document>
<Document> BANGKOK: SCHEDULE PUBLIC FORUM SATURDAY 14 #URL# ></Document>
<Document> MYANMAR – FOOTBALL LIVE SEA GAMES: MYANMAR –1 :THAILAND 0 – WATCH LIVE #URL# ></document>
<Document> Security officials: Still no information on North Korean hostages #URL# ></Document>
<Document> #HASHTAG# #HASHTAG# Street #HASHTAG# #HASHTAG# #HASHTAG# (7)
Search 4 station
There are many #HASHTAG# #HASHTAG#
May 29 (9:50 p.m. #HASHTAG# #HASHTAG# #URL# ></document>
<Document> Nok Air prepares for IPO in Q3 2013 with international expansion starting with two Myanmar routes #URL# ></document>
<Document> #USER# No news from Myanmar!! Terrorists (SAC) brutally kill and confiscate property from even dying civilians. This happened on May 2nd when terrorists (SAC) dispersed protesters in #HASHTAG#, 2 civilians died and one body was taken away from them. #URL# ></document>
<Document> BANGKOK: RESPECT STUDENT NETWORK!!!! BEFORE AND AFTER THE DEFENSE OF THE GOVERNMENT HOUSE DECORATION #URL# ></document>
<Document> BOSCH office opened in Myanmar, recognizes THIS COUNTRY as a strategic place VIDEO #URL# ></Document>
<Document> Burma Democratic Concern (BDC) on the 2012 Arakan Crisis: What Went Wrong? – Video #URL# ></document>
<Document> MYANMAR: Anin villagers appeal to reclaim public land for new hospital #URL# ></document>
<Document> SHAN STATE NATIONALITIES PEOPLE'S LIBERATION ORGANIZATION SNPLO FEBRUARY 12, 2013 #URL# ></Document>
<Document> #HASHTAG# #HASHTAG# Closing #HASHTAG# Approvalsit list of #HASHTAG# and #HASHTAG# #HASHTAG# list is checked
#HASHTAG# #HASHTAG# #HASHTAG# #URL# ></document>
<Document> “HUMAN RIGHTS WATCH” School books from Saudi Arabia showing children how to chop off hands and feet under Sharia law… ></Document>
<Document> Online Campaign Against TIME Magazine's Use of "Buddhist Terror" #URL# ></Document>
<Document> #HASHTAG# announced tonight that no #HASHTAG# affecting #HASHTAG# and #HASHTAG# #HASHTAG# can be accepted and is cooperating against targeted #HASHTAG# attacks. #HASHTAG# #URL# ></document>
<Document> KIA Attends Political Meeting Between Government, UNFC and Leader of Generation 88 Student Group - Video #URL# ></Document>
<Document> Fighting broke out between GOVERNMENT FORCES AND KIA #URL# ></Document>
<Document> It's like the four pillars are being torn down 🚨
There are 2 dogs near Dhamma Linkara School
8:15
#HASHTAG# #HASHTAG# #HASHTAG# ></document>
<Document> Burmese musician Lasho Thein Aung, aka Jimmy Jack, returns to Burma - Photos by Jimmy Lashio #URL# ></Document>
<Document> MYANMAR BURMA: The Rakhine Nationalities Development Party (RNDP) opposes the use of "other" in the census #URL# ></document>
<Document> #HASHTAG# #HASHTAG# #HASHTAG# forces #HASHTAG# #HASHTAG# #HASHTAG# #HASHTAG# nPeople are also encouraged to #HASHTAG# #HASHTAG# #HASHTAG# and #HASHTAG# and live streams between #HASHTAG # troops and #HASHTAG# councils. #HASHTAG# #HASHTAG# #URL# ></document>
<document> TRICKY Khin Yi: "It is up to the Electoral Commission to decide whether the Bengalis holding the cards have the right to vote"... ></document>
<document> Burma: Speed-Pill compressor confiscated by police in Tachilek near Akha market #URL# ></document>
<Document> Network of Thais Overseas, Los Angeles, condemned Yingluck Shinawatra Government 2013-12-1-video #URL# ></document>
<Document> THAILAND: Public Forum at Thammasat University "Political reforms should be carried out before general election" #URL# ></Document>
<Document> Ko Nay Myo Zin Press Conference for Hlaing Zar Journey – Video #URL# ></Document>
<Document> PDRC leader says closing mosques is misunderstanding #URL# ></document>
<document> MYANMAR BURMA: Land grabs the biggest problem in Myanmar, says rights group #URL# ></document>
<Document> Statement No. (1/2012) of the Office of the President of Myanmar Regarding the Conflict in Rakhine State #URL# ></Document>
<Document> BANGKOK: Leading member of PDCR, Jitpas or known as Tant, house firebombed #URL# ></Document>
<Document> Ethnic rebel armies to attend national Shan conference next month #URL# ></document>
<Document> Published May 09, 2012 Gen ThanShwe in Crisis Sovling Mode on Scribd #URL# #HASHTAG# ></document>
<Document> The #HASHTAG# #HASHTAG# assigned by the Parliamentary Committee of Representatives of the Union will be released on July 28 to the #HASHTAG# and #HASHTAG# becoming #HASHTAG# #HASHTAG# #HASHTAG# #HASHTAG# under authority. #HASHTAG# #URL# ></document>
<Document> Davenport McKesson Corporation has agreed to provide lobbying services for the Kingdom of Thailand within the United States... #URL# ></Document>
<document> #HASHTAG# #HASHTAG# #HASHTAG# #HASHTAG# is as good as #HASHTAG# because there were strategic mounds around it... #URL# via #USER# ></document>
<document> #HASHTAG# I urge you to #HASHTAG# the #HASHTAG# of #HASHTAG# nearby #HASHTAG# during the #HASHTAG# of #HASHTAG# of local rural people #HASHTAG# #URL# ></ document> to #HASHTAG#
<Document> Aung Chan Thar Ward's office in #HASHTAG# is on #HASHTAG# . The cause of the fire is unknown.#HASHTAG# #URL# ></document>
<document> !! 'Update #သာကေတမြို့နယ် အတွင်း #hashtag #လွှတ်တော်ကိုယ်စားလှယ်လောင်း #ဦး နိုင်ငံ လင်း နှင့် ပါတီဝင် ပါတီဝင်… #URL #About #Uszer #> </dokument>
<Document> Indian Civil Societies Call on Indian Prime Minister to Seriously Engage with Burma on Rohingya #URL# ></document>
<Document> Today (May 18) morning, #HASHTAG# division; The #HASHTAG# township #HASHTAG# was #HASHTAG# in #HASHTAG# and died on the spot near the bomb blast
Crd, #HASHTAG# #HASHTAG# #HASHTAG# #URL# ></document>
<document> The National League for Democracy (NLD) of Burma Myanmar will hold a benefit concert on December 27th and 28th #URL# ></document>
<Document> Response to Rohingya Press Release by Khin Maung Saw, Berlin, Germany 2009-wontharnu #URL# ></Document>
<Document> Abhisit appeared in court this morning to face a charge of military-related murder... #URL# ></Document>
<document> the rest of our #HASHTAG#...
- In my own village
- without having to chill..
- A #HASHTAG# after #HASHTAG# to #HASHTAG#
- The one who avoids trouble. #HASHTAG# #HASHTAG# #HASHTAG#
#HASHTAG# #HASHTAG# #URL# ></document>
<Document> #HASHTAG# at #HASHTAG# #HASHTAG# #HASHTAG#...
July 26, 2021
In the largest refugee camp in #HASHTAG#- #HASHTAG#, some residents and buildings are flooded due to continuous rain and flooding.
Source: DVB #HASHTAG# #URL# ></document>
<Document> Indian Colonel Ajay Chaudhary arrested for drug smuggling #URL# ></Document>
<Document> #หนุ่มอินเดีย #โดนเสือขย้ำดับ!- #HASHTAG# #HASHTAG# #HASHTAG# #HASHTAG# #HASHTAG# #TAGHASHASH# ###HASHTAG ###TAG #HASHTAG:# #HASHTAG#HASH#TAG #HASHTAG an ## ></document>
<Document> #ရိုးရိုး ရူးလည်း..ရပါတယ် ဟ.! #HASHTAG# Young Men's Buddhist Association😂#HASHTAG# #HASHTAG# #HASHTAG# #URL# ></document>
<Document> Monywa Buddhist Monks Reinforce Main Copper Mining Protest Camp - Video #URL# ></Document>
<Document> Burma: Aung San Suu Kyi: Illegal immigration from Bangladesh had to be stopped. #URL# ></document>
<document> Nearly 100 reported rapes in Yangon over eight months #URL# ></document>
<Document> #HASHTAG# #HASHTAG# to a #HASHTAG# #HASHTAG# is #HASHTAG# terrorism at all. #HASHTAG# #HASHTAG# Minister U Ye Mon. Terrorism is the killing of #HASHTAG# #HASHTAG# by force of arms #HASHTAG# #URL# ></document>
<Document> Thailand: Dengue fever discovered in Mae Hongson #URL# ></document>
<Document> People's Democratic Reform Committee - PDRC-UPDATE NEWS 18.DEC.ENGLISH #URL# ></document>
<Document> AASG SINGAPORE NOTE: In fact, the AASG never intended to volunteer to drum at opening or closing events. #URL# ></document>
<document> President urges faster rehabilitation in Rakhine state #URL# ></document>
<Document> Another two-month curfew extended in Arakan including Sittwe, Buthidaung, Maungdaw, Rambree, Kyauk Pru and Kyauk Taw. #URL# ></document>

</author>