
	
		<document> And I'm not even talking about white anarchists here bc fuck them. I'm talking about APOCs and anarchists who happen to be Black. It's no shade to the concepts of class conflictuality, prefiguration, &amp; even anti-politics as a modality but come on. I feel like I have diff concerns ></document>
		<document> Well the gay men copied Women of transgender experience tbh. And those gay men happily team up with cis straight men and cishet women against the gworls #URL# ></document>
		<document> #USER# People need to go back to the drawing board. You won't understand Genre without also understanding Fanon's notion of sociogeny. But more broadly, you cannot adequately address why centering the "female" is an issue if you simply want to substitute "male" in the liberal academe ></document>
		<document> They don't want to confront the question of neocolonialism which becomes a primary contradiction in the road of developing via RCBO. They are not willing to deal with the entangled issues involved with internal contradictions around sexual predators, gang abuse, DV, etc ></document>
		<document> It is in response to that, and it's victim blaming, pathologizing implications, that people caught in between various crises had to try and formulate different explanations for why the dimension of human experience evolves and can be changed by conscious, collective action. ></document>
		<document> Defund and Community Control are the good cop and bad cop of the nascent neocolonial takeover of 21st century American fascism. nRemember what Malcolm had to say about foxes and wolves. Aint just applicable to the dems and repubs. Leftists move like liberals and conservatives too ></document>
		<document> A whole lot of niggas sounding like this fascist ass crakkka ass bihhhh #URL# ></document>
		<document> And then there is the "new jail" plan that comes out of the supposed closure of Rikers. A new jail to be built in the Bronx. They putting up a jail but ain't doing shit about the real issues we face. Disgusting. Fuck this new mayor BTW and his transitional housing team ></document>
		<document> In December them socialists was Wilding saying that nonbinary identity is a manifestation of "postmodernism" and the same accounts you see ppl are mad at for saying that TMA and TME is a real distinction, was the same accounts checking these socialists for their enbyphobia ></document>
		<document> I also have another ex, a cis male, who been online stalking me and that's on top of dealing with some intense family shit that came up between Thanksgiving and Christmas wrt to my transness. The common denominator in all this is transmisogynoir period and it's exhausting asf ></document>
		<document> ... can emerge in our struggle. Since gender expansiveness in precolonial, ancestral, indigenous genres, identities, experiences, roles had a material basis: it is totally possible for those with neocolonial/assimilationist class interests to fold even modern "transgressive"... ></document>
		<document> #USER# 4. Ungendered

In the work of Hortense Spillers, she argues that Europeans essentially used hypersexual reductions of African people's bodies to reinterpret our pre-existing ways of being, kinship structures, and notions of gender on behalf of the slavery project... ></document>
		<document> Due to technical difficulties and scheduling conflicts we gonna push #HASHTAG# to Monday 27th December 

#URL# ></document>
		<document> Conscious Lee took some shit from AfAA recently too. I can't remember if my comrades had to push him to cite or not. But yeah. He really snooping on all the Black maGe especially TMA radical accounts. Everyone should keep the foot on his neck til he give that platform over imo ></document>
		<document> Like when I walk through my home borough there's something emanating from the landscape I be feeling, that crescendo in certain areas, like along the Bronx River for some reason. Especially as KY awareness of my family history and of the organizing history here grows, I feel it ></document>
		<document> by some feminists. It's simply a liberal/progressive iteration of the conservative trans panic "they are trying to destroy the nuclear family/Western civilization/the church + take away jobs and opportunities from us and force an agenda." That shit gets repackaged and distilled ></document>
		<document> It's always interesting to see who says this because in my experience these phrases aren't used as often at least not anymore. #URL# ></document>
		<document> Cisheterosexism coming for us all transmisogyny be the anchor ></document>
		<document> This then goes into why focus on the Scriptures can easily be used to silence us as Black people. ></document>
		<document> Nah bc why "BITCHMADESTUDIES" is going into one of my songs tho I really be carrying lmaoooo ></document>
		<document> I'm very intentional about words that I use when talking about Black QTGNC people. When I saw that I was "assigned Brotha" or when I say "masc Shawty" like I use our slang/kinship terms intentionally to specify our Black ways of relating to gender/sexual expanses tbh. ></document>
		<document> I want for my transition to give very much gender confusion and yet sexy in every gender all at once. ></document>
		<document> It's not lost on me that you are white tryna push back on what I said, which is both scientific and historical/material accuracy, to universalize Sex Dimorphism as a "prominent" feature of human organization. But you can take that white Man religion shit to someone else mentions ></document>
		<document> It's because folks were insisting on national/class interests in the struggle against segregation that some ppl sought gains from the State. Segregation was outright fascism and while some ppl wanted civil rights for bourgeois reasons, otherwise were fighting to help ease up... ></document>
		<document> And especially when I'm talking with other Black trans folks. It helps me to keep track of my needs but also to keep watchful about theirs. It takes discipline. I don't do it 24/7 but in the moments I'm led to, it's very powerful, grounding, calming ></document>
		<document> It depends on the person. It can work. Some ppl find it weird but yeah I'm the type to state my intentions like this. But it gotta be someone I already had a vibe or connection with in some way tbh #URL# ></document>
		<document> and the reason why is because "masc" then becomes a substitute for "men" and "males" who presumably don't need anymore Representation and are therefore either "taking up space" (transmisogyny) in the gender convo or "betraying" it as is said of trans men and transmascs ></document>
		<document> Everyone using 'she' or "presenting femme" don't got the same gender expanse, class interest, or racialized subjectivity. So how misgendering and perception of their physical appearance impacts them both externally and internally is not gonna be uniform. Overlooking this, however ></document>
		<document> All the gorls are either DJs, rappers, spiritualists, theorists/activists, or some combination of the four lmaoooooo ></document>
		<document> #USER# #USER# I have watched cis men and even cis women use the fact of their racialized ungendering to try and include themselves into categories like maGe and TMA, so no, I'm not relinquishing distinctions just bc their structures have dynamism. That's not good theory or propaganda to me ></document>
		<document> Yall be using these cartoon avis and not showing face in video chats and spaces and so niggas don't be knowing who ain't dark skinned until suddenly pics pop up and I don't like to see it esp bc of how we get down in the Anarkata Turn if dis u you better check yourself ></document>
		<document> Right. Cuz at the end of the day I invited then to the Twitter space precisely so they could tell me they @ themselves and they didn't bc THEY the ones hiding behind the "social networks and these computers" talking like "they some shooters" #URL# ></document>
		<document> And as much acceptance as there is now, especially around anime, if you grown and grown folks is still calling you an oreo then you must be doing sumn wrong lmaoooo vuz who is even still saying that shit in the 2020s???? I think some of yall Blerds just lie for clicks ></document>
		<document> This also means that noise pollution and the smell be hitting different up in the Bronx (bc of my sensory issues, it's certain neighborhoods I can't be in for too long without getting overwhelmed). The Bronx also gets overlooked by most "organizers" too bc they all be transplants ></document>
		<document> Alot of people joke about looking for a sugar parent and never think about how the folks interested in being one want control/power. Similar to how people be like "I wanna be a housewife; no more muling" and don't think about how Husbandry in a bourgeois society is exploitative ></document>
		<document> 7. None of these liberal/representation ways of Hypervisibilizing Black trans women and transfeminine people benefits us materially or socially or politically in the long run bc it is a bourgeois way of coercing our modes of living. And doesn't resolved conservative lies abt us ></document>
		<document> It's really wild how the mechanics of political reaction (where working class frustrations are coopted and directed downwards as an attempt to reclaim and conserve hierarchies in the face of crises) plays out on a micro-level in the ways that trans folk, esp TMA folk, experience ></document>
		<document> Can we speak today of rest as/before resistance if there is a plantation keeping people from resting? Can we ask ppl to divest from labor and to stop dreaming of labor if we aren't using "the magic of the hands" to transform what keeps people from resting, keeping us working? ></document>
		<document> The process that went into the Anarkata Statement needs to be replicated for each unique Black context, preferably with a different label devised for the local regions in consideration, focused on an advanced theoretical, practical, and speculative treatment of BAR and BRT ></document>
		<document> Yall be like "as a negro of non-black experience" ></document>
		<document> White transfems have an investment in maintaining Western womanhoods and therefore they be gaslighty about how Black people across gender expanses are oppressed by patriarchy and cisheterosexism. If anything "oppression olympics" is applicable to white trans women tbh ></document>
		<document> Tangentially related: while my conlang expresses Habitual Be through evidentiality, AAVE does it through a combination of both tense and aspect. Or maybe it's only a Tense? Or maybe it's only an Aspect? Language is complicated yo! 

#URL# ></document>
		<document> US based white anarchists trying to translate European derived white anarchist traditions without addressing the racial contradictions of the latter and the fact that they get magnified in the US which has a uniquely fascistic and nativist approach to any Leftism is goofy shit ></document>
		<document> Yall be living with or dating disabled ppl and "makin space" for us based on YOUR own self-interest with no cogenerative approach to what that's supposed to mean, and then paint us as abusive and manipulative, of taking advantage of you, when our needs start conflictin with yours ></document>
		<document> No shade some of the women led orgs be right along with the cis/het men pushing homophobic and transphobic fuckery. But yeah for the most part it's women and other marginalized genders actually carrying Pan Africanism forward while brothas water the shit down via neocolonialism #URL# ></document>
		<document> This not even unpopular atp but sis can NOT sing #URL# ></document>
		<document> I still laugh at the question "are you gay?" now lmaaaaaao that shit cracks me tf up ></document>
		<document> And as I struggle to teach myself this, after having spent years Adultified in my Closeted youth and Infomammied in my Egg days, this Chrysalis period also involves keeping anyone away from me that interferes with this very needed facet of my inner transformation. ></document>
		<document> White anarchists was deadass calling my comrades "opps" for tryna call out what happened to Antonio Mays, Jr (and other Black folks who got shot) and it was so reminiscent of "Pan Africanists" accusing queers of calling for "Western intervention" when we discuss our human rights ></document>
		<document> I be upset with how much I try to do for my own community some and paid dust by bitches simply because some people are legit anti-communist/anti-anarchist. And yall given them platforms or loom to them as leaders in Black liberatory thought too which is incredibly bizarre to me. ></document>
		<document> Strikes on Rikers, buildings burning in the Bronx, a cop ass mayor in a city with a standing army for a police force, ongoing housing crisis and EJ battles, a pandemic, kids being set up for death in schools that were already carceral, chile the struggle in NYC is wildin wildin ></document>
		<document> I don't know what this means and it could just be my imagination but I have had lots of dreams about revolutionary struggle, many of which have come true. I don't necessarily know if it's a spiritual gift or anxiety/ptsd + autistic pattern recognition at work (I think it's both) ></document>
		<document> But will non-TMA folks in the TGNC community listen tho? Or are yall gon keep platforming bullshit like that nonbinary blackness article? #URL# ></document>
		<document> I don't like taking selfies but here's one. #URL# ></document>
		<document> When I came out to my lil brother he gagged bc I told him I swear my upper body strength vanished after I started my journey lmaaaaaao now I can't open cans or nothing ></document>
		<document> It REQUIRES a class analysis and class is not something that can solely be parsed by lived experience. The point of lived experience is to illuminate, not replace and be a substitute for class analysis; but class analysis is still the essential framing and grounding yalk cmon ></document>
		<document> Not the bellbottoms with the tight as shirt from far away I def thought that too lmaoooo #URL# ></document>
		<document> #USER# That doesn't make cisgender people TMA to me although Transmisogyny does, again, as the fulcrum, impact the way they navigate racialized sex imposition and Western bourgeois gender norms. ></document>
		<document> This is true even of alot of gworls ourselves and it's a problem #URL# ></document>
		<document> by supposed feminists and queer radicals as "you all are taking up space" "you all have privileges because of your hypervisibility" and all the various iterations of Socialization + sex class theory used to silence us and surveill our bodies, presentation, behaviors. ></document>
		<document> My grandma dark skinned. My grandpa kinda light tho lmao now that I think about it #URL# ></document>
		<document> This, however, is not how BMS theorizes the oppression of Black men and masculinity. So I don't understand why any trans men and transmascs would turn to it. BMS centers cisheterosexism and sexual dimorphism; it doesn't start from a material analysis at all, either. ></document>
		<document> Anarkata. Prison struggle. Black Marxist feminism. Trans liberation/Self-Determinism. #URL# #URL# ></document>
		<document> You would think that Afrofuturists want to move accordingly but they don't. Most Afrofuturists are liberal. Then I go to ATR spaces that have self-proclaimed radicals present and they radicalism don't be scientific or developed enough for me, and often times is just liberalism ></document>
		<document> #USER# and what they have done is groomed certain people under the Umbrella to believe it so that our own community could do their TERF dirty work for them. Trans folks assigned so-called AMAB try to gain access to this too if they aren't the gworls via a weird respectability politics ></document>
		<document> The deal breaker for my severance with the institutional church was ableism and abuse apologism. Theologies of liberation helped me with answers for every other subject. But when it came to those two, it came up short. And I just could not abide after that. ></document>
		<document> making me think I'm bi lmaoooo bc why else do I feel most validated talking to transbians? Hmmph. I definitely don't relate to transhet gworls in terms of these discussions tho bc I cannot imagine centering how i discuss my trans womanhood around (cis) men tbh it don't gel well ></document>
		<document> It *does* come from white supremacist actors. It *has* been used to help advance fascistic agendas on the ground. It *is* contributing to a spike in cultures of disinformation and anti-establishmentism that prioritize conservative politics of the body/health that are ableist. ></document>
		<document> "The Pathology of Patriarchy" by Sanyika Shakur and then my own works "To The Ones Who Can Fly: A Message from the Whirlwind" and "My Gender is Marronage" (the original version) and then "My Gender is Marronage: A Revisitation." Reading these w "Black on Both Sides" (Snorton) ></document>
		<document> That's not to say there aren't cultural specifics that developed here but it is to say that the phrasing of "descendants of slavery" to differentiate us from "descendants of immigrants" is not true to our shared/ongoing history of forced and coerced migrations and transportation ></document>
		<document> At some point making a discourse solely about obvious opps to the erasure of people who actually about shit starts to look sus to me. And makes me feel a kind of way bc I don't want to spend 24/7 arguing with elitists, yt/cis/lite/abled ppl when us marginalized folk could build ></document>
		<document> Conlanging is my neurodivergent special interest and I wish I could infodump about it more ></document>
		<document> I'm using the term "modality" because I wonder if these phrase constructions are riffs on two types of grammatical moods in linguistics. So we have a negative ("not the") &amp; generic/indicative ("it's the") mood. But posed thru   "improper" sentences too and used for diff reasons. ></document>
		<document> I think of it as an example of the Anarkata principle of care work and militancy. We talk about the whirlwind alot in the Anarkata Turn too so that is why I focused on breathing. And I speak of Black trans folk as those who can fly so thas why I draw on this Watchful breathing ></document>
		<document> I remember when I had a dream about the subway struggle before it happened. I had dreamt I was doing some speech; and months later that shit actually came true it's so fucking wild. I stay having dreams about the struggle though tbh (it's bc of stress/ptsd I feel like) ></document>
		<document> My name is literally Bl3ssing, hun. I literally walk in that on a daily. #URL# ></document>
		<document> Anyways I'm glad my particular neighborhood is negro asf bc I swear it is way easier for me to navigate intra-communal transmisogynoir than it is dealing with it in nonBlack settings. I don't understand gworls who say it's the other way around lol ></document>
		<document> No shade! This why my path don't be letting me deal in astrology and tarot tbh. #URL# ></document>
		<document> And that's honestly something I think Black socialists and anarchists should be uniting around in the struggle against neocolonialism and Western imperial domination, tbh. All across the world fascism and the carceral state keeping bourgeois relation in place, in. patriarchy ></document>
		<document> It truly is a gag how when we are closeted they tell us "you a girl, you a girl," and then when we hatch, go through our chrysalis, and then flap our wings and fly, now suddenly they don't wanna keep that same energy. She spoke nothing but facts. #URL# ></document>
		<document> By this, transmisogyny becomes the fulcrum of maintaining patriarchy in general, of advancing transphobia against all gender expanses, and of mounting a fascistic counter revolution to protect the nuclear family, church, eugenic pseudoscience, and capitalist/Western society ></document>
		<document> I really like that I added a "click" phoneme to my conlang. The word &lt;&lt; Ťahu &gt;&gt; for example, that &lt;&lt; Ť &gt;&gt; is a "click" phoneme. &lt;&lt; Ťahu &gt;&gt; means "the sun" in my conlang. It's understood as a boat that travels the sky hanging droplets of water in the air for the stars to drink ></document>
		<document> 8. In fact, the conservative narratives that the ruling class pushes against us are often reinforced by or strengthened by the Representation ways of relating to Trans women and transfeminine people. Liberalism is therefore putting a target on the gworls' back ></document>
		<document> If funny how the trans umbrella includes nonbinary but there's a whole crop of nonbinary people who distance themselves from transness. Then they wanna turn around talking about exclusion and erasure. Yall be reminding me of how these Blerds act. "I'm not like those trannies" ></document>
		<document> Talking about some "let Him use you" and some "say His name" hmmmmm #URL# ></document>
		<document> I'm very much in a until yall are ready I'm on hiatus frame of mind bc I'm not putting myself thru an infomammy experience ever again. I'll step up when bitches actually done did the study like I been saying and they ready to get a move on. Bc tbh I been ready for dat action ></document>
		<document> I have never seen a trans organization that gatekept nonbinary people out the umbrella. Alot of this shit yall say on the internet be cap. ></document>
		<document> When biomedicalism and "trans inclusive" forms of sex class theory show up, this is also a way of weilding sex dimorphism, ableism, social control, and ideological policing under patriarchal cisheterosexism to render certain gender expanses no longer transgressive. ></document>
		<document> Lorenzo, like many BARs, explicitly talks of understanding the possibility for a transitional period, and even of the use of certain (partial) demands to get there, all while still being anti-State, autonomist, and understanding that these things have to be done from below tbh ></document>
		<document> And this may not have been intentional. Sometimes ppl just do shit bc they don't have any other tools to deal with things. But it's still ableism and a recipe for particular kinds of abuse and manipulation that disabled ppl often experience in intimate partner &amp; domestic settings ></document>
		<document> And in confronting it ideologically that is going to mean pushing ourselves and folks around us to move past their individualism, especially for people who are turning toward reactionary political interpretations of Black history and watered down views of the term bodily autonomy ></document>
		<document> Conspiracism is inherently antisemitic and anti-materialoat. But I would expect less than attempts to tail cryprofascist thinking from yalls camp of "post-left" foolery over there in the anarcrakkka political milieu #URL# ></document>
		<document> I don't understand why people insist on marginalized the THEORETICAL and analytical contributions of the Black underground, prison, street revolutionaries but it bothers me quite alot. Even other Black folks from the Hood be doing this sometimes if I'm being honest ></document>
		<document> I think when one if the character spoke of hearing thunder int he grass that shit had me gagging. Read this while I was a foster kid. #URL# ></document>
		<document> And the leftcons + leftlibs are totally willing to be two faced in allowing it to happen while also critiquing it, even go at each other's throats, just to build their organizations and platforms and campaigns, their grift, and their varying hopes at a comeuppance. Opportunists! ></document>
		<document> We are not fighting over ideas. Cabral said this is about land and bread and water. What did STAR demand? Housing, education, and more. This is a material struggle and the gworls are on the front lines. ></document>
		<document> Actually I think it's four or five gworls who have submitted to Rv, I need to check again. But yeah. Several of us be throwing down on there because the content on there can actually keep up with the shit We stretching. Most of these other publications do not have the range. ></document>
		<document> You supposed to learn from past relationships once it's over. Imo. ></document>
		<document> Tupac was done kind of sus idc what nobody say. Between them eye lashes and the way he came onto Hit Em Up this nigga gave very realness with a twist #URL# ></document>
		<document> Yeah. Some of their ideas of what the "effects of spiritual death" are were very ethnosupremacist and transphobic but some of them included things like Greed and love for power/wealth. Jesus being seen as trickster/thief is called the Ransom Theory of Atonement I think #URL# ></document>
		<document> And the men be doing this too tryna pressure trans folk to fit their very rigid expectations. It's so violent and you can't advocate for yourself in these situations bc they paint it as an attack on their identity if you call it out. This is why I'm moving tomgay for 2022. T4T ></document>
		<document> Like these niggas turn to pidcadt because they have a neocolonial investment in chasing a bag, in becoming celebrity-adjacent. Because of decades of being told that representation in media and the political apparatus will give them power that white supremacy robbed of them. ></document>
		<document> #USER# Yeah i didn't realize this at first either. They teach us so much lies. I can drop a resource link if ur interested. ></document>
		<document> #USER# #USER# "We not the same/
I'm puss in boots/
Turn a ogre to a mouse/
Finesse yall out yo house too" 

- Queen Vee ></document>
		<document> So when I hear about similar dynamics happening to the gworls who date outside the TMA continuum I always bring an analysis of (claim to) material power and projection of traumas used to enact it. Bc that's generally how transmisogynoir seems to be working ></document>
		<document> But each day something goes down that makes me realize just how full of Blavity Blacks these movement spaces be and it is never not a kiiiiiii lmaaaaaaaaao ></document>
		<document> I grow out loud. I put my best foot forward. If I stumble then I will learn from there. Truth and principle is my guide. Not perfection, nor optics. People will lie and make shit up though. All I can do is my best and be accountable when it is required of me. ></document>
		<document> #USER# I remember u explain a similar point about how math clarifies our underlying of oppression. Would love to keep learning more from u ></document>
		<document> I think it's bc ppl associate "dating" with exclusivity nowadays, that what would otherwise be called courtship prior to that exclusivity is now termed a "talking stage." I don't have issues with it inherently it just depends on the intentions behind it and who I'm fw it. #URL# ></document>
		<document> should just be dismissed as already itself immaterial. Yet folks pick and choose when they wanna jack a Scientific versus Utopian account of their tendency. It's okay to be Utopian about gender they feel, and claim you looking at "genre" when really u doing race first hoteppery. ></document>
		<document> I want her to apply pressure and thas only bc I see if for her based on what she done gave so far #URL# ></document>
		<document> It's funny how enbies is mad at the very dolls who was just defending yall when them socialists tried to say that nonbinary identity is inherently bourgeois. The gworls "erase" yall supposedly even our insistence on a TMA analysis is what allows us to theorize all transphobia ></document>
		<document> #USER# And sis used that b/w photo lmaoooo this whole shit a mess ngl ></document>
		<document> Emmy wished on a dragon scale, yall. That’s what started them dragon tales. All around the worldz the dragons flew and Emmy and Max just knew what to do. So they climbed on the backs of they lil dragon friends and now they adventures ain't never gon end. ></document>
		<document> Transmisogynoir really has some trans men and transmascs so angry s the gworls like we caused yall erasure to the point where yall really finna team up with the muhfuckin ASHIES around BMS to mount representation of ur issues? Chileeee no. ></document>
		<document> I don't care to be in other ppl dating choices but the weird antics I see online is just... if yall like white cis men just go be that over there ></document>
		<document> Yo I used to have to sleep at night in a car, get up in the morning, sneak into a house I wasn't allowed it but a few hours per day due to transmisogynoir, shower, eat, rush to work to bust my ass at a restaurant, get off at night, travel by bus or foot or uber. Chile ></document>
		<document> This is why I'm Anarkata bc neither authcoms nor non-Black anarchists provide me theoretical clarity on the forces that go into why revolutionary projects and movements can descend into the very class antagonisms they claim to be struggling against. ></document>
		<document> "When I first started the Undulatrix, it was when I was 10. I was trying to speculate: how would indigenous peoples use our relationship to water in response to land relations being taken away? I was specifically tryna imagine the kinds of social values &amp; myths we'd create." ></document>
		<document> #USER# Chileeeee this why I get do frustrated with the Black Radical Intelligentsia ></document>
		<document> The 2020 rebellions have punctuated a burgeoning queer/trans-led abolitionist tendency that has immense contradictions. This is true even if those participating weren't aligned accordingly: for the ruling class has interpreted the rebellions in that light. ></document>
		<document> That was what pushed me out and also what catalyzed, alongside transphobia from family and community, the precarious positions I been in as far as health and finances (and I already grew up dirt poor anyways so). Most of my learning came tho: from revolutionary movement spaces ></document>
		<document> I feel my spirit head again and I loved her, I loved her fiercely. ></document>
		<document> #USER# Yooooo! That's exactly why I had to leave behind BLT's interpretations of enslaved folk syncretisms. Like choosing to situate them Hush Harbors squarely into Christian *cosmology* will always lead us back to Eurocentrism imo ></document>
		<document> Niggas tried to recreate sex dimorphism under the guise of "gender as performance" LMAOOOO #URL# ></document>
		<document> Engaging with the medical industry feels alot like negotiating contracts and pay in the workplace. It be feeling like a labor struggle feels in terms of the mismatch in self interest, the need to self advocate and know ur shit and make demands and press and press. It's tiring ></document>
		<document> One thing about African faiths is that they make the ecogenic context of it all more apparent than Western ones do. But that doesnt mean they can't be repurposed for bourgeois ends as we see with so many of these ppl dese days. I'm tired of seeing the Spiritual Negrosie tbh ></document>
		<document> The conversations I be wanting to have are not suited for social media. I be wanting to discuss how harm within TMA only spaces looks. I be wanting to discuss how harm within dark skinned only spaces looks. I be wanting to discuss how harm within disabled and lumpen spaces looks. ></document>
		<document> What makes it worst is that he actually stole the idea from Kwanzaa from a Black woman and rebranded it. He competent tarnished her intentions after the fact by piling on the misogyny with abuse and just outright horrors. Fuck Karenga. #URL# ></document>
		<document> The movie was so ass tho lmaoooo so idk #URL# ></document>
		<document> Need to collaborate with some folks to figure out how this ep will help move tangible support toward marginal Black TMA ppl. ></document>
		<document> I used to be SUPER Christian, like the passing out shit on the street type Christian das why when they try to argue with me I'm like no honey I be knowing them Scriptures AND various doctrines and to this day I read up on them so I can know what they are pushing abt TGNC ppl ></document>
		<document> 1. Black ppl were so much more self-reliant, institutionally speaking,and self-conscious, in such a way that we would have more unity and autonomy today if segregation returned ></document>
		<document> TME ppl be the first to be like "well I experience that too" and that's why I think it's important to name that the word "affected by transmisogyny" is speaking about when you are affected by a particular kind of structure. No other kind of transphobia is weilded in this way ></document>
		<document> I didn't realize my piano has a setting for underwater and rain sounds but now I might wanna do a lil performance of my poetry I dropped in November. Lemme see a lil sumn sumn. Time will tell ></document>
		<document> I'm so glad my Closet and Egg days were never as someone playing a cig. I played naggotry (nonbinary edition lmaaaaao) not faggotry and really dodged a bullet in terms of seldom dealing with cis men ></document>
		<document> It is said that nobody listened to the Whale's song and those in the Ocean also didn't listen to the human's cry either. Both were seen as tricksters, liars, foolish, for trying to have life leave its origin point in the Sea.

( Some thoughts on baby's crying going unheard ) ></document>
		<document> Too many of yall base ur issues with "organizers" around the former as the frame of reference, in ways that erases the existence of the latter. And it’s usually a reaction to whiteness and its many expressions (cisness, antiblackness, neurotypicalism, etc) tht u use to punch down ></document>
		<document> Ultimately what is being protected by Transmisogynoir is bourgeois relations, institutions, and interests. This is a class struggle, a decolonial struggle. The conservatives like to hang that truth out in the open, but the progressives (feminists, liberals, queer radicals) do not ></document>
		<document> Kings, Queens, and Shamanic Beings: Blaqessentialism and The Hotep Gender Trinary ></document>
		<document> I think it's an important text to read but should be approached w caution bc it can be triggering. Me and the Kats was going over this last year in our studies #URL# ></document>
		<document> This is really when I start askin what movement spaces do these anarchists be in. Putting blackface and redface and yellowface and brownface over petit bou anarchisms is not gonna make it any less white tbh. ></document>
		<document> We don't spent too many decades extending grace and patience from within white/APOC organizations, petit Black anarchist circuits, and Black authcom and radlib-abolitionist movement spaces. And tryna struggle with yall in good faith and being paid DUST all the whiles. ></document>
		<document> #USER# Incels and niggas who were called simps as a kid lmaoooooo ></document>
		<document> There was never any stable argument, via the Scriptures, for a natural or even theological reason why African faiths, or trans "lifestyle" should be demonized. No, this demonization was less about how satanic/heathen those things are inherently and moreso about the Mission of... ></document>
		<document> She thought she ate and he think she about to let him eat 😭😭😭😭 #URL# ></document>
		<document> I can't wait til me and my boys can perform Elegy for the Dolls Who Fly again. ></document>
		<document> But ur not Black so it doesn't matter how you feel. "Boi" is a Black QTGNC term. #URL# ></document>
		<document> Lemme drop this piece I wrote on transmisogynoir, on revolutionary criticism of TMA hypervisibility, and on the divide and dule tactics being played against the Trans* umbrella bc of anti-colonial views of our struggle being replaced by liberal ones. 

#URL# ></document>
		<document> Real niggas sniff each other dicks to make sure the homies been faithful. Black men don't cheat! ></document>
		<document> Centering lived experience above structural analysis is exactly why TME ppl refuse to believe that transmisogynoir is the fulcrum so yes I'm good on that false dichotomy. Lived experience without theory can only get so far; theory devoid of lived experience is equally useless ></document>
		<document> 1. When Black trans women and transfeminine people are discussed, there are often claims that we "take up space." on the flip side, there are claims that people are "centering" us, being solidary with us. But neither is true. We are Hypervisibilized as part of a class oppression. ></document>
		<document> Niggas be like "don't make sexuality your whole life" and then compare their relationship to God to the marital union. Yall literally squeeze Creator into your sexuality but then mad at us queer and trans folks for simply existing as ourselves? Leave us tf alone ></document>
		<document> The conversation about "rest as resistance" is making me think back to flying African folklore. I often turn to these myths to help me reflect on my struggles as a Black transfeminine radical ></document>
		<document> But at the end of the day I definitely didn't think that was the primary contradiction in the situation. It was hurtful but the gworls there were like "while everyone is screaming WE HAVE NOTHING TO LOSE BUT OUR CHAINS yall have to remember that WE HAVE OUR LIVES TO LOSE" ></document>
		<document> Discernment is key to figure out when what situation calls for what and that takes time, it's messy, so I'm not reading or wagging fingers. Just making an observation and intervention that I know has helped me and which I hope can help someone else ></document>
		<document> I move through Black Radical Tradition by way of Third Worldism and Autonomism. I am guided by the prison struggle and the Panther legacy, especially anarchist thought which came out of it. I am grounded in a Transfemimist Material Analysis (TMA framework) and Black Ecology. ></document>
		<document> #USER# So to me that just sounds like yall wanted to hoard resources and shit for your lil club and when a fascist comes along that's the perfect scapegoat to do your dirty work all while distancing yourself. Is that not how neoliberal America and the pigs relate to the vigilantes? ></document>
		<document> But these naggots was trying to use the veneer of concerns for my health to pressure me into political liberalism, into an idealist vision of anarkata politics, and also into centering interpersonal relationships with them that didn't match up with my boundaries + comfort levels ></document>
		<document> Idk some niggas be the actual dangerous mfs all while claiming they in danger lmao I peep the antics from afar ></document>
		<document> When bourgeois relations need to conserve themselves there us always somehow scapegoat supposedly threatening the sanctity of its institutions or spaces. both conservative &amp; liberal forces use sex dimorphism in varying ways to portray transgressive women's gender expanses as such ></document>
		<document> Basically the convergence in particular structures conditions specific types of fascistic forms of suppression, which also generate a certain kind of civil rights battle emphasis in each context; all of these have to be dealt with as a totality if we want Self Determination ></document>
		<document> I was not willing to subject myself to that process, especially not when school is fucking expensive and racist as shit. And then it became clear that with my undiagnosed neurodivergences I wasn't gonna be able to function in school anyway. Finally, I was harassed by a neofascist ></document>
		<document> What would yall prefer? Us just remain silent while transphobic feminists and chasers groom enbies of any AGAB and trans men and transmascs to be divided and limited in themselves as well as engaging in shared transmisogynoir against the gworls? ></document>
		<document> All of you muthafuckers are opps to me. All of you "run" our organizing and community and creativity spaces. All of you ensure that our movements are stuck in liberalism and/or proximal to conservatism. All of you are trash and BAR bitches like me will get it with you if we must ></document>
		<document> An example. White folks say heaven is above. Our traditions see the earth as sacred. But some of our traditions also locate divinity in the sky. Now wht if, in the name of not centering whiteness, ppl overlooked the latter traditions, assuming tht only Europeans have aerial gods? ></document>
		<document> It is incredibly narrow, overly subjective to act as though a structural and material analysis via historical materiality is not important in our struggle for liberation. I really think some of yall are just folks with political opinions rather than committed revolutionaries tbh ></document>
		<document> things about punk and rap, both aesthetically and politically, folks are drawn to. Alas, alot of Black anarchists are antiblack and bou ass mfs who only want to fuck crackers. Which is why, while many BARs are Black anarchists, not every Black anarchist can be considered a BAR ></document>
		<document> Patriarchy is inherently misogynistic. Patriarchy's misogyny is especially violent toward gender/sexually expansive women. And that violence is heightened when sex dimorphism, ableism, social control, &amp; ideological counterinsurgency converge to mark these womanhoods Transgressive ></document>
		<document> If you liked rock, anime, and had other nerdy interests and bitches called you an Oreo, it's either bc 1) you thought it made you better or separate from others (they punched up) or bc 2) ppl were directing Christian, allistic, and cishet biases against your interests. ></document>
		<document> People think sexual dimorphism is the basis of one's class positioning. Blame white supremacy using the former to falsely universalize and naturalize how it constitutes the latter. Now, unfortunately even those claiming to be anticolonial take it for granted or on face value #URL# ></document>
		<document> Anyway I mentioned this because this sort of thing goes into why ppl framing Christianity as a pacifist religion are wrong. It isn't pacifist. The Jesus-as-thief model of atonement are easily translated into colonial violence if indigenous culture is always framed as deviltry ></document>
		<document> That excuse gives very much "a few bad apples"/"thin blue line" energy to me. And yes, I'm suggesting that you anarcrakkkas move like cops because at the end of the day yall are settlers &amp; the State/racial capitalism positions yall as a social-garrison to protect property/nation ></document>
		<document> I feel like old camera quality is partly behind why ppl so mystified around colorism. Not even just black and white photos, but also picture in color from the time periods before the social media/smartphone age. Shits had ppl looking darker than they actually are ></document>
		<document> I haven't yet recovered from when me and my comrades was doing mutual aid distros and it was like I used to have to dodge sexually invasive comments from folks outside our team already but the more I started wearing dresses the worse it got and it was always both cis men &amp; women ></document>
		<document> #USER# Being from ny everyone here says it, even myself, but it still bugs me and I'm always tryna unlearn it ></document>
		<document> Stepping into someone else's affairs, cherry picking local beliefs, presenting Jesus as the real version of said cherry picked aspects of the cosmology, demonizing all the local truths that aren't coopted for the sake of missionary activity. So many translations of the Bible... ></document>
		<document> #USER# Cisheterosexism is used to regulate all gender expansive included that of people whose identities map onto their sex assignment (cis folks). Transmisogyny is often the fulcrum even in those cases. Hella cis men fear "emasculation" precisely bc they know this deep down inside ></document>
		<document> All these authcoms like to do is lie and erase BARs so they can maintain they standing with white MLs lmao #URL# ></document>
		<document> Yall Taylor Swift stans thought you was finna eat me up but you don't understand: I am Nsambu Za Suekama. I don't fear niggas on the internet lmaaaaao ></document>
		<document> I do not agree with the idea that the internal colony thesis avoids is not commensurate with an analysis of settler colonialism. ></document>
		<document> They can't. They broke. And I don't mean this is a classist way. It's because of how fucked the economy is why so many of them are turning toward the podcast shit in hopes of getting a bag as a social media influencer/micro-celebrity. Wish they would build for revolution tho tbh #URL# ></document>
		<document> "Are you gay?" used to be the most terrifying question as a kid and now it's just plain offense to me if someone even has to ask bc it's like wait do I not exude TRANNYDOM and FAGGOTRY to you from the top of hills, darling ></document>
		<document> #USER# #USER# Yup. This is why I'm tryna focus right now on Body Doubling reconciled with a focus on subsistence and PE. I wonder if that, Event-Scenes, and formal organizing were more developed modalities that worked alongside each other and gave room for people to flit in and out of each ></document>
		<document> Wilderson is real intentionally about framing his criticism around the issues with "postcolonialism" as an ACADEMIC discipline, all while suggesting that those problems are isomorphic with the only tangentially related framework of "anti-colonialism" as a set of radical movements ></document>
		<document> Lmaooooooooo I go from saying "girl" to "chile" to "bro" mad times lol #URL# ></document>
		<document> Now when anarchists when will anarchists stop tokenizing "POCs" tho lol 😆 bc they be moving like the authcoms on that front #URL# ></document>
		<document> It's also like Black trans people are living through Jewel Crow segregation so why would I ask for a return to Jim Crow on top of that? Ppl on Twitter trivialize our history like this shit is not serious. Mind you Jim Crow 3.0 is on the horizon and it won't be hidden to be honest ></document>
		<document> #USER# instead of tryna clamber over each other up to the top (from "Lowerarchy Theory" a parable in "Wild Thing Wisdom" by the Afrofuturist Abolitionists of the Americas). ></document>
		<document> #USER# Nah I was bout to chew you up lemme dm you lmakkk ></document>
		<document> I need to make a playlist of all the songs that used to give me gender euphoria as a kid. I remember when my brother would come at me for "liking girl songs." ></document>
		<document> Literally lmaooooo like the Eve vs Adam, Adam vs Eve narrative is tired! The "What do you bring to the table" versus "if you lead properly I will submit" wars need to end. #URL# ></document>
		<document> In truth, you cis men pathologize yourselves when you think Suits and being Together is what is gonna get us free. Because it assumes that you are oppressed because of being "ghetto" and shit like that. It also relies on deeply (trans)misogynoiristic rhetoric simultaneously ></document>
		<document> I agree. I just don't think those pillars will come from a categorical insistence on being anti-organizational and anti-theoretical in the way certain anarchists I encounter seem to be implying. In my opinion we gonna need ideology and movement to address hierarchy #URL# ></document>
		<document> Soon as he started "rapping" over a decade ago his shit became trash. He is also a fucking liar, abuser, and overall whack ass human being. #URL# ></document>
		<document> I really wish I could pull an Area Scatter and disappear into the woods for the remainder of this phase of my transition. Going through my Chrysalis in an age of cameras and photos and shit is not fun. Too much scrutiny and too much external interference about a certain Look ></document>
		<document> And I have grown tired of hookup culture too and I barely engaged but that's bc even in "no strings attached" situations it don't be much different. It's honestly wild how trash people are across genders. Lmao. I been thru bullshit with folks under the TMA continuum too. ></document>
		<document> It has allowed things like EJ to become a conversation. It has been forcing ppl to reckon with the structural causes of differenxes in mortality rates for Black birthing people. It has allowed folk to question the BMI and IQ and expose how anti-fatness, ableism, racism connect ></document>
		<document> Reclaiming tomgirl to mean a transfem who gay &gt;&gt;&gt; ></document>
		<document> #USER# "I'm not trans, I am [insert variety of non-cis identity] always reads very much "Im not Black I am Dominican" to me, like okay Transness vs Cisness is how gender fugitivity is politicized. Use the labels you will but distancing oneself while also still tryna push aside ppl ></document>
	
</author><Document> And I'm not even talking about white anarchists here because they don't give a fuck. I'm talking about APOCs and anarchists who happen to be black. It is no shadow to the concepts of class conflictuality, prefiguration &amp; even anti-politics as a modality, but come on. I feel like I have several concerns ></document>
<Document> Well, the gay men copied the experience of transgender women, tbh. And these gay men are happily teaming up with straight cis men and cishet women against the gworls #URL# ></document>
<document> #USER# People need to get back to the drawing board. You won't understand genre without also understanding Fanon's notion of sociogenesis. But more broadly, you fail to adequately address why centering the "female" is a problem when you simply want to replace "male" in liberal academy ></document>
<Document> They don't want to deal with the issue of neo-colonialism, which becomes a primary contradiction in the path of development via RCBO. They are unwilling to deal with the intricate issues associated with internal contradictions regarding sexual predators, gang abuse, DV, etc. ></document>
<document> In response to this, and its victimization and pathologizing implications, people caught between various crises have had to attempt to formulate various explanations for why the dimension of human experience evolves and can be transformed through conscious, collective action. ></Document>
<Document> Defund and Community Control are the good and bad cops of the burgeoning neocolonial takeover of 21st century American fascism. n Remember what Malcolm had to say about foxes and wolves. Not only applies to Dems and Republics. Leftists move like liberals and conservatives ></document>
<document> A whole bunch of niggas sounding like that fascist ass crakkka ass bihhhh #URL# ></document>
<Document> And then there's the "new prison" plan that emerges from the supposed closure of Rikers. A new prison is to be built in the Bronx. They set up a prison but they don't give a fuck about the real problems we face. Disgusting. Screw that new mayor BTW and his transitional housing team ></document>
<Document> In December, socialist Wilding said that non-binary identity was a manifestation of "postmodernism," and the same reports that people are mad at because they say TMA and TME are a real distinction were the same reports who checked these socialists for their enbyphobia ></document>
<document> I also have another ex who is a cis man who has been stalking me online, and that's on top of the fact that I was dealing with an intense family issue that arose between Thanksgiving and Christmas related to my transness . The common denominator in all of this is the transmisogynoir period and it's exhausting, asf ></document>
<Document> ... may arise in our struggle. Since gender expansion in pre-colonial, ancestral, indigenous genres, identities, experiences, roles had a material basis: it is entirely possible for those with neocolonial/assimilationist class interests to even modern “transgressive"... ></document>
<Document> #USER# 4. Not encoded

In the work of Hortense Spillers, she argues that Europeans used essentially hypersexual reductions of African people's bodies to reinterpret our pre-existing ways of being, kinship structures, and notions of gender in the name of the slavery project... ></document>
<document> Due to technical difficulties and scheduling conflicts, we are postponing #HASHTAG# to Monday, December 27th

#URL# ></document>
<document> Conscious Lee got some shit from AfAA recently too. I can't remember if my comrades had to press him to quote or not. But yes. He really snoops into all Black Mage accounts, especially the TMA radicals. Everyone should keep their foot on their neck until they give this platform over imo ></document>
<document> As I walk through my hometown, for example, I sense something emanating from the landscape, this crescendo in certain areas, like for some reason along the Bronx River. Especially as the KY awareness of my family history and organizational history grows here, I feel it ></document>
<document> by some feminists. It's just a liberal/progressive iteration of the conservative transpanic "they're trying to destroy the nuclear family/western civilization/the church + take away jobs and opportunities from us and enforce an agenda." This shit gets repackaged and distilled ></document >
<document> It's always interesting to see who says this because in my experience these phrases aren't used that much anymore, at least not anymore. #URL# ></document>
<document> Cisheterosexism is coming for all of us Transmisogyny is the anchor ></document>
<Document> This then goes into why the focus on the Scriptures can easily be used to silence us as black people. ></Document>
<document> No, why "BITCHMADESTUDIES" goes into one of my songs even though I'm really wearing lmaoooo ></document>
<document> I am very conscious of words I use when talking about black QTGNC people. When I saw I was "assigned Brotha" or when I said "masc Shawty," I purposely use our slang/kinship terms to specify our Black ways of relating to gender/sexual ranges. ></Document>
<Document> I want my transition to create a lot of gender confusion and still be sexy in each gender at the same time. ></Document>
<document> It has not escaped me that you, as white people, are trying to backtrack on what I have said, which is both scientific and historical/material accuracy, to generalize sexual dimorphism as a "salient" feature of human organization. But you can take that white man's religion shit to someone else who mentions ></document>
<Document> Because people insisted on national/class interests in the struggle against segregation, some people sought profits from the state. Segregation was downright fascism, and while some people wanted civil rights for civil reasons, they otherwise fought for relaxation... ></document>
<document> And especially when I'm talking to other black trans people. It helps me to keep track of thingsto be vigilant for my needs but also for theirs. It takes discipline. I don't do it 24/7, but in the moments I'm guided to, it's very powerful, grounding, and calming ></document>
<Document> It depends on the person. It can work. Some people find it odd, but yeah, I'm the type of guy who puts my intentions like that. But it has to be someone I've already had some sort of connection with, tbh #URL# ></document>
<document> and the reason for this is that "masc" then becomes a substitute for "males" and "men" who presumably no longer need representation and therefore either "take up space" (transmisogyny) in the gender convoy or "betray", as they say of trans men and trans masks ></document>
<document> Everyone who uses "she" or "presenting woman" does not have the same gender extension, class interest, or racial subjectivity. So how wrong gender and the perception of their physical appearance will affect them both externally and internally will not be uniform. However, ></document> overlooks this
<document> All Gorls are either DJs, rappers, spiritualists, theorists/activists or a combination of the four lmaoooooo ></document>
<document> #USER# #USER# I've observed cis men and even cis women using the fact of their racial asexuality to try to place themselves in categories like maGe and TMA, so no, I'm not making distinctions on, only have dynamics because of their structures. This is not a good theory or propaganda for me ></document>
<document> You use these cartoon aviss and don't show face in video chats and spaces and so niggas don't know who isn't black until suddenly pics pop up and I don't like to see it, especially because of how we rise in the anarkata -Curve off, if you don't, you better check yourself ></document>
<document> Correct. Because at the end of the day I invited them to the Twitter section just so they could tell me that they are @ themselves and they didn't because THEY are the ones hiding behind the "social networks and these computers". and talk like "they are some shooters" # URL# ></document>
<document> And as much acceptance as there is now, especially in regards to anime, if you grown and grown people are still calling you an Oreo then you must be damn wrong lmaoooo vuz who is even saying that shit in the 2020s anymore ??? ? I think some of you blerds just lie for clicks ></document>
<document> It also means that the noise pollution and smell are different in the Bronx (due to my sensory issues, I can't linger in certain neighborhoods for too long without being overwhelmed). The Bronx is also overlooked by most "organizers" because they are all transplants
<document> A lot of people joke about looking for a Sugar parent and never think about how the people interested in being one want control/power. Similar to how people say "I want to be a housewife, no more muling" and not think about how exploitative cattle breeding is in a bourgeois society ></document>
<Document> 7. None of these liberal/representative waysThe hypervisibility of black trans women and transfeminine people benefits us materially, socially, or politically in the long run because it is a civic way of forcing our way of life. And resolves no conservative lies about us ></document>
<document> It's really wild how the mechanics of political reaction (where working-class frustrations are co-opted and channeled downwards to reclaim and preserve hierarchies in the face of crises) play out at a micro-level as trans-folk does, especially TMA folk, experience ></document>
<document> Can we speak of rest as/before the resistance today if there is a plantation that keeps people from resting? Can we ask people to step away from work and stop dreaming about work if we don't use "the magic of hands" to change what's keeping people from resting and keeping us working ? ></Document>
<Document> The process that went into the anarkata explanation needs to be repeated for each unique black context, preferably with a different label developed for the local regions under consideration, culminating in an advanced theoretical, practical, and speculative treatment by BAR and BRT > </Document>
<document> You are like "a negro with non-black experience" ></document>
<Document> White transfems have an investment in upholding Western femininity, and as such they are open about the oppression of Black people on all gender fronts through patriarchy and cistherosexism. If anything "Oppression Olympiad" applies to white trans women, tbh ></document>
<Document> Tangentially Related: While my conlang expresses ordinary being through evidential force, AAVE does so through a combination of tense and aspect. Or maybe it's just a tense? Or is it just one aspect? Language is complicated, yo!

#URL# ></document>
<Document> US-based white anarchists attempting to translate European-derived white anarchist traditions without addressing the racial contradictions of the latter and the fact that in the US they have a uniquely fascist and nativist approach to every leftist have, be enlarged is silly shit ></document>
<document> They live with or date disabled people and "make room" for us based on THEIR own self-interest with no cogenerative approach to what that is supposed to mean, and then portray us as abusive and manipulative for taking advantage of them, when our needs conflict with yours ></document>
<Document> No shade, some of the women-run organizations are right about the cis/het men pushing homophobic and transphobic fucks. But yeah, for the most part, it's women and other marginalized genders that are actually driving pan-Africanism while brothas water down the shit about neocolonialism #URL# ></document>
<document> This not even unpopular atp but sis can NOT sing #URL# ></document>
<document> I still laugh at the question "Are you gay?" now lmaaaaao, this shit is killing me ></document>
<Document> And while I'm struggling to teach myself this after years of growing upmy closed youth and infomammied in my egg days, this chrysalis period also involves keeping away from me anyone who interferes with this much needed facet of my inner transformation. ></Document>
<Document> White anarchists were a complete idiot calling my comrades "opps" for trying to call out what happened to Antonio Mays, Jr. (and other black people who were shot) and it was so reminiscent of "pan- Africanists” who accused gays of chanting “Western intervention” when we talk about our human rights ></document>
<document> I'm upset at how much I'm trying to do for my own community and paid dust for bitches just because some people are genuine anti-communists/anti-anarchists. And you've also given them platforms or looms as leaders of black liberating thought, which to me is incredibly bizarre. ></Document>
<Document> Strikes at Rikers, burning buildings in the Bronx, a cop-mayor in a city with a standing army for one police force, ongoing housing shortages and EJ fights, a pandemic, kids thrown into schools that already were, for sentenced to death in prison, chile, the fight in NYC is wildin wildin ></document>
<Document> I don't know what that means, and it might just be my imagination, but I had many dreams about revolutionary struggle, many of which have come true. I don't necessarily know if it's a spiritual gift or fear/PTSD + autistic pattern recognition at work (I think it's both) ></document>
<document> But will non-TMA people in the TGNC community be listening? Or will you continue to spread bullshit like this article about nonbinary blackness? #URL# ></document>
<Document> I don't like taking selfies, but here's one. #URL# ></document>
<document> When I came out to my little brother he was gagging because I told him I swear my upper body strength was gone after I started my journey lmaaaaao now I can't open cans or anything ></document >
<Document> It REQUIRES class analysis, and class is not something that can only be analyzed through lived experience. The purpose of lived experience is to illuminate the class analysis, not to replace and to be a substitute; but class analysis is still the essential framework and basis for yalk cmon ></document>
<document> Not the bell-bottoms with the tight shirt from far away, that's what I thought too lmaoooo #URL# ></document>
<document> #USER# That doesn't make cisgender people TMA to me, although in turn, transmisogyny is a linchpin influencing the way they deal with racial sex imposition and western middle-class gender norms. ></Document>
<document> This is even true for many Gworlds themselves and it's a problem #URL# ></document>
<Document> by putative feminists and queer radicals as “you all take up space”, “you all have privilege because of your hypervisibility” and all the various iterations of socialization + sex class theory used to silence us and to monitor our bodies, presentation, behaviors. ></Document>
<Document> My grandmother was dark-skinned. My grandpa is kinda light but now that I think about it #URL#></Document>
<Document> However, this is not how BMS theorizes the oppression of black men and masculinity. So I don't see why any trans men and trans masks would turn to this. BMS centers cistherosexism and sexual dimorphism; it is not even based on a material analysis. ></Document>
<Document> Anarkata. prison fight. Black Marxist Feminism. Trans Liberation/Self-Determination. #URL# #URL# ></document>
<document> One might think that Afrofuturists want to move accordingly, but they don't. Most Afrofuturists are liberal. Then I go to ATR rooms where self proclaimed radicals are present and the radicalism is not scientific or sophisticated enough for me and often it is just liberalism ></document>
<document> #USER# and what they've done is get certain people under Umbrella to believe it so our own community can do their TERF dirty work for them. Transsexuals who have been assigned so-called AMABs are also attempting to gain access to them when they are not the Gworls, via a strange politics of respectability ></document>
<Document> The deal breaker for my separation from the institutional church was ableism and abuse apology. Liberation theologies helped me with answers on all other issues. But when it came to these two, it fell short. And after that I just couldn't take it. ></Document>
<document> makes me think i'm bi lmaoooo, why else do i feel the most validated when i talk to transbians? hmmm I definitely have no relation to transhet gworls in relation to these discussions, although I can't imagine focusing on how I discuss my trans womanhood around (cis) men as it doesn't work well ></document>
<Document> It *comes* from white racist actors. It *was* used to advance fascist agendas on the ground. It *contributes* to a rise in cultures of disinformation and anti-establishmentism that prioritize conservative body/health policies that are ableist. ></Document>
<Document> "The Pathology of Patriarchy" by Sanyika Shakur and then my own works "To The Ones Who Can Fly: A Message from the Whirlwind" and "My Gender is Marronage" (the original version) and then "My Gender is Marronage : A repeat." Read this w "Black on Both Sides" (Snorton) ></document>
<Document> This is not to say that cultural idiosyncrasies have not developed here, but it is to say that the phrase "descendants of slavery" to distinguish us from "descendants of immigrants" does not reflect our shared/continuing history of violence corresponds and forced migrations and transports ></document>
<document> At some point, a discourse just about obvious opps against wiping out people who actually do shit starts to be suspect to me. And makes me feel like I wouldn't want to spend 24/7 arguing with elites yt/cis/lite/abled ppl when we could build ></document> marginalized folks
<document> Conlanging is my neurodivergent special interest and I wish I could provide more information on it ></document>
<document> I use the term"Modality" because I'm wondering if these phrase constructions are riffs on two types of grammatical moods in linguistics. So we have a negative ("not that") &amp; generic/indicative ("it's the") mood. But also posed by "inappropriate" sentences and used for different reasons. ></Document>
<document> I see it as an example of the anarkata principle of caring and militancy. We also talk a lot about the whirlwind in the anarkata curve, so I focused on breathing. And I speak of black transsexuals as those who can fly, so I draw on this Alert Breathing ></Document>
<Document> I remember when I had a dream about the subway fight before it happened. I had dreamed I was giving a speech; and months later that shit actually came true, it's so freaking wild. I'm still dreaming about the fight, although to be honest (it's from stress/PTSD how I feel) ></document>
<Document> My name is literally Blissful, hun. I literally walk in it every day. #URL# ></document>
<document> Anyway, I'm glad my particular neighborhood is Negro because I swear it's a lot easier for me to navigate intracommunity transmisogynoir than it is to deal with it in non-Black environments. I don't understand gworlds saying it's the other way around lol ></document>
<document> No shadow! For this reason, my path does not allow me to deal with astrology and tarot. #URL# ></document>
<document> And that's honestly something I think black socialists and anarchists should unite in the fight against neocolonialism and western imperial domination, tbh. All over the world, fascism and the prison state keep civil relations alive, in patriarchy ></document>
<document> It's really a gag, as they tell us when we're locked, "you're a girl, you're a girl", and then when we hatch, go through our doll and then flap our wings and fly, now all of a sudden they don't. I don't want to keep the same energy. She spoke nothing but facts. #URL# ></document>
<Document> This makes trans womanophobia the linchpin of perpetuating patriarchy in general, promoting transphobia against all gender lines, and instigating a fascist counterrevolution to protect the nuclear family, the church, eugenic pseudoscience, and capitalist/western society >< /document>
<document> I really like that I added a "click" phoneme to my conlang. The word &lt;&lt; Ťahu &gt;&gt; for example that &lt;&lt; &gt;&gt; is a "click" phoneme. &lt;&lt; Ťahu &gt;&gt; means "the sun" in my conlang. It is understood as a boat sailing in the sky, hanging water droplets in the air for the stars to drink ></document>
<Document> 8. Indeed, the conservative narratives that the ruling class pits against us are often reinforced or reinforced by the representational ways in which they treat trans women and transfeminine people. Liberalism therefore sets the Gworlds as a target for attack ></document>
<document> It's funny how the trans screen contains non-binaries, but there are quite a few non-binaries who are distancing themselvesaway from transness. Then they want to turn back and talk about exclusion and extinction. You guys remind me how these blerds behave. "I'm not like those trannies" ></document>
<document> Speaking of "let him use you" and "say his name" hmmmmm #URL# ></document>
<document> I'm very much in the mood until you guys are ready. I will level up when bitches are actually done learning like I said and ready to move. Bc tbh I was ready for this action ></document>
<document> I've never seen a trans organization that keeps non-binary people off screen. A lot of that shit you say on the internet is a cap. ></Document>
<Document> When biomedicine and "trans-inclusive" forms of gender class theory emerge, it is also a way to promote gender dimorphism, ableism, social control and ideological surveillance under patriarchal cisheterosexism to make certain gender realms no longer transgressive. ></Document>
<Document> Lorenzo, like many BARs, speaks explicitly about understanding the possibility of a transitional period and even using certain (partial) demands to get there while still being anti-state and autonomous and needing to understand these things from below tbh ></document> done
<document> And that may not have been intentional. Sometimes people just screw up because they don't have any other tools to deal with things. But it's still ableism and a recipe for certain types of abuse and manipulation that disabled people often find in intimate partnerships &amp; Home settings ></document>
<Document> And the ideological confrontation means we are urging ourselves and those around us to transcend their individualism, especially for people turning to reactionary political interpretations of black history and watered-down views of the notion of bodily autonomy ></ document>
<Document> Conspiracy is inherently anti-Semitic and anti-materialist. But I would expect less than attempts to prosecute cryprofascist thinking from your camp of “post-left” stupidity over there in the Anarcrakka political milieu #URL# ></document>
<document> I don't understand why people insist on marginalizing the THEORETICAL and analytical contributions of black underground, prison and street revolutionaries, but it bothers me a lot. Even other hood blacks do it sometimes if I'm being honest ></document>
<Document> I think when one of the characters talked about hearing thunder in the grass, that shit made me gag. Read this when I was a foster child. #URL# ></document>
<document> And the leftcons + leftlibs are totally willing to have two faces if they let it, while also criticizing, even at each other's throats, just for their organizations and platforms and campaigns, their ripoffs and their different ones Hopes to build a comeuppance. opportunists! ></Document>
<Document> We are not fidispute over ideas. Cabral said it was about land and bread and water. What did STAR demand? housing, education and more. This is a physical battle and the Gworls are on the front lines. ></Document>
<Document> Actually I think it's four or five Gworlds that reported to Rv, I'll have to double check. But yes. Some of us pounce on it because the content there actually rivals the shit we stretch. Most of these other releases don't have that reach. ></Document>
<Document> You should learn from past relationships when they are over. imo ></Document>
<Document> Tupac was made sus idc somehow, which nobody says. Between those lashes and the way he got hit em up, this nigga with a twist #URL# ></document> gave a lot of authenticity
<Document> Yes. Some of their ideas about what the "impact of spiritual death" are were very ethnosupremacist and transphobic, but some of them included things like greed and love of power/wealth. Seeing Jesus as a fraud/thief is called the ransom theory of atonement I believe #URL# ></document>
<document> And the men who do this too try to pressure trans people to conform to their very rigid expectations. It's so violent and you can't stand up for yourself in these situations because if you say it, they portray it as an attack on their identity. So I move to today for 2022. T4T ></document>
<document> Like these niggas, they turn to pidcadt 'cause they got a neocolonial investment in chasing a bag, getting close to celebrities. Because they have been told for decades that representation in the media and in the political apparatus will give them the power that white supremacy has robbed them of. ></Document>
<document> #USER# Yes, I didn't realize that at first either. You teach us so many lies. I can leave a resource link if you are interested. ></Document>
<Document> #USER# #USER# "We are not the same/
I am Puss in Boots/
Transform an ogre into a mouse/
finesse also from your house"

- Queen Vee ></document>
<Document> So when I hear of similar dynamics happening to the gworls that date outside of the TMA continuum, I always bring with me an analysis of the (alleged) material power and projection of trauma used to enact them. Bc this is how transmisogynoir seems to work in general ></document>
<document> But something happens every day that makes me realize how full of Blavity Blacks these movement spaces are, and it's never no kiiiiiii lmaaaaaaaao ></document>
<document> I'm getting loud. I showed myself from my best side. If I stumble, I will learn from it. Truth and principles are my guide. Neither perfection nor optics. People will lie and make up shit. All I can do is do my best and be responsible when asked of me. ></Document>
<document> #USER# I remember you making a similar point about how mathematics illustrates our oppression. Would love to learn more from u ></document>
<document> I think it's because people nowadays associate "dating" with exclusivity, that would be differentThis used to be referred to as courtship before this exclusivity is now referred to as "speaking phase". I don't inherently have a problem with that, it just depends on the intentions behind it and who I'm talking about. #URL# ></document>
<document> should simply be dismissed as inherently immaterial. But people choose and choose if they want to make a scientific versus a utopian account of their tendency. It's okay to be utopian about what gender you perceive and claim you're looking at 'genre' when in reality you're racing first. ></Document>
<document> I want her to push, and that's just because I can see if she's given #URL# ></document> based on what she's done so far
<Document> It's funny how enbies gets mad at the puppets you just defended when the socialists tried to say that non-binary identity is inherently bourgeois. The Gworlds are "erasing" you all, supposedly even our insistence on a TMA analysis allows us to theorize any transphobia ></document>
<document> #USER# And sister used this b/w photo lmaoooo this whole shit a mess ngl ></document>
<Document> Emmy wished for a dragon scale, yall. This is how the dragon stories began. Kites were flying all over the world and Emmy and Max just knew what to do. So they climbed on the backs of their little dragon friends and now their adventures will not end. ></Document>
<Document> Transmisogynoir really does have some trans men and trans masks who are so mad at the world like we erased you all to the point where you really team up with the muhfuckin ASHIES around BMS for the portrayal of your issues improve? Chileee No. ></document>
<document> I don't care about participating in other dating decisions but the weird antics I see online are just... if you like white cis men just go over there ></document>
<document> I used to have to sleep in the car at night, get up in the morning, sneak into a house I wasn't allowed to but spend a few hours a day for transmisogynoir, shower, eat, rush to work rip my ass off in a restaurant, get off at night, travel by bus or walk or Uber. Chile ></document>
<document> I am an anarkata because neither authcoms nor non-black anarchists give me theoretical clarity about the forces responsible for why revolutionary projects and movements can degenerate into the very class antagonisms they are supposedly fighting. ></Document>
<Document> “I was 10 years old when I started Undulatrix. I tried to speculate: how would tribal peoples use our relationship with water if land ties were taken away? social values ​​and myths we would create." ></Document>
<document> #USER# Chileeeee, that's why I'm frustrated with the Black Radical Intelligentsia ></document>
<Document> The rebellions of 2020 have spawned a burgeoning queer/trans-led abolitionist tendency that has immense contradictions. This also applies if those involved were not aligned accordingly: because the ruling class interpreted the rebellionsin this light. ></Document>
<document> That's what drove me out and catalyzed the precarious positions I was in regarding health and finances (and I grew up very poor anyway) alongside the transphobia of family and community. However, most of what I learned came from: revolutionary spaces of movement ></document>
<Document> I feel my spiritual head again and I loved her, I loved her fiercely. ></Document>
<Document> #USER# Yooooo! Precisely for this reason, I had to move beyond BLT's interpretations of enslaved folk syncretism. Choosing to place Hush Harbors directly in Christian *cosmology* will always lead us back to Eurocentrism imo ></document>
<document> Niggas tried to recreate gender dimorphism under the guise of “gender as an achievement” LMAOOOO #URL# ></document>
<document> Working with the medical industry feels like negotiating contracts and pay in the workplace. It feels like a labor dispute over the self-interest mismatch, the need to represent yourself and know your shit and make demands and push and push. It's tiring ></document>
<Document> One thing about African beliefs is that they make the ecogenic context of everything more obvious than Western ones. But that doesn't mean they can't be repurposed for civic purposes, as we see so many these days. I'm tired of seeing the Spiritual Negrosie tbh ></document>
<Document> The conversations I'm trying to have aren't suitable for social media. I want to discuss what damage looks like in TMA-only rooms. I want to discuss what damage looks like in dark skinned rooms. I want to discuss what damage looks like in disabled and rag rooms. ></Document>
<Document> What makes it worse is that he actually stole the idea of ​​Kwanzaa from a Black woman and renamed it. He has hindsight clouded her intentions by heaping the misogyny with insults and outright horror. Fuck Karenga. #URL# ></document>
<document> The movie was so awesome it was so idk #URL# ></document>
<document> I need to work with some people to figure out how this EP will help move concrete support towards the marginal black TMA population. ></Document>
<Document> I used to be SUPER Christian, like the fainting shit on the street, guy Christian, why if they try to argue with me I'm not a honey, I know the scriptures AND various teachings and to this day I read them on them so i know what they are pushing about TGNC ppl ></document>
<Document> 1. Black people were so much more self-reliant and self-aware institutionally that if segregation returned, we would have more unity and autonomy today ></Document>
<document> TME ppl is the first to say "well, I experience that too" and so I think it's important to state that the word "affected by transmisogyny" is talking about when speaking of a certain type of structure is affected. No other type of transphobia is established in this worldy ></Document>
<document> I didn't know my piano had an underwater and rain sound setting, but now I might want to do a little performance of my poems that I dropped in November. let me see a small amount Time will tell ></document>
<document> I'm so glad my closet and egg days were never like someone flicking a cigarette. I've played nag (non-binary edition lmaaaaao), not nag, and really dodged a bullet as far as the rare dealings with cis males ></document>
<Document> It is said that no one listened to the whale's song, and those in the ocean did not listen to the man's cry either. Both were seen as crooks, liars and fools for trying to get life to leave its origins in the sea.

(Some Thoughts on Baby's Unheard Crying) ></document>
<document> Too many of you base your problems with "organizers" on the former as a frame of reference, in a way that obliterates the existence of the latter. And it's usually in response to whiteness and their many expressions (cisness, antiblackness, neurotypicalism, etc.) that you use to put down ></document>
<Document> Ultimately, Transmisogynoir protects civil relations, institutions and interests. This is a class struggle, a decolonial struggle. Conservatives like to flaunt this truth publicly, but progressives (feminists, liberals, queer radicals) don't ></document>
<Document> Kings, Queens and Shamanic Beings: Blaqessentialism and the Hotep Gender Trinity ></Document>
<Document> I think it's an important text to read, but approach it with caution as it can trigger. Me and the Kats discussed this in our #URL# ></document> study last year
<document> This is really the point where I start to ask what spaces of movement these anarchists are in. Putting blackface and redface and yellowface and brownface over petit bou anarchisms won't make it less white, tbh. ></Document>
<document> We haven't spent too many decades extending grace and patience within white/APOC organizations, small black anarchist circles, and black authcom and radlib abolitionist movement spaces. And tryna fight with you in good faith and get paid in DUST all the time. ></Document>
<document> #USER# Incels and niggas called Simps as kids, lmaoooooo ></document>
<Document> There has never been a solid scriptural argument, for natural or even theological reasons, as to why the African faith or transgender “lifestyle” should be demonized. No, this demonization was less about how satanic/pagan in nature these things are and more about the mission of... ></document>
<document> She thought she ate and he thought she was about to let him eat 😭😭😭😭 #URL# ></document>
<Document> I can't wait for me and my boys to perform Elegy for the Dolls Who Fly again. ></Document>
<document> But you're not black, so it doesn't matter how you feel. "Boi" is a black QTGNC term. #URL# ></document>
<Document> Drop me this article I wrote about transmisogynoir, about revolutionary critiqueism of TMA hypervisibility and about the “divide and dule” tactic being played against the trans screen as anti-colonial views of our struggle are being replaced by liberal ones.

#URL# ></document>
<Document> Real niggas sniff each other's dicks to make sure the homies are faithful Black men don't cheat! ></Document>
<Document> Centering lived experience over structural analysis is precisely why TME folks refuse to believe that transmisogynoir is pivotal, so yes I'm good at that false dichotomy. Lived experience without theory can only get so far; Theory without lived experience is also useless ></document>
<Document> 1. When talking about black trans women and transfeminine people, it is often said that we are "taking up space". On the other hand, there are claims that people "center" us, are in solidarity with us. But both are not true. We are being hyper-visualized as part of a class oppression. ></Document>
<Document> Niggas say, “Don't make sex your whole life” and then compare their relationship with God to marital union. You literally squeeze the Creator into your sexuality, but then get mad at us queer and trans people for just existing as we are? Leave us alone ></document>
<document> Talking about "calm as resistance" makes me think back to flying African folklore. I often turn to these myths to reflect on my struggles as a black transfeminine radical ></document>
<document> But at the end of the day, I definitely didn't think that was the main contradiction in the situation. It was hurtful but the gworls there were like "While everyone is screaming WE HAVE NOTHING TO LOSE BUT OUR CHAINS, you gotta remember WE HAVE OUR LIVES TO LOSE" ></document>
<Document> Discernment is key to figuring out when which situation requires what, and that takes time, it's messy, so I don't read or wag my fingers. Just making an observation and intervention that I know has helped me and that I hope can help someone else ></document>
<Document> I'm moving through the Black Radical Tradition on Third World Idea and Autonomy. I am guided by the prison struggle and the legacy of the Panthers, particularly the anarchist thinking that grew out of it. I am engaged in a transfeminist material analysis (TMA framework) and black ecology. ></Document>
<document> #USER# Well to me it just sounds like you're hoarding resources and shit for your little club, and when a fascist comes along, that's the perfect scapegoat to do your dirty work while you distance yourself. Aren't neoliberal America and the swine so into vigilantes? ></Document>
<Document> But these whiners tried to use the appearance of concern about my health to force me towards political liberalism, an idealistic vision of anarkata politics, and also to center interpersonal relationships with them that are not with my boundaries matched + comfort levels ></document>
<document> Idk, some niggas are the actual dangerous MFS while claWhen they are in danger, lmao I see the antics from afar ></document>
<Document> When civil relations need to be self-sustaining, we are always somehow scapegoats, supposedly threatening the sanctity of their institutions or spaces. both Conservative &amp; Liberal forces use gender dimorphism in different ways to represent transgressive women's gender realms as such ></document>
<Document> Basically, the convergence in certain structures necessitates specific types of fascist forms of oppression, which in each context also generate a specific type of civil rights struggle; all of this must be treated as a whole if we want self-determination ></document>
<Document> I wasn't ready to go through that process, especially when the school is fucking expensive and racist as shit. And then it became clear that with my undiagnosed neurodivergences, I wasn't going to function in school anyway. Eventually I was harassed by a neo-fascist ></document>
<Document> What would you prefer? We just keep silent while transphobic feminists and persecutors lead enbies of AGAB and transmen and transmasks to be self-divided and limited, as well as engage in common transmisogynoir against the Gworlds? ></Document>
<Document> You muthafuckers are all opps to me. They all "run" our organization, community and creativity spaces. They all ensure that our movements are stuck in liberalism and/or close to conservatism. Y'all are junk and BAR bitches like me will take it with you guys if we have to ></document>
<document> An example. The white people say heaven is up. Our traditions see the earth as sacred. But some of our traditions also locate divinity in heaven. Well, what if, in the name of not centering on whiteness, people overlooked the latter traditions, assuming that only Europeans have gods of the air? ></Document>
<Document> It is incredibly narrow-minded, too subjective, to pretend that structural and material analysis about historical materiality is not important in our liberation struggle. I really think some of you are just people with political opinions and not committed revolutionaries, tbh ></document>
<document> Things about punk and rap, both aesthetically and politically, that people are drawn to. Unfortunately, many black anarchists are anti-blacks and bu-ass mfs who just want to fuck crackers. Therefore, although many BARs are black anarchists, not every black anarchist can be considered a BAR ></document>
<Document> Patriarchy is inherently misogynistic. Patriarchy's misogyny is particularly violent towards gendered/sexually expansive women. And this violence is amplified when gender dimorphism, ableism, social control &amp; ideological counterinsurgency converge to characterize this femininity as transgressive ></document>
<document> If you liked rock, anime and had other nerdy interests and bitches called you an Oreo then it's either bc 1) you thought it would make you better or broke up with others (they were fighting) or bc 2 ) ppl whoe Judge Christian, Allist and cishet prejudices against your interests. ></Document>
<document> People think that sexual dimorphism is the basis of one's class positioning. Blame white supremacy, using the former to falsely generalize and naturalize how it constitutes the latter. Now, unfortunately, even those who claim to be anti-colonial take it for granted or at face value. #URL# ></document>
<Document> Anyway, I mentioned this because this type of thing addresses why people who portray Christianity as a pacifist religion are wrong. It's not pacifist. The Jesus-as-thief model of atonement is easily translated into colonial violence when indigenous culture is always framed as devil stuff ></document>
<document> This apology gives me a lot of "few bad apples"/"thin blue line" energy. And yes, I suggest that you anarcrakkkas move like bulls, because at the end of the day you are all settlers &amp; State/race capitalism positions you as a social garrison to protect property/nation ></document>
<document> I have a feeling that the quality of old cameras is partly responsible for why people are so mysterious about colorism. Not only black and white photos, but also color photos from before the social media/smartphone era. Shits made people look darker than they actually are ></document>
<document> I haven't recovered from when me and my buddies did mutual aid distributions and it felt like I had to dodge sexually intrusive comments from people outside of our team, but the more I started wearing dresses the worse it became and it was always both cis men &amp; women ></document>
<document> #USER# Being from ny everyone says it here including myself but it still bugs me and I keep trying to unlearn it ></document>
<Document> Meddling in someone else's affairs, picking out local beliefs, presenting Jesus as the true version of the said cherry pick aspects of cosmology, demonizing all the local truths not appropriated for the sake of missionary activity. So many Bible translations... ></document>
<document> #USER# Cisheterosexism is used to regulate all genders, including those of people whose identity is mapped to their gender assignment (cis people). Transmisogyny is often the linchpin in these cases as well. Hella cis men fear "emasculation" precisely because they know it deep down ></document>
<document> All these authcoms like to do is lie and drop BARs so they can keep them up with white MLs lmao #URL# ></document>
<Document> Yall Taylor Swift Stans thought you were finally going to eat me up but you don't understand: I'm Nsambu Za Suekama. I ain't scared of niggas on the internet lmaaaaao ></document>
<Document> I disagree with the idea that the avoidable internal colony thesis is inadequate to an analysis of settler colonialism. ></Document>
<document> They can't. they broke. And I don't mean that this is a classic way. Because the economy sucks, so many of them are turning to the podcastShit hoping to get a bag as a social media influencer/micro celebrity. I wish they would build for the revolution but tbh #URL# ></document>
<Document> "Are you gay?" used to be the scariest question as a kid and now it just offends me if anyone even has to ask because it's like I'm not beaming TRANNYDOM and FAGGOTRY from the top of the hills to you darling ></document>
<Document> #USER# #USER# Yes. For this reason, right now I'm trying to focus on body doubling balanced with a focus on subsistence and exercise. I wonder if that, event scenes, and formal organizing were more evolved modalities that worked side by side, giving people room to dart in and out of each ></document>
<Document> Wilderson is really deliberately framing his critique around the problems of "postcolonialism" as an ACADEMIC discipline, while at the same time implying that these problems are isomorphic with the only tangentially related framework of "anticolonialism" as a set of radical movements > </ document>
<document> Lmaoooooooo I go from "girl" to "chile" to "bro" crazy times lol #URL# ></document>
<document> Well if anarchists when will anarchists stop tokenizing "POCs" although lol 😆 bc they move like the authcoms on that front #URL# ></document>
<document> It's also like black trans people are living through Jewel Crow segregation, so why would I ask for a return to Jim Crow on top of that? Ppl on twitter trivialize our story like this shit ain't serious. Mind you, Jim Crow 3.0 is on the horizon and honestly won't go unnoticed ></document>
<document> #USER# instead of tryna climb on top of each other all the way to the top (from "Lowerarchy Theory," a parable in "Wild Thing Wisdom" by Afrofuturist Abolitionists of the Americas). ></Document>
<document> #USER# No, I was about to chew you up, lemme dm du lmakkk ></document>
<document> I need to create a playlist of all the songs that always gave me gender euphoria as a kid. I remember when my brother called me because he "liked girl songs". ></Document>
<document> Literally lmaooooo like the narrative of Eve vs Adam, Adam vs Eve is tired! The wars of "what do you bring to the table" versus "if you lead right, I will comply" must end. #URL# ></document>
<document> In truth, you cis men are pathologizing yourself if you think that suits and being together is what will set us free. Because it assumes that you're being oppressed for being "ghetto" and shit like that. At the same time, it is also based on a deeply (trans)misogynist rhetoric ></document>
<document> I agree. I just don't think these pillars stem from a categorical insistence on being anti-organizations and anti-theories, as certain anarchists I meet seem to imply. In my opinion we need ideology and movement to address the #URL# ></document> hierarchy
<Document> When he started "rapping" over a decade ago, his shit turned to trash. He's also a fucking liar, an abuser, and an absolute ass personng. #URL# ></document>
<Document> I really wish I could draw an area scatter and disappear into the forest for the rest of this phase of my transition. Going through my chrysalis in an age of cameras and photos and shit is no fun. Too much scrutiny and too much outside interference on a particular look ></document>
<document> And I'm also sick of the hookup culture and I've hardly ever engaged, but that's because even in "non-committal" situations it's not much different. It's frankly wild how trash people are across genders. lmao. I've also been through bullshit with people on the TMA continuum. ></Document>
<document> It turned things like EJ into a conversation. It has forced people to reckon with the structural causes of the different death rates for black births. It has allowed people to question BMI and IQ and uncover how anti-obesity, ableism and racism are related ></document>
<Document> Reclaiming Tomgirl as a trans woman who is gay >&gt;&gt; ></Document>
<document> #USER# “I'm not trans, I'm [insert variant of non-cis identity] always reads a lot to me like “I'm not black, I'm Dominican” how okay transness vs cisness is how gender exodus is being politicized Use the labels you use, but distance yourself while also trying to push ppl ></document> aside

</author>