
	
		<document> No way is the big guy getting off in this shutdown. Stay home, #HASHTAG#. #URL# ></document>
		<document> #USER# "They came for the Jews and I said nothing because I wasn't a Jew ..." ></document>
		<document> #USER# shows up in the aftermath to clean up the paper trail. #HASHTAG# #URL# ></document>
		<document> Democrats are all about protecting the vulnerable. #HASHTAG# #HASHTAG# #HASHTAG# #URL# ></document>
		<document> #USER# I'm told that rape is one of the reasons we need to keep abortion on demand. I guess only beautiful women get raped. #HASHTAG# ></document>
		<document> $MRNA bubble may be breaking #URL# ></document>
		<document> If that "pathway" doesn't include leaving and applying for legal entry, it's just #HASHTAG#. #URL# ></document>
		<document> Terrifying that we have to rely on insurance companies for data that our public health agencies should be collecting and scrutinizing on these COVID-19 vaccines. The truth will surface but how many will die or be injured first? #HASHTAG#
#URL# ></document>
		<document> If we succeed to secede, the succession will lead to secession. #URL# ></document>
		<document> Not even close to what occurred under slavery. Waters  should be ashamed. #URL# ></document>
		<document> #USER# You underestimate their level of evil. ></document>
		<document> #USER# You're good with me unless you start defending domestic terrorists. ></document>
		<document> #USER# So he really took a beating? 😏 ></document>
		<document> Those who were pro- personal autonomy and choice are suddenly against both. 🤷‍♂️
#URL# ></document>
		<document> Above POTUS classification? Must be #HASHTAG#. #URL# ></document>
		<document> A summary execution would help Russia decide. 😏 #URL# ></document>
		<document> Maybe he's taking care of his "farm". #HASHTAG# #HASHTAG# #URL# #URL# ></document>
		<document> #USER# #USER# Liz has another side hustle? ></document>
		<document> This is extremely weak. Is this the best your legal minds can do? #HASHTAG# #URL# ></document>
		<document> Women empowerment under 1-child policy. #HASHTAG# #URL# ></document>
		<document> If your plan is to #HASHTAG# the remainder of season, you can't complain about how crappy your players perform. #URL# ></document>
		<document> Why are unwanted tire collection events still so popular? I always get rid of my old tires when I buy new tires. ></document>
		<document> Fun facts about what a baby can do in the womb at certain stages, like summersaults and hiccups!
#URL#
#HASHTAG# ></document>
		<document> Unfortunately other people are thinking this w/o #HASHTAG#. #URL# ></document>
		<document> #USER# Dick Cheney ></document>
		<document> #USER# Aren't you the one constantly preaching on the importance of life insurance? 😬 ></document>
		<document> #USER# This is her free content. She makes money on OF. ></document>
		<document> Alex is the one we usually suspect of a "medication imbalance". #URL# ></document>
		<document> #USER# The image lacks any indication of the fencing that would be erected around the perimeter to prevent access to the building when it is closed. #HASHTAG# ></document>
		<document> They wonder why GOP wants to have a few debates before people start voting in general election. #HASHTAG# #URL# ></document>
		<document> #USER# #USER# "When someone shows you who they are, believe them the first time." -- Maya Angelou ></document>
		<document> It's about time. 🗑️ 👏 🗑️ 👏🏼 🤣 #URL# ></document>
		<document> The worst prospectus presentation I've seen. $EDR
#URL# ></document>
		<document> #USER# doesn't know me well if they are recommending a digital subscription to #USER#. #HASHTAG# #HASHTAG# ></document>
		<document> How did the #HASHTAG# pandemic originate? #HASHTAG# #URL# ></document>
		<document> #USER# Cops have every right to rape sex workers? #URL# ></document>
		<document> She was paid for her "expertise and advice" just like Hunter was. It's not news that Biden intended to nominate her. #HASHTAG# #HASHTAG# #HASHTAG# #HASHTAG# #URL# ></document>
		<document> Narrator: It was substantively wrong. #URL# ></document>
		<document> I think DemocRats have a winning strategy going into 2022 elections. #HASHTAG# #URL# ></document>
		<document> Absent discussion of real evil, can we have a discussion of the need for appropriate mental health care? #HASHTAG# ></document>
		<document> They could just give him a private fenced zone in the yard. All that UV would neutralize the virus. #URL# ></document>
		<document> Make no mistake: even if it's unlikely that the Court overturns Roe when it releases its decision in Dobbs next year, this is the closest we have come to undoing Roe since Casey was decided #URL# #HASHTAG# ></document>
		<document> I'm just ballparking here but wouldn't it be reasonable to wait for #USER# to show their worth by doing an unhindered investigation in Wuhan before Uncle Joe (#HASHTAG#) restores WHO funding? #HASHTAG# #HASHTAG# #HASHTAG# #URL# ></document>
		<document> #USER# Your only options are extraction or root canal. If it doesn't hurt, there's no big rush. If you opt for root canal, they will just put you on antibiotic until you can be scheduled.

Whatever you do, don't watch Root Cause documentary. ></document>
		<document> #USER# #USER# Totally omits that, under Biden, American taxpayers are going to be paying for abortions both here and abroad. #HASHTAG# ></document>
		<document> #USER# What if their choice is to take your life? There's some intersection. ></document>
		<document> #USER# You'll last longer if you sit next to a fire pit. ></document>
		<document> #USER# Being bribed sounds like grounds for annulment. 😉 ></document>
		<document> Sounds like a fine Leftist Arts school. #URL# ></document>
		<document> Jen got Vatican confused with WHO. Vatican has a habit of doing that lately also. #HASHTAG# #URL# ></document>
		<document> School boards like this may be looking for a different job next election cycle. 🤣 #URL# ></document>
		<document> A game #USER# won. #HASHTAG# #HASHTAG# 🤣 #URL# ></document>
		<document> How the preborn baby’s body is synced with her mother’s body:
#URL#
#HASHTAG# ></document>
		<document> Judge says USCB can't change the deadline it already extended. What has kept people from completing census and how do we know how many are missing? 🤔 #URL# ></document>
		<document> #USER# This line of discussion is perilous. #URL# ></document>
		<document> Not sure we should even be participating in #HASHTAG# if #HASHTAG# and #HASHTAG# cannot be guaranteed. #URL# ></document>
		<document> These NPR pundits just don't get it. They keep pointing out that Sen. Scott "should have said socialist dystopia." No
 #USER# are infiltrated with Democratic Socialists who seek a socialist utopia. ></document>
		<document> #USER# Just a reminder that "huge" fireworks are returning to DC next July 4 if Trump wins. ></document>
		<document> per #USER#: "Most reported U.S. Omicron cases have hit the fully vaccinated" 😕
#URL# ></document>
		<document> Having anything passing through my tissue at supersonic speed seems like a bad idea. #URL# ></document>
		<document> #USER# Since everyone ultimately came out of Africa, we were all probably darker until losing pigmentation from lack of sunlight over generations. ></document>
		<document> #USER# A lot of people in CHAZ and its companion zones would have benefited from more childhood beatings. ></document>
		<document> #USER# Hope Biden is having a relaxing weekend at the beach. ⛱️ ></document>
		<document> Evan had a lot of those. #URL# ></document>
		<document> "If you can't be authentic, fake it." -- Rahm Emanuel #HASHTAG# ></document>
		<document> Future surge? 🤔 #URL# ></document>
		<document> #USER# Yes and that was 5 MONTHS AGO. We could go back to full lockdown again. ></document>
		<document> #USER# What months will Taiwan and #HASHTAG# flags be flying at U.S. Embassy in Beijing? ></document>
		<document> #USER# Which is a meaningless stat. Only EC vote matters. ></document>
		<document> Did the band on the Titanic know they were "the band on the Titanic" until they took the plunge? 😬 #URL# ></document>
		<document> May just be rubbing 🧂 in the wound. 😉 #URL# ></document>
		<document> #USER# The Little Sisters of the Poor would like to have a word with you. ></document>
		<document> You're not tricking me into accepting the Beast's mark. #URL# ></document>
		<document> In Illinois, they usually go to prison after their term in office. 😬 #URL# ></document>
		<document> #USER# This is the sort of posting I expect to find on Nextdoor. Facebook is supposed to have TOS. ></document>
		<document> Glad Biden is determined to nominate the most qualified candidate to SCOTUS, as long as it's a woman and (checks all the boxes) a black. #HASHTAG# ></document>
		<document> We'll hear narry a peep from UN or our beloved "leader if the free world"-elect. #URL# ></document>
		<document> #USER# Might need a few more arrows in your quiver before going to war. ></document>
		<document> Did you know that...

Since Roe v. Wade legalized abortion in 1973, abortion has killed an estimated 29 million black babies -- more than the entire black population in 1960. #URL#
#HASHTAG# #HASHTAG# #HASHTAG# ></document>
		<document> #USER# Certainly seems preferable to go by choice and collect two paychecks. ></document>
		<document> Gee. The same people who complain that women don't have access to basic health care want to eliminate health care providers. 🙃🤔 #URL# ></document>
		<document> #USER# True Compassion Means Embracing the Inconvenient
#URL# ></document>
		<document> #USER# Could they at least try to hide the fraud? ></document>
		<document> #USER# Cause they hate women. #HASHTAG# #URL# ></document>
		<document> Did their Russian intelligence contacts tell them that? 👀 #URL# ></document>
		<document> #USER# Jackson Hole, WY, airport is worth a visit. #URL# ></document>
		<document> Mayor Bowser should just tell Antifa to stay home. #URL# ></document>
		<document> Who is paying their lobbyist? #HASHTAG# #URL# ></document>
		<document> #USER# That 3rd shot is the magic key. 😏 ></document>
		<document> News to observant Jews: slavery was created in 1776. What was that whole Exodus thing? 👀 #URL# ></document>
		<document> Seems like a reasonable choice. I could provide 33.6K other examples. #HASHTAG# #URL# #URL# ></document>
		<document> #USER# Donald Trump won as Republican nominee for President and still isn't accepted by the establishment GOP. ></document>
		<document> Where's the love? #URL# ></document>
		<document> #USER# ... only if you want to stay alive ></document>
		<document> #USER# Never used it before but it seems they need to justify what benefits it provides over competing products and why we should provide Google further access to our private data. ></document>
		<document> "Yes to female sexual autonomy; yes to love and pleasure, not just reproduction, as a purpose of sex; yes to married clergy; yes to contraception; and, indeed, yes to full acceptance of homosexuals."nShort of all that, kill the priesthood. #HASHTAG#://t.co/4ALInJEH0l ></document>
		<document> #USER# Some say I helped elect #HASHTAG# by writing in an alternate choice. I have no regrets. Six / half dozen. 😏 #URL# ></document>
		<document> Can't lie. It's enticing to be able to collect Medicare 5 years earlier, but I wonder what it would cost all of us. ></document>
		<document> Could be an expensive lesson for separating politics and business. Stay in your lane, #USER#! #URL# ></document>
		<document> May have already been voted on by power hungry IL DemocRats to erode our personal freedoms:  #HASHTAG# #URL# ></document>
		<document> What part of this is OK? #URL# ></document>
		<document> #USER# Post your address so these domestic terrorists can come by, hypocrite. ></document>
		<document> #USER# That would just fuel envy among those who were earning $75/hr. ></document>
		<document> She may be having premonitions of Hell but shouldn't complain. Her compatriot, Jeffrey, was suicided. #HASHTAG# #URL# ></document>
		<document> #USER# TBF, I think that is still being used to teach basic programming. ></document>
		<document> It's good to see the "catholics" who said "vote for Biden in peace but hold him to the fire later" wilting away like cowards. ></document>
		<document> A long statement that gives no authentically Catholic direction. ☹️ #URL# ></document>
		<document> Why is NSA collecting publicly available data? 🤣 #URL# ></document>
		<document> Don't be so quick to dump that pickle juice down the drain. #HASHTAG# #URL# ></document>
		<document> Why is Hamas firing rockets next to a civilian building? 😏 #URL# ></document>
		<document> #USER# The bishops are weak. If people are protesting or celebrating Biden's stolen election or something that qualifies as "essential", the rules don't apply. ></document>
		<document> #USER# I think we were all very clear. There was no valid reason to use aborted baby parts in development of #HASHTAG# vaccine. #HASHTAG# ></document>
		<document> Where were the opposing voices in #USER# “reporting” on the #HASHTAG# hoax? #HASHTAG# #URL# ></document>
		<document> #USER# Nobody is restricting your right to contract salmonella. ></document>
		<document> #USER# 🚫 Cite source. ></document>
		<document> How is this different than George Floyd memorials? Neither needed to die and only one has been given a public investigation. 🤔 #URL# ></document>
		<document> #USER# Get ready to pay big taxes for the privilege of living a DemocRatic approved repressed life. ></document>
		<document> This is as much junk science as what he criticizes. Since we have no organized testing for COVID-19 antibodies, no reliable data exists for natural immunity effectiveness. #URL# ></document>
		<document> Worked so well for us in 20th century.
"like a dog returning to it's vomit" #URL# ></document>
		<document> FBI further weakens their credibility by making comments like "There is no evidence of Antifa involvement in the Capitol breach." (If they really said that)

We know Antifa were there. #HASHTAG# ></document>
		<document> Surely there are some uncounted ballots sitting around? 🕵️ #URL# ></document>
		<document> I would have chosen a different logo but the vast difference between protesting against a fascist government and wearing a swastika in support of a literal fascist is inescapable. #URL# ></document>
		<document> #USER# Does that include sanctions on CCC and WHO? If not, you are a bag of wind. ></document>
		<document> They say Hitler was also "excellent at explaining stuff".
#URL# ></document>
		<document> #USER# Have you learned nothing from Pompeo? You say something like that and Tapper is RTing it as if you were serious. ></document>
		<document> #USER# Clever that chyron generator. Ignore the anti-Semitic riots why planting subliminal message that Jews are behind the violence. ></document>
		<document> #HASHTAG# a.k.a. state sanctioned robbery #URL# ></document>
		<document> #USER# Twitter demands erudite commentary with each RT. ></document>
		<document> More information is collected in that nose swab than the plus/minus result you receive.
#URL# ></document>
		<document> Three things:
1. That's an abysmal source of sex education.
2. Trash is still trash under any lens.
3. All you're doing is providing free publicity for PH. #URL# ></document>
		<document> #USER# Who controls the thermostat? Shouldn't they have fresh ventilation to control the #HASHTAG#? ></document>
		<document> #USER# Probably most mentions "Worst Person In the World" #USER# has gotten this year. #URL# ></document>
		<document> #USER# Doesn't he have any distant relatives who might enjoy this "family heirloom"? ></document>
		<document> #USER# I guess I didn't react much to this because it's just Illinois being Illinois. #HASHTAG# #HASHTAG# #HASHTAG# ></document>
		<document> #USER# Doesn't seem like a good plan if #USER# really want to push the progressive agenda they advertised and threatened. Good luck packing the courts. ></document>
		<document> #USER# They know. They just don't care. A society that embraces abortion doesn't like children. ></document>
		<document> #USER# Is posting a photo of their home a Twitter TOS violation? ></document>
		<document> I trust she's speaking in a secular rather than theological way. Our politicians/leaders certainly don't need further discouragement from striving toward sainthood. 🤣 #URL# ></document>
		<document> When Rubio calls it amnesty, it must really be bad. #URL# ></document>
		<document> How "science" went woke
#URL# ></document>
		<document> The Democrats aren't #HASHTAG# at all. #HASHTAG# #URL# ></document>
		<document> #USER# You can just catheterize yourself and drain in pool. You'll never have to leave bed except to service the pool chemicals. ></document>
		<document> Always glad to promote a #HASHTAG# atheist voice. #URL# ></document>
		<document> #USER# Sounds like rough sex. 😏 ></document>
		<document> As a lifer, I found this fascinating.

John Warner was mayor (with interruptions) 1874-1898 and E.N. Woodruff was mayor (with interruptions) 1903-1944. Guess that's the way to get things named after you (Woodruff got better naming rights). #URL# ></document>
		<document> 70 scientists, doctors tell Trump how to regain control over #HASHTAG# crisis hijacked by radicals
#URL# ></document>
		<document> Does anyone besides the USCB consider 2020 Census essential during a pandemic shutdown of everything else? #HASHTAG# #HASHTAG# ></document>
		<document> There have been so many great takedowns of Squeaky. It's hard to pick a favorite. #URL# ></document>
		<document> Why hasn't Pfizer waived liability protection for Comirnalty? What are they afraid of?
#URL# ></document>
		<document> #USER# What do you think I do when I need to pee — wet my diaper? All that except "half your kids die before adulthood" doesn't sound unlivable. ></document>
		<document> #USER# "Get behind me, Satan." That's Bible 101. ></document>
		<document> What punishment does God have in store for nations for the sin of abortion? #HASHTAG# #URL# ></document>
		<document> #USER# Hard to figure out where it went wrong to assign responsibility. #URL# ></document>
		<document> It has relatives? #URL# #URL# ></document>
		<document> #USER# The question is when will they take down walls and send National Guard home do public can freely move about? ></document>
		<document> This comeback for Dalton is looking doubtful. #URL# ></document>
		<document> If you live in this neighborhood and have a pool heater (pool implied), you should invest in a CO detector. #HASHTAG# #URL# ></document>
		<document> #USER# #USER# Does the French version use Y*h*w*h? I know the use in English version is offensive to Jewish. ></document>
		<document> Thinks? #URL# ></document>
		<document> #USER# I'm familiar with that in US House and Senate. ></document>
		<document> Pretty much made hookup culture illegal. #URL# ></document>
		<document> If that's the hill they want to figuratively die on … #HASHTAG# #URL# ></document>
		<document> #USER# What are the two "other" lines? Seems this is an opening for boosters because vaccine was fraud. ></document>
		<document> #USER# Doesn't count if ice crystals don't form on your face mask. 🥶 ></document>
		<document> #USER# You're not paying attention. How dare you have private property at all? 😜 ></document>
		<document> At least abortion is safe now. Women don't need "back-alley" abortions. Abortion clinics are state of the art health care. #HASHTAG# #URL# ></document>
		<document> #USER# Is FBI going to destroy this one too? ></document>
		<document> So pregnancy doesn't prevent women from achieving their dreams? #HASHTAG# #URL# ></document>
		<document> Why does Twitter feel empowered to sensor our timeline? Just flushed down the memory hole. #URL# ></document>
		<document> #USER# Maybe you should have published under a pseudonym. You seem to be competing against a "bestselling author" named Lila Rose. ></document>
		<document> I guess "no child left behind" is over? Now it's "submit or suffer exile". #URL# ></document>
		<document> Shouldn't the burden be on the local residents to sue in court and justify why the law is discriminatory? Then let courts decide. That's how our divided powers work. Unelected bureaucrats aren't to decide which laws are legitimate. #URL# ></document>
		<document> #USER# #USER# had revenue of $1.3B. With that money, they could have fed 520 million kids. They killed them instead. #HASHTAG# #HASHTAG# ></document>
		<document> It's the Bears. They will return to whatever brings a comfortable loss. #URL# ></document>
		<document> Wish this wasn't behind a paywall. I'd like to explore this wacky science whereby, apparently, cold is transferred. #URL# ></document>
		<document> I can't wait for Jan. 20, when it becomes OK again to put immigrants in cages. #HASHTAG# ></document>
		<document> If this impeachment trial had any credibility, it just jumped the fence. Debunked "very fine people" lie just proclaimed as an argument. ></document>
		<document> Taiwan IS an independent country. Should we allow outside armies to assist them in separation from China? #URL# ></document>
		<document> Powerful entities conspiring with governments to "protect" citizens from "dangers" of free markets. What could possibly go wrong? #URL# ></document>
		<document> Caption this photo with Uncle Joe creepy comment: #URL# ></document>
		<document> Seems like we are all focused on vaccination and masking but forgetting Pandemic 101: if you are sick, quarantine. #HASHTAG# ></document>
		<document> A Roman Catholic among 42 Senators who voted against late-term abortion ban. #HASHTAG# Francis is calling. n#URL# … ></document>
		<document> "90 days in jail"nnThat will send a strong message to women taking advantage of underage boys. #HASHTAG#://t.co/wmU9yLvP3J ></document>
		<document> Thou shall not disparage COVID-19 vaccines on woke social media. #HASHTAG# 🔇 🤐
#URL# ></document>
		<document> #USER# I'm sure those people wouldn't find any other way to communicate. 🤔 ></document>
		<document> #USER# DOJ should investigate that. #URL# ></document>
		<document> Can't believe her attorney would allow her to testify. Don't believe her. #HASHTAG# #HASHTAG# #HASHTAG# #URL# ></document>
		<document> #USER# I'll accept reckless if it gets Democrats to sit out the election. 😏 ></document>
		<document> #USER# I'm pretty sure you can say whatever you want on TikTok. ></document>
		<document> Whatever else, an odd choice as president of Theological Institute named for St. John Paul II 🤔
#URL# ></document>
		<document> Not necessary to politicize this execution. Just say #HASHTAG# and be done. #URL# ></document>
		<document> Definitely pushing the boundaries of Catholic charity: #URL# ></document>
		<document> Old age, sickness, and death are the next phase. What purpose will divorce serve? #URL# ></document>
		<document> The revolution is beginning. I've never loved Pizza Ranch more. #HASHTAG# #URL# ></document>
		<document> #USER# If you move to (or borrow an address in) Georgia, you can still vote in the Senate run-off election. ></document>
		<document> There will be no "return to normal".
#URL# ></document>
		<document> #USER# Please stop with EOs and actually negotiate some legislation, coward. #HASHTAG# #HASHTAG# #HASHTAG# ></document>
		<document> North Korea was affected by #HASHTAG#? 😲 #URL# ></document>
		<document> Found! #URL# ></document>
		<document> #USER# Row is already codified in IL. We would actually get to vote on it again. ></document>
	
</author><document> There's no way the big guy is getting away with this shutdown. Stay home #HASHTAG#. #URL# ></document>
<document> #USER# "They came about the Jews and I didn't say anything because I wasn't Jewish..." ></document>
<document> #USER# appears in the sequence to clean up the paper trail. #HASHTAG# #URL# ></document>
<Document> The Democrats are concerned with protecting the vulnerable. #HASHTAG# #HASHTAG# #HASHTAG# #URL# ></document>
<document> #USER# I've been told that rape is one of the reasons we need to keep abortion on demand. I guess only beautiful women get raped. #HASHTAG# ></document>
<document> $MRNA bubble may break #URL# ></document>
<document> If that "path" doesn't involve exiting and applying for legal entry, it's just #HASHTAG#. #URL# ></document>
<Document> It is appalling that we have to rely on insurance companies for data that our public health authorities should be collecting and reviewing on these COVID-19 vaccines. The truth will come out, but how many will die or be injured first? #HASHTAG#
#URL# ></document>
<Document> If we succeed in secession, the succession will lead to secession. #URL# ></document>
<Document> Not even close to what happened under slavery. Water should be ashamed. #URL# ></document>
<document> #USER# They underestimate their level of malice. ></Document>
<document> #USER# You're good to me unless you start defending domestic terrorists. ></Document>
<document> #USER# So he really got hit? 😏 ></document>
<Document> Those who were in favor of personal autonomy and choice are suddenly against both. 🤷‍♂️
#URL# ></document>
<document> Above POTUS classification? Must be #HASHTAG#. #URL# ></document>
<Document> A summary execution would help Russia decide. 😏 #URL# ></document>
<document> Maybe he takes care of his "farm". #HASHTAG# #HASHTAG# #URL# #URL# ></document>
<document> #USER# #USER# Liz has another side hustle? ></Document>
<Document> This is extremely weak. Is that the best your legal mind can do? #HASHTAG# #URL# ></document>
<Document> Promotion of women as part of the one-child policy. #HASHTAG# #URL# ></document>
<document> If you plan the rest of the season with #HASHTAG#, you can't complain about how poorly your players are doing. #URL# ></document>
<document> Why are unwanted tire collections still so popular? I always get rid of my old tires when I buy new tires. ></Document>
<document> Fun facts about what a baby can do at certain stages in the womb, like rollovers and hiccups!
#url#
#HASHTAG# ></document>
<document> Unfortunately, others think that without #HASHTAG#. #URL# ></document>
<document> #USER# Dick Cheney ></document>
<document> #USER# Aren't you the one who constantly preaches about the importance of life insurance? 😬 ></document>
<Document> #USER# This is your free content. She makes money with OF. ></Document>
<Document> Alex is the one we usually suspect of "drug imbalance". #URL# ></document>
<document> #USER# The image is missing somethingReference to the fencing that would be erected around the perimeter to prevent access to the building when closed. #HASHTAG# ></document>
<Document> You're wondering why the GOP wants to have some debates before people start voting in the general election. #HASHTAG# #URL# ></document>
<document> #USER# #USER# "When someone shows you who they are, believe them the first time." -- Maya Angelou ></document>
<Document> It's about time. 🗑️ 👏 🗑️ 👏🏼 🤣 #URL# ></document>
<Document> The worst prospectus presentation I've ever seen. $EDR
#URL# ></document>
<Document> #USER# doesn't know me well when recommending #USER# a digital subscription. #HASHTAG# #HASHTAG# ></document>
<Document> How did the #HASHTAG# pandemic come about? #HASHTAG# #URL# ></document>
<Document> #USER# Police officers have every right to rape sex workers? #URL# ></document>
<Document> She was paid for her "expertise and advice", as was Hunter. It's not new that Biden intended to nominate her. #HASHTAG# #HASHTAG# #HASHTAG# #HASHTAG# #URL# ></document>
<Document> Narrator: It was wrong in content. #URL# ></document>
<Document> I think the DemocRats have a winning strategy for the 2022 election. #HASHTAG# #URL# ></document>
<document> In the absence of a discussion about truly evil, can we have a discussion about the need for proper mental health care? #HASHTAG# ></document>
<Document> You could just give him a private fenced zone in the yard. All that UV would neutralize the virus. #URL# ></document>
<document> Make no mistake: while the court is unlikely to overturn Roe when its decision in Dobbs is published next year, the closest we've come to Roe since the decision on Casey #URL# #HASHTAG# ></ document >
<document> I'm just playing around here, but wouldn't it be prudent to wait for #USER# to prove their worth by conducting an unopposed investigation in Wuhan before Uncle Joe (#HASHTAG#) restores WHO funding ? #HASHTAG# #HASHTAG# #HASHTAG# #URL# ></document>
<document> #USER# Your only options are extraction or root canal. If it doesn't hurt, there's no big rush. If you decide to have a root canal treatment, you will only be treated with antibiotics until you can make an appointment.

Whatever you do, don't look at root cause documentation. ></Document>
<document> #USER# #USER# Completely omits that under Biden, American taxpayers will pay for abortions both here and abroad. #HASHTAG# ></document>
<document> #USER# What if their decision is to take your life? There is an intersection. ></Document>
<document> #USER# You'll last longer if you sit next to a fireplace. ></Document>
<document> #USER# Being bribed sounds like a reason for annulment. 😉 ></document>
<document> Sounds like a good leftist art school. #URL# ></document>
<Document> Jen confused the Vatican with the WHO. The Vatican has also had a habit of doing this lately. #HASHTAG# #URL# ></document>
<Document> School boards like this may be looking for another job in the next election cycle. 🤣 #URL# ></document>
<document>A game #USER# won. #HASHTAG# #HASHTAG# 🤣 #URL# ></document>
<Document> How the premature baby's body is synchronized with her mother's body:
#url#
#HASHTAG# ></document>
<Document> Judge says USCB cannot change already extended deadline. What has stopped people from completing the census and how do we know how many are missing? 🤔 #URL# ></document>
<document> #USER# This thread is dangerous. #URL# ></document>
<document> I'm not sure if we should even participate in #HASHTAG# if #HASHTAG# and #HASHTAG# cannot be guaranteed. #URL# ></document>
<document> These NPR pundits just don't get it. They keep pointing out that Senator Scott "should have said socialist dystopia." NO
 #USER# are infiltrated with democratic socialists seeking a socialist utopia. ></Document>
<document> #USER# Just a reminder that "huge" fireworks will return to DC on July 4th if Trump wins. ></Document>
<document> per #USER#: "Most reported Omicron cases in the US have hit the fully vaccinated people" 😕
#URL# ></document>
<document> Passing something through my tissues at supersonic speeds seems like a bad idea. #URL# ></document>
<document> #USER# Since all ultimately came from Africa, we were probably all darker until generations later when we lost pigmentation to lack of sunlight. ></Document>
<document> #USER# Many people in CHAZ and its neighboring zones would have benefited from more childhood beatings. ></Document>
<document> #USER# Hope Biden spends a relaxing weekend at the beach. ⛱️ ></Document>
<document> Evan had a lot of them. #URL# ></document>
<document> "If you can't be authentic, fake it." -- Rahm Emanuel #HASHTAG# ></document>
<document> Future increase? 🤔 #URL# ></document>
<Document> #USER# Yes, and that was 5 MONTHS AGO. We could go back to full lockdown. ></Document>
<Document> #USER# In which months will Taiwan and #HASHTAG# flags fly at the US Embassy in Beijing? ></Document>
<Document> #USER# Which is a meaningless statistic. Only the EC vote counts. ></Document>
<Document> Did the band on the Titanic know they were "the band on the Titanic" before they took the plunge? 😬 #URL# ></document>
<document> Can only rub 🧂 in the wound. 😉 #URL# ></document>
<document> #USER# The Little Sisters of the Poor would like to speak to you. ></Document>
<document> You won't make me take the mark of the beast. #URL# ></document>
<Document> In Illinois, they usually go to jail after their term. 😬 #URL# ></document>
<document> #USER# This is the kind of posts I expect to see on Nextdoor. Facebook is said to have TOS. ></Document>
<Document> I'm glad Biden is determined to nominate the most qualified candidate for SCOTUS, as long as it's a woman and (check all the boxes) a black man. #HASHTAG# ></document>
<Document> We'll hardly hear a peep from the UN or our beloved "Leader of the Free World" election. #URL# ></document>
<document> #USER# You might need a few more arrows in your quiver before you goto the war. ></Document>
<document> Did you know that...

Since Roe v. Wade legalized abortion in 1973, it is estimated that abortion has killed 29 million black babies - more than the entire black population in 1960. #URL#
#HASHTAG# #HASHTAG# #HASHTAG# ></document>
<document> #USER# Certainly seems preferable to opting out voluntarily and collecting two paychecks. ></Document>
<document> Gee. The same people who complain that women don't have access to basic health care want to eliminate health care providers. 🙃🤔 #URL# ></Document>
<document> #USER# True compassion means embracing the uncomfortable
#URL# ></document>
<document> #USER# Could you at least try to hide the scam? ></Document>
<Document> #USER# Because they hate women. #HASHTAG# #URL# ></document>
<Document> Did your Russian intelligence contacts tell you that? 👀 #URL# ></document>
<Document> #USER# Jackson Hole, WY Airport is worth a visit. #URL# ></document>
<Document> Mayor Bowser should just tell Antifa to stay home. #URL# ></document>
<Document> Who pays their lobbyist? #HASHTAG# #URL# ></document>
<Document> #USER# This third shot is the magic key. 😏 ></document>
<Document> News for believing Jews: Slavery was introduced in 1776. What was the whole Exodus thing? 👀 #URL# ></document>
<Document> Seems like a reasonable choice. I could provide 33.6K more examples. #HASHTAG# #URL# #URL# ></document>
<Document> #USER# Donald Trump won as the Republican nominee for President and is still not accepted by the mainstream GOP. ></Document>
<Document> Where is the love? #URL# ></document>
<document> #USER# ... only if you want to stay alive ></document>
<document> #USER# Never used before, but apparently they need to justify what advantages it offers over competing products and why we should give Google further access to our private data. ></Document>
<Document> "Yes to female sexual autonomy; yes to love and pleasure, not just for procreation, as a purpose of sexuality; yes to married clergy; yes to contraception; and indeed yes to full acceptance of homosexuals." that, kill the priesthood. #HASHTAG#://t.co/4ALInJEH0l></document>
<document> #USER# Some say I helped choose #HASHTAG# by writing an alternative option. I regret nothing. Six / Half Dozen. 😏 #URL# ></document>
<Document> Can't lie. It's tempting to be able to pick up Medicare 5 years early, but I wonder what it would cost us all. ></Document>
<Document> Could be a costly lesson in separating politics and business. Stay on track, #USER#! #URL# ></document>
<document> May already have been chosen by power-hungry IL DemocRats to undermine our personal freedoms: #HASHTAG# #URL# ></document>
<document> Which part of it is ok? #URL# ></document>
<Document> #USER# Post your address so those homegrown terrorists can come by, hypocrites. ></Document>
<document> #USER# That would only fuel envy among those paying $75/hr. earned. ></Document>
<Document> She may have premonitions ofHell, but shouldn't bitch. Her compatriot Jeffrey was killed. #HASHTAG# #URL# ></document>
<document> #USER# TBF, I think this is still used to teach basic programming. ></Document>
<Document> It's good to see the "Catholics" who said, "Elect Biden in peace, but keep him by the fire later" are withering away like cowards. ></Document>
<Document> A long statement that does not give an authentic Catholic direction. ☹️ #URL# ></document>
<Document> Why does the NSA collect publicly available data? 🤣 #URL# ></document>
<document> Don't be so quick to dump the pickle juice down the drain. #HASHTAG# #URL# ></document>
<Document> Why is Hamas firing rockets near a civilian building? 😏 #URL# ></document>
<Document> #USER# The bishops are weak. When people protest or celebrate Biden's stolen election or something deemed "essential," the rules don't apply. ></Document>
<document> #USER# I think we've all made ourselves very clear. There was no good reason to use aborted baby parts in the development of the #HASHTAG# vaccine. #HASHTAG# ></document>
<Document> Where were the dissenting voices in #USER# that "reported" on the #HASHTAG# hoax? #HASHTAG# #URL# ></document>
<document> #USER# No one restricts your right to contract salmonella. ></Document>
<Document> #USER# 🚫 Cite source. ></Document>
<Document> How is this different from the George Floyd memorials? None died and only one was publicly investigated. 🤔 #URL# ></document>
<document> #USER# Get ready to pay heavy taxes for the privilege of living a repressed life sanctioned by the Democratic Party. ></Document>
<Document> This is no more scientific rubbish than what he criticizes. Since we do not have organized testing for COVID-19 antibodies, there is no reliable data on the effectiveness of natural immunity. #URL# ></document>
<document> Worked so well for us in the 20th century.
"like a dog returning to its vomit" #URL# ></document>
<Document> The FBI further weakens its credibility with comments such as "There is no evidence of Antifa involvement in the Capitol speech". (If they really said that)

We know Antifa was there. #HASHTAG# ></document>
<document> Surely there are some uncounted ballot papers lying around? 🕵️ #URL# ></document>
<Document> I would have chosen a different logo, but the big difference between protesting a fascist government and wearing a swastika in support of a literal fascist is inescapable. #URL# ></document>
<document> #USER# Does this include sanctions against CCC and WHO? If not, you're a windbag. ></Document>
<Document> You say Hitler was also "excellent at explaining things".
#URL# ></document>
<document> #USER# Didn't you learn anything from Pompeo? You say things like that and Tapper acts like you mean it. ></Document>
<document> #USER# Clever, that chyron generator. Ignore the anti-Semitic riots, why the subliminal message that Jews are behind the violence. ></Document>
<Document> #HASHTAG# aka government sanctionedRobbery #URL# ></document>
<document> #USER# Twitter demands a scholarly comment on every RT. ></Document>
<Document> This nasal swab collects more information than the plus/minus result you will receive.
#URL# ></document>
<Document> Three things:
1. This is a lousy resource for sex education.
2. Garbage is still garbage under any lens.
3. All you do is provide free advertising for PH. #URL# ></document>
<Document> #USER# Who controls the thermostat? Shouldn't they have fresh air to control the #HASHTAG#? ></Document>
<document> #USER# Probably the most mentions as the “worst person alive” this year have been received by #USER#. #URL# ></document>
<Document> #USER# Doesn't he have any distant relatives to enjoy this "family heirloom"? ></Document>
<document> #USER# I guess I didn't respond to that much because it's just Illinois that's Illinois. #HASHTAG# #HASHTAG# #HASHTAG# ></document>
<document> #USER# Doesn't seem like a good plan if #USER# really wants to push the progressive agenda they have been promoting and threatening. Good luck packing the dishes. ></Document>
<Document> #USER# You know it. They just don't care. A society that accepts abortion doesn't like children. ></Document>
<document> #USER# Does posting a photo of your home violate Twitter's Terms of Service? ></Document>
<Document> I trust that she is speaking secularly rather than theologically. Our politicians/leaders certainly need no further discouragement from the pursuit of holiness. 🤣 #URL# ></document>
<Document> If Rubio calls it amnesty, it must be really bad. #URL# ></document>
<Document> How "science" woke up
#URL# ></document>
<Document> The Democrats are not #HASHTAG# at all. #HASHTAG# #URL# ></document>
<document> #USER# You can easily catheterize yourself and empty into the pool. You never have to get out of bed except to service the pool chemicals. ></Document>
<document> I'm always happy to encourage an atheist #HASHTAG# voice. #URL# ></document>
<Document> #USER# Sounds like rough sex. 😏 ></document>
<Document> As a significant other, I found this fascinating.

John Warner was mayor (intermittently) 1874-1898 and E.N. Woodruff was mayor (with interruptions) 1903-1944. Guess that's the way of naming things after you (Woodruff has better naming rights). #URL# ></document>
<Document> 70 scientists and doctors tell Trump how to regain control of radical-hijacked #HASHTAG# crisis
#URL# ></document>
<Document> Does anyone but the USCB think the 2020 census is essential while everything else shuts down during a pandemic? #HASHTAG# #HASHTAG# ></document>
<document> There were so many great takedowns from Squeaky. It's hard to pick a favourite. #URL# ></document>
<document> Why didn't Pfizer waive liability protection for Comirnalty? What are you afraid of?
#URL# ></document>
<document> #USER# What do you think I do when I need to pee - wet my diaper? Anything other than "Half your children die before adulthood" doesn't sound unlivable. ></Document>
<document> #USER# "Get behind me Satan." This is Bible 101. ></document>
<Document> What punishment does God have in store for nations for the sin of abortion? #HASHTAG# #URL# ></document>
<document> #USER# It's hard to figure out where it went wrong to assign responsibility. #URL# ></document>
<Document> It has relatives? #URL# #URL# ></document>
<document> #USER# The question is when will they tear down walls and send the National Guard home so the public can roam freely? ></Document>
<Document> This comeback for Dalton looks doubtful. #URL# ></document>
<Document> If you live in this area and have a pool heater (pool implied) you should invest in a CO detector. #HASHTAG# #URL# ></document>
<document> #USER# #USER# French version uses Y*h*w*h? I know that usage in the English version is offensive to Jews. ></Document>
<document> thinks? #URL# ></document>
<document> #USER# I know that from the US House of Representatives and Senate. ></Document>
<Document> Made hookup culture quite illegal. #URL# ></document>
<document> If this is the hill they want to figuratively die on... #HASHTAG# #URL# ></document>
<document> #USER# What are the two "other" lines? Seems this is an opening for booster shots because the vaccine was a scam. ></Document>
<Document> #USER# Does not count if ice crystals do not form on your face mask. 🥶 ></document>
<document> #USER# You're not paying attention. How dare you even have private property? 😜 ></document>
<Document> At least abortion is safe now. Women don't need "backyard" abortions. Abortion clinics are state-of-the-art health care. #HASHTAG# #URL# ></document>
<Document> #USER# Will the FBI destroy this one too? ></Document>
<document> So pregnancy doesn't prevent women from realizing their dreams? #HASHTAG# #URL# ></document>
<document> Why does Twitter feel able to capture our timeline? Just flushed down the memory hole. #URL# ></document>
<document> #USER# Perhaps you should have published under a pseudonym. You seem to be up against a "bestselling author" named Lila Rose. ></Document>
<Document> I guess No Child Left Behind is over? Now it's "submit or suffer in exile". #URL# ></document>
<Document> Shouldn't it be up to local residents to go to court and justify why the law is discriminatory? Then let the courts decide. This is how our shared powers work. Unelected bureaucrats should not decide which laws are legitimate. #URL# ></document>
<document> #USER# #USER# had sales of $1.3 billion. With that money they could have fed 520 million children. Instead they killed her. #HASHTAG# #HASHTAG# ></document>
<document> It's the bears. You will return to what brings a comfortable loss. #URL# ></document>
<Document> I wish this wasn't behind a paywall. I'd like to research this crazy science that seems to involve cold transfer. #URL# ></document>
<Document> I can't wait for January 20th when it's okay to cage immigrants again. #HASHTAG# ></document>
<document> ifThis impeachment trial had absolutely no credibility, it just jumped over the fence. Debunked "very fine people" lies proclaimed only as an argument. ></Document>
<Document> Taiwan IS an independent country. Should we allow foreign armies to help them secede from China? #URL# ></document>
<Document> Powerful entities conspiring with governments to "protect" citizens from the "dangers" of free markets. What could possibly go wrong? #URL# ></document>
<document> Caption this photo with Uncle Joe's spooky comment: #URL# ></document>
<Document> Seems like we're all focused on vaccinations and masks but forgetting Pandemic 101: If you're sick, quarantine. #HASHTAG# ></document>
<Document> One Roman Catholic among 42 senators who voted against banning late-term abortion. #HASHTAG# Francis is calling. n#URL# … ></document>
<Document> "90 Days in Jail"nnThis will send a powerful message to women who take advantage of underage boys. #HASHTAG#://t.co/wmU9yLvP3J ></document>
<Document> Thou shalt not denigrate COVID-19 vaccines on woke social media. #HASHTAG# 🔇 🤐
#URL# ></document>
<document> #USER# I'm sure these people wouldn't find any other way to communicate. 🤔 ></document>
<Document> #USER# DOJ should investigate this. #URL# ></document>
<Document> I can't believe her lawyer would allow her to testify. Don't believe her. #HASHTAG# #HASHTAG# #HASHTAG# #URL# ></document>
<document> #USER# I accept ruthlessly if it gets the Democrats to suspend the election. 😏 ></document>
<document> #USER# I'm pretty sure you can say whatever you want on TikTok. ></Document>
<Document> Anyway, a strange choice as President of the Theological Institute named after St. John Paul II 🤔
#URL# ></document>
<Document> Not necessary to politicize this execution. Just say #HASHTAG# and you're done. #URL# ></document>
<document> Definitely pushing the boundaries of Catholic charity: #URL# ></document>
<Document> Old age, illness and death are the next phase. What purpose does the divorce serve? #URL# ></document>
<Document> The revolution begins. I've never loved Pizza Ranch more. #HASHTAG# #URL# ></document>
<document> #USER# If you move to Georgia (or borrow an address there), you can still vote in the Senate runoff. ></Document>
<Document> There will be no "back to normal".
#URL# ></document>
<document> #USER# Please stop EOs and actually make laws, coward. #HASHTAG# #HASHTAG# #HASHTAG# ></document>
<Document> North Korea was affected by #HASHTAG#? 😲 #URL# ></Document>
<document> found! #URL# ></document>
<Document> #USER# line is already coded in IL. We would actually vote on it again. ></Document>

</author>