
	
		<document> $HOG $KO $GME $KO Stocks making the biggest moves midday: Harley-Davidson, GameStop, SVB Financial, Coca-Cola and more #URL# ></document>
		<document> CNBC has a crypto special tonight... you know what that means. #HASHTAG# ></document>
		<document> Futures falling since PPI DATA came out. $SPY $TLT $VXX ></document>
		<document> Yea the market really looks scared $spy $vix $vxx /es $xlf $xle #URL# ></document>
		<document> They sell button has been removed on all platforms.  $QQQ $SPY ></document>
		<document> $BA is almost green  $RTX $NOC ></document>
		<document> $NFLX

Earnings per share (EPS): $3.19 vs $2.56 according to Refinitiv survey of analysts

Revenue: $7.48 billion vs $7.48 billion, according to Refinitiv

Global paid net subscriber additions: 4.4 million vs 3.84 million ></document>
		<document> I'm so glad #USER# is giving Len Cooperman the air time to defend these poor billionaires. #URL# ></document>
		<document> $DPZ reports tomorrow am 6%+/- implied move
$TACO reports after the bell 10%+/- implied move 

$SBUX $CMG $YUM $PZZA ></document>
		<document> 280% $KR  a bag on $AEO overnight on earnings play ></document>
		<document> 86% now $spy..why trade anything else ></document>
		<document> Oh my holding $AAL Thanksgiving travel trade and $JPM strangles from Wednesday. $JPM didn't pay off on Wednesday for FOMC but it will this morning, looks like 7 bags. ></document>
		<document> $PFE

Pfizer CEO says fourth Covid vaccine doses may be needed sooner than expected due to omicron #URL# ></document>
		<document> $DASH $ULTA

DoorDash Partners With Ulta Beauty To Launch Same-Day Delivery ></document>
		<document> $NIO delivered 3,667 vehicles in October - down 27.5% Y/Y. 

Delivery in October was impacted by reduction in production volume as a result of the restructuring and upgrades of manufacturing lines, as well as certain supply chain volatilities. ></document>
		<document> So do we all get to be witnesses when these short sellers go on trial. ></document>
		<document> This might be a good time for me to remind everyone I told ya'll the beginning of the week it was a full moon and opex ...but you kept buying calls.  Carry on. ></document>
		<document> $UBER $101.2M dark pool print at $38.80  -Tweet From Order Flow Site Cheddar Flow $UBER ></document>
		<document> All these people putting these earnings calendar graphics together and miss the 2 bigs ones that move the most.  Oh well, good thing I keep my own calendar. ></document>
		<document> Yesterday the overnight alerts were $dal and $xlf and both paid 200-236% ></document>
		<document> $PFE 170% took all day but paying off into the close. ></document>
		<document> #USER# market been selling off the last two hours almost every day ></document>
		<document> That was a crazy exchange. #USER# #USER# Yep we all can't wait right now to go on a cruise, that's first on our list right now. Not jobs or mortgage payments or when the shelves are gonna be restocked at our local grocer. ></document>
		<document> $TSLA $MCD #HASHTAG#  

$MCD reports Thursday morning! #URL# ></document>
		<document> $DDS - Dillard's tumbles as UBS says share price is 44% too high.

$190 price target/ DDS down 6% and $320.00 ></document>
		<document> Really, the Vice President has no authority to determine the next president of the US? What kind of democracy are we living in???? #URL# ></document>
		<document> $TSN $BYND Investor Day on Thursday, December 9, 2021, beginning at 10 a.m. Eastern time (9 a.m. Central time) and concluding at approximately 1 p.m. Eastern time (noon Central time). ></document>
		<document> Yea because our identity hasn't been hacked every where else, let's give it to Twitter, they never have hacking issues. #URL# ></document>
		<document> Damn it, gonna have to cancel that world cruise ship I had planned. #URL# ></document>
		<document> $V moving up went green!

Earnings for $ma and $v on thursday ></document>
		<document> 5 bags this morning on overnight $nke puts
1 bag now on $nke calls

More for a sympathy play on $fl tomorrow am. ></document>
		<document> $PINS HALTED AGAIN ON PAYPAL EXPLORING BUYING $70 SHARE PRICE ></document>
		<document> $AAL American Airlines is again trimming its summer schedule for international flights because Boeing can’t deliver Dreamliners in time #URL# via #USER# ></document>
		<document> 3 BAGS PLUS ON $CVS AND $TSN .. investor days are great catalysts. #URL# #URL# ></document>
		<document> 2 BAGGER $IBM on the Sunday night pick and the market is only open half an hour. ></document>
		<document> $SBUX up 2% on upgrade this am

MKM Partners upgrades Starbucks, says recent underperformance is a buying opportunity #URL# ></document>
		<document> 2 BAGGER $Spy 
3 bags $IBM
5 BAGS ON $dis friday hold for some of us ></document>
		<document> oh my $spy  quick  bag on 474 puts now ></document>
		<document> $AMC up this morning on news they are reopening theatres. I know everyone is anxious to sit in a dark room for 2 hours with strangers during the colder months because there's no other way to watch movies otherwise. ></document>
		<document> $x UP 2 BAGS this one has come back from dead twice now ths week ></document>
		<document> 80% $spy puts from 10 entry cuz we all know that spy fades every damn day, same place..same time. ></document>
		<document> $SPY really needs to slow down, I can't keep up with these moves. ></document>
		<document> Remember the 'old' days it would take them months to offer options.. but now they're getting out the options in a day to get that bitcoin money.

$BITO #HASHTAG# ></document>
		<document> JObless Claims tomorrow should be 2M +...we're headed to new ATH for sure. #HASHTAG# but yet not. ></document>
		<document> $TSLA 
Elon Musk says Tesla has not signed contract with Hertz yet #URL# ></document>
		<document> #USER# #USER# #USER# Yea who would think a trial of 8 people isn't working as well as expected ></document>
		<document> Economic growth rate slows to 2% on a sharp slowdown in consumer spending #URL# ></document>
		<document> $DAL reports earnings next week BofA upgrades Delta to buy, as rebound of corporate travel could boost stock in 2022 #URL# ></document>
		<document> #USER# #USER# #USER# What next, are they just gonna take anyone if their parents pay extra? ></document>
		<document> Eu fade bagger..why trade anything else. $spy ></document>
		<document> South Park is back and just in time:

A New COVID Variant Discovered - SOUTH PARK: POST COVID #URL# via #USER# ></document>
		<document> Oh thank goodness he has a quarter of a billion, because none of us knew he was running. #URL# ></document>
		<document> $AMZN

Amazon reportedly took down reviews of Chinese president's book after demands #URL# #HASHTAG# ></document>
		<document> $NVAX -26% AFTER HOURS ‘They rushed the process’: Vaccine maker’s woes hamper global inoculation campaign #URL# via #USER# ></document>
		<document> $CAR
Major firms downgrade Avis after stock doubles in single day, saying fundamentals no longer matter #URL# ></document>
		<document> 1300% now on the 270c $lly ... these investor days are paying great! ></document>
		<document> $F

Buyers looking to secure a new Ford Maverick pickup will have to wait; Ford says it has maxed out on what it can build and is shutting off consumer orders for the truck  #URL# via #USER# ></document>
		<document> Next weeks earnings
M: $TTD $AMC - $AMC $PYPL $RBLX $SDC $LMND
T: $PLTR $WKHS $PRPL- $NIO $FUBO $COIN $UPST $DASH $WYNN $ELY
W: $WEN - $DIS $SOFI $AFRM $BYND $BMBL $RRGB
TH: $WIX $YETI $TPR - $SNDL $BLNK $RIDE $COUP 
F: - #URL# ></document>
		<document> I'm out here weeping for that billionaire lady who collects Marilyn Monroe crap and won't get her dues because of the pandemic. Way to go with riveting coverage of inane topics #USER#..just the sort of thing I want to hear about on a financial channel at 7am. #URL# ></document>
		<document> Come on Elon time to announce another split $tsla ></document>
		<document> $COIN up 4.55%
$MARA also making hod ></document>
		<document> $DKNG $ROKU $DE $INTC $SHAK

Stocks making the biggest moves premarket: DraftKings, Roku, Deere and others #URL# ></document>
		<document> #USER# Let me go spend $100k on an NFT ></document>
		<document> Dreams do come true $FB $pypl #URL# ></document>
		<document> $DAL making new lows -5.42% still in some runners ></document>
		<document> Today's Economic Calendar

10:30 Dallas Fed Manufacturing Survey
1:00 PM Results of $56B, 2-Year Note Auction ></document>
		<document> Powell's fourth major shift raises questions about the Fed’s policy credibility #URL# ></document>
		<document> What's their policy on permanent CAP LOCK in tweets. #URL# ></document>
		<document> $AAPL

Morgan Stanley hikes Apple price target, sees 21% upside from plans for smart glasses and self-driving car #URL# ></document>
		<document> $BBY
Raymond James hits 'pause' on Best Buy, downgrades retailer #URL# ></document>
		<document> SOLD over night $v calls from yeserday for 2 bags and now up 130% on $v puts ></document>
		<document> #USER# no wtf would i ALWAYS BUY A STRADDLE OR A STRANGLE ></document>
		<document> From the tweets I'm reading, we don't have much more time left as a species. Kiss your love ones good bye. ></document>
		<document> over 7 bags now on $gt

LOOK AT THE DATe ON THOSE QQQs #URL# ></document>
		<document> Yea Sears doing great. #HASHTAG#  $TSLA $AAPL #URL# ></document>
		<document> #USER# Yea cuz that last one worked so well. ></document>
		<document> XPeng (NYSE: $XPEV) maintains strong momentum with monthly deliveries in October 2021 of 10,138 Smart EVs, representing an increase of 233% Y/Y and a 2.6% decline over last month. #URL# ></document>
		<document> Another 6 bags on $wmt on the 350piv for #USER# it works with other tickers too, not just $spy $qqq ></document>
		<document> $UPS  up 7.4% 
$FDX up 2.8%

FedEx shares are trading higher in sympathy with UPS after the company reported earnings results. $FDX #URL# ></document>
		<document> wowsa up 1 bag on $spy puts just now...they must be selling everything to chase $rivn ></document>
		<document> Watch Llist from yesterday's holdings: $BBBY 54% $LYFT 13% $CPRI 10% $CWH 7.7% $UBER 7% $TPR 3.2% $NKE .69% ...... $MTCH -3.74% $CAR -10% $TUP -16% $Z -19% ></document>
		<document> $7.25 doesn't even cover a grande latte and bagel at #USER#. #URL# ></document>
		<document> Chinese electric vehicle makers $NIO $LI $XPEV are lined up to post monthly deliveries update tonight. Wednesday is also Monthly Vehicle Sales $F $TSLA $GM ></document>
		<document> #USER# Bachelor Ratings and Prince Harry clearly more important then a pandemic. ></document>
		<document> Fun fact since next week is the Full moon - most wars are started during the full moon as a strategy. 

The Full moon is on FEB16 ></document>
		<document> $PYPL -4.8% down on $PINS spec. - calls tempting ></document>
		<document> Black Friday shopping in stores drops 28% from pre-pandemic levels. Online, retailers rang up $8.9 billion in sales on Black Friday, down from record of $9 billion spent on the Friday after Thanksgiving a year earlier- #URL# ></document>
		<document> $GME 17% PREMARKET $AMC 7% PREMARKET GameStop is launching a division to develop a marketplace for nonfungible tokens and establish cryptocurrency partnerships, according to people familiar with its plans #URL# via #USER# ></document>
		<document> After hours earnings results are just as exciting as today's market action. $ULTA $AVGO $ADBE $JABIL ></document>
		<document> $aapl puts working up 122% on this morning's entry ></document>
		<document> We're in $xle up 130% and some $aapl p ahead of EPS. $CVX and some other energy stocks report tomorrow and going to be in $XLE FOR A SYMPATHY PLAY. ></document>
		<document> $ALK 
Alaska Air stock falls after departures from Seattle hub are cut by 20% #URL# ></document>
		<document> almost a bag on $pton 42c jan7- up 5.30% now ></document>
		<document> almost 2 bags now on $anf puts down 16.5% 

Took 6 bags on overnight $jwn ></document>
		<document> It's almost 2022 I'm over being nice and quiet.  You better block me now. ></document>
		<document> Earnings after the close today  and tomorrow am: $NFLX $UAL - $VZ $WGO #URL# ></document>
		<document> According to the ads run by uber and lysft, drivers love the low pay. #HASHTAG# $UBER $LYFT Hey what do I care, I'm making money this morning on my $lyft strangle and I don't drive for them. ></document>
		<document> $ACI $KR $WMT

Empty grocery shelves return as sick employees, supply chain delays collide #URL# ></document>
		<document> $ORCL 11%+ Oracle shares are trading higher after the company reported better-than-expected Q2 EPS and sales results and increased its share buyback by $10 billion. #URL# ></document>
		<document> Took 3 bags on the 73c moved out to the 80c $rblx up a bag ></document>
		<document> BREAKING: NBA suspends season after tonight's games after a player on the Utah Jazz preliminarily tests positive for coronavirus. Those poor billionarie NBA owners are gonna need a bail out. ></document>
		<document> $SPY pivot- Tom Lee bearish for the rest of the week. ></document>
		<document> $SPY $QQQ $TLT $VIX $ -CPI data out at 830am -2:00 PM ET FOMC: Federal Reserve will release minutes from its last policy meeting, and investors are looking for further clues on when the central bank could begin tapering its bond-buying program ></document>
		<document> $AMBA +/-13%
$ZS +/-11.7%
$NTAP +/-9.4%
$BOX +/-7.2%
$HPE +/-6.8%
 $CRM +/-6.7% 
$EDU +/-6.3% 

Implied EPS Movers for Tonight ></document>
		<document> M: $AAP $CAR
T: $MAR - $UPST $RBLX $ABNB $WYNN $LZY
W: $TTD $SHOP $CROX $WIX $WING $KHC - $NVDA $AMAT $CSCO $FSLY $DASH $TRIP $QS
TH: $PLTR $WMT $FIVR - $ROKU $DBOX $SHAK $RDFN
F: $DKNG $DE #URL# ></document>
		<document> 359% now on $spy puts, entered at 3:50 womp womp ></document>
		<document> $GOLD $GDX up 4-5%+  paying 5 bags today ></document>
		<document> 3 bags $mrna sympathy play on $BNTX #URL# ></document>
		<document> Fed Chair Jerome Powell and Treasury Secretary Janet Yellen are due to testify before the U.S. Senate Banking Committee at 10 a.m. EST (1500 GMT) to discuss the economic recovery from the COVID-19 pandemic. 

They will also appear before the House of Representatives on Wednesday. ></document>
		<document> FOMC MINUTES AND POWELL SPEAKS THIS WEEK.

Let the tapering commence: $SPY $TLT $VIX $XLF #URL# ></document>
		<document> Friday Economic Calendar:

✅830am Retail Sales
✅10am Consumer Sentiment
✅1:00 pm Rig Count ></document>
		<document> $amzn

AMAZON WEB SERVICES LAUNCHES NEW CHIPS THAT COMPETE WITH INTEL CORP, NVIDIA CORP
$NVDA
$INTC ></document>
		<document> You know the one thing us traders are really needing this Sunday is an extra hour. #HASHTAG# #HASHTAG# #URL# ></document>
		<document> Overnight $nflx puts working too up 150%  earnings Jan20 ></document>
		<document> Gates 'retired' last week too from the board of $MSFT. All a coincidence I'm sure. ></document>
		<document> It's another 'stay at home stocks' up and travel stocks/tech stocks down morning.  

Powell and Yellen testify today and it's the last day of the month.

$qqq $spy $xlf $tlt $jpm
$zm $etsy $nflx $pton
$wynn $aal $expe ></document>
		<document> $BYND $COIN $ETSY

Stocks making the biggest moves after hours: Beyond Meat, Coinbase, Etsy and more #URL# ></document>
		<document> - New earnings season starts next week with all the banks $JPM $BAC $WFC $GS etc 

- $MO lockup expiry on their $10B stake in Budweiser is this weekend. $BUD ></document>
		<document> $WDC and $HOOD both down almost 15%

LImit down if $aapl sells off🤣 ></document>
		<document> Countries around the world reported their first cases of the Omicron variant over the weekend as some imposed new travel restrictions #URL# via #USER# ></document>
		<document> Jack and Elon must have hired the same guy to run their twitter. ></document>
		<document> M: $HAL - $IBM $LOGI T: $JNJ $VZ $GE $LMT $RTX - $MSFT $TXN $COF $HA W: $BA $T $ABT - $TSLA $INTC $LVS $LEVI TH: $MA $NUE $MCD $JBLU $LUV $MO- $AAPL $V $HOOD $WDC F: $CAT $CVX #URL# ></document>
		<document> $PLAY $SFIX earnings after the bell

$TOL reports tomorrow ></document>
		<document> #USER# Sounds like a good time and worth risking your life for. ></document>
		<document> USA Private Payrolls for Sep 317.000K vs 455.000K Est; Prior Revised from 243.000K to 332.000K $SPY ></document>
		<document> 150% on $nke sympathy play for $fl from yest ></document>
		<document> Oh good #USER# has Cathie Woods on, we don't hear enough from her. ></document>
		<document> When you have to debase your tweet with the hashtag to make sure people get it, and they still don't. #URL# ></document>
		<document> wow $lvs was up over 5% this morning when i sold the calls for 2 bags now only up .90% ></document>
		<document> Love the idea of being in an indoor space with thousands during a pandemic. ></document>
		<document> Gee thanks twitter, it only took a year and a half after reporting someone to get a follow up.  Better late then never I guess. ></document>
		<document> $NFLX $DIS $DISCA

Netflix shares fall 20% on slowing subscriber growth #URL# ></document>
		<document> $AMC $CAR $DWAC $GME

TD Ameritrade Places Varying Restrictions On Trading In 4 Stocks Including Avis, AMC $AMC $GME $CAR #URL# via #USER# ></document>
		<document> $AAPL $COIN $NVDA $AMD

Stocks making the biggest moves premarket: Apple, Vipshop, Coinbase and others  #URL# ></document>
		<document> Here's you screenshot..I was in $afrm strangle from the tweet. #URL# ></document>
		<document> Took 3 bags plus on $aapl puts switched sides and now up 45% on $aapl calls. ></document>
		<document> Wow what an amazing week- I've never had a week of a unicorn plus every day but here we are:

Today it looks like $jpm from Wednesday is a 1500%+ 

#HASHTAG# #URL# ></document>
		<document> $TSLA hoding that Wedbush guy must have put out his daily upgrade ></document>
		<document> $TSLA

Ahh the well known Independent Research #HASHTAG# #URL# ></document>
		<document> Kohl's Corporation $KSS +32% pre market following reports of $64 per share bid by Acacia Research-led group. ></document>
		<document> $qqq about to go red
Faded $sbux off highs ></document>
		<document> *Mon: --
*Tues: $DKS $WOOF - $MDB $BMBL $SFIX  $CASY  
*Wed: $EXPR $CPB $UNFI $VERA $OTLY - $CRWD    
*Thurs: $JD $BZUN- $DOCU $ORCL $BLNK $RIVN $ULTA   $TLYS $BBW 
*Fri: $FUTU #URL# ></document>
		<document> $ELY 
Stephens names Topgolf-parent Callaway a top pick, sees stock surge of more than 90% #URL# ></document>
		<document> holy moly $azmn paying almost 5000% this am #URL# ></document>
		<document> Up quick a bag on $CAT puts for a sympathy play tomorrow. ></document>
		<document> GAWD I probably needed to in my last tweet, now they'll think $SNOW has options. ></document>
		<document> $INTC -6% I mean if Apple doesn't want your product why would anyone else. ></document>
		<document> Just to let you all know, starting tomorrow I will typing in ALL CAPS AND TURNING MYSELF INTO A NEWS TWITTER. ></document>
		<document> $DAL $JPM $DPZ $UNH 

As third-quarter earnings season kicks off, investors are on the lookout for signs that rising costs will pose a problem for U.S. corporate profits this quarter and beyond #URL# via #USER# ></document>
		<document> $WMT

Walmart no longer requires masks for vaccinated U.S. workers #URL# ></document>
		<document> Biden speech coming up at 12:30pm ET ></document>
		<document> $AAPL at hod, the ear pods a hit so far ></document>
		<document> $AAPL 

Apple is pushing to accelerate development of its electric car and is refocusing the project around full self-driving capabilities #URL# via #USER# ></document>
		<document> Roblox (NYSE: $RBLX) will host its 2021 Investor Day event on November 16, The webcast will begin Tuesday, November 16, at 8:00 am PT / 11:00 am ET and can be found here on the company’s YouTube channel #URL# ></document>
		<document> Good because what we need right now, is a break from counting the ballots. #HASHTAG# #HASHTAG# #URL# ></document>
		<document> #USER# Right, this is bullish news. All planes need to be replaced. ></document>
		<document> Dow snaps winning streak as U.S. stocks close lower Thursday #URL# ></document>
		<document> 60% on $pfe calls, got in on that last tweet ></document>
		<document> $TLT making lows as Powell speaks ></document>
		<document> $SPY $VIX $SPX $TQQQ Futures down -200 on Austria lock down and escalating covid cases in EU and rising cases in Europe and US. - It's the full moon today and OPEX... carry on. #URL# ></document>
		<document> $TRVG hoding - hotel booking site.
$EXPE reports after the bell today 9%+/- implied move ></document>
		<document> 175% on the 28c I've trimmed in a strangle for tomorrow. $BHC

Remember when $bhc was $vrx..it was a memestock before memestocks. ></document>
		<document> Biden trying to scare everyone again about a market crash. $spy $qqq ></document>
		<document> $AAPL taking off on strong China sales ></document>
		<document> Caleb is going to carry Alina like Luke carried Yoda. #HASHTAG# ></document>
		<document> $BHC was up 1.6% now down -1.4%.  This is why you gotta do the reverse of that guy on TV. ></document>
		<document> Calculator showing 2600% on my RBLX 105c ... ></document>
		<document> $JWN Nordstrom plunged 27% premarket. The retailer’s earnings for the third quarter missed analysts’ forecasts. Jefferies cut its rating and price target for the stock. ></document>
		<document> Astrologers all over the world get ready, ya'll be getting a 1000% increease in business after tonight's #HASHTAG# episode. ></document>
		<document> $spy $xle $qqq $tqqq $vix 'Markets don't bottom on a Friday': COVID stock rout puts these S&amp;P 500 levels in focus when trading resumes #URL# ></document>
		<document> Clorox and Lysol trending must mean we buy $PG tomorrow, right? right? ></document>
		<document> $DIS $NFLX $AMZN 

Disney, Netflix, Amazon Video could soon enter price war, analyst predicts #URL# #HASHTAG# ></document>
		<document> 1300% yesterday on $spy puts and 1100% this morning on $BBY earnings... i used to only get 10 baggers a few times a year and now it's almost weekly.  #HASHTAG# ></document>
		<document> $AFRM just took a hit, almost red on the day , was up over 5% earlier, and up 20%+ yesterday ></document>
		<document> I'm scremaing they're 200% now those $wmt 140c from yest. ></document>
		<document> 10 bags this morning on $aapl puts now almost a bag on $aapl calls ></document>
		<document> all out of $aapl calls for now sold for 160-190% woot woot ></document>
		<document> $AAL 

American Airlines cancels, delays more than 900 Saturday flights due to weather, 'tight' staffing #URL# via #USER# ></document>
		<document> $COIN MOVING UP ON NEWS;

Coinbase Reports Facebook Has Chosen Co. As Its Custody Partner For Its Pilot Of A New Digital Wallet ></document>
		<document> $Z – Zillow slid 7% plus in premarket trading, following a Bloomberg report that the company has temporarily stopped its home-buying service due to overwhelming demand. ></document>
		<document> Today's Economic Calendar

8:55 Redbook Chain Store Sales
10:00 ISM Manufacturing Index
10:00 Job Openings and Labor Turnover Survey ></document>
		<document> $spy fade since the Rittenhouse verdict came out..might not be a correlation. ></document>
		<document> If Biden picks Brainard over Powell for Fed chief, expect an immediate market impact #URL#  $spy $tlt $xlf ></document>
		<document> $FB $QCOM $SPOT $TMUS $ALGN  earnings after the bell

$PENN $EL  earnings tomorrow am ></document>
		<document> Domino's Pizza shares are trading lower after Barclays downgraded the stock from Equal-Weight to Underweight. $DPZ ></document>
		<document> A certain someone from a network with a newsletter that gets pumped all day long is the new Gartman.  Guess who? ></document>
		<document> $LULU -5.64% 
$NKE -2.4%

Lululemon shares are falling, after its CEO said sales have been hurt by omicron-related staffing shortages and reduced store hours ></document>
		<document> wow 200% now on $qqq calls entred at 1120
reentered $msft at 1130 up 130% ></document>
		<document> $TSLA Ahh the well known Independent Research #URL# ></document>
		<document> U.S. inflation rate swells to 39-year high of 6.8%. Americans paying higher prices for almost everything #URL# ></document>
		<document> New earnings season begins next week! $XLE $XLF $XOM 

M: Columbus Day- Stock Market is open. Banks closed.
T:  $FAST 
W: $JPM $DAL - FOMC MINUTES
TH: $TSM $WFC $DPZ $BAC - $AA $TACO
F; $GS $JBHT #URL# ></document>
		<document> $DIS What time does Disney+ Day start? 7 a.m. MST — Disney+ will begin sharing “first looks, new trailers, exclusive clips and appearances from Disney+ creators and stars” on its Twitter, Facebook and Instagram feeds. #URL# via #USER# ></document>
		<document> BIDEN:  Russia Russia Russia... guess we don't care about people being vaxxed anymore. ></document>
		<document> MAX PAIN FOR OCT15 IS 440.

$SPY just hit 439.70 ></document>
		<document> $ABNB D/g 

-Piper Sandler on Monday downgraded shares of Airbnb, citing a normalizing travel environment.

-cut its price target on the stock to $169 from $215. 

-The new projection implies an upside of just 1.8% from Friday’s closing price. #URL# ></document>
		<document> $SBUX $BROS $DNKN 

Rising coffee tide lifts boats of Starbucks, Dunkin', Dutch Bros, data shows #URL# ></document>
		<document> My only question is... does he not have his dad's phone number. ></document>
		<document> I am never flossing my nose, no matter how magical the D might be. #HASHTAG# ></document>
		<document> There's a bear market in mattress stocks today $PRPL -30%  $CSPR $TPX $SNBR ></document>
		<document> $CVS paid over 500% on the overnight calls..still making highs ></document>
	
</author><document> $HOG $KO $GME $KO Stocks making the biggest moves at midday: Harley-Davidson, GameStop, SVB Financial, Coca-Cola and more #URL# ></document>
<Document> CNBC has a crypto special tonight...you know what that means. #HASHTAG# ></document>
<Document> Futures have fallen since PPI DATA was released. $SPY $TLT $VXX ></document>
<document> Yes, the market looks really scared $spy $vix $vxx /es $xlf $xle #URL# ></document>
<document> The "You sell" button has been removed on all platforms. $QQQ $SPY ></document>
<document> $BA is almost green $RTX $NOC ></document>
<document> $NFLX

Earnings per share (EPS): $3.19 vs. $2.56 according to Refinitiv poll of analysts

Revenue: $7.48 billion versus $7.48 billion, according to Refinitiv

Net new paid subscribers worldwide: 4.4 million vs. 3.84 million ></document>
<Document> I'm so glad #USER# is giving Len Cooperman the airtime to defend these poor billionaires. #URL# ></document>
<Document> $DPZ reports implied move of +/- 6% tomorrow morning
$TACO reports 10% +/- implied move after the bell

$SBUX $CMG $YUM $PZZA ></Document>
<document> 280% $KR per bag on $AEO overnight in Sweepstakes ></document>
<document> 86% now $spy..why trade anything else ></document>
<document> Oh my possession of Wednesday's $AAL Thanksgiving Travel Trade and $JPM Strangles. $JPM didn't pay out for FOMC on Wednesday but it will look like 7 sacks this morning. ></Document>
<Document> $PFE

Pfizer CEO says fourth Covid vaccine doses may be needed sooner than expected due to omicron #URL# ></document>
<document> $DASH $ULTA

DoorDash partners with Ulta Beauty to introduce same-day delivery ></document>
<Document> $NIO delivered 3,667 vehicles in October - down 27.5% Y/Y.

October delivery was impacted by the reduction in production volume due to the restructuring and modernization of production lines, as well as certain volatilities in the supply chain. ></Document>
<Document> So, when these short sellers are brought to justice, will we all be witnesses? ></Document>
<document> This might be a good time for me to remind everyone that I told you it was full moon and opex earlier in the week... but you continued to buy calls. Continue. ></Document>
<document> $OVER $101.2M Dark Pool Print for $38.80 - Tweet from Order Flow site Cheddar Flow $OVER ></document>
<document> All these people putting these earnings calendar charts together are missing out on the 2 big ones that move the most. Well, good thing I keep my own calendar. ></Document>
<document> Yesterday night alerts were $dal and $xlf and both paid 200-236% ></document>
<Document> $PFE 170% took all day but paid off until the end. ></Document>
<document> #USER# Market has sold out almost every day for the last two hours ></document>
<document> That was a crazy exchange. #USER# #USER# Yes we all can't wait to go on a cruise now, it's at the top of our list at the moment. Not jobs, or mortgage payments, or when our shelves will be restockedlocal grocer. ></Document>
<Document> $TSLA $MCD #HASHTAG#

$MCD reports Thursday morning! #URL# ></document>
<document> $DDS - Dillard crashes as UBS says stock price is 44% too high.

Price target down 6% from $190/DDS and $320.00
<Document> Really, the Vice President has no authority to choose the next President of the United States? What kind of democracy do we live in???? #URL# ></document>
<Document> $TSN $BYND Investor Day on Thursday, December 9, 2021, beginning at 10:00 a.m. Eastern Time (9:00 a.m. Central Time) and ending at approximately 1:00 p.m. Eastern Time (noon Central Time). ></Document>
<document> Yes, because our identity hasn't been hacked anywhere else, we give it to Twitter, they never have hacking problems. #URL# ></document>
<Document> Damn, I have to cancel the world cruise ship I had planned. #URL# ></document>
<document> $V moving up turned green!

Earnings for $ma and $v on Thursday ></document>
<document> 5 sacks this morning on overnight $nke puts
1 pouch now on $nke calls

More for a sympathy match on $fl tomorrow morning. ></Document>
<document> $PINS BROKEN AGAIN ON PAYPAL TO BUY $70 STOCK PRICE ></document>
<document> $AAL American Airlines is once again cutting its summer international flight schedule due to Boeing Dreamliner's inability to deliver #URL# via #USER# ></document> on time
<document> 3 BAGS PLUS ON $CVS AND $TSN... Investor days are great catalysts. #URL# #URL# ></document>
<Document> 2 EXCAVATORS pick $IBM on Sunday evening and the market is only open for half an hour. ></Document>
<document> $SBUX up 2% in this morning's upgrade

MKM Partners upgrades Starbucks and says recent underperformance is a buying opportunity #URL# ></document>
<document> 2 EXCAVATOR $spy
3 bags $IBM
5 BAGS ON $dis Friday hold for some of us ></document>
<document> oh my $spy quick bag to 474 now sets ></document>
<Document> $AMC received word this morning that they are reopening theaters. I know everyone is anxious to sit in a dark room with strangers for 2 hours during the colder months because otherwise there is no way to watch movies. ></Document>
<document> $x UP 2 BAGS this one has come back from the dead twice this week ></document>
<document> 80% $spy puts out of 10 entries because we all know Spy disappears from the same place...same time every damn day. ></Document>
<Document> $SPY really needs to slow down, I can't keep up with these movements. ></Document>
<Document> Remember the "old" days that took them months to offer options. But now they are pulling out the options in a day to get the bitcoin money.

$BITO #HASHTAG# ></document>
<document> Tomorrow's jobless claims should be 2M+...we're headed for a new ATH for sure. #HASHTAG# but not yet. ></Document>
<document> $TSLA
According to Elon Musk, Tesla has not yet signed a deal with Hertz #URL# ></document>
<document> #USER# #USER# #USER# Yes, who would think that a trial with 8 people wouldn't work as well as expected ></document>
<Document> Economic growthRate slows to 2% due to sharp slowdown in consumer spending #URL# ></document>
<document> $DAL to Report Earnings Next Week BofA upgrades Delta to Buy as business travel recovery could boost shares in 2022 #URL# ></document>
<document> #USER# #USER# #USER# What next, will they just take anyone if their parents pay extra? ></Document>
<document> Eu fade bagger..why trade something else. $spy></document>
<document> South Park is back and just in time:

A new COVID variant discovered – SOUTH PARK: POST COVID #URL# via #USER# ></document>
<Document> Oh thank god he has a quarter billion because none of us knew he was running. #URL# ></document>
<document> $AMZN

Amazon has reportedly removed reviews of the Chinese president's book following requests to #URL# #HASHTAG# ></document>
<Document> $NVAX -26% AFTER HOURS "They rushed the process": The vaccine manufacturer's problems are hampering the global vaccination campaign #URL# via #USER# ></document>
<document> $CAR
Big companies downgrade Avis after stock doubles in a single day, saying fundamentals no longer matter #URL# ></document>
<document> 1300% now on 270c $lly...these investor days are paying off great! ></Document>
<document> $F

Buyers looking to secure a new Ford Maverick pickup will have to wait; Ford says it's using the maximum it can build and is banning consumer orders for the truck #URL# via #USER# ></document>
<Document> Earnings for the next few weeks
M: $TTD $AMC - $AMC $PYPL $RBLX $SDC $LMND
T: $PLTR $WKHS $PRPL- $NIO $FUBO $COIN $UPST $DASH $WYNN $ELY
W: $WEN - $DIS $SOFI $AFRM $BYND $BMBL $RRGB
TH: $WIX $YETI $TPR - $SNDL $BLNK $RIDE $COUP
F: - #URL# ></Document>
<Document> I'm out here crying for this billionaire collecting Marilyn Monroe crap and not getting her dues because of the pandemic. Great with compelling coverage of silly topics #USER#..exactly what I want to hear on a financial channel at 7am. #URL# ></document>
<document> Come on Elon, it's time to announce another split $tsla ></document>
<Document> $COIN up 4.55%
$MARA also does hod ></document>
<Document> $DKNG $ROKU $DE $INTC $SHAK

Stocks making the biggest moves premarket: DraftKings, Roku, Deere, and others #URL# ></document>
<document> #USER# Let me spend $100,000 on an NFT ></document>
<document> Dreams come true $FB $pypl #URL# ></document>
<document> $DAL still hits new lows of -5.42% on some runners ></document>
<Document> Today's economic calendar

10:30 Dallas Fed Manufacturing Survey
13:00 Results of $56 billion 2-year bond auction ></document>
<document> Powell's fourth major shift raises questions about the credibility of Fed policy #URL# ></document>
<document> What is your policy on permanent CAP LOCK in tweets. #URL# ></document>
<document> $AAPL

Morgan Stanley raises Apple's price target and sees 21% upside from plans for smart glasses and self-driving cars #URL# ></document>
<document> $BBY
Raymond James takes a "pause" at Best Buy and downgrades retailer #URL# ></document>
<document> SOLD overnight $v calls from yesterday for 2 bags and now 130% on $v puts ></document>
<document> #USER# no wtf I WOULD ALWAYS BUY A STRADDLE OR A STRANGLE ></document>
<document> From the tweets I'm reading right now, we don't have much time left as a species. Kiss your loved ones goodbye. ></Document>
<document> over 7 pockets now on $gt

VIEW THE DATE ON THESE QQQs at #URL# ></document>
<Document> Yes, Sears is doing great. #HASHTAG# $TSLA $AAPL #URL# ></document>
<document> #USER# Yes, because the last one worked so well. ></Document>
<Document> XPeng (NYSE: $XPEV) maintains strong momentum with monthly shipments of 10,138 smart EVs in October 2021, up 233% Y/Y and down 2.6% from last month. #URL# ></document>
<document> Another 6 bags on $wmt on 350piv for #USER#, it also works with other tickers not only $spy $qqq ></document>
<Document> $UPS up 7.4%
$FDX up 2.8%

FedEx shares trade higher in sympathy with UPS after the company reported earnings results. $FDX #URL# ></document>
<document> wowsa 1 bag of $spy puts right now... they have to sell everything to hunt $rivn ></document>
<Document> Look at the list of yesterday's holdings: $BBBY 54% $LYFT 13% $CPRI 10% $CWH 7.7% $UBER 7% $TPR 3.2% $NKE 0.69% ... ... $MTCH -3.74% $AUTO -10% $TUP -16% $Z -19% ></document>
<Document> $7.25 isn't even enough for a grande latte and bagel at #USER#. #URL# ></document>
<Document> Chinese electric vehicle makers $NIO $LI $XPEV are due to release monthly delivery update tonight. Wednesday is also the Monthly Vehicle Sale $F $TSLA $GM ></document>
<document> #USER# Bachelor Ratings and Prince Harry much more important than a pandemic. ></Document>
<document> Fun fact as next week is full moon - most wars are started during full moon as a strategy.

The full moon is on February 16th ></document>
<Document> $PYPL -4.8% below $PINS specification. - Views tempting ></document>
<document> Black Friday shopping in stores is down 28% from pre-pandemic levels. Online retailers generated $8.9 billion in sales on Black Friday, compared to a record $9 billion spent on the Friday after Thanksgiving a year earlier - #URL# ></document>
<document> $GME 17% PREMARKET $AMC 7% PREMARKET GameStop is forming a division to develop a marketplace for non-fungible tokens and build cryptocurrency partnerships, according to people familiar with its plans #URL# via #USER# ></ document>
<document> After-hours earnings results are just as exciting as today's market action. $ULTA $AVGO $ADBE $JABIL ></document>
<document> $aapl brings 122% to this morning's entry ></document>
<document> We're up 130% in $xle and some $aapl p ahead of EPS. $CVX and a few other energy stocks report tomorrow and will be in $XLE FOR A SYMPATHY PLAY. ></Document>
<document> $ALK
Alaska Air shares fall after departures from Seattle hub were cut by 20% #URL# ></document>
<document> almost a pocket on $pton 42c jan7- up 5.30% now ></document>
<document> almost 2 bags now on $anf down 16.5%

Took 6 bags overnight $jwn ></document>
<Document> It's almost 2022, I'm done being nice and calm. You better block me now ></Document>
<Document> Result after close of trading today and tomorrow: $NFLX $UAL - $VZ $WGO #URL# ></Document>
<document> According to uber and lysft ads, drivers love the low pay. #HASHTAG# ABOUT $LYFT Hey what do I care I'm making money off my $lyft Strangle this morning and I'm not riding for them. ></Document>
<Document> $ACI $KR $WMT

Empty grocery shelves return as sick employees, supply chain delays collide #URL# ></document>
<document> $ORCL 11%+ Oracle shares are trading higher after the company reported better than expected second quarter EPS and revenue results and increased its share buyback by $10 billion. #URL# ></document>
<document> Took 3 bags on the 73c, moved to the 80c $rblx up a bag ></document>
<Document> BREAKING: The NBA is suspending the season after tonight's games after a Utah Jazz player tested positive for coronavirus. These poor billionaire NBA owners are going to need a bailout. ></Document>
<Document> $SPY Pivot – Tom Lee remains bearish for the remainder of the week. ></Document>
<Document> $SPY $QQQ $TLT $VIX $ -CPI data at 8:30 am -2:00 pm ET FOMC: The Federal Reserve is set to release minutes from its latest policy meeting and investors are looking for more clues as to when the central bank doing so could start scaling back its bond-buying program ></document>
<Document> $AMBA +/-13%
$ZS +/-11.7%
$NTAP +/-9.4%
$BOX +/-7.2%
$HP +/-6.8%
 $CRM +/-6.7%
$EDU +/-6.3%

Implicit EPS movers for tonight ></document>
<Document> M: $AAP $CAR
T: $MAR - $UPST $RBLX $ABNB $WYNN $LZY
W: $TTD $SHOP $CROX $WIX $WING $KHC - $NVDA $AMAT $CSCO $FSLY $DASH $TRIP $QS
TH: $PLTR $WMT $FIVR - $ROKU $DBOX $SHAK $RDFN
F: $DKNG $DE #URL# ></Document>
<document> 359% now on $spy Puts entered at 3:50 womp womp ></document>
<document> $GOLD $GDX is up 4-5%+ and pays 5 sacks today ></document>
<document> 3 bags $mrna Sympathy play on $BNTX #URL# ></document>
<Document> Fed Chair Jerome Powell and Treasury Secretary Janet Yellen will testify before the US Senate Banking Committee at 10 a.m. EST (1500 GMT) to discuss the economic recovery from the COVID-19 pandemic.

They will also appear before the House of Representatives on Wednesday. ></Document>
<Document> FOMC MINUTES AND POWELL SPEAKS THIS WEEK.

Let the tapering begin: $SPY $TLT $VIX $XLF #URL# ></document>
<Document> Friday Economic Calendar:

✅ 8:30 a.m. Retail Sales
✅ 10 am consumer sentiment
✅13:00 Rig Count ></document>
<document> $amzn

AMAZON WEB SERVICES LAUNCHES NEW CHIPS COMBINED WITH INTEL CORP, NVIDIA CORP
$NVDA
$INTC></document>
<document> You know, the only thing we traders really need this Sunday is an extra hour. #HASHTAG# #HASHTAG# #URL# ></document>
<document> Overnight $nflx increases earnings by 150% on January 20th ></document>
<documentent> Gates also resigned from the board of $MSFT last week. All coincidence, I'm sure. ></Document>
<document> It's another stay-at-home stock climb and travel stocks/tech stocks down in the morning.

Powell and Yellen are testifying today and it's the last day of the month.

$qqq $spy $xlf $tlt $jpm
$zm $etsy $nflx $pton
$wynn $aal $expe ></document>
<Document> $BYND $COIN $ETSY

Stocks Making the Biggest Moves After Hours: Beyond Meat, Coinbase, Etsy & More #URL# ></document>
<Document> - New earnings season starts next week with all banks $JPM $BAC $WFC $GS etc

- $MO lockup expires this weekend on their $10B stake in Budweiser. $BUD ></document>
<Document> $WDC and $HOOD are both down almost 15%

Limit down when $aapl is sold out🤣 ></document>
<Document> Countries around the world reported their first cases of the Omicron variant over the weekend, as some imposed new travel restrictions #URL# over #USER# ></document>
<document> Jack and Elon must have hired the same guy to run their twitter. ></Document>
<Document> M: $HAL - $IBM $LOGI T: $JNJ $VZ $GE $LMT $RTX - $MSFT $TXN $COF $HA W: $BA $T $ABT - $TSLA $INTC $LVS $LEVI TH: $MA $NUE $MCD $JBLU $LUV $MO- $AAPL $V $HOOD $WDC F: $CAT $CVX #URL# ></document>
<Document> $PLAY $SFIX Earnings after the bell

$TOL will report ></document> tomorrow
<document> #USER# Sounds like a good time and worth risking your life for. ></Document>
<Document> US Private Payrolls for 317,000,000 September vs. 455,000,000 Est; Previously revised from 243,000,000 to 332,000,000 $SPY ></document>
<document> 150% on $nke Sympathy Play for $fl by yest ></document>
<Document> Oh well, #USER# is wearing Cathie Woods, we don't hear enough about her. ></Document>
<document> When you need to hashtag your tweet to make sure people understand it and they still don't. #URL# ></document>
<document> wow $lvs was up over 5% this morning when I sold the calls for 2 bags now only up 0.90% ></document>
<document> I love the idea of ​​being in a closed room with thousands during a pandemic. ></Document>
<document> Gosh thanks Twitter, it only took a year and a half after I reported someone to get a follow up. Better late than never I think. ></Document>
<Document> $NFLX $DIS $DISCA

Netflix shares fall 20% as subscriber growth slows #URL# ></document>
<Document> $AMC $CAR $DWAC $GME

TD Ameritrade sets different restrictions for trading 4 stocks including Avis, AMC $AMC $GME $CAR #URL# via #USER# ></document>
<Document> $AAPL $COIN $NVDA $AMD

Stocks making the biggest moves premarket: Apple, Vipshop, Coinbase and others #URL# ></document>
<document> Here is your screenshot.. I was in $afrm Strangle because of the tweet. #URL# ></document>
<document> Took 3 pockets up on $aapl puts, switched sides and is now up 45% on $aapl calls. ></Document>
<document> Wow, what a great week - I've never had a week with a unicorn plus every day, but here we are:

Today it looks like $jpm is over 1500% from Wednesday

#HASHTAG# #URL# ></document>
<docment> $TSLA hoding that wedbush guy must have released his daily upgrade ></document>
<document> $TSLA

Ahh, the well-known independent research #HASHTAG# #URL# ></document>
<Document> Kohl's Corporation $KSS +32% premarket on reports of a $64-per-share bid by the Acacia Research-led group. ></Document>
<Document> $qqq turns red
Faded $sbux from the highs ></document>
<Document> *Mon: --
*Tue: $DKS $WOOF - $MDB $BMBL $SFIX $CASY
*Wed: $EXPR $CPB $UNFI $VERA $OTLY - $CRWD
*Thursday: $JD $BZUN- $DOCU $ORCL $BLNK $RIVN $ULTA $TLYS $BBW
*Fr: $FUTU #URL# ></document>
<document> $ELY
Stephens names top golf parent Callaway a top pick and sees stock rise more than 90% #URL# ></document>
<document> Holy Moly $azmn pays almost 5000% at this bin #URL# ></document>
<document> Quickly make a bag of $CAT puts for a sympathy match tomorrow. ></Document>
<document> GAWD I probably had to do it in my last tweet, now you'll think $SNOW has options. ></Document>
<document> $INTC -6% I mean, if Apple doesn't want your product, why should anyone else? ></Document>
<document> Just to let you all know, starting tomorrow I will be typing CAPITAL LETTERS AND USE ME IN A NEWS TWITTER. ></Document>
<Document> $DAL $JPM $DPZ $UNH

As Q3 earnings season begins, investors are watching for signs that rising expenses will be a concern for US corporate earnings this quarter and beyond #URL# via #USER# ></document>
<document> $WMT

Walmart no longer requires masks for vaccinated US workers #URL# ></document>
<document> Biden speech at 12:30 p.m. ET ></document>
<document> $AAPL at hod, the earbuds are a hit so far ></document>
<document> $AAPL

Pushing to accelerate development of its electric car, Apple is refocusing the project on full self-driving capabilities #URL# via #USER# ></document>
<Document> Roblox (NYSE: $RBLX) is hosting its Investor Day 2021 event on November 16. The webcast begins Tuesday, November 16 at 8:00 am PT / 11:00 am ET and is available here at the Company website to find YouTube channel #URL# ></document>
<document> Good, because what we need now is a break from counting the ballots. #HASHTAG# #HASHTAG# #URL# ></document>
<document> #USER# Right, this is bullish news. All planes need to be replaced. ></Document>
<document> Dow starts winning streak as US stocks close lower on Thursday #URL# ></document>
<document> 60% on $pfe calls, this last tweet including ></document>
<document> $TLT goes low as Powell speaks ></document>
<Document> $SPY $VIX $SPX $TQQQ futures are down -200 as Austria records lockdowns and escalating Covid cases in EU and rising cases in Europe and US. - Today is full moon and OPEX... go ahead. #URL# ></document>
<Document> $TRVG hoding - hotel booking page.
$EXPE reports 9% +/- implied move ></document> after the bell today
<document> 175% on the 28c I trimmed in a strangle for tomorrow. $BHC

Remember when $bhc was $vrx... it was a pre-meme memestockShares. ></Document>
<Document> Biden tries again to scare everyone over a stock market crash. $spy $qqq ></document>
<document> $AAPL starts strong sales in China ></document>
<Document> Caleb will wear Alina like Luke wore Yoda. #HASHTAG# ></document>
<Document> $BHC rose 1.6% and is now down -1.4%. That's why you have to do the opposite of the guy on TV. ></Document>
<document> Calculator shows 2600% on my RBLX 105c... ></document>
<Document> $JWN Nordstrom plunged 27% premarket. The retailer's third-quarter earnings missed analysts' forecasts. Jefferies lowered its rating and target price on the stock. ></Document>
<document> Astrologers around the world get ready, you will see a 1000% increase in sales after tonight's #HASHTAG# episode. ></Document>
<document> $spy $xle $qqq $tqqq $vix "Markets fail to bottom on a Friday": COVID stocks rout puts focus on these S&amp;P 500 levels as trading resumes #URL# ></ document>
<Document> Clorox and Lysol trends must mean we buy $PG tomorrow, right? To the right? ></Document>
<Document> $DIS $NFLX $AMZN

Disney, Netflix, Amazon Video could soon enter a price war, predicts analyst #URL# #HASHTAG# ></document>
<document> 1300% yesterday on $spy puts and 1100% this morning on $BBY earnings... I used to only get 10 baggers a few times a year and now it's almost weekly. #HASHTAG# ></document>
<document> $AFRM just took a hit, almost red on the day, was up over 5% earlier and up over 20% yesterday ></document>
<document> I scream they are now 200% this $wmt 140c from Yest. ></Document>
<document> 10 bags this morning on $aapl now makes almost one bag on $aapl calls ></document>
<document> All $aapl calls are now sold for 160-190% woot woot ></document>
<document> $AAL

American Airlines cancels, delays more than 900 Saturday flights due to weather, "short" staffing #URL# via #USER# ></document>
<document> $COIN MOVES TO NEWS;

Coinbase reports that Facebook has selected Co. as its custody partner for its new digital wallet pilot ></document>
<document> $Z - Zillow slipped 7% in premarket trading after a Bloomberg report reported that the company temporarily halted its home buying service due to overwhelming demand. ></Document>
<Document> Today's economic calendar

8:55 Redbook chain sale
10:00 ISM manufacturing index
10:00 a.m. Survey on vacancies and turnover ></document>
<document> $spy has faded since the Rittenhouse ruling...could not be a correlation. ></Document>
<document> Expect immediate market impact if Biden chooses Brainard over Powell as Fed chair #URL# $spy $tlt $xlf ></document>
<Document> $FB $QCOM $SPOT $TMUS $ALGN Earnings after the bell

$PENN $EL Earnings tomorrow morning ></document>
<Document> Domino's Pizza shares are trading lower after Barclays downgraded the stock from equal-weight to underweight. $DPZ ></document>
<document> A specific person from a network with a newsletter being pumpedall day is the new Gartman. Guess who? ></Document>
<Document> $LULU -5.64%
$NKE -2.4%

Lululemon's shares fell after the CEO said sales were impacted by Omicron-related staffing shortages and reduced store hours ></document>
<Document> wow now 200% on $qqq calls entered at 1120
Reentered $msft at 1130, up 130% ></document>
<Document> $TSLA Ahh, the well-known independent research #URL# ></Document>
<Document> US inflation rate rises to 39-year high of 6.8%. Americans pay higher prices for almost everything #URL# ></document>
<Document> Next week is the start of the new earning season! $XLE $XLF $XOM

M: Columbus Day – stock exchange is open. banks closed.
T: $FAST
W: $JPM $DAL - FOMC PROTOCOL
TH: $TSM $WFC $DPZ $BAC - $AA $TACO
F; $GS $JBHT #URL# ></document>
<document> $DIS When does Disney+ Day start? 7 a.m. MST - Disney+ will begin sharing "first looks, new trailers, exclusive clips and appearances from Disney+ creators and stars" on its Twitter, Facebook and Instagram feeds. #URL# via #USER# ></document>
<Document> BIDEN: Russia, Russia, Russia...guess we don't care about people getting vaccinated anymore. ></Document>
<document> MAX. PAIN FOR OCTOBER 15 IS 440.

$SPY just hit 439.70 ></document>
<Document> $ABNB D/g

-Piper Sandler downgraded shares of Airbnb on Monday, citing a normalization in the travel environment.

- Reduced the price target on the stock from $215 to $169.

-The new forecast implies upside potential of just 1.8% from Friday's close. #URL# ></document>
<document> $SBUX $BROS $DNKN

Rising coffee tide lifts boats from Starbucks, Dunkin', Dutch Bros, data shows #URL# ></document>
<Document> My only question is... doesn't he have his father's phone number? ></Document>
<document> I never floss, no matter how magical the D might be. #HASHTAG# ></document>
<document> There is a bear market in mattress stocks today $PRPL -30% $CSPR $TPX $SNBR ></document>
<document> $CVS paid over 500% for the overnight calls... still making highs ></document>

</author>