
	
		<document> Nine years after Lao activist Sombath Somphone was abducted and went missing, his courageous wife Shui-meng launches a book that narrates how her initial hopes that police would have to cooperate and return her husband. #HASHTAG# #HASHTAG#
#URL# ></document>
		<document> Catholic Bishops' Conference of Sri Lanka urges the repeal of the gazette notification for the appointment of the task force to study the "one country, one law" concept and to prepare a draft law. #HASHTAG# #HASHTAG# #HASHTAG# #HASHTAG#
#URL# ></document>
		<document> For more than 160 years, the Church has not only played an important role in developing Taiwan but also acted as a vital bridge between the nation, the Vatican and China. #HASHTAG# #HASHTAG# #HASHTAG# #HASHTAG#
#URL# ></document>
		<document> A 62-year-old member of the Franciscan Sisters of the Immaculate Heart of Mary arrested and sent to judicial custody after the death of the 17-year-old girl studying in class 12 at Sacred Heart Higher Secondary School in southern #HASHTAG#’s #HASHTAG# state.
#URL# ></document>
		<document> More than 130 people have died in southern India’s Andhra Pradesh state after a dam broke in Kadapa district following massive rain and floods, Catholic officials said.
#URL# ></document>
		<document> Clergy in Ukraine are uncertain how a widely expected Russian invasion could affect Catholic life even as support for President Vladimir Putin fell among Russian-speaking Ukrainian Catholics. read more... #URL# #HASHTAG# #HASHTAG# ></document>
		<document> Japan moves ahead with an expansion of support to US troops as the allies held top-level talks over tensions with China and #HASHTAG#. #HASHTAG# #HASHTAG# #HASHTAG# #HASHTAG#
#URL# ></document>
		<document> #HASHTAG# Church and youth organizations distribute winter clothes and blankets among street dwellers to help them deal with a severe winter in parts of #HASHTAG#. Reports #USER##HASHTAG# #URL# ></document>
		<document> #HASHTAG# allows #HASHTAG# #HASHTAG# to visit relatives for the first time since their relocations began two years ago.
#URL# ></document>
		<document> #HASHTAG# Chief Minister #USER# adds #HASHTAG# Church in the southern Indian state of #HASHTAG# to his government’s promised free pilgrimage scheme for senior citizens.
#URL# ></document>
		<document> U.S. President #USER# invites #HASHTAG# to a virtual summit on #HASHTAG# alongside more than 100 countries -- a move bound to anger #HASHTAG#, which is not on the list.
#URL# ></document>
		<document> Inequality worsens in one of the world’s most unequal nations under the ongoing pandemic as the ranks of people in Thailand who live in dire poverty rises to 15 million.   #HASHTAG# #HASHTAG# #HASHTAG# #HASHTAG# 
#URL# ></document>
		<document> They are at risk of trafficking, abuse, injury and death, says Save the Children International.
Read more... #URL# ></document>
		<document> Support our #HASHTAG# #HASHTAG# with a contribution of any size. Donate to UCA News with a monthly contribution.

Know more… #URL# #URL# ></document>
		<document> Indonesian police freeze the bank accounts of a 2004 established charity and claim that charity work by them is a cover to entice people into donating to the charity, with some of the money raised going to the terror group.
#HASHTAG# #HASHTAG# #URL# ></document>
		<document> Three of the Philippines’ biggest Catholic universities endorsed Vice President Leonor “Leni” Robredo on Oct. 8 after she announced she would run for the presidency in next year’s polls.
#HASHTAG# #HASHTAG# #HASHTAG# #HASHTAG# 
 #URL# ></document>
		<document> The #HASHTAG# Church in #HASHTAG# must end its silence on the #HASHTAG# rape case, writes the national body of Catholic religious in a letter to Cardinal Oswald Gracias. #HASHTAG# #HASHTAG#://t.co/zsaRaEdWkO ></document>
		<document> Indian farmers are celebrating the victory after year-long protests forced the government to back down on three controversial farm laws. Reports #USER# 
#HASHTAG# #HASHTAG# #HASHTAG# #HASHTAG# 
#URL# ></document>
		<document> India’s government considers setting up a fresh national panel to explore the possibilities of giving scheduled caste status to Dalit converts to Christianity and Islam.
Read more... #URL# #HASHTAG# #HASHTAG# #HASHTAG# #HASHTAG#LivesMatter ></document>
		<document> A Catholic church in Myanmar’s Kayah state damaged as the military escalates airstrikes.
#HASHTAG# #HASHTAG# #HASHTAG# #HASHTAG# #HASHTAG# #HASHTAG# 
 #URL# ></document>
		<document> A Thai #HASHTAG# monk arrested for using and selling methamphetamine pills following complaints by locals. #HASHTAG# #HASHTAG# 
#URL# ></document>
		<document> The return of former president Jose Ramos-Horta to Timor-Leste politics was a disappointment among young people who feel that 20 years after independence there is no sign of the old leadership passing the baton to the younger generation. 
Read more... #URL# ></document>
		<document> President of the Canadian bishops' conference says #HASHTAG# and the country's indigenous leaders will meet in the spring. #HASHTAG#
#URL# ></document>
		<document> The first bout of persecution against #HASHTAG# started in 1723 when the Manchu-Qing emperor banned all Christian missions in mainland #HASHTAG#. #HASHTAG# #HASHTAG# #HASHTAG#://t.co/c10X3kMOHr ></document>
		<document> Cambodia is mourning the death of Prince Norodom Ranariddh, a former prime minister and half-brother to King Norodom Sihamoni.
#URL# ></document>
		<document> Governor of West Kalimantan in #HASHTAG# vows palm oil permit purge after companies refuse to help flood victims in recent disaster he said they were responsible for. Reports #USER# 
#HASHTAG# #HASHTAG# #HASHTAG# #URL# ></document>
		<document> #HASHTAG# says that he knows it is not too late for humanity to act to combat environmental destruction and increasing #HASHTAG# despite the disappointing outcome of the COP26 summit on #HASHTAG#. #HASHTAG#
#URL# ></document>
		<document> At the #HASHTAG# trial involving alleged embezzlement, money laundering and abuse of office, the defense raises more questions about the prosecution's handling of the investigation into the Vatican's questionable majority share purchase of a London property
#URL# ></document>
		<document> Timor-Leste’s late bishop of Baucau has been awarded the country's highest honor for his contribution amid the country’s struggle for independence. 

More about Baucau Diocese #URL# 

Support us now ></document>
		<document> An Indian village that was among the hardest hit during 2008 anti-#HASHTAG# violence has given the #HASHTAG# Church a new priest in Father Bikash Nayak, who celebrated his first Mass in his village. Reports #USER# #HASHTAG#Persecution #HASHTAG# 
#URL# ></document>
		<document> The school dropout rate surges in #HASHTAG# with 16 percent of school-aged children not studying in any formal settings. #HASHTAG# ##HASHTAG#
#URL# ></document>
		<document> All kind of difficulties continue to constrain the growth of the #HASHTAG# #HASHTAG# #HASHTAG#, forcing it to adapt its own framework and to produce new responses.

Know more… #URL# #URL# ></document>
		<document> Head of the Military Ordinariate of the #HASHTAG# believes vice presidential candidate #HASHTAG#'s proposal that would require all Filipino youths to undergo #HASHTAG# training would instill discipline and a sense of #HASHTAG# among Filipino youth
#URL# ></document>
		<document> A US congressional panel weighed the possibility of a boycott of the 2022 Winter Olympics in Beijing to call attention to China's long-standing human rights abuses.
Read more... #URL# #HASHTAG# #HASHTAG# #HASHTAG# #HASHTAG# #URL# ></document>
		<document> #HASHTAG# claims increased support for its effort to negotiate an end to the violence in #HASHTAG# as the current chair of the Association of Southeast Asian Nations.  #HASHTAG# #HASHTAG# #HASHTAG# 
#URL# ></document>
		<document> Indian Church leaders suspect the police probe against a Missionaries of Charity-run orphanage in #HASHTAG# state may be intended to denigrate the name of Saint #HASHTAG#.
#HASHTAG# #HASHTAG# #HASHTAG# 
 #URL# ></document>
		<document> Curious to know about what’s happening in the church of Asia? Contribute and get the mission in Asia pdf/e-book for free.

Know more… #URL# 
#HASHTAG# #HASHTAG# #HASHTAG# #URL# ></document>
		<document> A #HASHTAG# priest tells to #HASHTAG# #HASHTAG# news agency KNA that retired #HASHTAG# should make a personal statement on the Munich #HASHTAG# report.n#URL# ></document>
		<document> Pope Francis calls Saint Joseph an example of strength and tenderness for today’s fathers when they face so many problems and challenges in the world, especially worsened by the pandemic. #HASHTAG# #HASHTAG# #HASHTAG#
#URL# ></document>
		<document> Activists criticize the coal power project in Sahiwal city of Punjab province as part of the multi-billion-dollar China-Pakistan Economic Corridor project. Writes #USER#
 #HASHTAG# #HASHTAG# #HASHTAG# #HASHTAG#  #URL# ></document>
		<document> Activists say ruling concerning death of ethnic Lahu teenager is yet another example of official impunity.
Read more... #URL# ></document>
		<document> Participants of an online discussion about the use of social media by young adults offer advice to young adult viewers on how to gain positive experiences from their interactions on the various online platforms that exist. #HASHTAG# #HASHTAG# 
#URL# ></document>
		<document> Unzen, a mountain village in #HASHTAG# famous for its thermal baths, marked a lethal turning point in what had, up to the 17th century, seemed to mark the spectacular progress of #HASHTAG# in the East. writes #USER# #HASHTAG#
#URL# ></document>
		<document> A missionary-run school at Rajshahi launched 30 years after the diocese’s establishment will impart human values, academic education ​​to Bangladeshi students.nnMore about Rajshahi Diocese #URL# nnSupport our Asian Catholic Dioceses Directory now ></document>
		<document> Three elementary school students were held back in the same grade for three years by a state-run school in North Kalimantan province of Indonesia for being Jehovah’s Witnesses. Reports #USER# n #HASHTAG# #HASHTAG# n#URL# ></document>
		<document> Taiwan dismisses reports of strained ties with the Vatican as media reports suggested China was pressuring the Vatican to sever ties.
Read more… #URL# #HASHTAG# #HASHTAG# #HASHTAG# #URL# ></document>
		<document> Contribute and get an e-book of 14 essays related to the key features of Francis' papacy.

Know more… #URL# 
#HASHTAG# #HASHTAG# #HASHTAG# #URL# ></document>
		<document> Secularization has given way to large-scale de-Christianization — rethinking and reconstruction of what is more essential in #HASHTAG#.
#HASHTAG# #HASHTAG# #HASHTAG# #HASHTAG# #HASHTAG# #HASHTAG# #URL# ></document>
		<document> Catholic Church’s social arm Caritas and the Jesuit-run Tanging Yaman Foundation help to rebuild lives that were shattered on Philippine islands hit by Typhoon Rai.
Read more… #URL# #HASHTAG# #HASHTAG# #HASHTAG# #URL# ></document>
		<document> A prominent rights group calls on the government of #HASHTAG# to use its leverage as a major development partner of #HASHTAG# to press for specific actions to bring significant rights improvements. #HASHTAG# #HASHTAG# #HASHTAG#
#URL# ></document>
		<document> Catholic bishops in Africa expressed deep concerns about the severe challenges that threaten peace and stability throughout the continent. #HASHTAG# #HASHTAG# #HASHTAG# #HASHTAG#
#URL# ></document>
		<document> Vietnamese Catholics of Hung Hoa are providing emergency aid to ethnic Hmong villagers at northwest Son La province badly affected by the prolonged Covid-19 pandemic. nnMore about Hung Hoa Diocese #URL# our Asian Catholic Dioceses Directory now ></document>
		<document> Conservationists say illegal logging is a growing problem in #HASHTAG# #HASHTAG# and one of the last great wildernesses is under threat.
#URL# ></document>
		<document> Filipino #HASHTAG# in Culion Island have replaced their American counterparts, following the trend of local priests taking over mission areas in #HASHTAG# where foreign missionaries earlier served. #HASHTAG#  #HASHTAG# #HASHTAG# 
#URL# ></document>
		<document> #HASHTAG# #HASHTAG# demand fair probe into #HASHTAG# night church attack that destroyed a century-old statue of Jesus Christ at a British-era #HASHTAG# church in Ambala in the northern state of #HASHTAG#. #HASHTAG# #HASHTAG#
#URL# ></document>
		<document> The tiny #HASHTAG# community in #HASHTAG#-majority #HASHTAG# welcomes John Baptist Prak Hong as a deacon at St. Joseph Church in Kdol Leu, the first-ever deacon from the ethnic #HASHTAG# Bunong people.n#URL# ></document>
		<document> A tiny piece of emerald from the Mikeni Valley can be all that separates miners from extreme poverty.
Read more... #URL# ></document>
		<document> A weekly food-for-patients program has helped 200-400 disadvantaged people since September.
Read more... #URL# ></document>
		<document> Facing a labor shortage, Japan lures the descendants of immigrants to Brazil with factory work. Reports #USER# 
#HASHTAG# #HASHTAG# #HASHTAG# #HASHTAG# #HASHTAG# 
#URL# ></document>
		<document> #HASHTAG# will hold the main skiing events of the #HASHTAG# in Chongli of Hebei province where hundreds of #HASHTAG# were massacred by the #HASHTAG# in 1946.
#URL# ></document>
		<document> Cambodian Prime Minister Hun Sen establishes a working group to resolve accommodation issues for 15 Afghan refugees.
#HASHTAG# #HASHTAG# #HASHTAG# #HASHTAG# #URL# ></document>
		<document> Cambodian monk defrocked and charged with defaming tycoon Sieng Chanheng by claiming she had confiscated a plot of land in #HASHTAG# which was to be used for construction of a Khmer pagoda. #HASHTAG# #HASHTAG# #HASHTAG#
#URL# ></document>
		<document> Document on Human Fraternity invites all persons who have faith in #HASHTAG# and faith in human #HASHTAG# to unite and work together to advance a culture of mutual #HASHTAG#. 

Know more… #URL# #URL# ></document>
		<document> The synod of bishops of India's Eastern-rite Syro-Malabar Church reiterate its intent to adopt a uniform liturgy even as a section of priests and laity continued an indefinite hunger strike against it.n#HASHTAG# #HASHTAG# #HASHTAG# #URL# ></document>
		<document> The only remedy to #HASHTAG# Church not turning into a cult is renewed and deeper closeness by all Catholics to the fullness of revelation, Jesus Christ and that closeness comes pre-eminently through sacrament, service, and prayer. #HASHTAG# #HASHTAG#://t.co/TkjKmnmZJV ></document>
		<document> The eastern Indian state of #HASHTAG# passes the Prevention of Mob Violence and Mob Lynching Bill against mob lynching and end the culture of impunity associated with it. #HASHTAG# #HASHTAG# #HASHTAG#
#URL# ></document>
		<document> Three prominent priests critical of Philippine President Rodrigo Duterte’s war on drugs say that every Catholic should revisit history books to guide them in choosing their next president. Reports #USER#
Read more… #URL# #HASHTAG# #HASHTAG# #HASHTAG# ></document>
		<document> A portrait of the pontificate of Pope Francis. Contribute and get this PDF/e-book of 'The pontificate' for FREE!

Know more… #URL# 
#HASHTAG# #HASHTAG# #HASHTAG# #URL# ></document>
		<document> Italian #HASHTAG# priest sends his #HASHTAG# greetings to people left behind in the abandoned #HASHTAG# mission. #HASHTAG#  #HASHTAG# #HASHTAG#  #HASHTAG#
#URL# ></document>
		<document> Despite his hardline image, the Indian Prime Minister was forced to back down on agricultural reform because of fears he was alienating the Sikh community, writes #USER#
#HASHTAG# #HASHTAG# #HASHTAG# #HASHTAG# #HASHTAG#Repealed 
#URL# ></document>
		<document> An escalation in violence in Myanmar prompts the UN Security Council to call for an "immediate cessation of violence" and for efforts to ensure that civilians are not harmed.
Read more… #URL# #HASHTAG# #HASHTAG# #HASHTAG# #URL# ></document>
		<document> When the pope speaks to young people he tries to call and encourage everyone. 

Read more… #URL# 
#HASHTAG# #URL# ></document>
		<document> Almost 6,000 NGOs in #HASHTAG# can no longer enlist overseas funding to carry out charity work under tough law, writes #USER#  #HASHTAG# #HASHTAG# #HASHTAG# 
#URL# ></document>
		<document> #HASHTAG#'s liberation war remains one of the defining chapters in the history of South #HASHTAG# and continues to shape political and diplomatic discourse in the region, writes #USER#
 #HASHTAG# #HASHTAG# #HASHTAG#
#URL# ></document>
		<document> A glimpse into some of the key points for understanding the figure and work of Pope Francis.nnKnow more… #URL# n#HASHTAG# #HASHTAG# #HASHTAG# #URL# ></document>
		<document> A former military commander of the Jemaah Islamiyah terrorist group gets 15 years in prison for terrorism and crimes linked to the 2002 Bali bombings.  #HASHTAG# #HASHTAG# #HASHTAG# #HASHTAG#
#URL# ></document>
		<document> . #USER# sends a video message to the Daughters of Charity of Saint Vincent de Paul as they conclude their general assembly in #HASHTAG#. #USER#
#HASHTAG# #HASHTAG# #HASHTAG#  
 #URL# ></document>
		<document> Bunong community in #HASHTAG# marks the ordination of deacon John Baptist Prak Hong with a passionate and colorful procession wearing traditional dress accompanied by traditional music and the beating of drums
 #HASHTAG# #HASHTAG# #HASHTAG# 
 #URL# ></document>
		<document> Despite powerful statements by the highest authorities of the #HASHTAG# Church, it was deeply distressing that their sincerity was not manifested in the handling of the abuse case of a minor in #HASHTAG#. #HASHTAG# #HASHTAG# #HASHTAG#
#URL# ></document>
		<document> A legal advocacy group in #HASHTAG# calls on people in the #HASHTAG#-majority country to show respect for the alleged #HASHTAG# victims of former priest #HASHTAG#. Reports #USER#
#URL# ></document>
		<document> The brutal lynching of a Sri Lankan factory manager in #HASHTAG# causes great concern among #HASHTAG# and #HASHTAG# religious leaders back home. #HASHTAG# #HASHTAG# #HASHTAG# #HASHTAG# #HASHTAG# #HASHTAG# 
#URL# ></document>
		<document> 36-year-old #HASHTAG# activist Chow Hang-tung accused #HASHTAG#'s courts of criminalizing speech and helping authorities erase the #HASHTAG# crackdown as she was convicted a second time of inciting people to commemorate the deadly event.
#URL# ></document>
		<document> #HASHTAG# executes three prisoners in first hangings since 2019 despite international criticism, especially from rights groups. #HASHTAG# #HASHTAG#
#URL# ></document>
		<document> #HASHTAG# formally installs eight men and women in the ministry of lector and eight others in the ministry of #HASHTAG# by highlighting the importance of the #HASHTAG# in the life of #HASHTAG# and the role of lay women and men in sharing the #HASHTAG#.n#URL# ></document>
		<document> Hong Kong is now under the total, absolute control of Xi Jinping’s regime, with all semblance of opposition snuffed out.
#HASHTAG# #HASHTAG# #HASHTAG# #HASHTAG# 
 #URL# ></document>
		<document> Vietnam's archbishop of Hanoi asked Catholics to pray for Covid-19 victims and foster family values at the coming Lunar New Year festival. 

More about Hanoi Archdiocese #URL#
Support our Asian Catholic Dioceses Directory now ></document>
		<document> Three Indonesian siblings denied access to religious studies for being Jehovah’s Witnesses which is a clear violation of the law. Reports #USER##HASHTAG# #HASHTAG# #URL# ></document>
		<document> A district attorney’s office in Indonesia hand over compensation to two altar boys sexually assaulted by a church worker at a parish while the perpetrator of the crime was sentenced to 15 years in prison by a district court in Dipok in West Java province. 
#URL# #URL# ></document>
		<document> Indian priests and laity call off their indefinite hunger strike after a bishop conceded to their demand to ignore a synod decision to have a uniform celebration of Mass in the Syro-Malabar Church. #HASHTAG# #HASHTAG# #HASHTAG# #HASHTAG# n#URL# ></document>
		<document> Francis aimed at building a new imagination to interpret both the #HASHTAG# moment and the #HASHTAG#, the vision of the possible. He used seven figures to articulate his argument. 

Know more… #URL# #URL# ></document>
		<document> Archbishop of Colombo hinted in April 2021 of his intentions to not only approach the United Nations but also countries with global influence for victims of the 2019 Easter Sunday bombings in Sri Lanka. Read more… #URL# #HASHTAG# #HASHTAG# #HASHTAG# #HASHTAG# ></document>
		<document> The presence of religious volunteers in Vietnam's field hospital helps repel strangeness in order to create friendliness and closeness through their service attitude.
Read more… #URL# #HASHTAG# #HASHTAG# #URL# ></document>
		<document> Activists placed 3,000 pairs of tsinelas, or flip-flops, in front of the U.S. Capitol to mark more than 30,000 killings in the Philippines that have occurred under the country's #HASHTAG# 
#URL# ></document>
		<document> #HASHTAG# in #HASHTAG# raise doubts over investigations into the discovery of a live hand grenade inside the All Saints Church in Borella on Jan. 11 after the arrest of a caretaker who first found it.  nListen now: #URL# #HASHTAG# #URL# ></document>
		<document> Sister Ann Rose Nu Tawng, #HASHTAG#’s famous kneeling nun, is among the BBC’s 100 influential women of 2021. #HASHTAG#MilitaryTerrorists #HASHTAG# #HASHTAG# #HASHTAG# #HASHTAG# 
#URL# ></document>
		<document> Expectations are high that old campaigner Ramos-Horta will reinvigorate the Catholic nation's politics .
Read more... #URL# ></document>
		<document> A three-year investigation into clerical sexual abuse uncovered 251 cases dating back 80 years.
Read more... #URL# ></document>
		<document> The #HASHTAG# Church in Laos dedicates a new church to Blessed Paul Thoj Xyooj, a young Laotian teacher and catechist killed by the #HASHTAG# in 1960. #HASHTAG# nn#URL# ></document>
		<document> Hong Kong's oldest university removes a statue commemorating the deadly 1989 crackdown on Tiananmen Square democracy protesters. #HASHTAG# #HASHTAG# #HASHTAG# #HASHTAG#
#URL# ></document>
		<document> The Vatican has agreed with some dioceses to delay the implementation of a new form of liturgy following priests' protests.
#URL# ></document>
		<document> The plight of striking workers at NagaWorld #HASHTAG# in #HASHTAG# is gaining them increasing support from unions at #HASHTAG#, Anchor beer and Caltex petrol stations along with nearby #HASHTAG#.
#URL# ></document>
		<document> A Pakistani court-imposed death sentence on a 26-year-old #HASHTAG# woman for sharing images deemed to be insulting to Prophet Muhammad and one of his wives over WhatsApp and Facebook, divides social media in #HASHTAG#. #HASHTAG# #HASHTAG# #HASHTAG#
#URL# ></document>
		<document> This year's Nativity creche in St. Peter's Square embodies the joy and hope of the faith of Peru's diverse indigenous communities.
#HASHTAG# #HASHTAG# #HASHTAG# #HASHTAG# #HASHTAG# #URL# ></document>
		<document> #HASHTAG# urges caution in the interpretation of the report into child #HASHTAG# by French #HASHTAG# clergy.
#URL# ></document>
		<document> #HASHTAG#'s president rules out joining a #HASHTAG# diplomatic boycott of the 2022 #HASHTAG# in #HASHTAG# which was prompted by #HASHTAG#'s abuses against the #HASHTAG# #HASHTAG# in #HASHTAG# and its smothering of #HASHTAG# in #HASHTAG#.
#URL# ></document>
		<document> A letter signed by senior #HASHTAG# priests, nuns and laypeople demands a probe into the recent alleged suicide by Sister Mary Mercy, who was found hanging from a window of the convent’s chapel on Nov. 30. #HASHTAG# #HASHTAG# n#URL# ></document>
		<document> #HASHTAG# #HASHTAG# help struggling families in the #HASHTAG# season who are affected by the prolonged #HASHTAG# pandemic.
#URL# ></document>
		<document> A facility run by Doctors Without Borders in Herat, western #HASHTAG#'s biggest city, seeks to help the community cope with a public health system hobbled by the withdrawal of donor aid. #HASHTAG# #HASHTAG# #HASHTAG# #HASHTAG# 
#URL# ></document>
		<document> The combined effects of religious fanaticism, narrow political exegesis and the indifference of a self-centered world are pushing Asian Christians to the brink of extinction. 
Read more... #URL# ></document>
		<document> French energy giant TotalEnergies signals support for sanctions of Myanmar’s gas revenues to stop the junta from profiting from vast sums in payments.
Read more… #URL# #HASHTAG# #HASHTAG# #HASHTAG# #HASHTAG#MilitaryTerrorists #HASHTAG# #URL# ></document>
		<document> A #HASHTAG# leader in the central Indian state of #HASHTAG# blames the provincial government for failing to take action against threatening and manhandling #HASHTAG# faithful by making false claims about their involvement in religious conversion.
#URL# ></document>
		<document> #HASHTAG# urges people to carry a small #HASHTAG# or at least a copy of the #HASHTAG# in their purse or bag and continuously encourages people to read at least one passage each day from the Sacred Scriptures. #HASHTAG# n#URL# ></document>
		<document> Rights advocates say the cases of two Thai #HASHTAG# activists are emblematic of endemic impunity within the ranks of the police, who have long been accused of using violence and excessive force against peaceful demonstrators. #HASHTAG# #HASHTAG# #HASHTAG# 
#URL# ></document>
		<document> #HASHTAG# signs a decree recognizing a miracle attributed to the intercession of Blessed Titus Brandsma, clearing the way for the canonization of the 20th-century martyr murdered at the Dachau concentration camp. 

Read more... #URL# ></document>
		<document> #HASHTAG# Archdiocese launches a year-long synod to mark two milestones in the diocese’s history and make pastoral plans for the future. #HASHTAG# 
#URL# ></document>
		<document> A prominent Cambodian influencer denies receiving a million-dollar bribe from Prime Minister Hun Sen. 
#HASHTAG# #HASHTAG# #HASHTAG# #HASHTAG# #HASHTAG# #URL# ></document>
		<document> #HASHTAG# in #HASHTAG# speed up provision of basic food to allow people badly affected by #HASHTAG# to celebrate the coming #HASHTAG# holiday.n#URL# ></document>
		<document> The context in which Jesus tells this story 9is while Jesus is on his journey to #HASHTAG#. That means Jesus is on a journey of faith and this story informs what that journey requires and expects. And what does it require and expect? #HASHTAG# #HASHTAG# 
#URL# ></document>
		<document> The head of the bishops’ conference in the #HASHTAG# says the claims made in social media posts are part of a campaign to boost the chances of the late strongman’s son Ferdinand “Bongbong” Marcos Jr., who is running for president in #HASHTAG# in May.
#URL# ></document>
		<document> Farmers' federation says the offer made by the government was insufficient and discriminatory.
Read more.. #URL# ></document>
		<document> #HASHTAG# dismisses from the priesthood a Cleveland man who is serving a life sentence in prison for sexually exploiting children.  #HASHTAG# #HASHTAG# 
#URL# ></document>
		<document> #HASHTAG# leaders in the central Indian state of #HASHTAG# appeal to #HASHTAG#’s President and Supreme Court Chief Justice and others for protection from pro-#HASHTAG# nationalist groups. #HASHTAG#Persecution #HASHTAG# #USER#

#URL# ></document>
		<document> If Covid-19 and its emerging variants are to be stopped, poor nations need not only the capacity to manufacture vaccines but the technology behind those vaccines. #HASHTAG# #HASHTAG# #HASHTAG#
#URL# ></document>
		<document> Another Thai minor charged with royal defamation for participating in a lighthearted fashion show staged by students on the street during a pro-democracy protest in Bangkok in October last year.
#HASHTAG# #HASHTAG# #HASHTAG# #HASHTAG#  #URL# ></document>
		<document> Missionaries of Charity nuns denied claims that they are religiously converting girls at a shelter home in the western Indian state of #HASHTAG#. #HASHTAG# #HASHTAG# #HASHTAG# #HASHTAG# #HASHTAG# 
#URL# ></document>
		<document> Asians need to protests when we see the violation of human rights, whether it is the rights of an individual, a group or an ethnic minority. #HASHTAG# #HASHTAG# #HASHTAG# #HASHTAG# #HASHTAG# #HASHTAG# #HASHTAG#://t.co/3L7xDPfhMk ></document>
		<document> Want to know more about the different cultures that shaped the #HASHTAG# #HASHTAG# in #HASHTAG#?
  
Know more… #URL# #URL# ></document>
		<document> Two gunmen riding a motorbike killed a policeman who was guarding a two-member female #HASHTAG# #HASHTAG# team in northwest #HASHTAG#'s Khyber Pakhtunkhwa province.
#URL# ></document>
		<document> #HASHTAG# leaders condemn Indonesian police for arresting dozens of Papuan students for marking the 60th anniversary of the birth of West #HASHTAG# on Dec. 1. Reports #USER# #HASHTAG# #HASHTAG# #HASHTAG#
#URL# ></document>
		<document> #USER# UCA News
Most trusted independent Catholic news source. Every day, #URL# brings a free, constantly refreshed round-up of all the news and opinions that matter to Catholics and other Christians. ></document>
		<document> The lower growth rate of the #HASHTAG# community in #HASHTAG# is attributed to the violence due to the #HASHTAG# crisis.
#URL# ></document>
		<document> 84-year-old defrocked pedophile priest Richard Daschbach found guilty and sentenced to 12 years in prison for sexually abusing young orphaned and underprivileged girls in his care. Reports #USER#
#HASHTAG# #HASHTAG# #HASHTAG# #HASHTAG# #URL# ></document>
		<document> #HASHTAG# man known as "#HASHTAG# 2.0" for carrying the superhero's shield at protest rallies sentenced to more than five years in jail for chanting slogans promoting Hong Kong's #HASHTAG# from #HASHTAG#. 
#URL# ></document>
		<document> Replug:
A #HASHTAG# Church leader asks Indian Prime Minister to take effective steps to contain rising violence against minorities, especially #HASHTAG#, amid reports of rising persecution. #HASHTAG# #HASHTAG# #HASHTAG# #HASHTAG# 
#URL# ></document>
		<document> #HASHTAG# Church officials honor #HASHTAG# who fought the War of #HASHTAG# from #HASHTAG# in 1971.
#URL# ></document>
		<document> #HASHTAG# groups criticize Prime Minister #HASHTAG# for legitimizing the junta, which was banned from attending #HASHTAG# summits after the military ousted the elected government of #HASHTAG# through a coup. #HASHTAG# #HASHTAG#
#URL# ></document>
		<document> #HASHTAG# court postpones giving a verdict in the incitement trial of deposed civilian leader Aung San Suu Kyi. Read more... #URL# ></document>
		<document> Churches in #HASHTAG# and the globe need to have innovative, digitally savvy pastors who can find “new ways of being church” in the age of the pandemic and social media. #HASHTAG# #HASHTAG# #HASHTAG# #USER# #USER# 
#URL# ></document>
		<document> Former monk charged with royal defamation after a complaint made to police by a royalist who claimed the then monk’s speech violated the Thailand's draconian #HASHTAG#. #HASHTAG# #HASHTAG# #HASHTAG# #HASHTAG#://t.co/xwvszF17Xt ></document>
		<document> Lower courts in South Korea have rejected several asylum applications by members of Shenzhen Mayflower Church.
Read more... #URL# ></document>
		<document> I have 16 new followers from India 🇮🇳, USA 🇺🇸, and more last week. See #URL# #URL# ></document>
		<document> The Vatican court deals mainly with appeals in marriage annulment cases.
Read more... #URL# ></document>
		<document> #HASHTAG# groups in #HASHTAG# hold a protest at #HASHTAG# Press Club expressing serious concern over rising incidents of abductions of teenage girls across the country after four #HASHTAG# teenage girls in different cities abducted in the this year.n#URL# ></document>
		<document> China should never, ever have been allowed to host the Winter Olympics but let us seize this moment to turn the spotlight onto a brutal regime and its criminal record.
Read more... #URL# #HASHTAG# #HASHTAG# #HASHTAG# ></document>
		<document> Archbishop Socrates Villegas of Lingayen Dagupan in the #HASHTAG# accuses several politicians of undermining #HASHTAG# by engaging in early #HASHTAG#-buying in the form of “cash aid” ahead of national #HASHTAG# in May next year. Reports #USER#
#URL# ></document>
		<document> #HASHTAG# tries to bring home some of the thousands of items whisked out over decades from the Himalayan country. Read more... #URL# ></document>
		<document> Martinho Germano da Silva Gusmao, a former #HASHTAG# priest, announces his candidacy for #HASHTAG#’s presidential #HASHTAG# to be held on March 19. Reports #USER#
#URL# ></document>
		<document> At least 18 dead after clashes between two groups at a night club in #HASHTAG#.
 #URL# ></document>
		<document> The breakdown of seminaries and the rise of small diverse communities will change the Church as we know it, for it’s a different Church in a different world. #HASHTAG# #HASHTAG# n#URL# ></document>
		<document> #HASHTAG# organizations, civil society and environmental campaigners in #HASHTAG# call on presidential hopefuls to make concrete promises to make the nation nuclear-free. #HASHTAG# n#URL# ></document>
		<document> Pope Francis has sent his special blessings and appreciations to St Joseph University, Macau’s sole Catholic university on its 25th anniversary. 

More about Macau diocese #URL#
Support our Asian Catholic Dioceses Directory now ></document>
		<document> Timor-Leste pays last tribute to the late journalist Max Stahl in recognition of his exemplary work and contribution to the independence of the nation. Reports #USER#
#HASHTAG# #HASHTAG# #HASHTAG# 
 #URL# ></document>
		<document> Indonesian government bans mass #HASHTAG# gatherings and limits church attendances to 50 percent after the first case of #HASHTAG# is detected in #HASHTAG#. Report by #USER#
 #HASHTAG# #HASHTAG# 
#URL# ></document>
		<document> Prosecutors argue video shows opposition leader taking orders from the United States. Read more... #URL# #HASHTAG# #HASHTAG# ></document>
		<document> Greenpeace Indonesia accused of uploading fake news after it disputed Widodo’s claim that deforestation in Indonesia has decreased each year since he has been in office. #HASHTAG# #HASHTAG# #HASHTAG#
#URL# ></document>
		<document> #HASHTAG# Archdiocese in #HASHTAG# launches a fundraising campaign to renovate its social welfare facilities including aged-care homes amid concerns about the rising aged #HASHTAG# and shabby centers to care for them. #HASHTAG# 
#URL# ></document>
		<document> Pope Francis has named Father Joseph Do Quang Khang, a scripture professor, as coadjutor bishop of Bac Ninh in northern Vietnam. 

More about Bac Ninh Diocese #URL#
Support our Asian Catholic Dioceses Directory now ></document>
		<document> Fan Shouyi was quite impressed by Western civilization and by the #HASHTAG# and social achievements of #HASHTAG#, its educational system, the libraries and universities.

Know more… #URL# #URL# ></document>
		<document> Three soldiers killed and another seriously wounded by an armed separatist group during an attack on a military post in Indonesia’s easternmost province of Papua. 
Read more... #URL# ></document>
		<document> Viretnamese Catholics at Ha Tinh will join their prelates starting the synodal journey with celebrations at local churches on the first Sunday of Advent. 

More about Ha Tinh Diocese #URL#
Support our Asian Catholic Dioceses Directory now ></document>
		<document> Disagreements, quarrels or prying into other people's lives are all because people have no peace in their hearts.  #HASHTAG# #HASHTAG# 
#URL# ></document>
		<document> #HASHTAG# church in #HASHTAG# became a makeshift shelter for storm survivors over the Dec. 11-12 weekend and shifted Dec. 13 to become a distribution site for relief supplies.
#URL# ></document>
		<document> As we commemorate the Immaculate Conception of the Queen of Heaven, let us adore God, atone for our sins and thank Him for all His blessings.
 #HASHTAG# #HASHTAG# #URL# ></document>
		<document> #HASHTAG# dismay by the decision to drop the hymn penned by Henry Francis Lyte, a Scottish Anglican minister and played by army brass bands as the last piece before the retreat buglers bring down the Indian flag on the #HASHTAG# celebrations. #HASHTAG#://t.co/0IHinzZmNf ></document>
		<document> A Thai protester says he was seized by police, taken into an interrogation room inside the police station and tortured at length while being accused of setting fire to a shrine outside the station. #HASHTAG# #HASHTAG# #HASHTAG# #HASHTAG#
#URL# ></document>
		<document> Activists from religious minorities voice fear of growing religious intolerance more than a decade after the assassination of former Punjab governor Salman Taseer, who criticized Pakistan's #HASHTAG# law. 
Listen now: #URL# #HASHTAG# #HASHTAG# #HASHTAG# #URL# ></document>
		<document> #HASHTAG# is facing one of its worst #HASHTAG# in years, with 65,000 people displaced and the death toll reaching 27. #HASHTAG# 
#URL# ></document>
		<document> The #HASHTAG# Church in #HASHTAG# welcomes the first deacon from the ethnic #HASHTAG# Bunong community with great enthusiasm and delight. #HASHTAG# #HASHTAG#  n#URL# ></document>
		<document> #HASHTAG# leaders express skepticism after Pakistani Prime Minister Imran Khan vowed punishment for religious vigilantes.  Reports #USER# 
#HASHTAG# #HASHTAG# #HASHTAG# #HASHTAG# #HASHTAG# #HASHTAG#
#URL# ></document>
		<document> Pope Francis directs much of his homily during the Mass on the feast of Christ the King to the world's young people and asks them to be the critical conscience of society. #HASHTAG# #HASHTAG#
#URL# ></document>
		<document> Seoul Archdiocese ordained 23 new priests including three from a missionary order on Jan. 28.
Read more... #URL# ></document>
		<document> Myanmar military targeted Chin state once again came under an arson attack when 19 structures were burned down by soldiers.
#HASHTAG# #HASHTAG# #HASHTAG# #HASHTAG# #HASHTAG# #URL# ></document>
		<document> The Honduran bishops' conference urges dialogue as a political crisis threatens to torpedo the Central American country's presidential inauguration. #HASHTAG# #HASHTAG# #HASHTAG#
#URL# ></document>
		<document> #HASHTAG# prays that world leaders will work towards peace as political tensions rise between #HASHTAG# and #HASHTAG#.
#URL# ></document>
		<document> I have 12 new followers from USA, and more last week. See #URL# #URL# ></document>
		<document> Pope Francis has appointed missionary Father Edgar Gacutan as the new bishop of Sendai, making him the first Filipino to be named a bishop in Japan. 

More about Sendai Diocese #URL# 

Support our Asian Catholic Dioceses Directory now ></document>
		<document> TerraPower plans to build its plant in Wyoming by 2028 using a new technology called Natrium.
Read more… #URL# ></document>
		<document> Bishop Pablo Virgilio David calls on Catholics to arm themselves with facts to fight lie spreaders.
Read more... #URL# ></document>
		<document> Thai police probe Amnesty over support for democracy activists
Thai police launch an investigation into Amnesty International after ultra-royalists called for the rights group to be expelled. #HASHTAG# #HASHTAG# #HASHTAG#
Listen Now: #URL# #URL# ></document>
		<document> Persecution and marginalization of the religious minority are on the rise across the continent.
Read more... #URL# ></document>
		<document> #HASHTAG# gives formal approval to a series of updates and modifications that have been made over the years to the norms regarding clerical #HASHTAG# and other crimes reserved to the Congregation for the Doctrine of the #HASHTAG#
#URL# ></document>
		<document> China relaxed its "one-child policy" in 2016 but the changes failed to result in the hoped-for baby boom, as the cost of living rises and women increasingly make their own family planning choices. #HASHTAG# #HASHTAG# #HASHTAG# #HASHTAG# 
 #URL# ></document>
		<document> The archbishop of Paris, Michel Aupetit, has put his professional fate in the hands of Pope Francis after details about his private life were leaked to the press. Read more... #URL# #HASHTAG# ></document>
		<document> South Korea’s Incheon Diocese is running a recycling campaign with an aim to keep the environment clean and free from waste and pollution. 

More about Incheon Diocese #URL# 

Support our Asian Catholic Dioceses Directory now ></document>
		<document> The treason trial of #HASHTAG# opposition leader in response to government allegations he conspired with foreign forces to overthrow Prime Minister #HASHTAG# resumes today after a two-year delay due to the #HASHTAG# pandemic. #HASHTAG# #HASHTAG#
#URL# ></document>
		<document> Sri Lankan farmers reject a compensation offer and guaranteed purchase price for paddy for being inadequate and discriminatory. 
Read more... #URL# ></document>
		<document> #HASHTAG# PM #HASHTAG# will start a visit to #HASHTAG# on Jan. 7 for talks with its military rulers, triggering protests across the conflict-torn nation by coup opponents and civil society groups who fear his trip will provide more legitimacy to the junta.
#URL# ></document>
		<document> Myanmar Church helps evacuate and shelter thousands of people fleeing the escalating conflict in and around capital Loikaw in a predominantly Catholic Kayah state in eastern Myanmar.  
Listen now: #URL#
#HASHTAG# #HASHTAG# #HASHTAG# #URL# ></document>
		<document> #HASHTAG# plans two weeks of discussions with the #HASHTAG# in #HASHTAG#, addressing among other issues the fight against #HASHTAG# and the humanitarian crisis in #HASHTAG#. #USER# 
#URL# ></document>
		<document> The legacy of missionaries continues on Java and other parts of Indonesia in churches, schools and hospitals, which not only benefit Javanese people but all Indonesians. #HASHTAG# #HASHTAG# #HASHTAG# #HASHTAG# #HASHTAG#
#URL# ></document>
		<document> The best way to remind ourselves of what Vatican 2 achieved is to read the documents the bishops produced and voted for. They will give us a foundation for taking our place in the Synod process.
Read more... #URL# #HASHTAG# #HASHTAG# #HASHTAG# ></document>
		<document> Six inspirational essays on Pope Francis and his #HASHTAG#, his teachings about #HASHTAG#, #HASHTAG# and a #HASHTAG# after Covid-19.

Know more… #URL# #URL# ></document>
		<document> The sex abuse trial of Richard Daschbach, a former priest and missionary from the Society of the Divine Word in Timor-Leste, enters the final stage and the verdict will be read on Dec. 21.
Listen now: #URL# #HASHTAG# #HASHTAG# #HASHTAG# #URL# ></document>
		<document> #HASHTAG# continues to give ever greater importance to proclaiming — and meditating on — the Word of God, writes #USER#.n#HASHTAG# #HASHTAG# nn#URL# ></document>
		<document> Resource recycling shops run by the environmental ministry of Incheon Diocese in #HASHTAG# collect abandoned materials from local people and separate them for disposal and recycling to keep the #HASHTAG# clean and waste free. #HASHTAG# #HASHTAG#
#URL# ></document>
		<document> The future looks grim for #HASHTAG# with its dependence on oil and nothing to fall back on becoming a ticking time bomb that is compounding a tense political situation, writes #USER#. 
#URL# ></document>
		<document> What does building a life of leadership by a synodal form of governance mean? #HASHTAG#
#URL# ></document>
		<document> Philippine #HASHTAG# faithfully continue attending traditional pre-dawn Masses in the run-up to #HASHTAG# despite the chaos and destruction brought by #HASHTAG# last week
#URL# ></document>
		<document> Participants raise slogans against Ravi Riverfront City, a multi-trillion-rupee development project of the Punjab government, during the climate justice march held in Pakistan.
Writes #USER#
#HASHTAG# #HASHTAG# #HASHTAG# #HASHTAG# #URL# ></document>
		<document> Thai government reopens #HASHTAG# after closing it for tourists for three years to help ecological restoration and the new tourism practices show the changing face of the industry in #HASHTAG#.
#URL# ></document>
	
</author><document> Nine years after Lao activist Sombath Somphone was kidnapped and disappeared, his courageous wife Shui-meng releases a book recounting how her initial hopes that the police should cooperate and return her husband. #HASHTAG# #HASHTAG#
#URL# </document>
<document> The Bishops' Conference of Sri Lanka urges the repeal of the notification in the Official Gazette for the appointment of the task force to study the concept of "one country, one law" and prepare a bill. #HASHTAG# #HASHTAG# #HASHTAG# #HASHTAG#
#URL# </document>
<document> For more than 160 years, the Church has not only played an important role in Taiwan's development, but has also acted as a vital bridge between the nation, the Vatican, and China. #HASHTAG# #HASHTAG# #HASHTAG# #HASHTAG#
#URL# </document>
<document> A 62-year-old member of the Franciscan Sisters of the Immaculate Heart of Mary arrested and sent into judicial custody after the death of a 17-year-old girl studying in class 12 of the Sacred Heart High School in southern # #HASHTAG# State of HASHTAG#.
#URL# </document>
<document> More than 130 people have died in the southern Indian state of Andhra Pradesh after a dam burst in Kadapa district following massive rains and floods, Catholic officials said.
#URL# </document>
<document> Clergy in Ukraine are uncertain how a widely anticipated Russian invasion will affect Catholic life even as support for President Vladimir Putin has waned among Russian-speaking Ukrainian Catholics. read more... #URL# #HASHTAG# #HASHTAG# ></document>
<document> Japan proceeds with expanding support for US troops as allies hold high-level talks on tensions with China and #HASHTAG#. #HASHTAG# #HASHTAG# #HASHTAG# #HASHTAG#
#URL# </document>
<document> #HASHTAG# Church and youth organizations distribute winter clothes and blankets among street dwellers to help them cope with a harsh winter in parts of #HASHTAG#. Report #USER##HASHTAG# #URL# ></document>
<document> #HASHTAG# allows #HASHTAG# #HASHTAG# to visit relatives for the first time since they started moving two years ago.
#URL# </document>
<document> #HASHTAG# Prime Minister #USER# adds the #HASHTAG# Church in the state of #HASHTAG#, South India, to his government's promised free pilgrimage program for the elderly.
#URL# </document>
<document> US President #USER# invites #HASHTAG# to a virtual #HASHTAG# summit with more than 100 countries - a move intended to anger #HASHTAG#, which is not listed.
#URL# </document>
<document> Inequality worsens in one of the world's most unequal nations amid the ongoing pandemic, as the ranks of people in Thailand living in extreme poverty rise to 15 million. #HASHTAG# #HASHTAG# #HASHTAG# #HASHTAG#
#URL# </document>
<document> They are at risk of trafficking, abuse, injury and death, says Save the Children International.
Read more... #URL# ></document>
<document> Support our #HASHTAG# #HASHTAG# with a contribution of any size. Make a donation to UCA Newswith a monthly contribution.

Read more... #URL# #URL# </document>
<document> Indonesian police freeze the bank accounts of a charity set up in 2004 and say their charity work is a cover to entice people to donate to the charity, with some of the money raised going to the terrorist group.
#HASHTAG# #HASHTAG# #URL# ></document>
<document> Three of the largest Catholic universities in the Philippines endorsed Vice President Leonor "Leni" Robredo on Oct. 8 after she announced she would run for president in next year's polls.
#HASHTAG# #HASHTAG# #HASHTAG# #HASHTAG#
 #URL# </document>
<document> The #HASHTAG# Church in #HASHTAG# must end its silence on the #HASHTAG# rape case, writes the national body of Catholic clerics in a letter to Cardinal Oswald Gracias. #HASHTAG# #HASHTAG#://t.co/zsaRaEdWkO </document>
<document> Indian farmers celebrate victory after year-long protests forced the government to back down on three controversial agriculture laws. Report #USER#
#HASHTAG# #HASHTAG# #HASHTAG# #HASHTAG#
#URL# </document>
<document> The Indian government is considering setting up a new national panel to explore the possibilities of conferring scheduled caste status on Dalits who have converted to Christianity and Islam.
Read more... #URL# #HASHTAG# #HASHTAG# #HASHTAG# #HASHTAG#LivesMatter </document>
<document> A Catholic church in Myanmar's Kayah state damaged as the military intensifies airstrikes.
#HASHTAG# #HASHTAG# #HASHTAG# #HASHTAG# #HASHTAG# #HASHTAG#
 #URL# </document>
<document> A Thai #HASHTAG# monk arrested for using and selling methamphetamine pills following complaints by locals. #HASHTAG# #HASHTAG#
#URL# </document>
<document> Former President Jose Ramos-Horta's return to Timor-Leste politics has been a disappointment among young people who feel that 20 years after independence there is no sign of the old leadership passing the baton to the generation younger.
Read more... #URL# ></document>
<document> The president of the Canadian bishops' conference says #HASHTAG# and the country's indigenous leaders will meet in the spring. #HASHTAG#
#URL# </document>
<document> The first period of persecution against #HASHTAG# began in 1723 when the Manchu-Qing emperor banned all Christian missions on the #HASHTAG# continent. #HASHTAG# #HASHTAG# #HASHTAG#://t.co/c10X3kMOHr </document>
<document> Cambodia mourns the death of Prince Norodom Ranariddh, former prime minister and half-brother of King Norodom Sihamoni.
#URL# </document>
<document> West Kalimantan governor in #HASHTAG# vows to scrap palm oil permit after companies refuse to help flood victims in recent disaster he claims they were responsible for. Report #USER#
#HASHTAG# #HASHTAG# #HASHTAG# #URL# ></document>
<document> #HASHTAG# says it knows it is not too late for humanity to take action to fight environmental destruction and increase #HASHTAG# despite the disappointing COP26 summit outcome on #HASHTAG#. #HASHTAG#
#URL# </document>
<document> aAfter #HASHTAG# trial on alleged embezzlement, money laundering and abuse of office, defense raises further questions about prosecution's handling of investigation into questionable Vatican purchase of majority stake in property Londoner
#URL# </document>
<document> The late Bishop of Baucau of East Timor has been awarded the country's highest honor for his contribution to the country's struggle for independence.

More information on the diocese of Baucau #URL#

Support us now </document>
<document> An Indian village that was among the hardest hit by the 2008 anti-#HASHTAG# violence gave the #HASHTAG# Church a new priest, Father Bikash Nayak, who celebrated his first mass in his village. Complaint #USER# #HASHTAG#Persecution #HASHTAG#
#URL# </document>
<document> Dropout rate increases in #HASHTAG# with 16% of school-age children not studying in any formal setting. #HASHTAG# ##HASHTAG#
#URL# </document>
<document> Difficulties of all kinds continue to hold back the growth of #HASHTAG# #HASHTAG# #HASHTAG#, forcing it to adapt its framework and produce new answers.

Read more... #URL# #URL# </document>
<document> #HASHTAG# Military Ordinariate Chief Believes #HASHTAG# Vice-Presidential Candidate's Proposal That Would Require All Young Filipinos To Undergo #HASHTAG# Training Would Instill Discipline And A Sense Of #HASHTAG # among Filipino youth
#URL# </document>
<document> A US Congressional panel has considered a boycott of the 2022 Winter Olympics in Beijing to draw attention to longstanding human rights abuses in China.
Read more... #URL# #HASHTAG# #HASHTAG# #HASHTAG# #HASHTAG# #URL# </document>
<document> #HASHTAG# claims increased support for his effort to negotiate an end to violence in #HASHTAG# as the current president of the Association of Southeast Asian Nations. #HASHTAG# #HASHTAG# #HASHTAG#
#URL# </document>
<document> Indian church leaders suspect that the police investigation into an orphanage run by the Missionaries of Charity in #HASHTAG# state may be intended to disparage the name of the #HASHTAG# saint.
#HASHTAG# #HASHTAG# #HASHTAG#
 #URL# </document>
<document> Curious to know what is happening in the church of Asia? Contribute and receive the free pdf/e-book of the mission in Asia.

Read more... #URL#
#HASHTAG# #HASHTAG# #HASHTAG# #URL# ></document>
<document> A #HASHTAG# priest tells the #HASHTAG# #HASHTAG# news agency KNA that the retired #HASHTAG# should make a personal statement about the Munich #HASHTAG# report.n#URL# </document>
<document> Pope Francis calls St. Joseph an example of strength and tenderness for today's fathers when they find themselves facing so many problems and challenges in the world, especially aggravated by the pandemic. #HASHTAG# #HASHTAG# #HASHTAG#
#URL# </document>
<document> Activists criticize the coal-fired power project in Sahiwal city, Punjab province, as part of the multibillion-dollar China-Pakistan Economic Corridor project. Write #USER#
 #HASHTAG# #HASHTAG# #HASHTAG# #HASHTAG# #URL# ></document>
<document> Activists say the sentence regarding the death of an ethnic Lahu teenager is another example of official impunity.
Read more... #URL# ></document>
<document> Participants in an online discussion on young adult social media use offer advice to young adult viewers on how to gain positive experiences from their interactions on various existing online platforms. #HASHTAG# #HASHTAG#
#URL# </document>
<document> Unzen, a mountain village in #HASHTAG# famous for its thermal baths, marked a deadly turning point in what until the 17th century seemed to mark the spectacular progress of #HASHTAG# in the East. writes #USER# #HASHTAG#
#URL# </document>
<document> A missionary-run school in Rajshahi, inaugurated 30 years after the establishment of the diocese, will impart human values ​​and academic education to Bangladeshi students.nnLearn more about Rajshahi Diocese #URL#nnSupport our directory of Asian Catholic dioceses now </document>
<document> Three elementary school students were held in the same classroom for three years by a state school in the Indonesian province of North Kalimantan because they were Jehovah's Witnesses. Return #USER# n #HASHTAG# #HASHTAG# n#URL# </document>
<document> Taiwan rejects reports of strained relations with the Vatican as media reports suggested that China was pressuring the Vatican to cut ties.
Read more... #URL# #HASHTAG# #HASHTAG# #HASHTAG# #URL# </document>
<document> Contribute and receive an e-book of 14 essays on key features of Francis' pontificate.

Read more... #URL#
#HASHTAG# #HASHTAG# #HASHTAG# #URL# ></document>
<document> Secularization has given way to large-scale de-Christianization: rethinking and rebuilding what is most essential in #HASHTAG#.
#HASHTAG# #HASHTAG# #HASHTAG# #HASHTAG# #HASHTAG# #HASHTAG# #URL# </document>
<document> The social arm of the Catholic Church Caritas and the Jesuit-run Tanging Yaman Foundation are helping to rebuild shattered lives in the Philippine islands hit by Typhoon Rai.
Read more... #URL# #HASHTAG# #HASHTAG# #HASHTAG# #URL# </document>
<document> Leading rights group calls on #HASHTAG# government to use its influence as #HASHTAG# lead development partner to solicit specific actions to bring about significant rights improvements. #HASHTAG# #HASHTAG# #HASHTAG#
#URL# </document>
<document> Catholic bishops in Africa have expressed deep concern about grave challenges threatening peace and stability across the continent. #HASHTAG# #HASHTAG# #HASHTAG# #HASHTAG#
#URL# </document>
<document> Vietnamese Catholics of Hung Hoa are providing emergency aid to ethnic Hmong villagers in the northwestern province of Son La, severely affected by the prolonged Covid-19 pandemic. nnLearn more about Hung Hoa Diocese #URL# our directory of Asian Catholic dioceses now </document>
<document> Conservationists say illegal logging is a growing problem in #HASHTAG# #HASHTAG# and one of the last major wilderness areas is under threatT.
#URL# </document>
<document> Filipino #HASHTAG# in Culion Island replaced their American counterparts, following the trend of local priests to take over mission areas in #HASHTAG# where foreign missionaries previously served. #HASHTAG# #HASHTAG# #HASHTAG#
#URL# </document>
<document> #HASHTAG# The #HASHTAG# calls for a fair investigation into a nighttime #HASHTAG# church attack that destroyed a centuries-old statue of Jesus Christ in a British-era #HASHTAG# church in Ambala, Upstate of #HASHTAG#. #HASHTAG# #HASHTAG#
#URL# </document>
<document> Small #HASHTAG# community in #HASHTAG#-majority #HASHTAG# welcomes John Baptist Prak Hong as a deacon at St. Joseph's Church in Kdol Leu, the first ever deacon of the #HASHTAG# Bunong people. #URL# </document>
<document> A tiny piece of Mikeni Valley emerald may be all that separates miners from abject poverty.
Read more... #URL# ></document>
<document> A weekly patient food program has helped 200-400 disadvantaged people since September.
Read more... #URL# ></document>
<document> Faced with a labor shortage, Japan lures descendants of immigrants to Brazil with factory work. Report #USER#
#HASHTAG# #HASHTAG# #HASHTAG# #HASHTAG# #HASHTAG#
#URL# </document>
<document> #HASHTAG# will hold major #HASHTAG# skiing events in Chongli, Hebei Province where hundreds of #HASHTAG# were massacred by #HASHTAG# in 1946.
#URL# </document>
<document> Cambodian Prime Minister Hun Sen sets up working group to resolve housing issues for 15 Afghan refugees.
#HASHTAG# #HASHTAG# #HASHTAG# #HASHTAG# #URL# </document>
<document> Cambodian monk deposed and accused of defaming tycoon Sieng Chanheng by claiming he confiscated a plot of land in #HASHTAG# that was to be used for the construction of a Khmer pagoda. #HASHTAG# #HASHTAG# #HASHTAG#
#URL# </document>
<document> The Human Fraternity document invites all people who have faith in #HASHTAG# and human #HASHTAG# to unite and work together to foster a culture of mutual #HASHTAG#.

Read more... #URL# #URL# </document>
<document> The Synod of Bishops of the Syro-Malabar Church of Eastern Rite in India has reaffirmed its intention to adopt a uniform liturgy even though some priests and laity have continued an indefinite hunger strike against it.n #HASHTAG# #HASHTAG# #HASHTAG# #URL# ></document>
<document> The only remedy for the #HASHTAG# Church not to turn into a cult is a renewed and deeper closeness of all Catholics to the fullness of revelation, Jesus Christ, and that closeness comes preeminently through the sacrament, service and prayer. #HASHTAG# #HASHTAG#://t.co/TkjKmnmZJV </document>
<document> East Indian state of #HASHTAG# passes Mass Violence and Mass Lynching Prevention Bill against mass lynching and ends the culture of impunity associated with it. #HASHTAG# #HASHTAG# #HASHTAG#
#URL# </document>
<document> Three prominent priests critical of Philippine President Rodrigo Duterte's war at dthe carpets say every Catholic should revisit the history books to guide them in choosing their next president. Report #USER#
Read more... #URL# #HASHTAG# #HASHTAG# #HASHTAG# </document>
<document> A portrait of the pontificate of Pope Francis. Contribute and receive this PDF/e-book of 'The pontificate' for FREE!

Read more... #URL#
#HASHTAG# #HASHTAG# #HASHTAG# #URL# ></document>
<document> Italian #HASHTAG# priest sends his #HASHTAG# greetings to people left behind in abandoned #HASHTAG# mission. #HASHTAG# #HASHTAG# #HASHTAG# #HASHTAG#
#URL# </document>
<document> Despite his tough image, Indian PM was forced to backtrack on agricultural reform due to fears of alienating the Sikh community, writes #USER#
#HASHTAG# #HASHTAG# #HASHTAG# #HASHTAG# #HASHTAG# Repealed
#URL# </document>
<document> The escalation of violence in Myanmar prompts the UN Security Council to call for an "immediate cessation of violence" and efforts to ensure civilians are not harmed.
Read more... #URL# #HASHTAG# #HASHTAG# #HASHTAG# #URL# </document>
<document> When the pope speaks to young people, he tries to call and encourage everyone.

Read more... #URL#
#HASHTAG# #URL# </document>
<document> Nearly 6,000 NGOs in #HASHTAG# can no longer get funding from overseas to carry out charitable work under strict laws, writes #USER# #HASHTAG# #HASHTAG# #HASHTAG#
#URL# </document>
<document> #HASHTAG#'s war of liberation remains one of the defining chapters in Southern #HASHTAG# history and continues to shape political and diplomatic discourse in the region, writes #USER#
 #HASHTAG# #HASHTAG# #HASHTAG#
#URL# </document>
<document> A look at some of the key points for understanding the figure and work of Pope Francis.nnFind out more… #URL# n#HASHTAG# #HASHTAG# #HASHTAG# #URL# </document>
<document> A former military commander of the terrorist group Jemaah Islamiyah is sentenced to 15 years in prison for terrorism and crimes related to the 2002 Bali bombings. #HASHTAG# #HASHTAG# #HASHTAG# #HASHTAG#
#URL# </document>
<document> . #USER# sends a video message to the Daughters of Charity of St. Vincent de Paul as they conclude their general assembly in #HASHTAG#. #USER#
#HASHTAG# #HASHTAG# #HASHTAG#
 #URL# </document>
<document> Bunong community in #HASHTAG# celebrates ordination of Deacon John Baptist Prak Hong with passionate and colorful procession wearing traditional robes accompanied by traditional music and drum roll
 #HASHTAG# #HASHTAG# #HASHTAG#
 #URL# </document>
<document> Despite the powerful statements of the highest authorities of the #HASHTAG# Church, it was deeply painful that their sincerity was not manifested in their handling of the child abuse case in #HASHTAG#. #HASHTAG# #HASHTAG# #HASHTAG#
#URL# </document>
<document> A legal advocacy group in #HASHTAG# calls on people in the #HASHTAG# majority country to show respect for the alleged #HASHTAG# victims of former #HASHTAG# priest. Report #USER#
#URL# ></document>
<document> The brutal lynching of a Sri Lankan factory manager in #HASHTAG# causes great concern among #HASHTAG# and #HASHTAG# religious leaders at home. #HASHTAG# #HASHTAG# #HASHTAG# #HASHTAG# #HASHTAG# #HASHTAG#
#URL# </document>
<document> 36-year-old #HASHTAG# activist Chow Hang-tung accused #HASHTAG# courts of criminalizing speech and helping authorities undo #HASHTAG# crackdown as she was sentenced a second time for inciting speech people to commemorate the deadly event.
#URL# </document>
<document> #HASHTAG# executes three prisoners in first hangings since 2019 despite international criticism, particularly from rights groups. #HASHTAG# #HASHTAG#
#URL# </document>
<document> #HASHTAG# formally installs eight men and women in reader ministry and eight others in #HASHTAG# ministry emphasizing the importance of #HASHTAG# in the life of #HASHTAG# and the role of lay women and men in sharing the #HASHTAG#.n#URL# ></document>
<document> Hong Kong is now under total and absolute control of the Xi Jinping regime, with any semblance of opposition extinguished.
#HASHTAG# #HASHTAG# #HASHTAG# #HASHTAG#
 #URL# </document>
<document> The Archbishop of Hanoi of Vietnam has asked Catholics to pray for the victims of Covid-19 and to promote family values ​​on the occasion of the upcoming Lunar New Year.

Learn more about the Archdiocese of Hanoi #URL#
Support our directory of Asian Catholic dioceses </document> now
<document> Three Indonesian brothers were denied access to religious studies because they are Jehovah's Witnesses, which is a clear violation of the law. Report #USER##HASHTAG# #HASHTAG# #URL# ></document>
<document> A district attorney's office in Indonesia has compensated two altar boys sexually assaulted by a church member in a parish while the perpetrator was sentenced to 15 years in prison by a district court in Dipok, province of West Java.
#URL# #URL# </document>
<document> Indian priests and laity have suspended their hunger strike indefinitely after a bishop agreed to their request to ignore a synodal decision to celebrate a uniform Mass in the Syro-Malabar Church. #HASHTAG# #HASHTAG# #HASHTAG# #HASHTAG# n#URL# </document>
<document> Francis aimed to build a new imagination to interpret both the #HASHTAG# moment and #HASHTAG#, the vision of the possible. He used seven figures to frame his argument.

Read more... #URL# #URL# </document>
<document> The Archbishop of Colombo hinted in April 2021 his intentions to not only address the United Nations but also countries with global influence for the victims of the 2019 Easter Sunday bombings in Sri Lanka. Read more... #URL# #HASHTAG# #HASHTAG# #HASHTAG# #HASHTAG# </document>
<document> The presence of religious volunteers in the Vietnam field hospital helps to reject the extraneousness to create friendship and closeness through their attitude of service.
Read more... #URL# #HASHTAG# #HASHTAG# #URL# </document>
<document> Activists have planted 3,000 pairs of tsinelas, or flip flops, in front of the US Capitol to mark more than 30,000 homicides in the Philippines that occurred under the country's #HASHTAG#
#URL# </document>
<document> #HASHTAG# in #HASHTAG# raises questions about the investigation into the discovery of a live hand grenade inside the Ognissanti church in Borella on January 11 after the arrest of a caretaker who first found it. nListen now: #URL# #HASHTAG# #URL# ></document>
<document> Sister Ann Rose Nu Tawng, the famous #HASHTAG# kneeling nun, is among the BBC's 100 Influential Women of 2021. #HASHTAG#MilitaryTerrorists #HASHTAG# #HASHTAG# #HASHTAG# #HASHTAG#
#URL# </document>
<document> There are great expectations that the old activist Ramos-Horta will reinvigorate the politics of the Catholic nation.
Read more... #URL# ></document>
<document> A three-year investigation into clergy sexual abuse uncovered 251 cases dating back 80 years.
Read more... #URL# ></document>
<document> The #HASHTAG# Church in Laos dedicates a new church to Blessed Paul Thoj Xyooj, a young Lao teacher and catechist killed by #HASHTAG# in 1960. #HASHTAG# nn#URL# </document>
<document> Hong Kong's oldest university removes a statue commemorating its deadly 1989 crackdown on pro-democracy protesters in Tiananmen Square. #HASHTAG# #HASHTAG# #HASHTAG# #HASHTAG#
#URL# </document>
<document> The Vatican has agreed with some dioceses to delay the implementation of a new form of liturgy following protests from priests.
#URL# </document>
<document> The plight of striking workers at NagaWorld #HASHTAG# in #HASHTAG# is earning them increasing support from unions at #HASHTAG#, Anchor Beer and Caltex gas stations along with #HASHTAG# nearby.
#URL# </document>
<document> A Pakistani court has sentenced a 26-year-old #HASHTAG# woman to death for sharing offensive images of the Prophet Muhammad and one of his wives on WhatsApp and Facebook, dividing social media into #HASHTAG#. #HASHTAG# #HASHTAG# #HASHTAG#
#URL# </document>
<document> This year's Nativity Kindergarten in St. Peter's Square embodies the joy and hope of the faith of Peru's diverse indigenous communities.
#HASHTAG# #HASHTAG# #HASHTAG# #HASHTAG# #HASHTAG# #URL# </document>
<document> #HASHTAG# urges caution in interpretation of child report #HASHTAG# by French #HASHTAG# clergy.
#URL# </document>
<document> #HASHTAG# President Bars Participating in a #HASHTAG# Diplomatic Boycott of #HASHTAG# in #HASHTAG# 2022, Caused by #HASHTAG# Abuses Against #HASHTAG# #HASHTAG# in #HASHTAG # and his choking of #HASHTAG# in #HASHTAG#.
#URL# </document>
<document> A letter signed by high-ranking #HASHTAG# priests, nuns and laity calls for an investigation into the recent alleged suicide of Sister Mary Mercy, found hanging from a convent chapel window on November 30. #HASHTAG# #HASHTAG # n#URL# ></document>
<document> #HASHTAG# #HASHTAG# helps struggling families in the #HASHTAG# season who are affected by the prolonged #HASHTAG# pandemic.
#URL# </document>
<document> A facility run by Médecins Sans Frontières in Herat, the largest city in western #HASHTAG#, seeks to help the community cope with a public health system hampered by donor aid withdrawals. #HASHTAG# #HASHTAG# #HASHTAG# #HASHTAG#
#URL# </document>
<document> The combined effects of religious fanaticism, narrow political exegesis and the indifference of a self-centered world are pushing Asian Christians to the brink of extinction.
Read more... #URL# ></document>
<document> French energy giant TotalEnergies signals support for sanctions on Myanmar's gas revenues to prevent the junta from profiting from large sums of payments.
Read more... #URL# #HASHTAG# #HASHTAG# #HASHTAG# #HASHTAG#MilitaryTerrorists #HASHTAG# #URL# </document>
<document> A #HASHTAG# leader in the central Indian state of #HASHTAG# blames the provincial government for failing to take action against the threats and mistreatment of #HASHTAG# worshipers by making false claims of their involvement in religious conversion.
#URL# </document>
<document> #HASHTAG# urges carrying a small #HASHTAG# or at least one copy of #HASHTAG# in your purse or purse and continually encourages people to read at least one passage of Holy Scripture a day. #HASHTAG# n#URL# ></document>
<document> Rights defenders say the cases of two Thai #HASHTAG# activists are emblematic of the endemic impunity within the police ranks, who have long been accused of using violence and excessive force against peaceful protesters. #HASHTAG# #HASHTAG# #HASHTAG#
#URL# </document>
<document> #HASHTAG# signs a decree recognizing a miracle attributed to the intercession of Blessed Titus Brandsma, paving the way for the canonization of the 20th century martyr murdered in the Dachau concentration camp.

Read more... #URL# ></document>
<document> #HASHTAG# Archdiocese launches year-long synod to mark two milestones in the history of the diocese and make pastoral plans for the future. #HASHTAG#
#URL# </document>
<document> A prominent Cambodian influencer denies receiving a million dollar bribe from Prime Minister Hun Sen.
#HASHTAG# #HASHTAG# #HASHTAG# #HASHTAG# #HASHTAG# #URL# </document>
<document> #HASHTAG# in #HASHTAG# accelerates basic food supply to enable people severely affected by #HASHTAG# to celebrate the upcoming holidays #HASHTAG#.n#URL# </document>
<document> The context in which Jesus tells this story 9 is while Jesus is on his way to #HASHTAG#. This means that Jesus is on a journey of faith and this story informs what that journey requires and expects. And what does it require and expect? #HASHTAG# #HASHTAG#
#URL# </document>
<document> The head of the bishops' conference in the #HASHTAG# says the claims made in the social media posts are part of a campaign to improve the chances of the son of the late strongman Ferdinand "Bongbong" Marcos Jr., who is running for the presidency in #HASHTAG# in May.
#URL# </document>
<document> Fezderation states that the offer made by the government was insufficient and discriminatory.
Read more.. #URL# </document>
<document> #HASHTAG# dismisses a Cleveland man serving a life sentence for sexual exploitation of children. #HASHTAG# #HASHTAG#
#URL# </document>
<document> #HASHTAG# leaders in central Indian #HASHTAG# state appeal to #HASHTAG# chairman and Chief Justice and others to be protected from pro-#HASHTAG# nationalist groups. #HASHTAG#Persecution #HASHTAG# #USER#

#URL# </document>
<document> If Covid-19 and its emerging variants are to be stopped, poor nations need not only the capacity to produce vaccines, but also the technology behind those vaccines. #HASHTAG# #HASHTAG# #HASHTAG#
#URL# </document>
<document> Another Thai minor accused of royal defamation for participating in a lighthearted fashion show organized by students on the street during a pro-democracy protest in Bangkok in October last year.
#HASHTAG# #HASHTAG# #HASHTAG# #HASHTAG# #URL# </document>
<document> The Missionaries of Charity nuns have denied claims that they are religiously converting girls at a shelter in the western Indian state of #HASHTAG#. #HASHTAG# #HASHTAG# #HASHTAG# #HASHTAG# #HASHTAG#
#URL# </document>
<document> Asians must protest when they see the violation of human rights, be it the rights of an individual, a group or an ethnic minority. #HASHTAG# #HASHTAG# #HASHTAG# #HASHTAG# #HASHTAG# #HASHTAG# #HASHTAG#://t.co/3L7xDPfhMk </document>
<document> Want to learn more about the different cultures that shaped #HASHTAG# #HASHTAG# into #HASHTAG#?
  
Read more... #URL# #URL# </document>
<document> Two gunmen riding a motorcycle killed a policeman guarding a two-member #HASHTAG# #HASHTAG# female squad in northwestern Khyber Pakhtunkhwa province of #HASHTAG#.
#URL# </document>
<document> #HASHTAG# leaders condemn Indonesian police for arresting dozens of Papuan students for celebrating the 60th anniversary of the birth of #HASHTAG# West on December 1st. Reports #USER# #HASHTAG# #HASHTAG# #HASHTAG#
#URL# </document>
<document> #USER# UCA News
The most trusted source of independent Catholic news. Every day, #URL# brings a free, constantly updated summary of all the news and opinion that matters to Catholics and other Christians. >></document>
<document> The lower growth rate of the #HASHTAG# community in #HASHTAG# is attributed to the violence due to the #HASHTAG# crisis.
#URL# </document>
<document> 84-year-old pedophile priest Richard Daschbach found guilty and sentenced to 12 years in prison for sexually abusing young orphans and underprivileged girls in his care. Report #USER#
#HASHTAG# #HASHTAG# #HASHTAG# #HASHTAG# #URL# </document>
<document> #HASHTAG# man known as "#HASHTAG# 2.0" for carrying superhero shield during protests sentenced to more than five years in prison for chanting slogans promoting Hong Kong's #HASHTAG# from #HASHTAG#.
#URL# </document>
<document> Relink:
A leader of the #HASHTAG# Church calls on the Indian Prime Minister to take effective steps to contain the growing violence against minorities, especially #HASHTAG#, amid reports of increasing persecution. #HASHTAG# #HASHTAG# #HASHTAG# #HASHTAG#
#URL# </document>
<document> #HASHTAG# Church officials honor #HASHTAG# who fought the #HASHTAG# War since #HASHTAG# in 1971.
#URL# </document>
<document> #HASHTAG# groups criticize #HASHTAG# Prime Minister for legitimizing the junta, which was barred from attending #HASHTAG# summits after the military ousted the elected #HASHTAG# government in a coup state. #HASHTAG# #HASHTAG#
#URL# </document>
<document> #HASHTAG# Court adjourns verdict in incitement trial of deposed civilian leader Aung San Suu Kyi. Read more... #URL# ></document>
<document> Churches in #HASHTAG# and around the world need innovative pastors and digital tech savvy who can find "new ways to be church" in the age of pandemic and social media. #HASHTAG# #HASHTAG# #HASHTAG# #USER# #USER#
#URL# </document>
<document> Former monk charged with royal libel after a complaint filed with police by a royalist who claimed the then-monk's speech violated Thailand's draconian #HASHTAG#. #HASHTAG# #HASHTAG# #HASHTAG# #HASHTAG#://t.co/xwvszF17Xt </document>
<document> South Korea's lower courts have rejected several asylum applications by members of the Shenzhen Mayflower Church.
Read more... #URL# ></document>
<document> I have 16 new followers from India 🇮🇳, USA 🇺🇸 and more last week. See #URL# #URL# ></document>
<document> The Vatican court mainly deals with appeals in marriage annulment cases.
Read more... #URL# ></document>
<document> #HASHTAG# Groups in #HASHTAG# Hold Protest at #HASHTAG# Press Club Expressing Serious Concern Over Growing Incidents of Teenage Girl Abductions Across the Country After Four #HASHTAG# Teenage Girls in Different Cities Are been kidnapped this year. n#URL# ></document>
<document> China should never have been allowed to host the Winter Olympics, but let's take this moment to shine a spotlight on a brutal regime and its criminal record.
Read more... #URL# #HASHTAG# #HASHTAG# #HASHTAG# </document>
<document> Archbishop Socrates Villegas of Lingayen Dagupan in #HASHTAG# accuses several politicians of weakening #HASHTAG# by engaging in advance purchases of #HASHTAG# in the form of "money aid" in view of the national #HASHTAG# in May next year. Report #USER#
#URL# </document>
<document> #HASHTAG# seeks to bring home some of the thousands of items stolen from the Himalayan country over decades. Read more... #URL# ></document>
<document> Martinho Germano da Silva Gusmao, a former #HASHTAG# priest, announces his candidacy for the #HASHTAG# presidential #HASHTAG# to be held on March 19th. Report #USER#
#URL# </document>
<document> At least 18 dead after clashes between two groups in a night club in #HASHTAG#.
 #URL# </document>
<document> The decomposition of seedsdifferences and the birth of small different communities will change the Church as we know it, because it is a different Church in a different world. #HASHTAG# #HASHTAG# n#URL# ></document>
<document> #HASHTAG# organizations, civil society and environmentalists in #HASHTAG# call on presidential hopefuls to make concrete promises to make the nation nuclear-free. #HASHTAG# n#URL# ></document>
<document> Pope Francis sent his special blessings and appreciation to St Joseph University, the only Catholic university in Macau on its 25th anniversary.

Learn more about the Diocese of Macau #URL#
Support our directory of Asian Catholic dioceses </document> now
<document> Timor-Leste pays last respects to the late journalist Max Stahl in recognition of his exemplary work and contribution to the nation's independence. Report #USER#
#HASHTAG# #HASHTAG# #HASHTAG#
 #URL# </document>
<document> Indonesian government bans #HASHTAG# mass gatherings and limits church attendance to 50% after first #HASHTAG# case was detected in #HASHTAG#. Reporting #USER#
 #HASHTAG# #HASHTAG#
#URL# </document>
<document> Prosecutors say the video shows the opposition leader taking orders from the United States. Read more... #URL# #HASHTAG# #HASHTAG# ></document>
<document> Greenpeace Indonesia accused of uploading fake news after challenging Widodo's claim that deforestation in Indonesia has decreased every year since he took office. #HASHTAG# #HASHTAG# #HASHTAG#
#URL# </document>
<document> #HASHTAG# Archdiocese of #HASHTAG# launches fundraising campaign to renovate its social care facilities, including aged care homes, amid concerns over the increase in #HASHTAG# seniors and centers dingy to take care of them. #HASHTAG#
#URL# </document>
<document> Pope Francis has appointed Father Joseph Do Quang Khang, professor of Scriptures, coadjutor bishop of Bac Ninh in northern Vietnam.

Read more about the Diocese of Bac Ninh #URL#
Support our directory of Asian Catholic dioceses </document> now
<document> Fan Shouyi was very impressed by Western civilization and #HASHTAG# and the social achievements of #HASHTAG#, its education system, libraries and universities.

Read more... #URL# #URL# </document>
<document> Three soldiers killed and another seriously injured by a group of armed separatists during an attack on a military post in Indonesia's easternmost province, Papua.
Read more... #URL# ></document>
<document> Viretnamese Catholics in Ha Tinh will join their prelates in starting the synodal journey with celebrations in local churches on the first Sunday of Advent.

Read more about the Diocese of Ha Tinh #URL#
Support our directory of Asian Catholic dioceses </document> now
<document> Disagreements, quarrels or prying into other people's lives are all due to the fact that people have no peace in their hearts. #HASHTAG# #HASHTAG#
#URL# </document>
<document> #HASHTAG# Church in #HASHTAG# became a makeshift shelter for storm survivors over the weekend of Dec. 11-12 and moved on Dec. 13 to become adistribution site for basic necessities.
#URL# </document>
<document> As we commemorate the Immaculate Conception of the Queen of Heaven, we adore God, atone for our sins and thank Him for all His blessings.
 #HASHTAG# #HASHTAG# #URL# ></document>
<document> #HASHTAG# dismayed by decision to drop hymn written by Scottish Anglican minister Henry Francis Lyte and played by army brass bands as the last song before retreating buglers lower Indian flag during celebrations # HASHTAG#. #HASHTAG#://t.co/0IHinzZmNf </document>
<document> A Thai protester says he was captured by police, taken to an interrogation room inside the police station and tortured extensively while accused of setting fire to a shrine outside the station. #HASHTAG# #HASHTAG# #HASHTAG# #HASHTAG#
#URL# </document>
<document> Religious minority activists express fears of growing religious intolerance more than a decade after the assassination of former Punjab governor Salman Taseer, who criticized Pakistan's #HASHTAG# law.
Listen now: #URL# #HASHTAG# #HASHTAG# #HASHTAG# #URL# </document>
<document> #HASHTAG# is facing one of the worst #HASHTAG# in recent years, with 65,000 displaced and the death toll reaching 27. #HASHTAG#
#URL# </document>
<document> The #HASHTAG# Church in #HASHTAG# welcomes the first deacon of the #HASHTAG# Bunong ethnic community with great enthusiasm and joy. #HASHTAG# #HASHTAG# n#URL# ></document>
<document> #HASHTAG# leaders express skepticism after Pakistani Prime Minister Imran Khan promised punishment for religious vigilantes. Report #USER#
#HASHTAG# #HASHTAG# #HASHTAG# #HASHTAG# #HASHTAG# #HASHTAG#
#URL# </document>
<document> Pope Francis addresses a large part of his homily during mass on the feast of Christ the King to the young people of the world and asks them to be the critical conscience of society. #HASHTAG# #HASHTAG#
#URL# </document>
<document> The archdiocese of Seoul ordained 23 new priests, including three from a missionary order, on January 28.
Read more... #URL# ></document>
<document> Burmese army targeted Chin state once again came under arson attack as 19 structures were burned down by soldiers.
#HASHTAG# #HASHTAG# #HASHTAG# #HASHTAG# #HASHTAG# #URL# </document>
<document> The bishops' conference of Honduras calls for dialogue as a political crisis threatens to torpedo the presidential inauguration of the Central American country. #HASHTAG# #HASHTAG# #HASHTAG#
#URL# </document>
<document> #HASHTAG# prays for world leaders to work for peace as political tensions rise between #HASHTAG# and #HASHTAG#.
#URL# </document>
<document> I have 12 new followers from the US and more in the past week. See #URL# #URL# ></document>
<document> Pope Francis has appointed missionary Father Edgar Gacutan as the new bishop of Sendai, making him the first Filipino to be appointed bishop in Japan.

Learn more about the Diocese of Sendai #URL#

Support our directory of Asian Catholic dioceses </document> now
<document> TerraPower plans to build its plant in Wyoming by 2028 using a new technology called Natrium.
Read more... #URL# ></document>
<document> Bishop Pablo Virgilio David invites Catholics to arm themselves with facts to fight the spreaders of lies.
Read more... #URL# ></document>
<document> Thai police investigate Amnesty for supporting pro-democracy activists
Thai police have launched an investigation into Amnesty International after ultra-royalists called for the rights group to be expelled. #HASHTAG# #HASHTAG# #HASHTAG#
Listen now: #URL# #URL# ></document>
<document> Persecution and marginalization of religious minorities are on the rise across the continent.
Read more... #URL# ></document>
<document> #HASHTAG# gives formal approval to a series of updates and changes made over the years to the legislation on clerical #HASHTAG# and other crimes reserved to the Congregation for the Doctrine of #HASHTAG#
#URL# </document>
<document> China relaxed its "one-child policy" in 2016, but the changes failed to lead to the hoped-for baby boom, as the cost of living rises and women increasingly make their own family planning choices . #HASHTAG# #HASHTAG# #HASHTAG# #HASHTAG#
 #URL# </document>
<document> The Archbishop of Paris, Michel Aupetit, has placed his professional destiny in the hands of Pope Francis after details of his private life were leaked to the press. Read more... #URL# #HASHTAG# ></document>
<document> The Incheon diocese of South Korea is conducting a recycling campaign with the aim of keeping the environment clean and free of waste and pollution.

Learn more about Incheon Diocese #URL#

Support our directory of Asian Catholic dioceses </document> now
<document> Opposition leader #HASHTAG#'s treason trial in response to government allegations that he conspired with foreign forces to overthrow Prime Minister #HASHTAG# resumes today after a two-year delay due to the #HASHTAG# pandemic . #HASHTAG# #HASHTAG#
#URL# </document>
<document> Sri Lankan farmers reject an offer of compensation and a guaranteed purchase price for paddy rice because they are inadequate and discriminatory.
Read more... #URL# ></document>
<document> #HASHTAG# Prime Minister #HASHTAG# will begin a visit to #HASHTAG# on January 7 for talks with its military rulers, sparking protests across the strife-torn nation by coup opponents and security groups civil society who fear his trip could provide more legitimacy for the junta.
#URL# </document>
<document> The Church of Myanmar is helping to evacuate and shelter thousands of people fleeing escalating conflict in and around the capital Loikaw in the predominantly Catholic state of Kayah in eastern Myanmar.
Listen now: #URL#
#HASHTAG# #HASHTAG# #HASHTAG# #URL# ></document>
<document> #HASHTAG# features two weeks of discussions with #HASHTAG# in #HASHTAG#, including addressing the fight against #HASHTAG# and the humanitarian crisis in #HASHTAG#. #USER#
#URL# </document>
<document> Missionary legacy continues in Java and other parts of Indonesia in churches, schswimming pools and hospitals, from which not only the Javanese but all Indonesians benefit. #HASHTAG# #HASHTAG# #HASHTAG# #HASHTAG# #HASHTAG#
#URL# </document>
<document> The best way to remind ourselves of what Vatican 2 has accomplished is to read the documents the bishops produced and voted on. They will give us a basis to take our place in the synodal process.
Read more... #URL# #HASHTAG# #HASHTAG# #HASHTAG# </document>
<document> Six inspiring essays on Pope Francis and his #HASHTAG#, his teachings on #HASHTAG#, #HASHTAG# and a #HASHTAG# after Covid-19.

Read more... #URL# #URL# </document>
<document> The sexual abuse trial against Richard Daschbach, a former priest and missionary of the Society of the Divine Word in East Timor, enters its final phase and the verdict will be read on 21 December.
Listen now: #URL# #HASHTAG# #HASHTAG# #HASHTAG# #URL# </document>
<document> #HASHTAG# continues to give ever greater importance to the announcement — and meditation — of the Word of God, writes #USER#.n#HASHTAG# #HASHTAG# nn#URL# </document>
<document> The resource recycling shops operated by the environment ministry of Incheon Diocese in #HASHTAG# collect the materials left behind by the local people and separate them for disposal and recycling to keep the #HASHTAG# clean and free from waste. #HASHTAG# #HASHTAG#
#URL# </document>
<document> The future looks bleak for #HASHTAG# with its dependence on oil and nothing to fall back on becoming a time bomb aggravating a tense political situation, writes #USER#.
#URL# </document>
<document> What does it mean to build a life of leadership through a synodal form of governance? #HASHTAG#
#URL# </document>
<document> Filipino #HASHTAG# faithfully continues to attend traditional pre-dawn masses in the run-up to #HASHTAG# despite the chaos and destruction wrought by #HASHTAG# this past week
#URL# </document>
<document> Participants chant slogans against Ravi Riverfront City, a multi-billion dollar development project of Punjab government, during climate justice march in Pakistan.
Write #USER#
#HASHTAG# #HASHTAG# #HASHTAG# #HASHTAG# #URL# </document>
<document> The Thai government reopens #HASHTAG# after closing it to tourists for three years to help ecological restoration, and new tourism practices show the changing face of the industry in #HASHTAG#.
#URL# </document>

</author>