
	
		<document> #USER# Thts literally always the way like weow im flaberghasted actually like????? Doing a lot of work to avoid thinking about how gay ppl die because of your "discomfort" bt its fine..? ></document>
		<document> Women should get a prenuptial, if they are the bread winners. It is the disgraceful and written basically be a goodfornothing, your relationship in the end was taking being a man. I do #HASHTAG# give the care about pimping, what happens in the end? 🤔😁n'Break it down and roll it up'! #URL# ></document>
		<document> #USER# That right there is a gay man. I  do not care if anyone says otherwise.  I do not care if nintendo says he is a straight man. That is a gay man right there ></document>
		<document> #USER# #USER# #USER# Civil suit for out of court settlement cash cuz of insufficient evidence in criminal court. MeToo doesn't care about true justice or innocent til proven guilty. Only pushing their feminist agenda. ></document>
		<document> I usually find speeches on women empowerment overtly sprinkled with names like Kalpana Chawla &amp; PV.Sindhu... 

As if, empowerment is largely confined to attainment of professional excellence!

This is either plain ignorance or a convenient sidestepping of trickier issues..! (1/2) ></document>
		<document> #USER# It’s not just one party! #HASHTAG#
BTW your Party tried to destroy our democracy!
So, I’m just fine with Democrats in the WH, Senate &amp; House!
#HASHTAG# ></document>
		<document> #USER# you seem to be an amazing lady!!  Thank you for your service!  I simply cannot understand how Americans cannot see how good we have it. I’ve been to S.Korea, Haiti; Yes we are spoiled and take too much for granted, but the liberals are trying to put us there ></document>
		<document> #USER# #USER# #USER# WRONG!! This shit effects ALL women. They have pissed all over the women’s movement &amp; diluted it. It is utter horse shit that HE is now being propped up as a successful “woman”. 🤬🤮 ></document>
		<document> me moving to women 2-3x my weight and packing more inches than me height wise #URL# ></document>
		<document> #USER# #USER# #USER# 1/4:  Refer to FM 7-7J Chapter 3 battle drill 1a.  Caveat that doctrine is a foundational base to adjust from.  It's obvious that this element has not trained/drilled on react to contact as a mounted squad/platoon &amp; will OJT their way through the war. #URL# ></document>
		<document> #USER# Check out my page. Lots of Black Trans folks in need during COVID! ></document>
		<document> THAT HOMOPHOBIC DOG MEME MAKES ME SO SAD WHAT IF THAT LITTLE DOG IS GAY!! AND YOU ALL MAKE HIM LOOK AFOOL!!!! if i was a little gay dog and everyone online said i hated gay people i would be sooooo sad ></document>
		<document> #USER#: Ukraine has requested military aid. Here's how allies are providing assistance U  #URL# ></document>
		<document> Older women be tryna “young man” their way into some dick 😂😂😂 ></document>
		<document> #USER# #USER# Hahaha he realised his not fighting farmers in Afghanistan ></document>
		<document> #USER# #USER# mining are like farmers it’s always boom or bust ></document>
		<document> #USER# #USER# #USER# #USER# Stuffed with Russian roubles #USER# Putin’s useful idiot Tories Corrupt Unapologetic Narcissistic Treacherous ></document>
		<document> Compassion is being selectively demonstrated by corporations. Major companies across industries have rightfully and rapidly pulled out of Russia, but have forgotten about Tigray's plight. #HASHTAG# #USER# #USER# #USER# #USER# #USER# #URL# ></document>
		<document> You’re laughing?  

The Ukraine is run by a corrupt gay comedian who’s laundering money for world wide sex traffickers and you’re laughing? #URL# ></document>
		<document> #USER# #USER# Most Democrats are so naive and unintelligent it's actually really embarrassing
#URL# 😳 #URL# ></document>
		<document> #USER# BOO
She didn't win 
Women and girls sports lost ></document>
		<document> #USER# #USER# #USER# #USER# #USER# #USER# If the leaders of SACPANC regime are aware of the problems they created they will imo in any event be unable to do anything about it. They will avoid being labelled ethnic nationalists and accused of Afrophobia and xenophobia by foreigners and their powerful MSM support group. ></document>
		<document> #URL# All of our Women's Bomber Jackets are custom-made-to-order and handcrafted to the highest quality standards.

- Each jacket is constructed with a premium polyester blend and ultra-soft and incredibly comfortable polyester inner lining.
- Features a s... #URL# ></document>
		<document> #USER# One could also say that conservatives are deluded in thinking that there is any freedom of speech to be protected in the first place ></document>
		<document> Sadiq Khan: 'Russian refugees are welcome in London' - EXCLUSIVE…………how is this bloke able to stay mayor of London for soooo long people ❓❓❓he is a crap mayor  #URL# ></document>
		<document> #USER# The women who play Saanvi and Drea (the one we ship Saanvi with) are best friends and they ship Drevi too lol ></document>
		<document> #USER# Since media organizations like this lie A LOT and it’s not a don’t say gay bill! It’s a don’t discuss sex or sexual orientations with children under 3rd grade bill! Why do leftists want to groom children so badly? These people are truly evil! ></document>
		<document> I saw the "bars on cells".nPlural, I do #HASHTAG# just feel and think.nI experience, and the appearance of an urban legend #HASHTAG#.nThe "oxy" in the moron, what "judges" hate on.nI AM like living #HASHTAG# "porn".nGet your popcorn.🍿🍿🍿😁nEvery critique leaves me torn, do I lead them on?🤔 ></document>
		<document> #USER# I don’t have confidence in the Russian military being able to carry out any mission. ></document>
		<document> #USER# #USER# Friend you said Ryan drew I agreed and now you are saying no he didn't? They are both influenced by the culture of the time. In July 2015 gay marriage was allowed in the US it was a time to talk about sexuality it is no surprise he did his first Penis spot in sept 2015. ></document>
		<document> and his teammate is a guy who punts defenseless women how are brown fans cool w that shit ></document>
		<document> #USER# bro i love how the jewish dudes lookin at the camera ></document>
		<document> #USER# They got  their sex offender adult…now i hope he gets suspended as many games as women who came forward ></document>
		<document> #USER# #USER# #USER# #USER# #USER# #USER# #USER# #USER# #USER# #USER# #USER# #USER# #USER# #USER# #USER# #USER# #USER# #USER# #USER# #USER# #USER# #USER# #USER# #USER# #USER# #USER# #USER# #USER# #USER# #USER# #USER# #USER# #USER# #USER# #USER# #USER# #USER# #USER#_Women #USER# Show me where I say I was Indian? I’ll wait to hear your silence or some dumb ass excuse #URL# ></document>
		<document> People that do this are worse than the women twerking imo. If you claim they’re twerking to get validation from strangers then you’re not different #URL# ></document>
		<document> Opposition Leader Anthony Albanese is under pressure to launch an investigation into serious allegations of bullying by Labor politicians towards the late senator Kimberley Kitching. #URL# ></document>
		<document> the homura vs mami fight in rebellion is the levi vs kenny fight but for women ></document>
		<document> #USER# When we take back both Houses this November we need to announce we will be performing an extensive and thorough audit of all public school teachers to uncover &amp; remove all morally corrupt and anti-American leftists from our children's classrooms. 

We must protect our children. ></document>
		<document> #USER# Congratulations Emma on your amazing 1st place women’s swim!!! ></document>
		<document> I'm a feminist who says FU to them. I support women and women's sports.

They can kiss my ass.

I'm a Naomi Wolf feminist. #URL# ></document>
		<document> #USER# I’m not sure what your referring to - immediately my mind went to without social norms sexual violence towards women and children, families could become more prevalent. #URL# ></document>
		<document> #USER# This Lia Thomas garbage might be exactly what we need to open more women's eyes to this insanity ></document>
		<document> #USER# Butcher of women, children and men. That’s gonna be his legacy… Hope someone stabs him in the back soon 🤞🏻🤞🏻 ></document>
		<document> #USER# #USER# #USER# "Pretend" implies that trans people aren't valid. We are ></document>
		<document> #USER# Democrats playbook: when we are going to lose invoke the race.
#HASHTAG# ></document>
		<document> #USER# Women sports are for women. Not fair for a man to be a woman and play against women ></document>
		<document> #USER# #USER# #USER# #USER# #USER# #USER# #USER# #USER# #USER# #USER# #USER# Answer my question? Why hiding face behind Taliban? for your information Taliban was created by your banana democracy leaders to fight against Russian army in 1974. 🤨 ></document>
		<document> #USER# #USER# Wait do #HASHTAG# dis women? Are we really defining this hill?🤔 ></document>
		<document> #USER# #USER# #USER# #USER# #USER# #USER# Is it true that Germany accepts fleeing Jewish people from Ukraine for a long stay while non-Jewish from Ukraine don’t get the same treatment? #URL# ></document>
		<document> #USER# #USER# #USER# #USER# #USER# #USER# #USER# #USER# #USER# #USER# #USER# #USER# #USER# #USER# #USER# #USER# #USER# #USER# #USER# #USER# Every large city run by liberals is berated by crime, crime is way up since Brandon took office and all Dem cities run by liberals are crime ridden. ></document>
		<document> Yeovil is now paying the price for a one-party state that has bred complacency and allowed the Liberals to act as an authoritarian party. 3/3 ></document>
		<document> The Massive, Overlooked Role of Female Slave Owners #URL# ~#USER#~ ></document>
		<document> Are there pro bono lawyers on hand to file class action suits regarding suppression and denial of voting rights and process for re-instating a ballot?  DOJ/Garland should be ON THIS YESTERDAY! #URL# ></document>
		<document> #USER# #USER# #USER# Exactly. I have seen a load of men tonight saying ‘why haven’t women spoken up’ and these women swimmers need to boycott not realising that they have scholarships to protect ></document>
		<document> #USER# #USER# #USER# U have said she should compete with men and have " around women that is literally what u have been doing ></document>
		<document> #USER# I'm not surprised #HASHTAG# removed the video. You can read and see it here: #URL#
Thankfully the aggressor was charged with a hate crime ></document>
		<document> #USER# Women are to be cherished and loved.  Not assaulted and victimized. ></document>
		<document> Is #HASHTAG# even a 'safe space' (a much-favoured term in #HASHTAG#) for women &amp; girls any more?
#USER# #USER# #USER#
#HASHTAG# #HASHTAG# #HASHTAG# #HASHTAG# #HASHTAG# #HASHTAG# #HASHTAG#
#HASHTAG# #URL# ></document>
		<document> #USER# Sounds like democrats over there punishing people who disagree with them. Can’t tell any difference ></document>
		<document> Those "old established peasants" from England are #HASHTAG# heritage of immigrants. They were "aliens" who ran and where more advanced. The real natives of the Americas will never be vindicated, until the #HASHTAG#. We continue to fight racism in a land foreign to the oppressors. 🙃🤔😁😁 ></document>
		<document> #USER# #USER# No effect on you but on many young women . What if one of her competitors was your daughter?  It’s not fair. Btw no one is saying she cannot identify S a girl . Just don’t let her compete ></document>
		<document> It is the shame when women bash ALL men, the same when men slander them.nIt is the invigorating, a liberating feeling! You are no longer #HASHTAG#.nYou are manufacturing what #HASHTAG# #HASHTAG# be, and who society produces. Individual products, they self-destruct before establishing family. ></document>
		<document> Clerk Who Denied Marriage Licenses to Gay Couples Violated Constitutional Rights, Finds Federal Judge
#URL# ></document>
		<document> “Men and women are equal in every single way, women can do anything a man can do” 

I agree, let’s make sports gender neutral!

“No!!! That would be totally unfair having women compete against men!!!”

???????? ></document>
		<document> #USER# W T F does it matter if you aren't getting vaccinated anyway? You can choose not to get vaccinated rememeber? Y'all talk about freedom, then take freedoms away from women and LGBTQIA+ Americans. #HASHTAG# #HASHTAG# ></document>
		<document> #USER# #USER# #USER# #USER# #USER# #USER# #USER# #USER# You medically cannot give an XY woman the same sexual care as an XX woman. Your version of biology would leave us with saying that many cis women should just be left to fend for themselves. ></document>
		<document> #USER# #USER# #USER# #USER# It’s called a cash grab and after Weinsteins case just about every major actor in Hollywood was accused by multiple women. See Danny masterson for example. These are similar to Deshaun Watson (similar time periods too) ></document>
		<document> You’re over here putting a bad name for women everywhere in the gym with this stupid shit, stop. If you don’t want to be bothered, go to a private gym. #URL# ></document>
		<document> Child trafficking right in front of our faces.
These judges, doctors, CPS &amp; police officers in Idaho, expose them all!
#HASHTAG# 
#HASHTAG# 

#HASHTAG#
#HASHTAG#
#HASHTAG# ></document>
		<document> #USER# neither will the democrats who supposedly don't take corporate money ></document>
		<document> WE ARE THRILLED to offer new product for you. Shop here: #URL# #URL# ></document>
		<document> Everyon in America is equal.  (don't fucking nuiance me)

The only inequality is WOMEN being shit on via the patriarchy.

WAKE UP THE CHURCHES ARE FUCKING US ></document>
		<document> Serial rapist who killed Plano, Fort Worth women is sentenced to life in prison #URL# ></document>
		<document> #USER# 1/I disagree with this take. BUT, I also think there are a lot more Black conservatives than people realize. I think Black Conservatives are often misunderstood because of how they deliver their message and issues related to class within our community. I say this as someone ></document>
		<document> I do #HASHTAG# want to hide.nThe best world for me?nIs not fighting.nLike the marines, or any militaryn"Be ALL that you can be!"nI AM, every thing is learning or competition. I #HASHTAG# hearing, I lose with jeering.nMy fault. I Am zealous!n This is my problem. Solution?nLet them be.🙏🏿😁 ></document>
		<document> #USER# 

In his demon form is glanced over at the women in front of him. He wondered if she is even scared of him.

" do I scare you woman?" #URL# ></document>
		<document> #USER# #USER# Oh come on. Putin's goons only kill women and children. I'd love to see what NATO would do to Russia's pathetic army and navy. ></document>
		<document> How come nobody told me about this documentary on HBO max about the gay scene in Lagos??? ></document>
		<document> you, dumb: duh Nathan Robinson, nice gay plantation owner outfit 

Nathan Robinson *fake british accent*: on my way to fuck your bitch ></document>
		<document> #USER# #USER# #USER# #USER# #USER# Women were the most ones attacking JK Rowlings ></document>
		<document> #USER# #USER# #USER# Democrats are far more insidious on subverting the secret ballot. ></document>
		<document> #USER# TRUE equality is having no mens/women’s separation…but we all know how that’d play out ></document>
		<document> #USER# Thank you, Rep. Maloney for your constant caring for veterans like me and your tremendous fight to keep the Veterans Administration Hospital and facilities open!  Love Pamela and Walter ></document>
		<document> #USER# #USER# #USER# Oh your parents never taught you that not being found guilty doesn't make you innocent. Probably was going to be the same day they were going to teach you to respect women and you were sick. ></document>
		<document> #USER# You're obsessed with trans people in exactly the same way racist uncles are obsessed with their target minorities. That's the extremely good faith comparison. ></document>
		<document> #USER# You’ve left “military attack” hanging there. You’re hinting at Zerzetsen Torture without actually saying it. You must provide proof that a no-touch policy creates casualties. You require an identified:

• Aggressor 
• Locality
• Victim Count

You’re ready for #HASHTAG# ></document>
		<document> trying to fast during 2 parties this upcoming week i honestly should just tell my family im vegan so they’ll stop trying to feed me shit ></document>
		<document> #USER# 69 cause haha funny number and also i love women #URL# ></document>
		<document> #USER# lies awake at night terrified of Muslim families he hasn't discriminated against yet #URL# ></document>
		<document> #USER# From my Grozny &amp; Aleppo playbook
1 -Bomb civilians to create millions of refugees.
2 -Fund far-right, anti-refugee parties to manufacture consent &amp; spreading conspiracy theories.
3 -Get far left parties to help &amp; distract with false comparisons &amp; whataboutism
4 -Repeat ></document>
		<document> Shock-horror! Larry Fink is so #HASHTAG# but still #HASHTAG# Equity Dividend Fund $MADVX  had 5.43% invested in military weapon stocks, with $1.19 BILLION invested across 6 equity holdings #URL# - via #HASHTAG# and in Russia too! Oops!#URL# ></document>
		<document> #USER# Not convicted of any sexual misconduct , and innocent men are routinely  incarcerated behind horrible women falsely accusing the.of sexual assault .Where are the emotional nonobective angst at towards those women who ruin innocent men lives ? Judiciary due process isn't allowed ? ></document>
		<document> #USER# Do you know that more than 10,000 Russian soldiers are already dead or in captivity. Photo from our newspaper.  mothers are looking for their sons, who are actually doing military service and are now dying in a senseless war. How does Putin intend to explain all this to mothers? #URL# ></document>
		<document> #USER# #USER# #USER# Nope. But I think men shouldn’t compete against women. This is like approving steroids for competition. ></document>
		<document> #USER# Equating “cavemen” to being religious is where you Pakjeets are inherently Westernized secular atheists. That’s in your nature. ></document>
		<document> Girl Scout alums often apply the skills they learned in the organization to their adult lives. Here are some eye-opening life lessons from former Girl Scouts. 

#URL#

#HASHTAG# #HASHTAG# #HASHTAG# #HASHTAG# #HASHTAG# #HASHTAG# #URL# ></document>
		<document> #USER# #USER# Democrats

Enjoy our poorly funded schools with a side of Leftist Propaganda that the unions may or may not leave open

Or 

Republicans

School choice for all 😊 ></document>
		<document> haven't played it and not planning to anytime soon but the persona 4 protagonist looks like a closeted gay boy ></document>
		<document> H&amp;M is a great store to shop at if you want to dress the way date rapists did in 2016 ></document>
		<document> i NEED to know the kind of dick he’s throwing around to have these women in a tizzy #URL# ></document>
		<document> Republicans and Democrats can agree that there are other ways to address crime and punishment.
#URL# ></document>
		<document> #USER# And then what happens when there are 3 men taking all 3 Olympic medals from the women, or the entire women's Olympic team is men? ></document>
		<document> That is #HASHTAG# we "confess". Offering your darkness to #HASHTAG#.nALL priests wear clothes, but do #HASHTAG# represent #HASHTAG#.nThat is the enemy! Mimicking what is holy, perverting more holiness and perfection towards the honest direction. The only "evil" is "per version" of the perfection.🙏🏿 ></document>
		<document> Anyone know where I can buy vegan mead? ></document>
		<document> When the rich people started mocking me, I should have known they were going to use me for advertising. #HASHTAG# a new adversary, using others for gain.n#HASHTAG#! There is a limit, if it affects my spirit.😁🚫🚮 ></document>
		<document> Florida's 'Don't Say Gay' Bill is Hateful &amp; Discriminatory. Disney Donated to the Folks Behind It. #HASHTAG# #URL# ></document>
		<document> Why is a biological man allowed to compete with Women when the advantages are clear #URL# ></document>
		<document> #USER# if i have to spend some money on a site where to see only naked women online i find billions ... i prefer to have dinner with a woman, take a hotel and fuck all night #URL# ></document>
		<document> #USER# What ironic is they played t.A.T.u. behind, a rebel LGBT Russian girl group ></document>
		<document> Somethings that give me sparks!nnMen that belittle women, dominance is appreciated #HASHTAG# making trophies or any point. Unless you're at the other end of what anoints.😇😁nWomen who are discouraged. This is warranted without men being raised to step up, even if it's being a friend. ></document>
		<document> #USER# If this is about women's safety in sports, then why isn't he up in arms that a qb about to be deposed for sexual assault isn't persona non grata in the nfl? Or that Portland thorns ownership hasn't been forced to sell? ></document>
		<document> This not even toxic imo, this is just smart lol. It doesn't even matter if he does something that's not 100% what I want, at least I know you're thinking of me or consider me &amp; literally that's all women want. #URL# ></document>
		<document> They have the this called contempt for anyone they connect to their program. Whether it is government or stubborn Christians, I like being the night before it gets bright. I do #HASHTAG# convince, you should convict your SELF. When see me, tell me something different. Like I lie.🤔😁 ></document>
		<document> You can argue say it’s unfair that a transgender woman won a women’s championship without being blatantly transphobic ></document>
		<document> #USER# Mediocre men call themselves women to be able to win a competition. Shame on them…!!!🤬 ></document>
		<document> A great book with a fast-paced plot, great characterizations, and thought-provoking events. Order "The Unicorn, the Mystery" now. #HASHTAG# #HASHTAG# #HASHTAG# #HASHTAG# #HASHTAG# #HASHTAG#  #USER# available at Amazon --&gt;#HASHTAG# #URL# ></document>
		<document> Women like 6 foot plus? Great genetics, no care where the spirit leads them which is the both of you. nBecause without a physical presence there is no reason for essence. The mathematics, is simple arithmetic you get what you live for. The battle of #HASHTAG# is #HASHTAG# race nor gender. ></document>
		<document> the whole existence of chaplain services is anti-Christian, it's the church blessing child murderers, it doesn't matter if it's in Russia or America or if it's Orthodox or Catholic ></document>
		<document> #USER# This is what they actually said. The first paragraph. A "Fundamental right ... to speak their minds [Holocaust denials, rape fantasies, Black people aren't fully human, etc.] in public without fear of being shamed or shunned."  

It implies shunning them is a threat to freedom. #URL# ></document>
		<document> Tumblr caused irreparable brain damage to a whole generation of young women ></document>
		<document> They can't hide who they are the party of slavery the Democrat Party.just please respect my constitutional rights. And remember the party of slavery and Jim Crow the Democrats. When you make constitutional rulings. I cherish all my constitutional rights. #URL# ></document>
		<document> “If there’s two things I know, it’s women and exactly what’s going to happen in the future” 🤣 ></document>
		<document> Who Is Todd Golden Wife Megan York? Family Details On Jewish Basketball Coach Hired By Florida Gators #URL# ></document>
		<document> Yeah, gotto love how this #HASHTAG# distracts from the global crisis that is unfolding

Liberals and Conservatives who supports capitalism, does not care about this

They will rather post #HASHTAG# and #HASHTAG# 

#HASHTAG# #URL# ></document>
		<document> #USER# Are you suggesting that these men could not win in their own categories and subsequently tried to compete against women instead? That’s a valid theory, Will. ></document>
		<document> Pensacola Catholic vs UMS-Wright Prep | Florida High School Baseball 2022 Live Stream | Click Here Watch Live HD ==&gt; #URL# ></document>
		<document> 22 different women have accusations against Watson and the Browns just say “here is $230M!!!” 

Disgusting. ></document>
		<document> #USER# Pretty certain Republicans would have been OK with providing the Military equipment to Ukraine that Biden left behind for the Taliban.  How many Americans are still left behind #USER# ?  #URL# ></document>
		<document> Sidebar: What the fuck did the studio do to Reese Witherspoon in that poster?? It's no wonder society has given women a complex about their bodies. The 2000s were gross. I can very much assure you that the poster above is Reese With-out-herspoon. ></document>
		<document> Your favorite rapper makes “gangster music” because the white boys/Jews who own the label push that shit because it sells and because life is all about self preservation.

It’s a two for one deal because they don’t have to lift a finger anymore to wipe yo stupid ass out. ></document>
		<document> #USER# A lot of lgbt twitter thinks like this unfortunately. Like I'd say a vast majority has this type of mentality for whatever reason ></document>
		<document> The water is wide and I can't cross over
Thinkin' it was a trusty tree
And only you know
Neither have I wings that I could fly
Neither have I wings that I could fly
Gay as a jewel when first it's new
But first it bent and then it broke ></document>
		<document> Ironically, most "powerful" men do not listen to their women or wives. When they do? They were already plotting against them.😁nIgnorance is bliss, unless you really try to dismiss the realness of tangible reality.nYou are #HASHTAG# used to being told.? The worst #HASHTAG# is old, trick. ></document>
		<document> Took social media to issue 1st public comments since losing the tittlelast night to hometown favorite #USER# last night during the St Patrick's day slam edition of AEW Dynamite where former champion noted in her statement below that she gave fans the best explicit women's ></document>
		<document> #USER# but if funkos are funkos, they aren’t people and therefore gay people are still not real ></document>
		<document> #USER# Wow, $70K for Sex with women over 2 years is $700 a week. ></document>
		<document> Lyon County 11, Covington Catholic 10, 2:58, 1Q. 

Lyons hanging early. ></document>
		<document> #USER# #USER# Nope. The lockdown will come before the election. They will mail out billions of ballots. The DemocRATS will have the ballot harvesters helping the citizens fill out the ballots. If they happen to vote for the wrong person, they will gladly change it for them!!
#HASHTAG# ></document>
		<document> #HASHTAG#
 #HASHTAG# (PBUH) Said

 #HASHTAG# , #HASHTAG# gives #HASHTAG# to the #HASHTAG# . But when He #HASHTAG# him, He does not let him #HASHTAG#. 

Riyad as-Salihin 207

#HASHTAG#
#HASHTAG#
#HASHTAG# ></document>
		<document> #USER# Representative government in reality. Two lots of politicians competing by telling us how bad the other is as they struggle for the prize.
A really stupid and divisive system that serves only the powers-that-be.  🇺🇦
#HASHTAG# ></document>
		<document> #USER# They are #HASHTAG# Christians. ></document>
		<document> #USER# Agreed, but they won't do that, because it would make it harder to normalize Trans people. They don;t want you to believe in science when it does not fit their agenda. ></document>
		<document> #USER# #USER# I appreciate you trying to help them, but even that is too reductive. 

Our tax dollars and our politicians created this toxic scenario. Our government is doing to the Ukrainian what they did to Afghanistan in the 80’s ></document>
		<document> #USER# #USER# bro ,you do,t have iota of knowledge of Islam , Islam is a global religion in which no Arab is superior to non Arab, infact 75% Muslims in the world are Non-Arabs. I am grateful to my forefathers who accepted truth of Islam and saved us from ignorance . ></document>
		<document> 8 Pieces Soccer Hair Scrunchies Soccer Hair Ties No Crease Soccer Hair Scrunchies Soccer Hair Accessories Elastic Hair Bands Ponytail Holders for Girls Women Players Soccer Teams (White) #URL# ></document>
		<document> I wish some girls would stop looking at older men talking to them as some type of compliment.. babes he can’t pull women in his age group for a reason. ></document>
		<document> #USER# #USER# No such thing as trans women. Only men pretending to be women and vice versa. ></document>
		<document> We need #HASHTAG#! The LA Times column says it all - Stop dividing immigrants into the good vs. the bad. #HASHTAG#! Email #USER# Budget/Finance Cmte. members #USER# #USER# #USER# at #URL# now!
#URL# ></document>
		<document> He gets paid to state the problems black women have to conquer.🤔nYou are still loved! Whatever you do without #HASHTAG# is beneath you. Everyone's view in total, does #HASHTAG# equal #HASHTAG#'s blessing in you. We are made to be judges of angels, men get to be #HASHTAG# women get a little more. #URL# ></document>
		<document> China, Russia, Ukraine, Xi Jingpin, Vladimir Putin, White House, Joe Biden, Volodymyr Zelensky, Justin Trudeau, NACI, Health Canada, Covid-19, Pfizer, WHO, UK, EU, Israel, Naftali Bennett, Benjamin Netanyahu, Omicron, Booster, US Intelligence, US Military, Pentagon, NYPD, Ford, #URL# ></document>
		<document> #USER# #USER# #USER# #USER# #USER# #USER# The Taliban get Ambassador if they retrieve our millions in Human Rights Adverse Inferences that Blackface spent on real estate they keep that if we get our millions 😂 #USER# #USER# ></document>
		<document> #USER# Have you hot a link, or good lawyers in case you get sued for libel. ></document>
		<document> i don’t think most people understand that the main source of all tech R&amp;D funding is military contracts: video game industry, machine learning, robotics, computer science ></document>
		<document> #USER# Are you gay ? 🤔

Now that I have your attention.. 🤦‍♂️

#USER# offers various organic growth services and help NFT clients fill their discord, get mints and much more.

Dm the word « glitch » on #USER# to sell out your NFT project! ></document>
		<document> #USER# Everything the democrats don't like is a "GOP talking point". Libs are mentally lazy. The democrats literally send out talking points to their news groups every day in the morning. ></document>
		<document> Hey #USER# you guys accepting Browns refugees? ></document>
		<document> #USER# "Moisturized but still very gay" is my new mantra! ></document>
		<document> #USER# I was an asshole as a child and even back then 4chan fucking disgusted me. My best friend never left that phase, joined the military, and last I heard before I blocked him he was posting really terrible memes about R*ttenho*se and still cheating on his wife. ></document>
		<document> #USER# #USER# Only women have this choice.!nMen give sperm, a #HASHTAG# if she wants it.nThe choice of the man is done. There is plenty of fun investing in nothing. But, I have been offered sons. She has #HASHTAG# been the one.☄👑💫 ></document>
		<document> #USER# #USER# #USER# #USER# #USER# #USER# #USER# #USER# #USER# #USER# #USER# #USER# #USER# #USER# #USER# #USER# #USER# #USER# #USER# #USER# #USER# #USER# #USER# #USER# #USER# #USER# #USER# #USER# #USER# #USER# #USER# Don't you know Hannah? They only worship women's bodies not men's bodies. ></document>
		<document> #USER# keeping an open mind is fine but advocating innocence is cringe. people will even dismiss physical evidence as “rough sex” etc. there are some people in this world that will just never believe women &amp; it’s so disheartening. ></document>
		<document> #USER# Mind you, this obviously excludes stuff like belittling the Virgin Mary (whether you think she's a virgin is irrelevant) like some cringe Prot groups do to try spite catholics ></document>
		<document> #USER# #USER# Have you seen the dog that hides from gay people? ></document>
		<document> Forget how rich you are. I would #HASHTAG# pay any money without being guilty. If your lawyers are those dollars? You do not need them.n"The #HASHTAG# will set you free. But, at first will piss you off!"n😁🎶 #URL# ></document>
		<document> #HASHTAG# finally delivered hard shock therapy to sleeping Hindus who slept through genocide of their own for 1400 yrs &amp; more recently during partition,mizoram,Kashmir
Jews didn’t need Schindler’s list to remind them
We Hindus needed a movie 😡

Better late than never ></document>
		<document> #USER# #USER# #USER# #USER# #USER# #USER# And if Google, Facebook and Twitter are earning billions of dollars from US intelligence and military contracts, do you not see a conflict of interest, i.e. government deciding which voices those platforms censor?

#URL# ></document>
		<document> I will 'literally fight you, b**ch': Over 100 Yale Law students ambush free speech panel; cops called to escort speakers to safety #URL# THAT RECEIVE FED MONEY SHOULD HAVE MONEY HAULTED UNTIL THEY AGREE TO EXPELL THESE VIOLENT DANGEROUS STUDENTS FROM ACHOOLS! ></document>
		<document> #USER# #USER# I’m smart enough to know the no politicians have our backs. They are paid not too. But i’m also smart enough to read the mask vs respiratory viruses studies and they are decidedly clear. Masks are utterly useless against respiratory viruses. ></document>
		<document> #USER# #USER# #USER# Mine 2 bed and duel fuel £85 a month have good insulation my thermostat is on between 10-17c and house is warm enough sometimes too warm majority time 12c is enough good house insulation is key ></document>
		<document> My neighbor says "we need to mass slaughter all the homeless, it's the only way" 

and I was like 'omg that's so wrong' ></document>
		<document> #USER# So you didn't notice that those Ts were military dress? Similar to UK? Not formal but appropriate? Interesting. He wasn't wearing a track suit. Nor did he look like he was superior to others. 
He was attired appropriately. If other Countries or Politicians felt slighted(grow up) ></document>
		<document> And yall THINK it's about TALENT when it's about WHO RUNS SOCIAL MEDIA CAUSE THEY CREATE REALITY #HASHTAG# IN BLACKFACE showing his JEWISH ALLIANCES WHILE PRETENDING TO BE BLACK #HASHTAG# #USER# #URL# ></document>
		<document> #USER# #USER# #USER# empty promises 

please act now on #HASHTAG# for Women dependents on H visa awaiting employment authorization renewal

for 20 years H1 Primary and H4 derivative applications were processed CONCURRENTLY in past

why the family separation for legal immigrants now? ></document>
		<document> #USER# I mean, it will be a scene, but there are kids there and she should not be wearing that word in public around them.  Ask nice, wait till she blows up while someone records, then call the cops. ></document>
		<document> Another example of a mediocre male athlete who suddenly becomes world class after transitioning. 

Beats the female opposition by more than two seconds.

Tell me again how there's no biological advantage because this is just utter bullshit. 

It's erasure of women's sport. #URL# ></document>
		<document> #USER# Growing up Spanish catholic in a single tweet ></document>
		<document> #USER# Since when does pretending this behavior is normal helpful? It’s not. And it’s unloving to pretend they are women. They are men. 
 Furthermore it’s unloving to the women they are replacing. ></document>
		<document> #USER# Even if we are lucky enough to overcome the Democrats’ genius for cheating, we still have that buffoon’s executive orders to contend with.  Stay strong, everyone. ></document>
		<document> #USER# Fake achievements is all I see from that picture, Women need to stand up and take back their Sports.

" trans" should not compete against real Women, and that South Park wasn't Lying. This is what I see #URL# ></document>
		<document> And compared to Fall River, the people out here are more relatable (not saying it's cause I'm around a lot more black people) but it's the truth, it's hard to be comfortable in a school full of white people I was always so self conscious but here I feel so much better ></document>
		<document> I am the very well pleased and the thankful. I do #HASHTAG# like other people suffering to validate what I say. But, they volunteered to stand in front of me, 🤔 over me like a "wall". They were tall. I thank #HASHTAG# for trusting me in #HASHTAG# my high priest.🙏🏿🤗🙏🏿🍿n#HASHTAG# the fall. ></document>
		<document> #USER# #USER# #USER# All of it was filmed, and photographed. There were also witnesses to some of the events.

Why do you thinkParler was shut down? It is because so much of the evidence against The Democrats could be found on Parler. But, everybody’s got copies now. ></document>
		<document> #USER# Let’s hope the Russian military leaders get tired of watching their “mighty military” get wiped out and take care of that ></document>
		<document> #USER# I know, that's part of what makes this so ridiculous. Even the Democrats are now asking for a map with fewer Democratic districts because perfect proportionality stretches their voters too thin and makes districts too competitive for comfort. ></document>
		<document> women's jackets best price | London Fog Women's Chevron Coat with Faux-Fur Trim
#URL# ></document>
		<document> 🚨 | QUESTION: 

What about the 10,000 homeless Irish people Gav? Do they not matter? #URL# ></document>
		<document> 💻In this past week's Extremist Content Online: 
▪️ISIS Names New Caliph
▪️Content Promoting Christchurch Terrorist, Including Attack Video, Still Online 
▪️Atomwaffen Division Videos, Antisemitic Propaganda Located on Instagram
#URL# ></document>
		<document> I love when men act like women are this protected, endangered species.
No.
In the real world, everyone talks shit about women all the time. It's awful. Women are likely held to higher scrutiny than men.
Society sucks for everyone. Stop acting like your suffering is so special. ></document>
		<document> #USER# I’m pro-choice. Until we have 100% effective, reversible birth control for BOTH men and women there should be no argument ></document>
		<document> #USER# Liberals believe in person freedom, more libertarian, freedom of speech; I disagree with what you say, but I will defend your right to say it 

Leftists are more authoritarian and prefer to silence dissenting opinions.

I think progressives somewhere in between. ></document>
		<document> #USER# She needs to leave the Order. She has abandoned her Catholic values to look out for others. There is no room for self-centeredness in religious orders. #HASHTAG# #HASHTAG#. The Pope encourages vaccination so she has no grounds for her request. ></document>
		<document> Check out this listing I just added to my #HASHTAG# closet: Women's Cliffs by White Mountain Hearty Booties, neutral color-Size 8. #URL# #HASHTAG# #USER# ></document>
		<document> #USER# He looks like a Karen calling the cops lol ></document>
		<document> #USER# #USER# #USER# #USER# Anthony has NO military training. He is NOT a combat medic. He has an expired EMR cert. ></document>
		<document> #USER# #USER# Does any give actually care about this except weak-willed conservatives who have nothing important to whine about? Ted Cruz would be bitching about wearing a mask even if his  plane lost power to all engines and his demise was imminent. ></document>
		<document> #USER# #USER# No, I think it says he wasn’t the best male swimmer so, he tried to join the women. He is still a male. Ruining womens sports. ></document>
		<document> #USER# Conservatives are so classy. This guy is the definition of a rube. ></document>
		<document> Of course, that means some of these Democrats won’t vote for Democratic policies or will water them down.  Better to get a solid majority and then just get to navigating the realities of governing. ></document>
		<document> 1511 Member Services Officer 3-Relationship Specialist - San Luis Obispo CA
#URL# #URL# ></document>
		<document> #USER# #USER# #USER# this you? You rancid bin bag of piroshki and you. You haunted victorian pencil. #HASHTAG# #HASHTAG# #HASHTAG# #HASHTAG# #HASHTAG# #HASHTAG#out #URL# ></document>
	
</author><document> #USER# It's literally always so how weow I'm amazed really how????? Doing a lot of work to avoid thinking about how gay people die because of your "inconvenience" but is that ok..? >></document>
<document> Women should get a prenup, if they are the bread winners. It's shameful and basically written to be a wimp, your relationship was finally taking being a man. I do #HASHTAG# I'm all about pimping, what happens in the end? 🤔😁n'Break it down and roll it up'! #URL# </document>
<document> #USER# Right there is a gay man. I don't care if anyone says otherwise. I don't care if Nintendo says he's a straight man. That's a gay man over there </document>
<document> #USER# #USER# #USER# Civil suit for out-of-court settlement in cash due to lack of evidence in the criminal court. MeToo doesn't care about true justice or innocence until proven guilty. They just push their feminist agenda. >></document>
<document> I usually find women empowerment talks openly sprinkled with names like Kalpana Chawla &amp; PV.Sindhu...

As if empowerment was largely limited to the achievement of professional excellence!

This is simple ignorance or a comfortable avoidance of more complicated matters ..! (1/2) </document>
<document> #USER# It's not just a party! #HASHTAG#
By the way, your party tried to destroy our democracy!
So, I'm fine with Democrats in WH, Senate &amp; Home!
#HASHTAG# </document>
<document> #USER# you look like a great woman!! Thanks for your service! I just can't understand how Americans can't see how good we are. I've been to South Korea, Haiti; Yes, we are spoiled and we take too much for granted, but liberals are trying to put us there </document>
<document> #USER# #USER# #USER# WRONG!! This shit affects ALL women. They pissed on the whole women's movement &amp; he diluted it. It's bullshit that HE is now being championed as a successful "woman". 🤬🤮 >></document>
<document> I transfer to women 2-3 times my weight and packing more inches than me in height #URL# </document>
<document> #USER# #USER# #USER# 1/4: Refer to FM 7-7J Chapter 3 battle exercise 1a. Warning that the doctrine is a fundamental basis from which to start. It is obvious that this element has not trained/practiced on contact reaction as a team/platoon mounted &amp; OJT will make its way through the war. #URL# </document>
<document> #USER# Check out my page. Lots of black trans people in need during COVID! >></document>
<document> THAT HOMOPHOBIC DOG MEME MAKES ME SO SAD WHAT IF THAT DOG WAS GAY!! AND YOU ALL MAKE IT LOOK!!!! if i was a gay dog ​​and everyone online said i hate gay people i would be sooooo sad </document>
<document> #USER#: Ukraine has requested military aid. Here's how allies are assisting U #URL# ></document>
<document>Older women try to fit a "young" in some dick 😂😂😂 </document>
<document> #USER# #USER# Hahaha he realized nofighting farmers in Afghanistan</document>
<document> #USER# #USER# mining is like farmers, it's always boom or bust </document>
<document> #USER# #USER# #USER# #USER# Stuffed with Russian Rubles #USER# Putin's Useful Idiot Conservative Corrupt Unrepentant Narcissist Traitor </document>
<document> Compassion is selectively demonstrated by corporations. Major companies from all sectors rightly and quickly withdrew from Russia, but they forgot about the plight of Tigray. #HASHTAG# #USER# #USER# #USER# #USER# #USER# #URL# </document>
<document> Are you laughing?

Ukraine is run by a corrupt gay comedian who launders money for sex traffickers around the world and you're laughing? #URL# </document>
<document> #USER# #USER# Most Democrats are so naïve and unintelligent that it's actually downright embarrassing
#URL# 😳 #URL# ></document>
<document> #USER# BOO
She didn't win
Women's and girls' sport has lost</document>
<document> #USER# #USER# #USER# #USER# #USER# #USER# If the leaders of the SACPANC regime are aware of the problems they have created, in any case they will not be able to do anything about it. They will avoid being labeled as ethnic nationalists and accused of Afrophobia and xenophobia by foreigners and their powerful MSM support group. >></document>
<document> #URL# All of our women's bomber jackets are made to order and handcrafted to the highest quality standards.

- Each jacket is made with a premium polyester blend and an incredibly comfortable, ultra-soft polyester inner lining.
- Has a s... #URL# ></document>
<document> #USER# One could even say that conservatives are deluded into thinking that there is any free speech to be protected in the first place </document>
<document> Sadiq Khan: 'Russian refugees welcome in London' - EXCLUSIVE…………how does this guy stay Mayor of London for so long ❓❓❓he's a shitty mayor #URL# ></document >
<document> #USER# The women who play Saanvi and Drea (the one we ship Saanvi with) are best friends and they ship Drevi too lol </document>
<document> #USER# Since media organizations like this lie A LOT and it's not a gay bill not to say! It's a no-discuss sex or sexual orientations with kids under the third grade bill! Why do people on the left want to look after children so badly? These people are truly evil! >></document>
<document> I saw the "slashes on the cells".nPlural, I do #HASHTAG# just feel and think.nExperience, and the appearance of an #HASHTAG# urban legend.nThe "that is" in the idiot, what "judges" hate on.nI AM like living #HASHTAG# "porn".nGet your popcorn.🍿🍿🍿😁nEvery criticism leaves me torn, do I lead them?🤔 ></document>
<document> #USER# I have no confidence that the Russian military is capable of carrying out any mission. >></document>
<document> #USER# #USER# Dude you said Ryan drew I agreed and now you're saying no he didn't? Both are influenced by the culture of the time. In July 2015, gay marriage was permitted in the United Statesit was time to talk about sexuality, it is no surprise that he made his first Penis commercial in September 2015. </document>
<document> and his teammate is a guy targeting helpless women how cool brown fans are with that shit</document>
<document> #USER# bro i like how jewish dudes look at the camera </document>
<document> #USER# They caught their adult sex offender... now I hope as many games are suspended as women have come forward </document>
<document> #USER# #USER# #USER# #USER# #USER# #USER# #USER# #USER# #USER# #USER# #USER# #USER# #USER# #USER# #USER# #USER # #USER# #USER# #USER# #USER# #USER# #USER# #USER# #USER# #USER# #USER# #USER# #USER# #USER# #USER# #USER# #USER# # USER# #USER# #USER# #USER# #USER# #USER#_Women #USER# Show me where I said I was Indian? I'll wait to hear your silence or some stupid excuse #URL# ></document>
<document> People who do this are worse than women who twerk. If you claim they are twerking to get validation from strangers then you are no different #URL# ></document>
<document> Opposition leader Anthony Albanese is under pressure to launch an investigation into serious allegations of bullying by Labor politicians against the late Senator Kimberley Kitching. #URL# </document>
<document> the fight between homura and mami in the rebellion is the fight between levi and kenny, but for women</document>
<document> #USER# When we reconvene both Houses this November, we must announce that we will be conducting a thorough and thorough vetting of all public school teachers to find out &amp; remove all morally corrupt and anti-American leftists from our children's classrooms.

We have to protect our children. >></document>
<document> #USER# Congratulations Emma on your amazing first place in women's swimming!!! >></document>
<document> I am a feminist who tells them FU. I support women and women's sports.

They can kiss my ass.

I'm a Feminist by Naomi Wolf. #URL# </document>
<document> #USER# Not sure what you're referring to - immediately my mind went to without social norms sexual violence against women and children, families could become more prevalent. #URL# </document>
<document> #USER# This trash from Lia Thomas might be exactly what we need to open more women's eyes to this madness</document>
<document> #USER# Butcher of women, children and men. This will be his legacy... I hope someone stabs him in the back soon 🤞🏻🤞🏻 </document>
<document> #USER# #USER# #USER# "Faking" implies that trans people are invalid. We are </document>
<document> #USER# Democrats playbook: when we are about to lose, invoke the race.
#HASHTAG# </document>
<document> #USER# Women's sport is for women. It's not fair for a man to be a woman and play against women </document>
<document> #USER# #USER# #USER# #USER# #USER# #USER# #USER# #USER# #USER# #USER# #USER# Answer my question? Why hide your face behind the Taliban? FYI Taliban was created by banana democracy leaders to fight against Russian army in 1974. 🤨 ></document>
<documentent> #USER# #USER# Wait, #HASHTAG# dis women? Are we really defining this hill?🤔 </document>
<document> #USER# #USER# #USER# #USER# #USER# #USER# It is true that Germany accepts the flight of Jews from Ukraine for a long stay while non-Jews from Ukraine do not receive the same treatment ? #URL# </document>
<document> #USER# #USER# #USER# #USER# #USER# #USER# #USER# #USER# #USER# #USER# #USER# #USER# #USER# #USER# #USER# #USER # #USER# #USER# #USER# #USER# Every big liberal-run city is riddled with crime, crime has increased since Brandon took office, and all liberal-run democratic cities are crime-ridden. >></document>
<document> Yeovil is now paying the price for a one-party state that has fueled complacency and allowed the liberals to act as an authoritarian party. 3/3 </document>
<document> The hugely overlooked role of female slave owners #URL# ~#USER#~ </document>
<document> Are there pro bono attorneys on hand to file class action suits regarding the suppression and denial of the right to vote and the process to reinstate a vote? DOJ/Garland should be IN THIS YESTERDAY! #URL# </document>
<document> #USER# #USER# #USER# Exactly. Tonight I saw loads of men say 'why didn't women speak up' and these women swimmers must boycott not realizing they have scholarships to protect </document>
<document> #USER# #USER# #USER# You said he should compete with men and have " around women which is literally what you did </document>
<document> #USER# I'm not surprised #HASHTAG# removed the video. You can read and see it here: #URL#
Thankfully the attacker was charged with a hate crime</document>
<document> #USER# Women are to be loved and cherished. Not attacked and victimized. >></document>
<document> #HASHTAG# is also a 'safe space' (a highly valued term in #HASHTAG#) for women &amp; more girls?
#USER# #USER# #USER#
#HASHTAG# #HASHTAG# #HASHTAG# #HASHTAG# #HASHTAG# #HASHTAG# #HASHTAG#
#HASHTAG# #URL# </document>
<document> #USER# It seems the Democrats over there punish people who disagree with them. I can't tell any difference </document>
<document> Those "old farmers" from England are #HASHTAG# heritage of immigrants. They were "aliens" running around and where they were more advanced. True natives of the Americas will never be avenged, until #HASHTAG#. We continue to fight racism in a land alien to oppressors. 🙃🤔😁😁 >></document>
<document> #USER# #USER# No effect on you but many young women . What if one of his competitors is your daughter? It's not right. By the way, nobody is saying that he can't identify S as a girl. Don't let it compete </document>
<document> It's a shame when women hit ALL men, same when men slander them.nIt's an invigorating, liberating feeling! You are no longer #HASHTAG#.nYou are manufacturing what #HASHTAG# #HASHTAG# is and who manufactures society. Individual products self-destruct before establishing a family. >></document>
<document> Clerk Those who denied marriage licenses to gay couples violated constitutional rights, finds the federal judge
#URL# </document>
<document> “Men and women are equal in every respect, women can do anything a man can do”

I agree, let's make sport gender neutral!

"NO!!! It would be completely unfair to have women compete against men!!!”

????????? >></document>
<document> #USER# WTF Does it matter if you don't get vaccinated anyway? You can choose not to get vaccinated remember? Everyone talk about freedom, then take freedom away from women and LGBTQIA+ Americans. #HASHTAG# #HASHTAG# ></document>
<document> #USER# #USER# #USER# #USER# #USER# #USER# #USER# #USER# Medically you cannot give an XY woman the same sexual care as an XX woman. Your version of biology would lead us to say that many cis women should be left to their own devices. >></document>
<document> #USER# #USER# #USER# #USER# It's called cash-grabbing and after the Weinsteins case almost every major Hollywood player has been accused by multiple women. See Danny masterson for example. These are similar to Deshaun Watson (also similar time periods) </document>
<document> You're here giving women a bad name everywhere in the gym with this stupid shit, stop it. If you don't want to be disturbed, go to a private gym. #URL# </document>
<document> Child trafficking before our eyes.
These judges, doctors, CPS &amp; Idaho cops, report them all!
#HASHTAG#
#HASHTAG#

#HASHTAG#
#HASHTAG#
#HASHTAG# </document>
<document> #USER# not even Democrats who supposedly don't accept corporate money </document>
<document> WE ARE EXCITED to offer a new product for you. Buy here: #URL# #URL# </document>
<document> Everyone in America is equal. (don't fucking disturb me)

The only inequality is that WOMEN are shitted via patriarchy.

WAKE UP THE CHURCHES FUCK US</document>
<document>Serial Rapist Who Killed Plano, Fort Worth Women Sentenced To Life #URL# </document>
<document> #USER# 1/I disagree with this interpretation. BUT, I also think there are a lot more black conservatives than people realize. I think black conservatives are often misunderstood because of the way they get their message across and the issues around class within our community. I say this as someone </document>
<document> I do #HASHTAG# I want to hide.nThe best world for me?nIt's not fighting.nLike marines, or any militarin"Be ALL you can be!"nI AM, everything is learning or competition. If #HASHTAG# I hear, I lose with mockery.nMy fault. I am zealous!n This is my problem. Solution? Leave them be.🙏🏿😁 >>
<document> #USER#

In his demon form he glances at the women in front of him. He wondered if she was afraid of him.

"Do I scare you woman?" #URL# </document>
<document> #USER# #USER# Oh come on. Putin's henchmen only kill women and children. I'd like to see what NATO would do to Russia's pathetic army and navy. >></document>
<documentt> How come no one told me about this HBO max documentary about the gay scene in Lagos??? >></document>
<document> you stupid: duh Nathan Robinson, nice gay plantation owner suit

Nathan Robinson *fake British accent*: I'm going to fuck your bitch</document>
<document> #USER# #USER# #USER# #USER# #USER# Women attacked JK Rowlings the most </document>
<document> #USER# #USER# #USER# Democrats are far more subtle at subverting the secret ballot. >></document>
<document> #USER# TRUE equality is not having separation between men and women... but we all know how it would end </document>
<document> #USER# Thank you, Rep. Maloney for your continued attention to veterans like me and your tremendous fight to keep Veterans Administration Hospital and facilities open! With love, Pamela and Walter </document>
<document> #USER# #USER# #USER# Oh, your parents never taught you that not being found guilty doesn't make you innocent. It probably would have been the same day you were taught to respect women and you were sick. >></document>
<document> #USER# You obsess over trans people the same way your racist uncles obsess over their target minorities. This is the extremely bona fide comparison. >></document>
<document> #USER# You left "military attack" pending. You're hinting at the Zerzetsen Torture without actually saying it. You must provide evidence that a no contact policy creates victims. You need an identified:

• Aggressor
• Location
• Counting of victims

You are ready to #HASHTAG# </document>
<document> trying to fast during 2 holidays next week, honestly i should just tell my family i'm vegan so they'll stop trying to feed me shit </document>
<document> #USER# 69 cause haha ​​funny number and i love women too #URL# </document>
<document> #USER# stays up at night terrorized by Muslim families he hasn't discriminated against yet #URL# </document>
<document> #USER# From my Grozny &amp; Aleppo Playbook
1 - Bombing civilians to create millions of refugees.
2 - Financing far-right and anti-refugee parties to build consensus and spread conspiracy theories.
3 - Ask far left parties to help &amp; distract with false comparisons &amp; whataboutism
4 -Repeat </document>
<document> Shock-horror! Larry Fink is so #HASHTAG# but still #HASHTAG# Equity Dividend Fund $MADVX had 5.43% invested in military weapons stocks, with $1.19 BILLION invested in 6 #URL# stock holdings - via #HASHTAG# and even in Russia! Sorry! #URL# ></document>
<document> #USER# They have not been convicted of any sexual misconduct, and innocent men are systematically incarcerated behind horrific women who falsely accuse of sexual assault. Is due process of justice not allowed? >></document>
<document> #USER# You know that more than 10,000 Russian soldiers are already dead or in captivity. Photos from our newspaper. mothers are looking for their sons, who are actually doing their military service and are now dying in a meaningless war. How does Putin intend to explain all this to mothers? #URL# </document>
<document> #USER# #USER# #USER# No. But I think men shouldn't compete with women. This is like endorsing steroids for competition. >></document>
<document> #USER# Equating "cavemen" with being religious is where you Pakjeets are inherently westernized secular atheists. This is in your nature. >></document>
<document> Girl Scout alumni often apply the skills they learn organizing to their later lives. Here are some eye-opening life lessons from a former Girl Scout.

#URL#

#HASHTAG# #HASHTAG# #HASHTAG# #HASHTAG# #HASHTAG# #HASHTAG# #URL# </document>
<document> #USER# #USER# Democrats

Enjoy our underfunded schools with a side of leftist propaganda that unions may or may not leave open

OR

republicans

Choice of school for everyone 😊 </document>
<document> I haven't played it and I don't plan to anytime soon, but the persona 4 protagonist looks like a closed gay guy </document>
<document>H&amp;M is a great store to shop at if you want to dress like the date rapists did in 2016</document>
<document> I NEED to know the kind of dick he's throwing to get these women jittery #URL# </document>
<document> Republicans and Democrats can agree that there are other ways to deal with crime and punishment.
#URL# </document>
<document> #USER# And then what happens when there are 3 men taking all 3 olympic medals from women, or the entire women's olympic team is made up of men? >></document>
<document> This is #HASHTAG# we "confess". Offer your darkness to #HASHTAG#.nALL priests wear robes, but #HASHTAG# represents #HASHTAG#.nThat's the enemy! By imitating what is holy, perverting more holiness and perfection to the honest direction. The only "evil" is "by version" of perfection.🙏🏿 ></document>
<document> Does anyone know where I can buy vegan mead? >></document>
<document> When the rich started making fun of me, I should have known that they would use me for advertising. #HASHTAG# a new opponent, using others to gain.n#HASHTAG#! There is a limit, if it affects my spirit.😁🚫🚮 >>
<document> Florida's "Don't Say Gay" Bill Is Obnoxious &amp; Discriminatory. Disney donated to the people behind it. #HASHTAG# #URL# </document>
<document> Why a biological man can compete with women when the advantages are clear #URL# </document>
<document> #USER# if I have to spend money on a site where I only see naked women online, I find billions of them... I'd rather have dinner with a woman, rent a hotel and fuck all night long #URL# >< /document>
<document> #USER# How ironic they played t.A.T.u. behind, a group of rebellious LGBT Russian girls </document>
<document> Something that gives me sparks!nnMen belittling women, domination is appreciated #HASHTAG# making trophies or any point. Unless you're on the other side of what greases.😇😁nWomen who get discouragedged. This is guaranteed without men being brought up to come forward, even if it's a friend. >></document>
<document> #USER# If it's about women's safety in sports, then why isn't he angry that a qb about to be deposed for sexual assault isn't persona non grata in the nfl? Or that the Portland Thors ownership wasn't forced to sell? >></document>
<document> This imo isn't even toxic, it's just clever lol. It doesn't even matter if he does something that isn't 100% what I want, at least I know you're thinking of me or consider me &amp; that is literally all women want. #URL# </document>
<document> They have what is called contempt for anyone who logs into their program. Whether it's the government or stubborn Christians, I like to be the night before it gets bright. I #HASHTAG# convince, you should condemn yourself. When you see me, tell me something different. Like I'm lying.🤔😁</document>
<document>You can argue that it's unfair for a transgender woman to win a women's championship without being blatantly transphobic</document>
<document> #USER# Mediocre men define themselves as women in order to win a competition. Shame on you...!!!🤬 </document>
<document> A great book with a fast-paced storyline, great characterizations, and inspiring events. Order "The Unicorn, the Mystery" now. #HASHTAG# #HASHTAG# #HASHTAG# #HASHTAG# #HASHTAG# #HASHTAG# #USER# Available on Amazon --&gt;#HASHTAG# #URL# ></document>
<document> Do women like the extra 6 feet? Great genetics, no matter where the spirit that you are both leads them to. nBecause without a physical presence there is no reason for essence. The math, it's simple arithmetic, you get what you live for. The battle of #HASHTAG# is #HASHTAG# race nor gender. >></document>
<document> the entire existence of chaplain services is anti-Christian, it is the church that blesses murderous children, it doesn't matter if it is in Russia or America or if it is Orthodox or Catholic </document>
<document> #USER# This is what they actually said. The first paragraph. A "fundamental right ... to express one's opinion [Holocaust denials, rape fantasies, black people are not fully human, etc.] in public without fear of being shamed or shunned."

It implies that avoiding them is a threat to freedom. #URL# </document>
<document>Tumblr caused irreparable brain damage to an entire generation of young women</document>
<document> They cannot hide who they are the party of slavery, the Democratic Party. Please respect my constitutional rights. And remember the slavery party and Jim Crow the Democrats. When you issue constitutional sentences. I love all my constitutional rights. #URL# </document>
<document> "If there are two things I know, it's women and exactly what will happen in the future" 🤣 ></document>
<document> Who is Todd Golden Wife Megan York? Family details on Jewish basketball coach hired by Florida Gators #URL# ></document>
<document> Yep, gotta love how this #HASHTAG# distracts from the global crisis unfolding

Liberals and conservatives who support capitalism don't care

They will prefer to post #HASHTAG# and #HASHTAG#

#HASHTAG# #URL# </document>
<document> #USER# Are you suggesting that these men failed to win in their own categories and subsequently tried to compete against the women? That's a valid theory, Will. >></document>
<document> Pensacola Catholic vs. UMS-Wright Prep | Florida High School Baseball 2022 Live Stream | Click Here Watch Live HD ==&gt; #URL# </document>
<document> 22 different women have charges against Watson and the Browns just say "here's $230 million!!!"

Disgusting. >></document>
<document> #USER# Pretty sure the Republicans would have agreed to supply the military equipment to Ukraine that Biden left behind with the Taliban. How many Americans are still left behind #USER#? #URL# </document>
<document> Sidebar: What the fuck did the studio do to Reese Witherspoon in that poster?? It's no wonder that society has given women a complex about their bodies. The 2000s were disgusting. I can assure you the poster above is Reese without the spoon. >></document>
<document> Your favorite rapper makes "gangster music" because the white/Jewish kids who own the label push that shit because it sells and because life is all about self-preservation.

It's a two-for-one deal because they no longer have to lift a finger to wipe your stupid ass. >></document>
<document> #USER# Many lgbt twitterers think so unfortunately. I would argue that the vast majority have this kind of mentality for whatever reason</document>
<document> The water is wide and I cannot cross it
Thinking it was a trusty tree
And only you know it
Nor do I have wings to fly
Nor do I have wings to fly
Gay like a jewel when new
But first it bent and then it broke</document>
<document> Ironically, most "powerful" men don't listen to their women or wives. When do they do it? They were already plotting against them.😁nIgnorance is bliss, unless you really try to dismiss the reality of tangible reality.nAre you #HASHTAG# used to hearing this.? The worst #HASHTAG# is old, trick. >></document>
<document> It took social media to drop the first public comments since losing the title last night to hometown favorite #USER# last night during the St. Patrick's Day slam edition of AEW Dynamite, where the former champion noted in her statement that she gave fans the best of explicit women >></document>
<document> #USER# but if funkos are funkos, they are not people and therefore gays are not real yet </document>
<document> #USER# Wow, $70,000 for sex with women over the age of 2 is $700 a week. >></document>
<document> Lyon County 11, Covington Catholic 10, 2:58, 1Q.

Lyons hung up early. >></document>
<document> #USER# #USER# No. The lockdown will come before the election. They will ship billions of ballots. The DemocRATS will have ballot pickers help citizens fill out the bassign. If they happen to vote for the wrong person, they will gladly switch it for them!!
#HASHTAG# </document>
<document> #HASHTAG#
 #HASHTAG# (peace be upon him) Said

 #HASHTAG# , #HASHTAG# assigns #HASHTAG# to #HASHTAG# . But when the #HASHTAG# does, it doesn't leave the #HASHTAG#.

Riyad as-Salihin 207

#HASHTAG#
#HASHTAG#
#HASHTAG# </document>
<document> #USER# Representative government in reality. Two competing batches of politicians telling us how bad the other is as they fight for the prize.
A truly stupid and divisive system that only serves the powers that be. 🇺🇦
#HASHTAG# </document>
<document> #USER# They are Christian #HASHTAG#. >></document>
<document> #USER# Okay, but they won't, because it would make trans people more difficult to normalize. They don't want you to believe in science when it doesn't fit their agenda. >></document>
<document> #USER# #USER# I appreciate you trying to help them, but even that is too simplistic.

Our tax dollars and our politicians have created this toxic landscape. Our government is doing to Ukraine what it did to Afghanistan in the 80s</document>
<document> #USER# #USER# brother, you have no knowledge of Islam, Islam is a global religion where no Arab is superior to a non-Arab, in fact 75% of Muslims in the world are non-Arabs. I am grateful to my ancestors who accepted the truth of Islam and saved us from ignorance. >></document>
<document> 8 Pieces Football Hair Scrunchies No Crease Football Hair Ties Football Hair Scrunchies Football Hair Accessories Elastic Hair Bands Ponytail Holder for Girls Women Players Football Teams (White) #URL# >< /document>
<document> I wish some girls would stop looking at older men talking to them as a sort of compliment.. girls, he can't attract women in his age group for a reason. >></document>
<document> #USER# #USER# No such thing as trans women. Just men pretending to be women and vice versa. >></document>
<document> We need #HASHTAG#! The LA Times column says it all: stop dividing immigrants into good and bad. #HASHTAG#! Email #USER# Budget/Finance Cmte. #USER# #USER# #USER# members on #URL# now!
#URL# </document>
<document> Gets paid to declare the issues black women have to overcome.🤔nYou are still loved! Whatever you do without #HASHTAG# is beneath you. Everyone's point of view in total, #HASHTAG# equals the blessing of #HASHTAG# in you. We are meant to be judges of angels, men get #HASHTAG# women get a little more. #URL# </document>
<document> China, Russia, Ukraine, Xi Jingpin, Vladimir Putin, White House, Joe Biden, Volodymyr Zelensky, Justin Trudeau, NACI, Health Canada, Covid-19, Pfizer, WHO, UK, EU, Israel, Naftali Bennett, Benjamin Netanyahu, Omicron, Booster, US Intelligence, US Military, Pentagon, NYPD, Ford, #URL# </document>
<document> #USER# #USER# #USER# #USER# #USER# #USER# Taliban Gets Ambassador If They Recoup Our Millions In Human Rights Deductions Blackface Spent On Real Estateif we get our millions 😂 #USER# #USER# ></document>
<document> #USER# You have a link, or good lawyers in case you get sued for libel. >></document>
<document> I don't think most people understand that the main source of all funding for research and technological development is military contracts: video game industry, machine learning, robotics, computing </document>
<document> #USER# Are you gay? 🤔

Now that I have your attention.. 🤦‍♂️

#USER# offers various organic growth services and helps NFT clients fill their discord, get ticks and much more.

Type the word "glitch" on #USER# to sell your NFT project! >></document>
<document> #USER# Anything the Democrats don't like is a "GOP talking point." Libraries are mentally lazy. Democrats literally send talking points to their news groups every day in the morning. >></document>
<document> Hey #USER# do you guys accept Browns refugees? >></document>
<document> #USER# "Hydrated but still very gay" is my new mantra! >></document>
<document> #USER# I was an asshole as a kid and even then 4chan disgusted me. My best friend never left that phase, he joined the army and last I heard before blocking him he was posting really awful memes about R*ttenho*se and kept cheating on his wife. >></document>
<document> #USER# #USER# Only women have this choice.!nMen give sperm, a #HASHTAG# if you want it.nThe man's choice is made. There is a lot of fun in investing in nothing. But I have been offered children. She was #HASHTAG#.☄👑💫 </document>
<document> #USER# #USER# #USER# #USER# #USER# #USER# #USER# #USER# #USER# #USER# #USER# #USER# #USER# #USER# #USER# #USER # #USER# #USER# #USER# #USER# #USER# #USER# #USER# #USER# #USER# #USER# #USER# #USER# #USER# #USER# #USER# Isn't that right? do you know Anna? They only worship women's bodies, not men's. >></document>
<document> #USER# keeping an open mind is fine, but defending innocence is embarrassing. people will even dismiss physical evidence like "rough sex" etc. there are some people in this world who will never believe women and women. it's so daunting. >></document>
<document> #USER# Mind you, this obviously excludes things like belittling the Virgin Mary (if you think she's a virgin it's irrelevant) like some Prot groups do to spite Catholics </document>
<document> #USER# #USER# Have you seen the dog that hides from gays? >></document>
<document> Forget how rich you are. I would pay #HASHTAG# without being guilty. If your lawyers are those dollars? You don't need to.n"The #HASHTAG# will set you free. But it will piss you off at first!"n😁🎶 #URL# ></document>
<document> #HASHTAG# has finally delivered harsh shock therapy to the sleeping Hindus who have slept through their genocide for 1400 years &amp; most recently during partition, mizoram, Kashmir
Jews didn't need Schindler's list to remind them of that
We Hindus needed a movie 😡

Better late than never </document>
<document> #USER# #USER# #USER# #USER# #USER##USER# And if Google, Facebook and Twitter are making billions of dollars from US military and intelligence contracts, don't you see a conflict of interest, i.e. the government deciding which voices to censor those platforms?

#URL# </document>
<document> I'll "Literally Fight You, Bitch": Over 100 Yale Law Students Ambush Free Speech Panel; cops called to escort speakers to safety #URL# RECEIVING FED MONEY SHOULD BE CARRIED UNTIL THEY AGREE TO EXPULATE THESE DANGEROUS VIOLENT STUDENTS FROM SCHOOLS! >></document>
<document> #USER# #USER# I'm smart enough to know that no politician has our backs. They too are not paid. But I'm also smart enough to read the mask studies against respiratory viruses and they are pretty clear. Masks are absolutely useless against respiratory viruses. >></document>
<document> #USER# #USER# #USER# My 2 bed and duel fuel £85 a month has good insulation my thermostat is on between 10-17c and the house is warm enough sometimes too warm most of the time time 12c is sufficient good insulation of the house is key </document>
<document> My neighbor says "we have to slaughter all the homeless, it's the only way"

and I was like 'oh god, this is so wrong' ></document>
<document> #USER# So you didn't notice those shirts were in military dress? Similar to the UK? Not formal but appropriate? Interesting. He wasn't wearing a track suit. Nor did he seem superior to the others.
He was dressed appropriately. If other countries or politicians felt offended (grow up) </document>
<document> AND THINK it's TALENT when it comes to WHO RUNS SOCIAL MEDIA BECAUSE THEY CREATE REALITY #HASHTAG# IN BLACKFACE showing his JEWISH ALLIANCES WHILE PRETENDING TO BE BLACK #HASHTAG# #USER# #URL# >< /document>
<document> #USER# #USER# #USER# empty promises

please act now on #HASHTAG# for H visa dependent women awaiting work authorization renewal

for 20 years H1 Primary and H4 derived questions have been processed SIMULTANEOUSLY in the past

why family separation for legal immigrants now? >></document>
<document> #USER# I mean, it's going to be a scene, but there are kids there and she shouldn't use that word in public around them. Ask nicely, wait for it to explode while someone records, then call the police. >></document>
<document> Another example of a mediocre male athlete suddenly becoming world class after transitioning.

Beats female opposition by over two seconds.

Tell me again how there is no biological benefit because this is just total bullshit.

It is the cancellation of women's sport. #URL# </document>
<document> #USER# Growing Spanish Catholic in one tweet </document>
<document> #USER# Since when is pretending this behavior normal and useful? It is not. And it's unloving to pretend to be women. They are men.
 He's also not loving to the women they're replacing. >></document>
<document> #USER# Even if we're lucky enough to surpass the Democrats' cheating genius, we still have that buffoon executive orders to contend with. Hold on, everyone. >></document>
<document> #USER# Fake results are all I see from that photo, women need to stand up and get their sports back.

"Trans" shouldn't compete with real women, and that South Park wasn't lying. This is what I see #URL# </document>
<document> And compared to Fall River, the people here are more relatable (I'm not saying because I'm around a lot more black people) but the truth is, it's hard to feel comfortable in a school full of whites that I always used to be so awkward but I feel so much better here </document>
<document> I am very happy and grateful. I #HASHTAG# like other people in pain to validate what I say. But they volunteered to stand in front of me, 🤔 above me like a "wall". They were tall. I thank #HASHTAG# for trusting me in #HASHTAG# my high priest.🙏🏿🤗🙏🏿🍿n#HASHTAG# the fall. >></document>
<document> #USER# #USER# #USER# Everything was filmed and photographed. There were also witnesses to some of the events.

Why do you think Parler was shut down? It's because a lot of the evidence against the Democrats could be found on Parler. But now everyone has copies. >></document>
<document> #USER# Let's hope the Russian military leaders get tired of seeing their "military might" being wiped out and deal with it </document>
<document> #USER# I know, that's part of what makes it so ridiculous. Even Democrats are now calling for a map with fewer Democratic districts because perfect proportionality stretches their constituents too far and makes districts too competitive for comfort. >></document>
<document> women's jackets best price | Women's Chevron London Fog coat with faux fur trim
#URL# </document>
<document> 🚨 | REQUEST:

What about the 10,000 Irish homeless Gav? Don't they matter? #URL# </document>
<document> 💻In last week's online extremist content:
▪️ISIS names the new caliph
▪️Content promoting the Christchurch terrorist, including video of the attack, still online
▪️Video of the Atomwaffen division, anti-Semitic propaganda on Instagram
#URL# </document>
<document> I love when men act as if women are this endangered and protected species.
NO.
In the real world, everyone talks shit about women all the time. It's awful. Women are probably required to be more closely scrutinized than men.
Society sucks for everyone. Stop acting like your suffering is so special. >></document>
<document> #USER# I'm pro-choice. Until we have 100% effective and reversible birth control for BOTH men and women, there should be no discussion </document>
<document> #USER# Liberals believe in personal freedom, more libertarian, freedom of speech; I disagree with what you say, but I will defend your right to say so

The left is more authoritarian and prefers to silence dissenting opinions.

I think progressives are somewhere in between. >></document>
<document> #USER# Must leave the Order. She has abandoned her Catholic values ​​to be carefulor others. There is no room for self-centeredness in religious orders. #HASHTAG# #HASHTAG#. The Pope encourages vaccination so he has no reason for his request. >></document>
<document> Check out this listing I just added to my #HASHTAG# closet: Women's Cliffs by White Mountain Hearty Booties, Neutral Color-Size 8. #URL# #HASHTAG# #USER# </document>
<document> #USER# Looks like Karen calling the police lol </document>
<document> #USER# #USER# #USER# #USER# Anthony has NO military training. He is NOT a combat medic. Has an expired EMR certificate. >></document>
<document> #USER# #USER# Does anyone really care about this, except strong-willed conservatives who have nothing of importance to complain about? Ted Cruz would complain about wearing a mask even if his plane lost power to all engines and his end was imminent. >></document>
<document> #USER# #USER# No, I think he's saying he wasn't the best male swimmer, so he tried to join the women. He's still a boy. Ruining women's sport. >></document>
<document> #USER# Conservatives are so classy. This guy is the definition of a rube. >></document>
<document> Obviously, this means that some of these Democrats will not vote for democratic policies or will water them down. Better to get a solid majority and then just get to navigate the realities of government. >></document>
<document> 1511 Member Services Officer 3-Relationship Specialist - San Luis Obispo CA
#URL# #URL# </document>
<document> #USER# #USER# #USER# is that you? You rancid garbage bag of piroshki and you. You've bewitched the Victorian pencil. #HASHTAG# #HASHTAG# #HASHTAG# #HASHTAG# #HASHTAG# #HASHTAG#out #URL# </document>

</author>