
	
		<document> Any crappy movie showing Muslims in bad light releases

Le Savarna: #URL# ></document>
		<document> #USER# fun fact: russia has the 2nd most powerful military in the world ></document>
		<document> #USER# 4 trans women competed in the Olympics. None of them won anything. ></document>
		<document> #USER# #USER# #USER# Somebody get Captain Ahab here a straight jacket before he commits a hate crime.

Seriously, you need reporting to the cops for your obsession with these LGBT students. ></document>
		<document> also they’re saying they didn’t do this unprovoked like that makes it any better to pine women against eachother? ></document>
		<document> HRA and #USER# are celebrating March Women's History Month by inviting you to join our webinar: Empowering Women - Break the Bias on Wealth Equity. #URL#
 #HASHTAG# #HASHTAG# #HASHTAG# #URL# ></document>
		<document> #USER# #USER# #USER# Well I guess that should get rid of 159 Liberals and 25 NDP MPs! For supporting vaccine mandates for federal employees to get the vaccine or lose your job. #USER# #USER# so I 100% agree with you! ></document>
		<document> #USER# #USER# #USER# Tryout for any professional sport, let me know how that goes. All humans are on a spectrum of biology that either favor them athletically or don't. My money is on millions of women being able to best you in any given sport and vise versa. ></document>
		<document> #USER# What if these tubby cats hopped from one chain into a terrorist wallet? ></document>
		<document> Ohh wow Congrats Nick...and one of the other judges is Shakira...kool ! #URL# ></document>
		<document> Democrats have The Squad. Republicans have The Goon Squad. ></document>
		<document> #USER# #USER# Come on, man, this is offensive. I'm no snowflake but the marginalization of indigenous people while simultaneously exploiting them commercially is pretty disgusting. ></document>
		<document> #USER# Oregon’s Top Children’s Hospital Teaches Young Boys To ‘Tuck’ Their Genitals, Directs Kids To Sex Shop

Just what the weird faction of Democrats push.  What's your opinion ...... DOC....? ></document>
		<document> The Wolfpack women 400 medley relay of Katharine Berkoff (49.25), Sophie Hansson (56.67), Kylee Alons (50.28), and Abby Arens (47.09) go 3:23.29 for the FASTEST TIME IN SCHOOL HISTORY taking second place. ❤️‍🔥❤️‍🔥❤️‍🔥❤️‍🔥 ></document>
		<document> #USER# Pl safeguarded these judges and initiate action against the hooligans from TN.. TN is a tacit supporter under DMK regime and the IGP is a mere pawn in the ruling party’s hands #URL# ></document>
		<document> #USER# #USER# #USER# Because that is what I posted about  teaching sex to children, And  you commented on that, and we began this conversation.
You say LGBT makes up 5%, and say there is 15% of the children  that are taught in their religion Muslim or Christianity that's that lifestyle is wrong, ></document>
		<document> A man to weak to compete against men! So he dresses like a female to compete against women! So unfair and the end of Women’s Sports. #HASHTAG# #URL# ></document>
		<document> #USER# If she didn’t start transitioning until 2019, it’s absolutely asinine that she gets to compete against women. She spent MOST of her life growing into the body composition of a man, and they separate sports by gender for a reason. ></document>
		<document> #USER# #USER# #USER# #USER# This sounds a conversation you should be having with Dr. Ivy, not me.

As a member of the dominant majority here (cis), my response is to give the benefit of the doubt to marginalized people when they assume things that are rational given their experiences with constant bigotry. ></document>
		<document> #USER# #USER# #USER# #USER# #USER# #USER# 
Beating up women is empowering.🤡🤣 Just identify as a woman and call it a cat fight. #URL# ></document>
		<document> #HASHTAG#: We will continue the military operation until we implement "all our plans" in Ukraine

#HASHTAG# #HASHTAG# #HASHTAG# #HASHTAG#Russia #HASHTAG#UnderAttaсk #HASHTAG#War
#URL#
  #HASHTAG# #HASHTAG#ese ></document>
		<document> Luann de Lesseps is speaking out after reports circulated that she was kicked out of a gay bar 
#URL# ></document>
		<document> Ivory Leg Warmers Knit Lace Leaf Cable One Size Ladies Legwarmers Stretch NEW #HASHTAG#🇺🇸 #HASHTAG# #HASHTAG# #HASHTAG# #URL# ></document>
		<document> Most anti-choicers don't see fetuses as people. nnThey see women as not people but baby factories. #HASHTAG# #URL# ></document>
		<document> No one knows what's going on in the state of Washington why do we have so many pedophiles in the state of Washington when they should already be hanging for what they did as a crime ></document>
		<document> #HASHTAG# from my #HASHTAG# Letters Of Life Incarcerated Women Write Their Younger Selves 
#URL# 
#HASHTAG# 
This book is the result of a #HASHTAG# class assignment. 
These are their words.
Let them speak to you by getting the #HASHTAG# 
#HASHTAG#promotion #URL# ></document>
		<document> DMoose Hot Sweat Sauna Suit for Weight Loss, 2 Pc. Set, Top and Bottom Full Body Workout Wear for Women and Men, Supports Running, Cycling, (Black/Red, 3X-Large) #URL# ></document>
		<document> #USER# Hey Liberals, if you manage to hold onto power today, get rid of this guy as your leader to really move forward. ></document>
		<document> #USER# your family waited all those years to release the tiniest bit of information just to set me up for complete rejection from lawyers - also helping assist in removing child victim rights from law so you guys cant give anything up - ></document>
		<document> #USER# I'd be totally open to hearing it. AEW was sold to me as the antidote. Gay and trans wrestlers being able to present themselves on their own terms. If I'm wrong I'm ready to check out on pro-wrestling again ></document>
		<document> My deepest, most heartfelt sympathy goes out to all female Browns fans.

I’m so sorry that your favorite NFL team doesn’t care about you (or any of us women, for that matter). 
💔 ></document>
		<document> #USER# #USER# #USER# #USER# Nowhere in your article does it say that 8 women testified. You really can't read, can you? Not even to prove your own point. ></document>
		<document> and women have shown me more affection and express themselves better. they show more confidence when expressing how they feel and take rejection like a normal person..i have to hear someone likes me through a friend of the guy that likes me. ></document>
		<document> #USER# Ukrainian membership in NATO would provide a military shield to shelter such a democracy. EU membership will have similar effect. ></document>
		<document> #USER# I dont care!! Youll never be a straight man, you can cope all u want with those dumb ass twitter meme, u are a gay boy! U will stay a gay boy. ></document>
		<document> #USER# #USER# Stop fucking pretending. Have you ever spoken out about unequal pay in sports? Have you ever spoken out about sexual abuse in sports? Have you ever spoken about the lack of medical knowledge for women in sports medicine? Do you even pay attention? No. So sit down. ></document>
		<document> Please #HASHTAG# and help control the homeless animal population. #HASHTAG# #HASHTAG# #URL# ></document>
		<document> #USER# #USER# #USER# It is ALL designed to take the focus off the absolutely shambolic farce of a govt re the floods, fires, vaccines, military stuff ups, Jobkeeper corruption etc etc..take absolutely zero notice of it... ></document>
		<document> Making DEMANDS ON A WAR YOU YOURSELF started... YOU ARE A TERRORIST!!!!! #HASHTAG# #HASHTAG# #HASHTAG# #HASHTAG#
"Russian missiles strike western Ukrainian city of Lviv, near the Polish border"  #URL# ></document>
		<document> Horny gay guys send me your dicks #HASHTAG# ></document>
		<document> #USER# Any objectors to the appt of this overly qualified candidate, more qualified than the sitting Judges,are simply not doing their jobs &amp; obeying their oaths!They are wasting valuable Gov’t resources when there are nominees for jobs with the Federal Reserve that need to placed! ></document>
		<document> “When I was in the third grade I thought that I was gay, because I could draw an-” #URL# ></document>
		<document> #USER# I don’t understand why lgbt people don’t go to (and help promote) the Gay Olympics. 🤔 ></document>
		<document> #USER# Even Nazis like music.  So what is your point?  They also like killing unarmed men women and children in the Donbass. ></document>
		<document> Imagine sexually assaulting 22 different women and then becoming the highest guaranteed paid player in NFL history… idc if he “beat the case”, it’s absolutely disgusting man #URL# ></document>
		<document> #USER# #USER# #USER# #USER# First israel isn't killing Palestinians 
Second, Arab Palestinians never accepted Jewish refugees, not even during WW2 . ></document>
		<document> 🥎 NCAA Women’s Softball 🥎 

1-0 +1u 💰

Oklahoma St ML (-150) 💰

YTD: 45-31 +34.89u 💰

Nice and easy. #URL# ></document>
		<document> #USER# #USER# Had Lia fully transitioned with bottom surgery and hormone replacement? Female athletes are not allowed to inject testosterone so trans women with male-level testosterone should be disqualified as well. There are ways to level playing field but new rules need to be implemented. ></document>
		<document> Just like any other woman? 99.99% of women most men know have something between their legs that you don’t. #URL# ></document>
		<document> #USER# #USER# #USER# #USER# #USER# #USER# #USER# How can you not establish a #HASHTAG#?How can you not send the military aid #USER# is asking?How can you not do more?This is genocide! Help &amp; save Ukraine🇺🇦Now!#HASHTAG# #URL# ></document>
		<document> She has balls alright!  Caitlyn Jenner dismisses criticism of trans athlete stance: I 'had the balls to stand up for women' in sports

#URL# ></document>
		<document> #USER# #USER# #USER# #USER# You’re the biggest idiot on Twitter today.  That’s a hard feat to accomplish. Nice! The only discrimination here is against the women athletes.  This MAN can pretend to be a woman all he wants.  Cool!  But it’s still nothing more than pretending, which he needs to do against men. ></document>
		<document> So my parents watched #HASHTAG#. Amma, who like me and my sister is absolutely anti BJP said the movie is good. It showed what actually happened in the 90s. It did not demonize the Muslim community but the terrorists and the politicians who did nothing to.. ></document>
		<document> #USER# the women here are substantially better than the men but 80% of them are just beach pics with absolutely no profile info or it's shit like this #URL# ></document>
		<document> #USER# I love slim women so never lol 😂 ></document>
		<document> Good assessment of Russia’s many military flubs in #HASHTAG#

Could change tomorrow 

But important storyline s this could be Russia’s (second) Vietnam

And Putin’s comedown #URL# ></document>
		<document> All in all, what Amma said is it is people who are perceiving this film to be Hindu va muslim but it’s not. She also said the makers conveniently forgot to talk about VP Singh who was the then PM in coalition with the BJP. ></document>
		<document> #USER# Most stations: "Rebels destroy Death Star"
Fox/OANN/RT: "Antifa destroys Freedom Star" ></document>
		<document> #USER# That's a tough one. I would be impressed that she control everyone so well. but it's at the expense of women who have worked really hard to be where they are and so that would be despicable ></document>
		<document> #USER# #USER# #USER# Not reading all this shit but damn you’re fucking stupid if you believe he’s a supporter of LGBT and not using the gay community like every other corporation because he realizes it gives him a following and saying anything against it now would ruin his career. Lmao idiot ></document>
		<document> #USER# #USER# What #USER# will not say is, wearing hijab in Grand Mosque is mandatory for women and these hijabs are available for loan just outside the Grand mosque. Anyone who has visited this tourist attraction will confirm this Zafar. #URL# ></document>
		<document> LMFAO NPCS STILL COPING AND SEETHING OVER #HASHTAG# LOL FUCKING PIECES OF SHIT SIMPING FOR PEDOPHILES AND VIOLENT CRIMINALS THAT WERE KILLED IN SELF DEFENSE HAHAHA #URL# ></document>
		<document> #USER# Cisgender women? We are called women. Women have a pair of XX chromosomes. Unless you have it, you are not a woman. ></document>
		<document> That was also before any provocations by the Berkeley Aristocrats

Who called the Cops on me before the provocations? ></document>
		<document> #USER# #USER# #USER# Fun fact:Commissaries &amp; Sam’s Clubs in different regions carry different brands. Since you retired/served from the military (just like us)…you already knew that. 

Anyhoo…I’m not going to do what you did 2 Yvette. I’m going to outright say bs 2U vs your passive aggressive mess. ></document>
		<document> Deshaun Watson gets to sexually assault 20 women and gets rewarded with 230 million dollars . What a country we live in! ></document>
		<document> #USER# #USER# #USER# Even if we are talking about America, did they forget that there was a whole terrorist attack at a gay bar a couple of years back??? ></document>
		<document> #USER# #USER# HIS name may be “Lia” but HE is a MAN and knows he has no business competing against women. He’s a wuss and can’t win against men so he needed to do this. It’s disgusting. ></document>
		<document> #USER# #USER# #USER# Tweets like yours are why progressives have zero credibility. FL schools don’t teach 5-8 yr olds about sex now the bill just legalizes it. NO child needs to be mentally confused by progressive teachers ‘science denial’ of 2 sexes boy/girl man/women creating insecurity issues ></document>
		<document> #USER# #USER# Nope. No-one needs to mutilate themselves, they can dress how they want, hang out with who they want. They won't ever be women, with or without a dick,so they need to stay away from women's sport. Therapy for their fetish/delusions may help. ></document>
		<document> #USER# #USER# #USER# #USER# #USER# Men don't compete against women especially college sports or they have an advantage ></document>
		<document> #USER# Women out here cheating on free men never mind the ones in jail. That coochie ain't gonna feel the same when he gets home. 😂 ></document>
		<document> It kills me that Women act like they HAVE to put up with BS 😂 #URL# ></document>
		<document> #USER# #USER# #USER# OMG, the no knock bill should’ve said “Allow felons to arm, position w/ illegal guns while cops knock!” Court Proof-read? I do know zero “easily spooked officers allowed” ></document>
		<document> LA TO CLEAR HOMELESS ENCAMPMENT IN LITTLE TOKYO, SPARKING MIXED REACTIONS WITHIN THE COMMUNITY
#URL# ></document>
		<document> #USER# The US Government created 3 generations of indentured servants with a criminal student loan scheme. Criminal politicians want to keep it going. Pell grants are the bait. #HASHTAG# ></document>
		<document> #USER# #USER# #USER# #USER# #USER# Might I recommend Afghanistan? They hate women’s rights (and women in general), gays, intellectuals, and (most importantly) secularism! You won’t find any socialism there. Anything and everything is up to the whims of the private sector. Unlimited gun freedom too! ></document>
		<document> Southeastern Names Nathan Gillespie Head Women's Soccer Coach #URL# ></document>
		<document> #USER# #USER# #USER# Latin-America was exposed to Soviet propaganda for a half century, even gay people support Putin. ></document>
		<document> Lmaoo Balvin better be calling them lawyers ></document>
		<document> I am spider man

I am joking, I am the homeless crack addict GIVE ME YOUR MONEY ></document>
		<document> #USER# Greeting Beloveds and May the lord be with you as you see this message. We are Charity Organizations and here for those who are willing and kindhearted to make donation for Ukraine 🇺🇦 with our media.  As to the current crisis in Ukraine 🇺🇦 many have been homeless and suffering ></document>
		<document> #USER# #USER# #USER# Conservatives taking care of libs like it’s 2022 election season. Let’s get that red wave rolling. ></document>
		<document> #USER# Hi there I am always willing to chat with a beautiful women ></document>
		<document> #USER# The Mere Fact 
That Bills “Have” To Be Passed For Black People To Freely VOTE; Or Wear Their HAIR, How They Choose, 
Says A LOT More Then What We’re Really Talking About. ></document>
		<document> #USER# #USER# You political statement about Disney demonstrates a complete inability to think critically. You’re so woke that you’re content to sit idly by as Women’s sports are under attack. These three girls have more courage than you ever will. #URL# ></document>
		<document> Was Coach Payne at the baseball game or does he only support women's basketball? ></document>
		<document> Planning shit with black people is stressful af ></document>
		<document> #USER# Ha, Putin fanboys can’t watch the new matrix either, it was made by trans people. ;) ></document>
		<document> #USER# #USER# Beautiful women are goddamn terrifying. I fall asleep to movies like human centipede too like no. That’s the one thing man ></document>
		<document> #USER# you should modeling how to minimize the anti-muslim sentiment after such an attack. #HASHTAG# ></document>
		<document> YouTube music be like “good evening gay” #URL# ></document>
		<document> A black man's thinking never goes beyond the length of his nose. We fight over crumbs. We normalise calling *investors* to munch our resources, they carry the bag to *foreign* lands. They point you to foreigners and you say Yes bãss.
Cry my beloved Africa. Tables don't turn!!! ></document>
		<document> #USER# #USER# Argument with friend about Trump gave my mother a stroke. Immigrants treated her in hospital. #HASHTAG# #HASHTAG# ></document>
		<document> #USER# Are you gay ? 🤔

Now that I have your attention.. 🤦‍♂️

#USER# offers various organic growth services and help NFT clients fill their discord, get mints and much more.

Dm the word « glitch » on #USER# to sell out your NFT project! ></document>
		<document> #USER# #USER# #USER# Kyle specializes in taking out convicted pedophiles. No wonder you people want him out of the country. ></document>
		<document> Lia Thomas ties for fifth in 200 freestyle, is ignored by competitors as she exits pool

#URL#

She’s purposely blown races in the past, you gotta wonder if she’s finally figured it out, and is letting bio women win…..too little too late Lia. ></document>
		<document> Another side effect of #HASHTAG# war on nations. This whole belt is experiencing a see of covid cases in last few weeks. Movement of refugees might be leading to this spread. 

a. Germany/Austria HIGHEST daily cases so far
b. Poland/Denmark/Italy/France/UK /Netherlands/Belgium #URL# ></document>
		<document> Lauren Ralph Lauren Size 10 Metallic-Stripe Ring Front Strapless Tankini Top $94 #HASHTAG#🇺🇸 #HASHTAG# #HASHTAG# #URL# ></document>
		<document> Aid Group Welcomes Ukraine Refugees With Hot Meal in Poland #URL# via #USER# ></document>
		<document> #USER# "Where are all the feminists?" Damn, that's fun to read. ></document>
		<document> #USER# and 80 million voters voted for Biden. Your right about American arrogance but there is also a very real fear for US politicians to be seen to support dictators. The fact they support dictators behind the scenes through the Military and the CIA is another matter of course. ></document>
		<document> women drive bad cuz heels and eyelashes ></document>
		<document> When it's more important to libs to be "woke" than to stand for real women's issues. #URL# ></document>
		<document> I didn’t know being vegan was going to be so difficult for a hungry passenger waiting for a connecting flight at #USER# #HASHTAG# ></document>
		<document> #USER# #USER# Senan you’re a fucking creep, why don’t you just stop bullying and beating women up… and making fake accounts to stalk on this ex and now your newest ex. Loser ></document>
		<document> #USER# About time! Japan has been making strategic investments in manufacturing facilities in India.  

Trump was the last President closest ties with India promised to jointly develop military aircrafts and weapons.  

How quickly the world has changed since then! ></document>
		<document> Why America Should Not Deepen Its Military Involvement in Ukraine #URL# ></document>
		<document> #USER# "Democrats are lawless and will do anything to gain power." #HASHTAG# ></document>
		<document> #USER# #USER# #USER# She placed 5th in the 200. This is not some epic own, it is one example amidst countless, but since it is one of the rare instances of a trans woman actually winning people are using it as an indictment against trans women in all of sports. ></document>
		<document> #USER# #USER# #USER# #USER# #USER# Tabby was her mocking the left and trans women she’s embarrassed by. She’s said so openly. ></document>
		<document> It's pretty pathetic that the Democrats failed to field even ONE reality show star candidate. So stuck in the past! #HASHTAG# ></document>
		<document> #USER# Just stop - every thing Democrats do things get worse. ></document>
		<document> #USER# #USER# #USER# Was what the women did fine as well? They had no issue taking cash from an obviously wealthy guy......hmmmmm
Now they want more cash? Because suddenly what they did was inappropriate in their eyes even after doing it continuously? Sorry not buying it. ></document>
		<document> #USER# #USER# Yes, women do come in all shapes and sizes. Notice what's missing?

(((A penis))) ></document>
		<document> new to nsfw twt ! 
- call me kitty
- he/him
-submissive
-i need help exploring kinks
-gay
-15
#HASHTAG# #HASHTAG# #HASHTAG# ></document>
		<document> #USER# #USER# #USER# Two sportsmen die from heart attacks and the news is all about their achievements. No mention of issues or what may have caused their death.
A female politician dies and it is used to disrespect her and other women...repeatedly. Blaming them for her death. ></document>
		<document> #USER# Move all the women out and then these goofs would have no choice but to go fuck themselves. ></document>
		<document> #USER# #USER# #USER# #USER# #USER# #USER# #USER# What is wrong with pro life ? Trudeau should be excommunicated from the Catholic Church ></document>
		<document> I would never charge for edits I have fun making them like I'm just here to give the gays what they want or need  I drank some wine 🍷 so I'm a little buzzed  might delete this tweet later ></document>
		<document> I’ve been so tempted to ruin my abusers restaurant business. With all the proof I have including pics &amp; videos of when I was 16 😁 Wonder if our city would eat at a restaurant ran by pedophiles &amp; child abusers. I’ve kept my mouth shut but I’ll fire if someone bothers me. #URL# ></document>
		<document> #USER# Understand your point, but this statement is simply wrong. Lawyers don't "always" want settlements. Whether a settlement is achieved or not is up to the client.  A settlement represents client(s) taking control of the outcome of the case and not leaving outcome to a judge or jury ></document>
		<document> #USER# He’s needs to go hide under a rock .. he’s cheating these women out of their spotlight ></document>
		<document> In my opinion women with little booties don't wipe at all #URL# ></document>
		<document> #USER# I can see the BRICS countries forming their own military block and splitting the global economy into 2 hostile halves. ></document>
		<document> #USER# I'm not sure I trust the media narrative that most americans support the brain dead policies of our politicians on either side and am hoping the ice will crack and the people will rise up against their true oppressors. ></document>
		<document> This lipsync smack down is gay March Madness #HASHTAG# #HASHTAG# ></document>
		<document> #USER# NO
Communism doesn't belong in America 
The Right, GOP &amp; Christianity hasn't let that stop them
- God gave creation free will
- God does abortion in the church with the priest
- God calls the Bible a false idol.
- God calls all Christians Sinners for false prophecy &amp; blasphemy

x #URL# ></document>
		<document> #USER# This loser was raked like in the 400, now that he stila a man, he’s competing against women, he thinks he the best. ></document>
		<document> Cattird.  This one you are wrong on. Just because the liberals are for it  .. doesn’t mean the situation is always a trap #URL# ></document>
		<document> #USER# so just to be clear. You support men beating women in women’s sports ></document>
		<document> #USER# Fixed it:

Transgender swimmer Thomas finished his laps before the women’s winner finished hers. 

Congrats #HASHTAG# !!!! 🎉 ></document>
		<document> There’s A Lot of Young, Healthy Servicemen Suddenly Dying in Their Bunks, and The Military Won’t Talk About It #URL# via #USER# For Change ></document>
		<document> #USER# #USER# #USER# Yes, self-defense is fine with me, but if a person's life is taken, as a Catholic you should have some respect.  Making jokes about the loss of life is not the actions of a "Super Catholic".  I'm not worried about the gas prices.  I can afford it. ></document>
		<document> 🚨 This is the latest prominent example of a ludicrous conspiracy theory that falsely claims Ukrainian President Volodymyr Zelenskyy is a neo-Nazi. 

Real facts, though: He is Jewish and his great-uncles died in the Holocaust. #URL# ></document>
		<document> "training"yeah hiding your Wang while you swim in a woman's swim suit, what a absolute joke,the world has actually become a Southpark episode,the women train forever only for a dude to grow his hair long and say he's a chick and bam suddenly he's the number one female athlete😆🤣 #URL# ></document>
		<document> being gay and sucking balls  —  psychosocial, slipknot ></document>
		<document> #USER# #USER# #USER# #USER# #USER# The public health officers are just like the politicians. 
Best to protect your own. ></document>
		<document> #USER# Reason why our women bury people, they make those looks ></document>
		<document> FUCK IT

TIME FOR NEW SKIRTS

NEW TOPS

MAYBE EVEN SOME NEW JEWELRY

IT IS TIME TO FEEL

PRETTY

AND WITTY

AND 

GAY ></document>
		<document> #USER# 
Why don't you guys have statistics of Indian women cricketers in your database ?
It's high time you put it there !
I am sure people want to know about them too !
#HASHTAG# ></document>
		<document> Black people superhero movies have to be about racism. Black people's horror movies have to be about racism. Black people's romance movies have to be about racism. Apparently we're not allowed to have any fantasies in Hollywood. ></document>
		<document> #USER# Please add “cis-het” rich to your white men comment. ></document>
		<document> #USER# #USER# #USER# #USER# Everyone judged him on his narcissist personality  (which I wasn't fond of) but I choose him as a businessman.  I'm sick of deal making lawyers. Business for America is what he knew best and he proved it. ></document>
		<document> #USER# #USER# You're right, EU or not will make no military difference at this stage. However, as a sign of our commitment to them and the principles of democratic self-determination, it would mean everything to them. It would add to the world's perception of our support for them. ></document>
		<document> #USER# Yes ..Amebedkar exactly said "Muslim brotherhood is only for Muslims" and the day India becomes Hindu minority is the day moderate Muslims and Hindus will suffer. 

It is because India is Hindu majority nation, Moderate Muslims are enjoying their freedom and they knows ! ></document>
		<document> thanks Clackamas Democrats. Jamie McLeod-Skinner is the real deal. She leads on aggressive climate policies, cares about all Oregonians and will protect our democracy. #URL# ></document>
		<document> Domestic Terrorist Arrested! He Found "Something Satisfying About Pepper Spraying Cops In Riot Gear" #URL# ></document>
		<document> #USER# To the nut job that says their was a lack of evidence and their  was no evidence showing it was stolen I DONT KNOW WHAT PLANET  YOU LIVE ON BUT I SAW WITH MY OWN EYES  THEIR WAS CHEATING GOING ON it’s people like you and IDEOT judges wrecking America ></document>
		<document> #USER# Fascinating! So you believe most men and women are attracted to bodies that have more fat mass? First time I’ve ever heard that except from the HAES advocates which we all know are delusional. ></document>
		<document> #USER# #USER# #USER# Num 31:18 But all the women children, that have not known a man by lying with him, keep alive for yourselves.  There are numerous instances where the Israelites were commanded to kill everyone except the virgins. ></document>
		<document> if you’re a women and im staring at you please don’t be offended you fine and me staring is letting you know😭 ></document>
		<document> #USER# Go to Poland. Lots of lovely Catholic ladies there. ></document>
		<document> Did the racist get mad about cat women calling out corrupt white men in the movie? ></document>
		<document> #USER# Way too full of poop Doug. The Liberals are long gone and your government suddenly decides to ‘fix’ things now? A few months before a Provincial election? You guys clearly have no shame. ></document>
		<document> #USER# I would love to be, but unfortunately, I am not gay... and if I tried to be, I would just be forcing it at that point...😔 ></document>
		<document> #USER# #USER# #USER# #USER# #USER# I'm asking a legitimate question. If only feds stormed the capital, what was a Trump supporter doing in there? What about the QShaman? or the off duty cops? or any other Trump supporter that has been charged with video evidence storming the capital? ></document>
		<document> This is wonderful! Sadly, the story of African American veterans in the various wars our nation has engaged in has not been fully told. Thank you #USER# for sharing the story of the men in your family who helped build and defend our nation. #URL# ></document>
		<document> "Soldiers and militias subjected Tigrayan women and girls to rape, gang rape, sexual slavery, sexual mutilation, and other other forms of torture, often using ethnic slurs and death threats." #USER# #USER# #USER# #USER# #HASHTAG#  #URL# ></document>
		<document> #USER# SA giving military opinions is almost as bad as when he gave his vax opinion. 
The persuasion filter has its limitations. ></document>
		<document> #USER# So many veterans scared of the big moment right now. ></document>
		<document> #USER# If a man has to compete against women in order to win… He is a coward, a liar and a wuss ></document>
		<document> #USER# Then why do Republicans vote against expanding veterans benefits and funding them? #URL# ></document>
		<document> #USER# were just a bunch of gay teens going insane u can't leave us like thsi ></document>
		<document> #USER# It’s wild to me how those words belong to black people and white people found a way to flip it take the words and act like they came up with it ></document>
		<document> #USER# #USER# "They only said something horrible. They should not be shamed or shunner.  It's not like they are black or asian or gay." NYT probably..... ></document>
		<document> The US Capitol grounds have been fenced in. The military has arrived. #URL# via #USER# 

Remember this? ></document>
		<document> #USER# #USER# Here's the actual problem with David French's whole whiny article: he hates gay marriage and gay adoption. #HASHTAG# #URL# ></document>
		<document> #USER# We (meaning Congress)  can do something Now to save lives Sir... We can STOP selling arms to Saudi Arabia, which will save lives of INNOCENT women, children, and elderly in Yemen... ></document>
		<document> #USER# #USER# We get chills thinking about what it would be like for those women if we weren’t there with #USER#. Imagine how humiliating it would be to walk the plank inside thinking no one cares. But we’re here, holding the line, because SOMEONE has to!
#HASHTAG#
#HASHTAG# ></document>
		<document> #USER# #USER# #USER# #USER# #USER# #USER# #USER# #USER# the majority of ppl who are homophobic and sexist… are straight men, then y’all get salty that ppl who are a part of the lgbtq+ and women tend to have a bias against straight men??? 🤯🤯 ></document>
		<document> Black people won’t talk about mental health until it’s too late ></document>
		<document> #USER# When will Americans receive tax deduction return payments on 59 billion dollars on NEW military equipment bozo FJBIDEN🤡 surrendered to Afghanistan 🤔🤓👩‍💻👨‍💻$$$$$$$$$🤪👩‍💻 #URL# ></document>
		<document> your profile is full of stolen porn gifs, missionary and blowjobs, the occasional cowgirl, even though all you know about it is from fifty shades of grey and your misogynist desire to control and humiliate women ></document>
		<document> CANCEL Alex krimes. He said the N word and SUCKS at rapping. He's also a straight white cis male ></document>
		<document> #USER# wow because im a muslim and i blow up stuff ??? the audacity and ur wrong its neon... ></document>
		<document> #USER# #USER# And now make a statement about polarisation of cultures
Try to get to the level of the bad kid in the class room
He has a point!

NATO is a US war machine, it a means  to spread its military bases, US dictates tactics, sets conditions.
The US has to stay out of Europe

Rid NATO! ></document>
		<document> "We need more shaming and shunning, not less." Must-read for university journalism professors, news/opinion writers, editors, and publishers, and constitutional scholars and employees (politicians). #URL# ></document>
		<document> Women’s History Month 2022: Celebrating 50 Years of Title IX #URL# via #USER# ></document>
		<document> #USER# #USER# Ben got 6 games for allegedly assaulting  2 women, which  in my opinion was not enough. All things being equal Watson should get at least 66 games. ></document>
		<document> #USER# They try to erase your lives, your memories, everything. Hitler planned to erect a museum of the Jewish people he wanted to eradicate, but the Russians deny Ukrainians even exist. They are worse than Hitler, if that's even possible. But we will never forget and never forgive. ></document>
		<document> You’re a transphobe apparently, if you believe women have a right to our own space in sports and also have the agency to object at looking at a male penis against our will. #URL# ></document>
		<document> #USER# We all need to play our role to assist and help support the refugees from #HASHTAG#
We are trying to help with basic needs after the banks have been blocked. We ask for your help with cryptocurrency donations
Website:#URL#
Let’s support🇺🇦#HASHTAG# #HASHTAG# ></document>
		<document> #USER# Like literally the header on my profile says I’m gay y’all idk how much more obvious it needs to be.. ></document>
		<document> #USER# So freaking sad‼️ We can’t Stop the democrats, they will destroy America ‼️ ></document>
		<document> #USER# #USER# #USER# it's actually an extremely COMMON combo at Marvel like Sasquatch, Wiccan, Moon Knight, they LOVE having Jewish characters serve other gods because suck ></document>
		<document> #USER# #USER# #USER# Yes. There's a trial going on in the UK right now over this very issue. Unfortunately women in the U.S. don't have the same employment protections so we don't have grounds for a lawsuit. ></document>
		<document> and ON TOP OF THAT LEFT ME INFERTILE - IDENTITLESS AND BRAIN DAMAGED. #USER# ></document>
		<document> #USER# And not a single ABC article or, I'm assuming, any other criticism of her when if she wasn't connected to the Democrats she'd be laughed at on all programs. ></document>
		<document> Your criteria should change and reflect that

A. Media are not groups anymore but productive individuals with a track record

B. Your political scale is obsolete b/c the #HASHTAG# is highjacked by #HASHTAG# #HASHTAG# aka #HASHTAG# #HASHTAG# #HASHTAG#

2/3 ></document>
		<document> #USER# #USER# Benadryl is on the banned list. 
Visine eye drops are on the banned list. 
Sudafed is banned. 

… but sure, allow trans women who have had a decade of male-levels of testosterone to compete in the women’s category, even when WE KNOW IT ISN’T FAIR TO FEMALES. ></document>
		<document> IRGC is a terrorist group and they killed innocent Americans, Lebanese, Syrians and many other innocent people, and they are the killer of Iranian people. And they should not be removed from the terrorist list.
#HASHTAG# ></document>
		<document> #USER# #USER# #USER# #USER# You can't be serious. Stop giving into peoples feelings and emotions. Men play with men, women play with women. ></document>
		<document> Viewpoint: Democrats will lose midterms, but don’t blame Biden #URL# ></document>
		<document> When tyranny comes to America, it will be supported by the same people who claim they must be allowed to own military weaponry so they can stop tyranny from coming to America.nn#HASHTAG# #HASHTAG# #URL# ></document>
		<document> Elk County Catholic High School Vs. Bishop Canevin High School - PIAA Class 1A Boys Basketball Semifinal
🔴Watch Now📺📱:  #URL#
Date : Friday, March 18, 2022 - Time : 7:30 PM ></document>
		<document> Men now competing in women’s sports. The beginning of the end. #URL# ></document>
		<document> Van Lith leads Louisville women to 83-51 rout of Albany #URL# ></document>
		<document> #USER# Now do a story on media lapdogs of leftist Marxist progressive socialist communist democrats…You’ll be the Star…The New York Times finally admits the truth about Hunter Biden’s laptop #URL# ></document>
		<document> the replies to this tweet reminded me that 70% of people still hate gay people #URL# ></document>
	
</author><document> Any crappy movie that shows Muslims in a bad light

The Savarnas: #URL# ></document>
<document> #USER# trivia: russia has the 2nd most powerful military in the world</document>
<document> #USER# 4 trans women participated in the Olympics. None of them won anything. >></document>
<document> #USER# #USER# #USER# Someone give Captain Ahab a straitjacket before he commits a hate crime.

Seriously, you need to report your obsession with these LGBT students to the police. >></document>
<document> are also saying they didn't do it without being provoked like that, which makes it better for women to pine against each other? >></document>
<document> HRA and #USER# celebrate Women's History Month in March by inviting you to join our webinar: Empowering Women - Break the Bias on Wealth Equity. #URL#
 #HASHTAG# #HASHTAG# #HASHTAG# #URL# ></document>
<document> #USER# #USER# #USER# Well, I guess that should eliminate 159 Liberals and 25 NDP MPs! To support vaccination mandates for federal employees to get the vaccine or lose their jobs. #USER# #USER# so I agree 100% with you! >></document>
<document> #USER# #USER# #USER# Try for any professional sport, let me know how it goes. All humans are on a spectrum of biology that favors them athletically or not. My money is on millions of women who are able to beat you in any given sport and vice versa. >></document>
<document> #USER# What if these chubby kitties jumped from a chain to a terrorist wallet? >></document>
<document> Ohh wow Congrats Nick...and one of the other judges is Shakira...kool! #URL# </document>
<document> Democrats have The Squad. Republicans have The Goon Squad. >></document>
<document> #USER# #USER# Come on man, this is offensive. I'm no snowflake, but the marginalization of indigenous people and at the same time their commercial exploitation is quite disgusting. >></document>
<document> #USER# Best Children's Hospital in Oregon teaches kids to "tuck up" their genitals, directs kids to sex shop

Just what drives the weird faction of Democrats. What is your opinion ...... DOC....? >></document>
<document> The Wolfpack Women 400 medley relay of Katharine Berkoff (49.25), Sophie Hansson (56.67), Kylee Alons (50.28) and Abby Arens (47.09) go in 3:23.29 for the BEST TIME IN THE SCHOOL'S HISTORY taking second place . ❤️‍🔥❤️‍🔥❤️‍🔥❤️‍🔥 </document>
<document> #USER# Pl safeguarded these judges and initiated action against TN hooligans.. TN is a silent supporter under the DMK regime and the IGP is a mere pawn in the hands of the ruling party #URL# > </document>
<document> #USER# #USER# #USER# Because that's what I posted about teaching kids about sex, and you commented on it, and we started this conversation.
You say LGBT make up 5% and you say there are 15% of children who are taught in their religion either Muslim or Christian which is that wrong lifestyle, </document>
<document> A man too weak to compete against men! So he dresses like a woman to competeagainst women! So unfair and the end of women's sports. #HASHTAG# #URL# </document>
<document> #USER# If he didn't start transitioning until 2019, it's absolutely stupid that he can compete against women. She spent most of her life growing up to the body composition of a man, and for a reason they separate sports based on gender. >></document>
<document> #USER# #USER# #USER# #USER# Sounds like a conversation you should be having with Dr. Ivy, not me.

As a member of the ruling majority here (cis), my response is to give marginalized people the benefit of the doubt when they assume things that are rational given their experiences with constant bigotry. >></document>
<document> #USER# #USER# #USER# #USER# #USER# #USER#
Beating up women is empowering. 🤡🤣 Identify yourself as a woman and call it a cat fight. #URL# </document>
<document> #HASHTAG#: We will continue the military operation until we implement "all our plans" in Ukraine

#HASHTAG# #HASHTAG# #HASHTAG# #HASHTAG#Russia #HASHTAG#UnderAttaсk #HASHTAG#War
#URL#
  #HASHTAG# #HASHTAG#ese </document>
<document> Luann de Lesseps is speaking out after reports circulated that she was kicked out of a gay bar
#URL# </document>
<document> Ivory Knitted Leg Warmers Lace Leaf Braid One Size Women Stretch Leg Warmers NEW #HASHTAG#🇺🇸 #HASHTAG# #HASHTAG# #HASHTAG# #URL# ></document>
<document> Most anti-choices don't see fetuses as people. They see women not as people but as factories for babies. #HASHTAG# #URL# </document>
<document>No one knows what is happening in Washington state why we have so many pedophiles in Washington state when they should already be hanging for what they did as a crime</document>
<document> #HASHTAG# from my #HASHTAG# Letters of life Incarcerated women write themselves younger
#URL#
#HASHTAG#
This book is the result of a #HASHTAG# class assignment.
These are their words.
Let them talk to you by getting the #HASHTAG#
#HASHTAG#promotion #URL# </document>
<document> DMoose Hot Sweat Sauna Suit for Weight Loss, 2 Pieces. Sets, Upper and Lower Body Workout Clothes for Women and Men, Support for Running, Cycling, (Black/Red, 3X-Large) #URL# ></document>
<document> #USER# Hey liberals, if you can hold power today, get rid of this guy as a leader to really move forward. >></document>
<document> #USER# your family has been waiting all these years to release the slightest piece of information only to have me completely rejected by the lawyers - even helping to remove child victims rights from the law so you guys can't give up anything - >< /document>
<document> #USER# I'd be totally open to hearing it. AEW was sold to me as an antidote. Gay and trans wrestlers able to show up on their own terms. If I'm wrong I'm ready to take a look at wrestling again </document>
<document> My deepest and most heartfelt sympathy goes out to all Browns fans.

I'm so sorry that your favorite NFL team doesn't care about you (or any of yous women, for that matter).
💔 >></document>
<document> #USER# #USER# #USER# #USER# Nowhere in your article does it say that 8 women testified. You really can't read, can you? Not even to prove your point. >></document>
<document> and women have shown me more affection and express themselves better. they show more confidence expressing how they feel and accept rejection like a normal person.. i need to hear that someone likes me through a friend of the guy who likes me. >></document>
<document> #USER# Ukraine's NATO membership would provide a military shield to protect such a democracy. EU membership will have a similar effect. >></document>
<document> #USER# I don't care!! You will never be a straight man, you can cope with all you want with those stupid twitter memes, you are a gay boy! You will remain a gay boy. >></document>
<document> #USER# #USER# Stop pretending. Have you ever talked about wage inequality in sport? Have you ever talked about sexual abuse in sport? Have you ever talked about the lack of medical knowledge for women in sports medicine? Are you at least paying attention? No. Then sit down. >></document>
<document> Please #HASHTAG# and help us control the homeless animal population. #HASHTAG# #HASHTAG# #URL# ></document>
<document> #USER# #USER# #USER# IT'S ALL designed to divert attention from a government's absolutely chaotic charade about floods, fires, vaccines, military stuff, jobkeeper corruption, etc. of it... </document>
<document> Making REQUESTS ABOUT A WAR YOU STARTED... YOU ARE A TERRORIST!!!!! #HASHTAG# #HASHTAG# #HASHTAG# #HASHTAG#
"Russian missiles hit western Ukrainian city of Lviv near Polish border" #URL# ></document>
<document>Horny gay guys send me your cocks #HASHTAG# </document>
<document> #USER# Any opponents to the appt of this overqualified candidate, more qualified than the sitting judges, are simply not doing their job &amp; obeying their oaths! They are wasting valuable government resources when there are applicants for Federal Reserve jobs that need to be placed! >></document>
<document> "When I was in third grade I thought I was gay, because I could draw a-" #URL# ></document>
<document> #USER# I don't understand why LGBT people don't participate in (and help promote) the Gay Olympics. 🤔 >></document>
<document> #USER# Even the Nazis like music. So what's your point? They also like to kill unarmed men, women and children in Donbass. >></document>
<document> Imagine sexually assaulting 22 different women and then becoming the guaranteed highest paid player in NFL history... idc if he "won the case", that's absolutely disgusting man #URL# ></document>
<document> #USER# #USER# #USER# #USER# First Israel is not killing Palestinians
Second, Palestinian Arabs never accepted Jewish refugees, not even during World War II. >></document>
<document> 🥎 NCAA Women's Softball 🥎

1-0 +1u 💰

Oklahoma St ML (-150) 💰

YTD: 45-31 +34.89u 💰

Nice and easy. #URL# ></document>
<document> #USER# #USER# Had Lia gone completely with butt surgery and hormone replacement? Female athletes are not allowed to inject testosterone, so trans women with male-level testosterone should also be disqualified. There are ways to ensure a level playing field, but new rules need to be implemented. >></document>
<document> Just like any other woman? 99.99% of women and most men know they have something between their legs that you don't. #URL# </document>
<document> #USER# #USER# #USER# #USER# #USER# #USER# #USER# How can you not establish a #HASHTAG#? How can you not send the military aid that #USER# is asking for? How can you don't you do anymore? This is genocide! Help &amp; save Ukraine🇺🇦Now!#HASHTAG# #URL# ></document>
<document> He has balls alright! Caitlyn Jenner dismisses criticism of trans athlete stance: 'I had the balls to stand up for women' in sports

#URL# </document>
<document> #USER# #USER# #USER# #USER# Today you are the biggest idiot on Twitter. It is a difficult feat to accomplish. Cute! The only discrimination here is against female athletes. This MAN can pretend to be a woman all he wants. Cold! But it is nothing but pretending, which he has to do against men. >></document>
<document> So my parents looked at #HASHTAG#. Amma, who like my sister and I is absolutely anti-BJP, said the film is good. It showed what really happened in the 90s. He hasn't demonized the Muslim community but the terrorists and politicians who have done nothing to... >></document>
<document> #USER# the women here are substantially better than the men but 80% of them are just beach pics with no profile info or it's shit like this #URL# </document>
<document> #USER# I love skinny women so never lol 😂 </document>
<document> Good assessment of Russia's many military failures in #HASHTAG#

It could change tomorrow

But the big storyline is that this could be Russia's (second) Vietnam

And the fall of Putin #URL# </document>
<document> All in all, what Amma said is that it is people who perceive this film as Hindu or Muslim, but it is not. He also said the producers conveniently forgot to mention Vice President Singh, who was then the prime minister in coalition with the BJP. >></document>
<document> #USER# Most Stations: "Rebels Destroy Death Star"
Fox/OANN/RT: "Antifa Destroys Freedom Star" ></document>
<document> #USER# This is tough. I'd be impressed that he controls everyone so well. but it is at the expense of the women who have worked very hard to be where they are and therefore it would be despicable </document>
<document> #USER# #USER# #USER# I ain't reading all this crap but dammit you're fucking stupid if you think he's an LGBT advocate and don't use the gay community like every other company because he realizes he's got a following and to say anything against it now would have ruined his career. Lmao idiot </document>
<document> #USER# #USER# What #USER# won't say is that wearing hijab in the Grand Mosque is mandatory for women and these hijabsthey are available for loan just outside the Grand Mosque. Anyone who has visited this tourist attraction will confirm this Zafar. #URL# </document>
<document> LMFAO NPC STILL FACE AND BUBBLE #HASHTAG# LOL FUCKING PIECES OF SHIT SIMPING FOR PEDOPHILES AND VIOLENT CRIMINALS WHO HAVE BEEN KILLED IN SELF-DEFENSE HAHAHA #URL# </document>
<document> #USER# Cisgender women? We are called women. Women have one pair of XX chromosomes. If you don't have it, you are not a woman. >></document>
<document> This too before the provocations of the Berkeley aristocrats

Who called me the police before the provocations? >></document>
<document> #USER# #USER# #USER# Trivia: Commissioners &amp; Sam's Clubs in different regions carry different brands. Since you've retired/served in the military (just like us)... you already knew that.

Anyway... I won't do what you did 2 Yvette. I will openly say bs 2U against your passive aggressive mess. >></document>
<document> Deshaun Watson sexually assaults 20 women and is rewarded with $230 million. What a country we live in! >></document>
<document> #USER# #USER# #USER# Even if we're talking about America, did they forget that there was a whole terrorist attack in a gay bar a couple of years ago??? >></document>
<document> #USER# #USER# HIS name might be “Lia” but HE is a MAN and knows he has no business against women. He's a bastard and can't win against men, so he had to. That's disgusting. >></document>
<document> #USER# #USER# #USER# Tweets like yours are why progressives lack credibility. FL schools do not teach sex to 5-8 year olds now the bill legalizes it. NO child should be mentally confused by the "scientific denial" of progressive teachers of 2 genders boy/girl man/woman who create problems of insecurity </document>
<document> #USER# #USER# No. No one needs to mutilate themselves, they can dress however they want, date whoever they want. They will never be women, with or without a dick, so they have to stay away from women's sports. Therapy for their fetishes/delusions can help. >></document>
<document> #USER# #USER# #USER# #USER# #USER# Men don't compete against women, especially in college sports or do they have an advantage </document>
<document> #USER# Women out here cheat on free men, never mind the ones in prison. That pussy will never feel the same when she comes home. 😂 >></document>
<document> It kills me that women act like they HAVE to take BS 😂 #URL# </document>
<document> #USER# #USER# #USER# OMG, the anti-knocking bill should have said "Allow criminals to arm themselves, stationed with illegal handguns while cops knock!" Reviewed in court? I know of zero "officers who are easily frightened"</document>
<document> THE DEFLATION OF A HOMELESS CAMP IN LITTLE TOKYO, Sparking Mixed Reactions Within the Community
#URL# </document>
<document> #USER# The US government created 3 generations of indentured servants with a criminal student loan scheme. Criminal politicians wantcontinues. Pell grants are the bait. #HASHTAG# </document>
<document> #USER# #USER# #USER# #USER# #USER# Can I recommend Afghanistan? They hate women's rights (and women in general), gays, intellectuals and (mostly) secularism! You will not find any socialism there. It all depends on the whims of the private sector. Unlimited freedom even for weapons! >></document>
<document>Southeastern Names Nathan Gillespie Head Coach of Women's Soccer #URL# </document>
<document> #USER# #USER# #USER# Latin America has been exposed to Soviet propaganda for half a century, even gays support Putin. >></document>
<document>Lmaoo Balvin better call them lawyers</document>
<document> I'm Spider-Man

Just kidding I'm the homeless crack addict GIVE ME YOUR MONEY</document>
<document> #USER# Greetings Beloved Ones and May the Lord be with you as you view this message. We are charitable organizations and here for those who are willing and kind hearted to donate for Ukraine 🇺🇦 with our media. Regarding the current crisis in Ukraine 🇺🇦 many are left homeless and suffering </document>
<document> #USER# #USER# #USER# Conservatives are tending to bookstores like it's election season 2022. Let's roll that red wave. >></document>
<document> #USER# Hi, I'm always willing to chat with beautiful women </document>
<document> #USER# The simple fact
That bills "must" be passed in order for black people to VOTE freely; Or wear their HAIR, as they choose,
It says a LOT more than what we are really talking about. >></document>
<document> #USER# #USER# Your political statement about Disney demonstrates a complete inability to think critically. You're so smart you're content to sit idly by while women's sports come under attack. These three girls have more guts than you ever will. #URL# </document>
<document> Was Coach Payne at the baseball game or does he only support women's basketball? >></document>
<document>Planning shit with black people is stressful</document>
<document> #USER# Ah, Putin's fans can't look at the new matrix either, it was created by trans people. ;) </document>
<document> #USER# #USER# Beautiful women are bloody scary. I also fall asleep with movies like human centipede right. That's the only thing dude </document>
<document> #USER# you should model how to minimize anti-Muslim sentiment after such an attack. #HASHTAG# </document>
<document> YouTube music is like "good evening gay" #URL# ></document>
<document> A black man's thoughts never go beyond the length of his nose. We fight over crumbs. We normalize by calling *investors* to nibble on our assets, they take the bag to *foreign* lands. They point you to the foreigners and you say Sì bãss.
Cry my beloved Africa. The tables don't turn!!! >></document>
<document> #USER# #USER# An argument with a friend about Trump gave my mother a fit. The immigrants treated her in the hospital. #HASHTAG# #HASHTAG# ></document>
<document> #USER# Are you gay? 🤔

Nowthat I have your attention.. 🤦‍♂️

#USER# offers various organic growth services and helps NFT clients fill their discord, get ticks and much more.

Type the word "glitch" on #USER# to sell your NFT project! >></document>
<document> #USER# #USER# #USER# Kyle specializes in taking down convicted pedophiles. No wonder you want it out of the country. >></document>
<document> Lia Thomas is fifth in the 200m freestyle, she is ignored by competitors when she exits the pool

#URL#

He has purposely skipped races in the past, you have to wonder if he finally figured it out and is letting biological women win… too little too late Lia. >></document>
<document> Another side effect of the #HASHTAG# war on nations. The whole belt is experiencing a spate of covid cases in recent weeks. The movement of refugees could lead to this spread.

A. Germany/Austria HIGHEST daily cases so far
B. Poland/Denmark/Italy/France/UK/Netherlands/Belgium #URL# ></document>
<document> Lauren Ralph Lauren Ring Front Metallic Stripe Strapless Tankini Top $94 #HASHTAG#🇺🇸 #HASHTAG# #HASHTAG# #URL# ></document>
<document> Aid Group welcomes Ukrainian refugees with hot meal in Poland #URL# via #USER# </document>
<document> #USER# "Where are all the feminists?" Damn, that's fun to read. >></document>
<document> #USER# and 80 million voters voted for Biden. You are right about American arrogance, but there is also a very real fear of US politicians being seen supporting dictators. The fact that they support dictators behind the scenes through the military and the CIA is another matter of course. >></document>
<document>women drive badly because of heels and eyelashes</document>
<document> When it is more important for libs to be "woken up" than to defend the real problems of women. #URL# </document>
<document> I didn't know being vegan would be so difficult for a hungry passenger waiting for a connecting flight at #USER# #HASHTAG# </document>
<document> #USER# #USER# Senan you fucking creep, why don't you stop bullying and hitting women... and creating fake accounts to stalk this ex and now your new ex. Loser </document>
<document> #USER# It's about time! Japan has made strategic investments in manufacturing facilities in India.

Trump was the latest president to establish closer ties with India by promising to jointly develop military aircraft and weapons.

How quickly the world has changed since then! >></document>
<document>Why America shouldn't step up its military involvement in Ukraine #URL# </document>
<document> #USER# "Democrats are lawless and will do anything to gain power." #HASHTAG# </document>
<document> #USER# #USER# #USER# She ranked 5th in the 200. This isn't an epic example, it's just one example among countless, but since it's one of the rare instances where a trans woman actually wins, people they are using it as an indictment of trans women in all sports. >></document>
<document> #USER# #USER# #USER# #USER# #USER# Tabby was she who made fun of the left andtrans women she is embarrassed about. She said it openly. >></document>
<document> It's pretty pathetic that the Democrats couldn't field a SINGLE reality show star candidate. So stuck in the past! #HASHTAG# </document>
<document> #USER# Stop: Anything Democrats do makes things worse. >></document>
<document> #USER# #USER# #USER# Was what women did okay too? They had no problem taking cash from an obviously rich guy......hmmmmm
Now they want more money? Why did what they did suddenly feel inappropriate in their eyes even after they did it continuously? Sorry I didn't buy it. >></document>
<document> #USER# #USER# Yes, women come in all shapes and sizes. Notice what's missing?

(((A penis))) </document>
<document> new to nsfw twt!
- call me kitty
- him/her
-submissive
-I need help navigating nodes
- gay
-15
#HASHTAG# #HASHTAG# #HASHTAG# ></document>
<document> #USER# #USER# #USER# Two sportsmen die of a heart attack and the news only talk about their successes. No mention of trouble or what might have caused their deaths.
A female politician dies, and it is disrespectful to her and other women... over and over. Blaming them for his death. >></document>
<document> #USER# Move all the women and then these idiots would have no choice but to go fuck themselves. >></document>
<document> #USER# #USER# #USER# #USER# #USER# #USER# #USER# What's wrong with professional life? Trudeau should be excommunicated from the Catholic Church</document>
<document> I would never charge for edits I enjoy making them like I'm just here to give gays what they want or need I've had some wine 🍷 so I'm a little flustered I may delete this tweet later >< /document >
<document> I was so tempted to ruin my abusers' restaurant business. With all the evidence I have including photos &amp; video from when I was 16 😁 Who knows if our city would eat in a restaurant run by pedophiles &amp; child abusers. I kept my mouth shut but I shoot if anyone bothers me. #URL# </document>
<document> #USER# You get your point, but this statement is just plain wrong. Lawyers don't "always" want settlements. Whether or not an agreement is reached is up to the customer. An agreement represents the client(s) taking control of the outcome of the case and not leaving the outcome to a judge or jury </document>
<document> #USER# He needs to hide under a rock... he's robbing these women of their spotlight </document>
<document> In my opinion, women with small booties don't clean #URL# </document> at all
<document> #USER# I see the BRICS countries forming their own military bloc and splitting the global economy into two hostile halves. >></document>
<document> #USER# I'm not sure I trust the media narrative that most Americans support the brain-dead policies of our politicians on both sides and hope the ice breaks and people rise up against the their true oppressors. >></document>
<document> This lip sync swipe is gay March Madness #HASHTAG# #HASHTAG# ></document>
<document> #USER# NO
Communism does not belong to America
The right, GOP &amp; Christianity hasn't let that stop them
- God gave creation free will
- God aborts in church with the priest
- God calls the Bible a false idol.
- God calls all Christians sinners for false prophecy &amp; blasphemy

x #URL# </document>
<document> #USER# This underdog was rounded up like in the 400, now that he's become a man, he's competing against women, he thinks he's the best. >></document>
<document> Cattird. You are wrong about this. Just because liberals are in favor... doesn't mean the situation is always a #URL# ></document> trap
<document> #USER# so just to be clear. Support men beating women in women's sports</document>
<document> #USER# Correct:

Transgender swimmer Thomas finished his laps before the female winner finished hers.

Congratulations #HASHTAG#!!!! 🎉 </document>
<document> There are many young and healthy servicemen who die suddenly in their bunks and the servicemen don't talk about it #URL# via #USER# For Change </document>
<document> #USER# #USER# #USER# Yes, self defense is fine with me, but if a person's life is taken, as a Catholic you should have some respect. Making jokes about the loss of life is not the action of a "super Catholic". I'm not worried about gas prices. I can afford it. >></document>
<document> 🚨 This is the latest major example of a ridiculous conspiracy theory that falsely claims that Ukrainian President Volodymyr Zelenskyy is a neo-Nazi.

Real facts, though: He's Jewish and his great-uncles died in the Holocaust. #URL# </document>
<document> "training"yeah hiding your Wang while swimming in a women's swimsuit, what an absolute joke, the world has become an episode of Southpark, women train forever just for a dude to grow his hair out and say she's a chick and bam suddenly she's the number one female athlete😆🤣 #URL# </document>
<document>being gay and sucking balls — psychosocial, slipknot </document>
<document> #USER# #USER# #USER# #USER# #USER# Public health officials are just like politicians.
Better protect yours. >></document>
<document> #USER# Reason why our women bury people, make those looks</document>
<document> FUCK

TIME FOR NEW SKIRTS

NEW TOPS

MAYBE EVEN NEW JEWELRY

IT'S TIME TO HEAR

HANDSOME

AND SPIRITUAL

AND

GAY </document>
<document> #USER#
Why don't you guys have Indian female cricketer stats in your database?
The time has come to put it there!
I'm sure people want to know about them too!
#HASHTAG# </document>
<document> Black superhero movies must be about racism. Black horror movies have to be about racism. Black romance movies have to be about racism. Apparently we're not allowed to have fantasies in Hollywood. >></document>
<document> #USER# Please add "cis-het" rich to your white man comment. >></document>
<document> #USER# #USER# #USER# #USER# All judgedhim on his narcissistic personality (which I didn't love) but i cast him as a businessman. I'm sick of doing business with lawyers. Business for America is what he knew best and it showed. >></document>
<document> #USER# #USER# You're right, EU or not won't make any military difference at this stage. However, as a sign of our commitment to them and the principles of democratic self-determination, it would mean everything to them. It would add to the world's perception of our support for them. >></document>
<document> #USER# Yes ..Amebedkar said exactly “Muslim brotherhood is only for Muslims” and the day India becomes a Hindu minority is the day moderate Muslims and Hindus will suffer.

It is because India is a Hindu majority nation, moderate Muslims are enjoying their freedom and they know it! >></document>
<document> thanks Clackamas Democrats. Jamie McLeod-Skinner is the real deal. It conducts aggressive climate policies, cares about all Oregonians, and will protect our democracy. #URL# </document>
<document> Domestic Terrorist Arrested! Found "Something satisfying about pepper spraying cops in riot gear" #URL# ></document>
<document> #USER# To the madman who says theirs was a lack of evidence and theirs was no evidence proving it was stolen I DON'T KNOW WHICH PLANET YOU LIVE ON BUT I SAW WITH MY EYES HE WAS TRADING IN PROGRESS it's people like you and IDEOT judges who destroy America </document>
<document> #USER# Fascinating! So do you think most men and women are attracted to bodies that have more body fat? First time I've heard of it, except from HAES supporters who we all know are delusional. >></document>
<document> #USER# #USER# #USER# Num 31:18 But all the girls who have not known a man by lying with him, keep alive for yourselves. There are numerous instances where the Israelites were commanded to kill all but virgins. >></document>
<document> if you are a woman and i'm staring at you please don't be offended, you're fine and i'm staring at you i'm letting you know😭 </document>
<document> #USER# Go to Poland. There are a lot of lovely Catholic ladies there. >></document>
<document> Did the racist get mad at the cat-women in the film who yelled at corrupt white men? >></document>
<document> #USER# Too full of poop Doug. The Liberals are long gone and your government suddenly decides to "fix" things now? A few months before a provincial election? You guys clearly have no shame. >></document>
<document> #USER# I'd like to be, but unfortunately I'm not gay... and if I tried to be, then I'd force it...😔 ></document>
<document> #USER# #USER# #USER# #USER# #USER# I'm asking a legitimate question. If only the feds stormed the capital, what was a Trump supporter doing in there? And the QShaman? or the cops off duty? or any other Trump supporter who has been accused of video evidence storming the capital? >></document>
<document> This is wonderful! Sadly, the story of African Ameriveterans of the various wars our nation has engaged in has not been fully told. Thank you #USER# for sharing the story of the men in your family who helped build and defend our nation. #URL# </document>
<document> "Soldiers and militias subjected Tigrayan women and girls to rape, gang rape, sexual slavery, sexual mutilation and other forms of torture, often using ethnic slurs and death threats." #USER# #USER# #USER# #USER# #HASHTAG# #URL# </document>
<document> #USER# SA giving military opinions is almost as bad as giving his vax opinion.
The persuade filter has its limitations. >></document>
<document> #USER# So many veterans are afraid of the big moment right now. >></document>
<document> #USER# If a man has to compete against women to win... he is a coward, a liar and a bastard </document>
<document> #USER# So why are Republicans voting against expanding veterans benefits and funding them? #URL# </document>
<document> #USER# were just a bunch of gay teenagers going crazy, you can't leave us like this </document>
<document> #USER# It's crazy to me how those words belong to black people and white people have found a way to turn things around, take the words and act like they made them up </document>
<document> #USER# #USER# "They just said something awful. They shouldn't be shamed or shunned. It's not that they're black or Asian or gay." NYT probably..... ></document>
<document> The grounds of the United States Capitol have been cordoned off. The soldiers have arrived. #URL# via #USER#

Remember this? >></document>
<document> #USER# #USER# Here's the real problem with all of David French's whining article: He hates gay marriage and gay adoption. #HASHTAG# #URL# </document>
<document> #USER# We (meaning Congress) can do something Now to save lives, sir… We can STOP selling weapons to Saudi Arabia, which will save the lives of INNOCENT women, children and elderly people in Yemen… > </document>
<document> #USER# #USER# We cringe thinking about what it would be like for those women if we weren't there with #USER#. Imagine how humiliating it would be to walk the plank thinking no one cares. But here we are, holding the line, because SOMEONE has to!
#HASHTAG#
#HASHTAG# </document>
<document> #USER# #USER# #USER# #USER# #USER# #USER# #USER# #USER# most people who are homophobic and sexist...are part of lgbtq+ and women tend to to be prejudiced against straight men??? 🤯🤯></document>
<document>Black people won't talk about mental health until it's too late</document>
<document> #USER# When Americans Receive $59 Billion Tax Deduction Payments on NEW Bozo FJBIDEN🤡 Surrendered Military Equipment to Afghanistan 🤔🤓👩‍💻👨‍💻$$$$$$$$$🤪👩 ‍💻 # URL# </document>
<document> your profile is full of stolen porn gifs, missions and blowjobs, the occasional cowgirl, even if all you know is fifty shades of gray and your misogynistic desire to control andhumiliating women</document>
<document> CANCEL Alex krimes. He said the N word and SUCKS to rap. He is also a straight white cis male </document>
<document> #USER# wow why am I a muslim and blow things up??? boldness and your wrong is neon... </document>
<document> #USER# #USER# And now you make a statement about the polarization of cultures
Try to get to the level of the bad boy in class
He's right!

NATO is a US war machine, it is a means of spreading its military bases, the United States dictates tactics, sets conditions.
The United States must stay out of Europe

Get rid of NATO! >></document>
<document> "We need more shame and avoidance, not less." Must read for university professors of journalism, news/opinion writers, editors and publishers, scholars and constitutional (political) clerks. #URL# </document>
<document> Women's History Month 2022: Celebrating 50 Years of Title IX #URL# via #USER# </document>
<document> #USER# #USER# Ben received 6 matches for allegedly assaulting 2 women, which in my opinion was not enough. All things being equal, Watson should get at least 66 games. >></document>
<document> #USER# They're trying to erase your lives, your memories, everything. Hitler planned to erect a museum of the Jewish people he wanted to eradicate, but the Russians even deny that the Ukrainians exist. I'm worse than Hitler, if that's possible. But we will never forget and we will never forgive. >></document>
<document> Apparently you are a transphobe, if you believe that women have a right to their own space in sport and also have the power to object to looking at a male penis against our will. #URL# </document>
<document> #USER# We must all play our role to assist and help support refugees from #HASHTAG#
We are trying to help with basic needs after the banks went into lockdown. We ask for your help with cryptocurrency donations
Site URL#
Let's support each other🇺🇦#HASHTAG# #HASHTAG# ></document>
<document> #USER# As my profile header literally says I'm gay, you don't know how much more obvious that should be.. </document>
<document> #USER# So damn sad!! ️ We can't stop the Democrats, they will destroy America ‼️ </document>
<document> #USER# #USER# #USER# is actually an extremely COMMON combination at Marvel like Sasquatch, Wiccan, Moon Knight, LOVE to have Jewish characters that serve other gods because they suck </document>
<document> #USER# #USER# #USER# Yes. There is a lawsuit going on in the UK right now on this very issue. Unfortunately women in the US don't have the same employment protections, so we have no grounds for a lawsuit. >></document>
<document> and ALSO LEFT ME INFERTIL - WITHOUT IDENTITY AND BRAIN DAMAGED. #USER# </document>
<document> #USER# And not a single ABC article or, I assume, any other critique of it when if it weren't linked to the Democrats it would have been mocked on every show. >></document>
<document> Your criteria should change to reflect this

A. The media are no longer groups but industrial productive onesindividuals with a track record

B. Your political ladder is outdated b/c #HASHTAG# is looted by #HASHTAG# #HASHTAG# aka #HASHTAG# #HASHTAG# #HASHTAG#

2/3 </document>
<document> #USER# #USER# Benadryl is on the banned list.
Visine eye drops are on the banned list.
Sudafed is banned.

…but sure, allow trans women who have had a decade of male testosterone levels to compete in the women's category, even when we KNOW IT'S NOT FAIR TO FEMALE. >></document>
<document> IRGC is a terrorist group and it has killed innocent Americans, Lebanese, Syrians and many other innocent people, and they are the killers of Iranian people. And they shouldn't be removed from the terrorist list.
#HASHTAG# </document>
<document> #USER# #USER# #USER# #USER# You can't be serious. Stop giving in to people's feelings and emotions. Men play with men, women play with women. >></document>
<document> Viewpoint: Democrats will lose midterms, but don't blame Biden #URL# </document>
<document> When tyranny comes to America, it will be backed by the same people who say they must be allowed to own military weapons so they can stop tyranny from coming to America.nn#HASHTAG# #HASHTAG# #URL# ></ document>
<document> Elk County Catholic High School vs. Bishop Canevin High School - PIAA Class 1A Boys Basketball Semifinal
🔴Watch Now📺📱: #URL#
Date : Friday 18 March 2022 - Time : 19:30 >>
<document> Men now compete in women's sports. The beginning of the end. #URL# </document>
<document>Van Lith leads Louisville women to 83-51 defeat of Albany #URL# </document>
<document> #USER# Now do a story about the media pooches of leftist Marxist progressive socialist democrats democrats… You will be the star… The New York Times finally admits the truth about Hunter Biden's laptop #URL# >< /document>
<document> the replies to this tweet reminded me that 70% of people still hate gays #URL# </document>

</author>