
	
		<document> #USER# I respectfully disagree, the met shows nothing but disdain for all women and always has.

I speak as someone who in my teens witnessed a white girl who was a friend of mine, intimate searched on a pavement, with 3 male officers watching.

She was 16 years old, just to intimidate ></document>
		<document> #HASHTAG# #HASHTAG# #HASHTAG# fight IS terrorists, media &amp; "human rights activists" scream "his measures are brutal"nnWhen there is a terrorist attack somewhere, they blame Russia again: "his measures helped radicalisation"!nnDamned if you do, damned if you don'tnn#HASHTAG# #URL# ></document>
		<document> #USER# It's not really necessary to ask that highly charged question.
What matters .. is it fair for this person to beat biological women, and take all the medals, set records.
I say an emphatic NO! ></document>
		<document> #HASHTAG# I’d love to meet this guy again. So gay. So welcoming. I love him dearly. Pretty sweet cheeks. #URL# ></document>
		<document> Bad Vegan… yikes. If you’ve been played that bad you deserve it tbh. Natural selection at that point 🥴 ></document>
		<document> #USER# #USER# #USER# #USER# #USER# Here they are targeting a Russian military convoy that passes through a Ukrainian town, using "Smerch" unguided rockets from a Multiple-Launch Rocket system. And they don't care about the lives of Ukrainians, as long as they hit few Russians too
#URL# ></document>
		<document> #USER# When I was a kid, she was one of the hottest women on tv. ></document>
		<document> #USER# #USER# #USER# I'm so furious with people like you who are willing to forgive these politicians for breaking the rules that they set 😒 ></document>
		<document> #USER# That’s how I see it. I don’t know enough background and I don’t trust the Mainstream Media and Democrats to tell me the truth. Right now when it comes to Russia versus Ukraine… #URL# ></document>
		<document> #USER# Horrific, harrowing and a devastating reflection of what helplessness means. My friend is serving meals with #USER# for refugees and says it’s a level of sadness he’s never witnessed before. #HASHTAG# #HASHTAG#️ #HASHTAG# ></document>
		<document> #USER# example: "I think trans women should not compete in (cis) female sport divisions" is an argument that can be countered with other arguments. Responding "shut up you transfobe", indicates an anti intellectual climate which shuns discussion. This is what the NYT is denouncing. ></document>
		<document> #USER# #USER# Turn them into accommodation for the world’s displaced people and refugees !🤔😳 ></document>
		<document> #USER# I don’t get it are these supposed to be bad things? Why are people so obsessed with Religion? I grew up Catholic and most people I know are not even practicing it anymore. ></document>
		<document> #HASHTAG# is lost on #USER# aren't you concerned about #HASHTAG# #HASHTAG# regime war drumbeating and military buildup on #HASHTAG# &amp; #HASHTAG# borders?nnWhy are you concerned about #HASHTAG# military movements *within* 🇷🇺territory?!nn#HASHTAG# #URL# ></document>
		<document> #USER# #USER# #USER# You fight the battles you know. Environmentalists fight using the environment. Military fights using military. ></document>
		<document> Being bullied for your sexuality?

Just stop acting so GAY ></document>
		<document> PUTIN IS A WAR CRIMINAL &amp; A COWARD. SO WAS THE AMERICAN MILITARY IN VIETNAM KILLING INNOCENT CIVILIANS. ASK YOUR DADDY OR UNCLE THAT SAW IT WITH THEIR OWN EYES. #URL# ></document>
		<document> #USER# What a really lame thing to say but I get his point. BLM is a fake organization that stole a lot of good people’s money and they have done literally nothing to help black people. ></document>
		<document> The Democrats Are Trying to Hide a Very Dirty Secret About Electric Cars  #URL# ></document>
		<document> #USER# #USER# #USER# #USER# #USER# You do know you're salty someone pointed out a flaw in your bigoted views don't you? ></document>
		<document> #USER# #USER# Whoa whoa whoa. Are you a teacher? And do you really believe the reason you teach about black history and indigenous history is to help black people and indigenous people? ></document>
		<document> Here's where I come down on Deshaun Watson. You don't know, I don't know, no one except him and the women making the accusations know what took place. We do know there wasn't enough evidence to indict, for whatever that's worth. If he did what he's accused of, it's disgusting. ></document>
		<document> #USER# Cis straight white men not grasping empathy a new genre 😩 ></document>
		<document> #USER# F it then … eliminate all women’s sports while you’re at it… just make it non gendered competition like video games… 🤡show ></document>
		<document> Well said. Men today want to dress and act like women 🤦‍♀️ #URL# ></document>
		<document> Someone was complaining about the homeless tents on the hill by our house so I asked if they support universal housing for all and they said:

“There are enough buildings just not enough income to afford to live in them. (Or I should say willing participating payers)”

Okay… 🤨 ></document>
		<document> #USER# #USER# #USER# #USER# SSC region has fertile regions but farmers lack government’s support &amp; help, for example in sanaag mountains farmers started to grow coffee beans but lack support from local administration like fixing roads there. ></document>
		<document> .#USER#: "Here's a basic truth: men are men and women are women...It's not fair to any girl to be forced to compete against biological males. Ladies and gentlemen, it's time to get biological males out of girls' sports." #HASHTAG# #URL# ></document>
		<document> #USER# Don’t forget that “globalist” is a dog whistle. She really means “Jews.” ></document>
		<document> me joining vc and sonny saying 'SPEAKING OF GAY MEN' #URL# ></document>
		<document> During #HASHTAG#, we'd like to advocate for the brave rape survivors in Tigray. Over 120k women &amp; girls have been become victims of weaponized rape and the number is only growing. We demand #HASHTAG#. Take action today. #USER# #USER#  #URL# ></document>
		<document> #USER# #USER# Something tells me this has less to do with advocacy from the outside and more to do with it being me lmao 

Calm down, I’m sure there are better things to get upset over than memes mocking transphobes and celebrating trans women succeeding through adversity ></document>
		<document> #USER# Like she cares. 🙄 If she did, she’d be finding solutions like the US increasing wheat production to fill the gap. Get all those farmers being paid to not plant working to grow food for the coming crisis around the world. 🤷‍♀️ ></document>
		<document> maybe im just gay but i rly dont see the appeal ></document>
		<document> #USER# Woke liberals cancel anyone who doesn't agree with them....period. ></document>
		<document> This is harmful and would discourage already traumatized young people from reverting, as #USER# pointed out. Most Muslims are raised with a blend of culture and religion. Some are traumatized, and some doubtful. Many go through a questioning/ agnostic phase, Before they #URL# ></document>
		<document> the grip that utterly mediocre covers that are just a picture of the artist have on the gays in the replies #URL# ></document>
		<document> #USER# #USER# #USER# #USER# #USER# here y’all go again w this narative that a wealthy woman married for interest. lmao, the equivalent of saying Priyanka Chopra married nick jonas bc of fame and money 😹😹😹 hating the idea that women are capable of loving. embarrassing. ></document>
		<document> when i see tattooed women i start barking n drooling ></document>
		<document> #USER# Men are so oblivious to the dangers women face when being out alone 😭 ></document>
		<document> #USER# Let the women fight!! We will fu*k the enemy up in fight!! ⚔️💀 ></document>
		<document> #USER# I know!!!! Women put in lots of effort into their looks and they're throwing themselves a pity party over wearing a well tailored suit everyday ></document>
		<document> If the negotiations at recent COPs are indicators to go by, there is a shift in this narrative. Now the responsibility for raising adaptation finance is being imposed on developing countries ></document>
		<document> #USER# Oh come on, cops wouldn't do a thing like that. Except for being trained to do exactly 💯 that. ></document>
		<document> #USER# #USER# #USER# #USER# thank god this old fart who hates anglo saxons and christians didn't base his entire personality on the works of jrr tolkien

imagine how embarrassing that would have been ></document>
		<document> Ethiopian &amp; Eritrean troops along with Amhara militias, have weaponized rape against 120,000+ Tigrayan women + girls. These victims have no access to medical care due to the siege. Please #HASHTAG#. #HASHTAG# #USER# #USER# #URL# ></document>
		<document> #USER# #USER# #USER# Are you saying my State Government who sets the School Curriculum is LYING to my teenage niece, My nieces school confirmed, Women can have a PENIS.. You hate monger... ></document>
		<document> #USER# But women are in the forefront of advocating for freedom of choice when it comes to gender and sexuality. ></document>
		<document> #USER# #USER# Rubbish, they were soldiers who committed numerous atrocities against Christian population (mainly women and kids) and most of them were killed in fighting. Murder of Serbian women and kids was not labelled as genocide but killings of Bosnian Muslim soldiers was.All lives matter! ></document>
		<document> #USER# My point is: 
The vast majority of people in America are NOT in situations where they are fearful of speaking their mind because the vast majority of them are now living in areas with likeminded people who agree with them.
Conservatives in cities and liberals in red areas (like.. ></document>
		<document> Really happy with how my neighborhood of Little Philly came out. This is a neighborhood in my city of the future that is built by Philly immigrants, hence all of the familiar buildings with a Blendini City twist! #URL# ></document>
		<document> waiting for one of these wheel of fortune contestants to say they're gay so my family collectively loses it ></document>
		<document> These Diplomatic Protection Command cops need to be dealt with  #URL# ></document>
		<document> Feminists get triggered when a man opens a door, or pulls out a chair for their date. 

But absolute silence on this bullshit.

#HASHTAG# 
Truly #URL# ></document>
		<document> #USER# Does Russia have all their senior military leadership on point?  Jesus! ></document>
		<document> #USER# #USER# Well, Racism began over here when Europeans arrived here and started killing the Indigenous People and stealing their land. That was over 450 years ago. Heinous acts of genocide were committed against Native People. They weren't granted United States Citizenship until 1924. ></document>
		<document> #USER# #USER# #USER# #USER# #USER# #USER# #USER# #USER# How do you tell the difference between "cis" and trans?

Am I a woman if tomorrow I say I am &amp; then waltz into female rape shelters? ></document>
		<document> #USER# The ignorant trust of the government is astounding. Funniest part to me is all the conservatives who were all about being lions, not sheep, now saying "But the CDC says it's fine!" ></document>
		<document> people be like yessss women representation in superhero movies! when the women are playing characters called shit like Madame Roadhead ></document>
		<document> #USER# Hahahahahaha our Military hasn't been prepared for shit since the Cuban nut got into office. Our soldiers are weak, with the good ones leaving or giving up on your bs.
The CAF is a joke, no longer respected by the world but pitied for our lack of training, drive and eqpt. ></document>
		<document> #USER# #USER# #USER# Remember that the majority of businesses in Phinney Ridge are small and locally owned…by people. They provide jobs, incomes and services to the community. Just because someone is homeless or drug addicted, doesn’t give them the right to hurt people by damaging their businesses. ></document>
		<document> You are a bum boy for the liberals You voted for the beating mazing and trampling on honest Canadians Tommies Douglas must be rolling in his grave Knowing far you are away from what he had envisioned for the party for the working people #URL# ></document>
		<document> Twitter explodes over trans swimmer Lia Thomas winning national title: 'A slap in the face to women and girls' 🤯this is sick! Whom ever approved this should be castrated and sent to Russia  #URL# ></document>
		<document> I am getting so many white hairs😭😭, but at least I get to see free women live and it's going to make me bawl, also if she plays joanne ></document>
		<document> #USER# Your thing sounds less about women being conniving so much as being flawed protags at all, am I wrong ? ></document>
		<document> #HASHTAG# is dead on #HASHTAG# nn"We are following the Russian military build-up, very closely,"😂nnYou, #USER#, forgot that for every action👇 - there is a reactionn nTHIS came first:n"NATO deploys biggest show of force since Cold War against Russia" #URL# ></document>
		<document> #USER# #HASHTAG# ofnUS military drills (in SK, Europe, Ukraine) - "military exercises"nRussia military drills (on their own territory) - "wargames" #URL# ></document>
		<document> #USER# What people do not understand is that Russia has been really nice this whole time…. If they wanted too, this special military operation would of lasted 30 minutes….and there’s Russian soldiers giving their life’s for civilians out there….that takes honor ></document>
		<document> Younes Nazarian, an Iranian Jewish philanthropist, dies at 91, z"l. #URL# via #USER# #HASHTAG# #USER# ></document>
		<document> Human Rights Problem Countries Receive Two-Thirds of UK Military Export Licenses Since 2010 – Byline Times #URL# ></document>
		<document> #USER# So, what, now a mainland homeless guy has to beg a little more before moving to Paradise? ></document>
		<document> #USER# #USER# Hmm… I counted 7 things that the LDS faith has similar beliefs to either Taliban. Right there with them! ></document>
		<document> As if these ignorant conservatives are the only Christians in the world.  Just go teach your own flock about real Christianity.  Ukraine doesn’t need your hypocrisy!! #URL# ></document>
		<document> #USER# Help those in Ukraine with your donations.
Men, women and children are displaced due to the invasion by Russia. Let's assist the government by raising funds to feed and care for the citizens
#URL# ></document>
		<document> also shoutout to my man prithviraj, a real feminist icon ></document>
		<document> #USER# #USER# Ok you can spell but you're still stupid with no respect for women. ></document>
		<document> #USER# Of course I would from a talent standpoint.  But if he’s done that to 22 women, it’s only s matter of time before he does it again and gets in serious trouble.  Do you really want to guarantee 230 million on a habitual guy? ></document>
		<document> #HASHTAG# #HASHTAG# nnA taste of its own medicine nnAlways remember once US military put boots on the ground and occupy a location, they never leave 😉nn#HASHTAG# #HASHTAG# #HASHTAG# #HASHTAG# #URL# #URL# ></document>
		<document> Women Men Breathable Summer Outdoor Sports Baseball Mesh Hat Running Visor Cap #URL# 
#URL# ></document>
		<document> #USER# #USER# That's a grown man competing with women. It's wrong to allow his make believe to cheat women of their chance to compete in a fair event. ></document>
		<document> Do you see #HASHTAG# here as I do?nn"Kabul says no impact on security as US reduces troops to 2,500nReduction means the lowest level of US forces in #HASHTAG# since 2001, when US invaded the country and *ousted the Taliban*n*Taliban welcome* the US move"nn #URL# ></document>
		<document> #USER# #USER# For drinks, I'd probaby recommend Club Charles as being very 'Baltimore' (really, white Baltimore) &amp; close to transit. Not sure what of the gay bars survived the pandemic, but the northern part of Mt Vernon is the gayborhood. ></document>
		<document> Tell me you don’t care about women without telling me you don’t care about women, #USER# #USER# #URL# ></document>
		<document> #USER# Messiah is the savior in Jewish and Christian traditions. ></document>
		<document> Conservatives banning books and an entire field of study while claiming to be free speech warriors may sound odd, unless to them laws and institutions are meant to protect but not bind reactionaries and bind but not protect "socialism" #URL# ></document>
		<document> Fjallraven Nuuk Parka Insulated Jacket Women’s size XS #URL# eBay ></document>
		<document> #USER# #USER# #USER# On the ribbon whose reading a book is it a bird if you pay attention when you look.  In military they always want you to stand at attention but children relaxed could see what had faxed. Then said beware the head your paper useful there instead. Then they said laterine is mean. ></document>
		<document> #USER# #USER# Two random extras kissing:
Straight: whatever, not even worth mentioning
Gay: POLITICAL??!!?!?!? ></document>
		<document> #USER# #USER# #USER# Friend it’s the 20th century. Women can be senators. ></document>
		<document> I would support and work on a NFT campaign if there were a way I could guarantee trans people would be meaningfully helped by it ></document>
		<document> Brittany Higgins is the poster liar of the false rape claim industry. Her supporters are middle class white racist feminists and their lapdog male "allies" who are terrified of being next to be falsely accused. ></document>
		<document> #USER# #USER# “Being gay isn’t a permanent thing” is almost certainly false ></document>
		<document> #USER# #USER# #USER# Good thing that liberals have safe spaces to hide from mean tweets. ></document>
		<document> #USER# THE WOMEN on the swim team should be made  to feel ASHAMED of this. For GOING along ></document>
		<document> #USER# #USER# Well, to clarify, white men who were trying to improve things from the days of 80 work weeks 6 days a week including child labor. ></document>
		<document> twitter: THERE ARE NO GAME STUDIOS RUN BY WOMEN! I SUPPORT WOMEN IN GAMES!
me: omg I'm about to make your day. Not only do I run a studio, I'm also a woman! wanna like, buy and/or wishlist my games?
twitter: NOT LIKE THAT ></document>
		<document> #USER# yes but this is also giving us gillian anderson being gay eleanor roosevelt so i support it ></document>
		<document> #USER# #USER# There already is a world wide Gay Pride games event in the spirit of being politically correct. 😉 ></document>
		<document> War in Ukraine: Russia Excluded from Upcoming FIH Hockey Women’s Junior World Cup #URL# ></document>
		<document> #USER# I don't believe they mean it as a cancelation of art It's just a protest against a war that is killing people without a legitimate reason. A man in uniform walks into a theatre &amp; that's a green light, the russian military bombs it knowing children are in there? I say protest more ></document>
		<document> #USER# #USER# #USER# #USER# #USER# #USER# What's the 'gendered construct' of women?
Please define what you mean by this. ></document>
		<document> Responses to #USER#
article proof positive that leftists are often control freaks with tyrannical tendencies they would never let happen to themselves.

#URL# ></document>
		<document> #USER# the day trans people stop crying about dumb shit regular people dont care about is the same day hell freezes over ></document>
		<document> Why are men who aren't attracted to women go for men who try their best to look like women ></document>
		<document> #USER# Most women are liberal, so They’re at a fork in the road.  Do they stay progressive and support this?  Or fight for real women...      🇺🇸🇺🇸🇺🇸🇺🇸🇺🇸🇺🇸🇺🇸🇺🇸🇺🇸🇺🇸🇺🇸🇺🇸🇺🇸🇺🇸 ></document>
		<document> Women and man have separated sport categories BECAUSE they are built differently idk what the fucking discussion is about ></document>
		<document> #USER# Men beating women seems to be cool in sports these days.... ></document>
		<document> I love seeing women stand up for themselves and finally have had enough of dealing with a no good man 😭😭yesss ></document>
		<document> #USER# #USER# #USER# Log off you’re embarrassing yourself. He was clearly shitting on transphobes. Also who cares it’s a meme in support of trans people?? How is that problematic? Who cares if the MEME doesn’t perfectly represent the situation!!! It’s a MEME!!!! ></document>
		<document> #USER# #USER# #USER# Has to be hard trying to defend failed liberal leaders and failed policies. Liberals are ruining America. ></document>
		<document> #USER# &amp; his allies are ready to launch yet another military offensive against #HASHTAG#.  ACT NOW before it's too late!  #HASHTAG# #HASHTAG# #USER# #USER# #USER#  #USER# #USER# #USER# #USER# #USER# ></document>
		<document> The only thing that men can’t interfere or be involved with is WOMENS SPORTS. Now you can’t even have that because the world is worried about someone’s feelings getting hurt? What about the feelings of the women who trained their whole life just to get beat by a BIOLOGICAL MALE? ></document>
		<document> Putin is seriously overextended. He is already begging for weapons from China &amp; India. If they supply him, they can join him in being pariah's.

 #URL# via #USER# ></document>
		<document> When people assume bisexual only means attraction to cis identities: #URL# ></document>
		<document> #USER# #USER# #USER# Are you aware that American senators and politicians purchased shares in military companies prior to the war. People who want to help wouldnt do this. ></document>
		<document> #USER# #USER# No sin is doing that. We are living in the days of Noah nothing can stop this. This is a step towards the end times, it has nothing to do with women. It’s God’s timing. ></document>
		<document> "Genocide was committed against Donbass, the purpose of the military operation of the Russian Federation is to get rid of it"

President Putin 🇷🇺 ></document>
		<document> #HASHTAG# is dead🤦‍♂️nn#HASHTAG# would congratulate anyone who pledges more NATO military spending 🤦‍♂️nn#HASHTAG# #URL# #URL# ></document>
		<document> #USER# Ffs... Do you not pay any attention to women at all!? We are screaming about this, just dolts like you friggin ignore us! Way to blame women for what men are doing as per usual though. 🙄 ></document>
		<document> Oh... what #HASHTAG#!nnAccording to #USER# at #USER# don't be afraid of politicians &amp; the toxic way we do our politics (nothing bad with that)nnBUTnnbe afraid, be very afraid of these "#HASHTAG#", they could divide us over our toxic policies!nn#URL# #URL# ></document>
		<document> #USER# #USER# Chris did not smear any women! Watch his interview! You're funny! ></document>
		<document> #USER# I'm beginning to think that feminist are imaginary creatures that only exist in fantasy. ></document>
		<document> #USER# So basically we just have to say that second place is actually first among biological women ></document>
		<document> Very good points made by Virginia Trioli and supports what ⁦#USER#⁩ said yesterday. Some Labor rats don’t want Albo to win. “What they really mean when they call grown women 'mean girls' “- ABC News #URL# ></document>
		<document> Oh, #HASHTAG##HASHTAG# nUS Obama deported more people than any other presidentnnIn 2015:n- accepted 110,000 refugees n- deported 235,413 people #URL# #URL# ></document>
		<document> Tigrayan women emotionally suffering as they watch their children starve and not being able to feed them, are now committing suicide at an alarming rate. Stop the siege and restore all telecom in Tigray. #HASHTAG# #HASHTAG# #USER# #USER# #URL# ></document>
		<document> A mock TV ad in this #HASHTAG# #HASHTAG# caused the Catholic League of Decency to give the #HASHTAG# a "Comdemned" rating- #URL# #URL# ></document>
		<document> So this is not the most important thing from a humanitarian perspective, but... curious which partisan/ideological direction my followers think Ukrainian refugees would break toward. #URL# ></document>
		<document> It rules that this “Gotcha” list of Russian military interventions abroad (to contrast with American military interventions) covers twice as much time as the American list and includes Chechnya (a republic of Russia) and Manchukuo China in 1945-46. Just awesome guys… #URL# ></document>
		<document> #USER# Insatiable needs...just like our politicians in Washington. ></document>
		<document> #USER# #USER# #USER# #USER# Should male guards be allowed to guard women's prisons? They can and do assault them. Are you concerned with the welfare of women's prisoners generally or only when it comes to getting to hate on trans people too? Tell me your other "concerns" for these institutions. ></document>
		<document> French farmers hit the roads again today in protest of soaring gas prices eating away at their already squeezed profits 🚜  (Tommy Robinson via Tg) #URL# ></document>
		<document> #USER# #USER# #USER# #USER# I see you didn’t click the link and we obviously are speaking on women starting the divorce. I agree but its funny youre speaking on the problem but not the reason why so i was helping you 😘 hope you learn to read before assuming points. Good day ></document>
		<document> #USER# This was done on purpose. To make it look like he loses to women as well. It won’t work! He needs to be out of women sports. ></document>
		<document> #USER# they hate to see women be successful and actually entertaining 🤭 ></document>
		<document> #USER# #USER# #USER# You don't want to play this game honey. Your country is much, much worse,
#URL# ></document>
		<document> #USER# #USER# Title 9 doesn’t apply to club sports.  Only varsity.  Scholarships have to be equitable based on proportion of participation.  Football rosters are difficult to balance as women have few large roster sports.  Likely the women were varsity in this attempt and the men were club. ></document>
		<document> Make a list of those fossil fuel supporters politicians, economists and fossil fuel elte
In just a few years rage of the younger generation when they realize their future is no future 
These  people will be guilty 
killing billions in slow motion ></document>
		<document> a women has the right to her own body.
- she wants abortion, plan b, birth control, what dr she wants to see, thats her choice.
* no one should be forced to give birth, told no by dr, pharmacy, State, faith NO access to plan b &amp; birth control.

ITS HER/HIS BODY NOT YOURS FUX OFF #URL# ></document>
		<document> Vegan Lemon Cookies with White Chocolate Chips #URL# ></document>
		<document> #URL#
There are other worlds and other judges and there the real criminals will be judged, those who lead their people to die for greed for power! Mass media is used only to convince people! Italians aren't stupid!
#USER# #USER# #USER# #USER# ></document>
		<document> #USER# Hello #USER# you sound as weak as the “soldiers” embarrassing your country in Ukraine through their desertion, abandonment of military equipment, and civilian abuses. Enjoy your vodka!! ></document>
		<document> #USER# #USER# If we come up with rules regarding the women with the highest T levels that's fair because even tho they have high levels they still have higher estrogen production and lower bone density than men at the SAME T levels. It's very nuanced yes but a difference is still there. ></document>
		<document> #USER# #USER# #USER# They'll lose it anyway as sponsors want winners.
Women can't win women's sport anymore now the men have gatecrashed by identifying as women.
As more men realise how easy the money is the more male competitors there will be.
Women have no future in women's sport if this continues. ></document>
		<document> #USER# #USER# Agree. This has to stop because very, very few women would able to beat a male. And if she did, she would be disquslified for having too much natural testosterone. ></document>
		<document> Cannot believe I watched an American man make it further than all the American women at a 1000.  Please lordt don't make me enter an ATP era just to root for the home team. #URL# ></document>
		<document> Ok actually the CRAZIEST part is that we have a group of adults insisting on their right to inspect children’s’ genitals and they’re the ones calling queer people pedophiles just for existing ></document>
		<document> Where is the women outrage?   Women sports ruined forever. ></document>
		<document> Keke Palmer Talks Supporting Black Women Business Owners
#URL# ></document>
		<document> Why is Pres. Assad trusting this snake terrorist crown prince of UAE, who are mass murdering in Genocide -of the Native Yemeni peoples, &amp; colonizing  NUCLEAR-rich volcanic Yemen/Socotra/Perim island -with terrorist Saudi MBS &amp; their masters,neo-Nazi US/UK/EU/ISrael/MATO regimes. #URL# ></document>
		<document> In Opinion:

It isn't enough for Biden to praise Zelenskyy or even for Congress to appropriate $800 million in military aid for Ukraine.

The U.S. goal must be to ensure that Ukraine does not lose this war on the battlefield or in future talks with Putin.
#URL# ></document>
		<document> #USER# If I Oluwasayo can feel heat, then Nigerians are roasting 😡
Haa Kilode, this heat is much😡 No light, running gen since, fuel is high😡
#USER# ti sun mi😡
Na pregnant women i pity pass🤔 
IKEDC we need light o😡 #HASHTAG# ></document>
		<document> #USER# #USER# #USER# #USER# Bro, do you know that we Muslim obey and respect Jesus peace be upon him, but we don't worship him, if don't believe in Jesus peace be upon him, u are not even a Muslim because God Said we have to believe in all his messengers and which Jesus happened to be one of them ></document>
		<document> #USER# #USER# That's all this President does! Just look at some of the stories he's told which have proven to be untrue. I don't believe anything that comes out of this politicians mouth. ></document>
		<document> #USER# #USER# #USER# #USER# #USER# #USER# so if these things work it won't favour our gullible politicians. They are starving us so that they can feed and use us to starve us again. ></document>
		<document> :O really? I wanna read that abt Samson in the book of Judges. Happy Sabbath day Lord God and Jesus 🙌📖 #URL# ></document>
		<document> #USER# That's great we need him.
He Won in a LANDSLIDE. 
The Democrats STOLE THE ELECTION ></document>
		<document> What?!! That she’s NOT actually transgender but a FRAUD who in men’s sports couldn’t win a mete even if he was given a 20sec lead over others…but competing against women he WINS every single time. My advice…grow some balls &amp; do better as the MAN you really ARE! #URL# ></document>
		<document> #USER# #USER# #USER# And you seriously just called all people wanting to let children explore their identities pedophiles.

Nobody’s contesting that, but we already modify our bodies with prosthetics, glasses, medication, surgeries of all kinds, etc.

No trans surgeries happen for children. Period. ></document>
		<document> #HASHTAG##HASHTAG# #HASHTAG# worried about #HASHTAG# military drills....nnHas Russia moved its borders too close to US, NATO? #URL# ></document>
		<document> Oh what #HASHTAG#!😁nn#HASHTAG# neo-Nazi #HASHTAG# disrupted an eventn"Violation of #HASHTAG# rights *IN RUSSIA*(!!!)" organized by #HASHTAG# Int UA in Kiev.nEvent was cancelled. Police were reluctant to act.nnWhat an embarrasment😂nn#URL# #URL# ></document>
		<document> #USER# There’s nothing grimy about it. It’s their way of protesting because as you know they’ve mostly been told if the say anything they’ll be kicked of teams, and you know how the alphabet mafia likes body counts. What’s grimy is that NCAA does nothing to protect women. ></document>
		<document> A swimmer "wanabee  winner"... William Thomas
👉Looser William as a man...
👉to Lia ....thinks he is the Woman's winner...
WRONG ...   "HE"
will never be recognized as a Women Swimmer..
but a fraud...
"or is this for fame name spotlight" #URL# ></document>
		<document> #USER# #USER# If he ever switches back are there legal repercussions from the women who got screwed ></document>
		<document> #USER# I watch that huge “male looking” transgender athlete and think it’s outrageous and obviously I’m gay and not transphobic. Most people are gonna feel the same and then manu will probably form transphobic beliefs on top. Trans activists who campaign for this in particular need to ></document>
		<document> #USER# Well i am as petty as my catholic mother so youre not wrong lol ></document>
		<document> This is exactly why representation and openness matter.

I knew I was gay at a young age, too. I had to hide it in fear until I was in high school (and beyond!) because of the very backwards attitudes making a resurgence today. #URL# ></document>
		<document> #USER# #USER# #USER# I'm going to be really upset if I don't hear Bro 50 times a minute. Men Women all bro. ></document>
		<document> #USER# I think it’s a great idea. For men and women. If a man wants to be a father figure to a child that’s not biologically his that’s fine. He and that child have the right to know though. ></document>
		<document> Opinion | Ginni Thomas thinks she’s important. She’s not. - The Washington Post. She’s anti-feminist, anti-affirmative action, and, perhaps worst of all to her critics, she’s pro-Donald Trump.  #URL# ></document>
		<document> ICYMI: The other night on #HASHTAG# with #USER#, Dan in Wisconsin called to talk about his experience helping Ukrainian refugees in Poland.
 
#URL# #URL# ></document>
		<document> Daniel McDonnell and Giles Norton told police they were on the top deck of the bus when they started receiving verbal homophobic abuse from a group of youths

#URL# ></document>
		<document> #USER# #USER# 0 tolerance for pedophiles, groomers n those who support them, they debased reprobate and wrong ></document>
		<document> #USER# #USER# #USER# #USER# #USER# Literally saw a drug dealer game on the App Store and it’s still up… ></document>
		<document> #USER# scamming cis people to help trans people ></document>
		<document> #USER# Yeah "real" men who are farmers and builders might not even have wives to protect and role model for and wtf happens to those guys maybe they're imaginary ></document>
		<document> #USER# Are you gay ? 🤔

Now that I have your attention.. 🤦‍♂️

#USER# offers various organic growth services and help NFT clients fill their discord, get mints and much more.

Dm the word « glitch » on #USER# to sell out your NFT project! ></document>
		<document> #USER# Women have been slutshamed for not being their era's definition "modest" for ages by men &amp; women alike. Flappers were considered immodest, &amp; that shit continues constantly. ></document>
		<document> 7 For All Mankind Women's Jeans White Size 26X28 Skinny High-Waist $189- #HASHTAG# #URL# eBay ></document>
		<document> The Democrats will never be our allies. The Brunch Bunch has no time for your “privileged” nonsense about healthcare, income inequality, and peace. ></document>
		<document> #USER# If I rat on enough minorities and Democrats, they definitely will ></document>
		<document> #USER# #USER# #USER# #USER# Intentionally they are opening this up to rapists. Rape is about control, dominating a woman, bringing pain to her physically/emotionally etc. rapists will begin joining female combative sports so they can beat them to a pulp while grabbing all parts of their body simultaneously ></document>
		<document> #USER# #USER# #USER# #USER# Ok? Career fighters know the risk they're taking and clearly are fine with it if they're taking on contracts that put them up against trans athletes, shit even biological women like Amanda Nunes would put all the dudes that I'm seeing complaining about trans athletes to shame ></document>
		<document> #USER# #USER# #USER# #USER# They did “win” a lot. Women’s rights, our right to get medical care and decide what we want to do with our bodies. All up until that Jackass shoved three unqualified idiots into the SC so they could literally, with a snap of a finger, take all that work away. ></document>
		<document> “Transgendered men do not become women, nor do transgendered women become men. All become feminized men or masculinized women, counterfeits or impersonators of the sex with which they ‘identify.’ In that lies their problematic psychological future.”

#URL# ></document>
		<document> #USER# #USER# #USER# #USER# #USER# #USER# #USER# #USER# #USER# #USER# #USER# #USER# #USER# #USER# #USER# #USER# #USER# #USER# #USER# #USER# #USER# #USER# #USER# #USER# #USER# #USER# #USER# #USER# #USER# #USER# #USER# #USER# #USER# #USER# #USER# #USER# #USER# He raped three women and a child and falsely claimed to be transgender.  Self-ID had nothing to do with his attacks.

All of this was clearly stated in the article. ></document>
		<document> if you are a browns fan you are either: 

1. very upset and i feel for you 
2. very happy and i feel bad for all the women you know ></document>
		<document> I think it’s absolute insanity to watch all the feminists say ZERO about biological men taking over women’s sports. #URL# ></document>
		<document> - I wish some of you were in Ga to go to  The Breakfast Boys or Milk N Honey with me… I do mean women ></document>
		<document> #USER# Jewish organisation "Lehi" had an agreement with Nazi Hitler state. 
#URL# ></document>
		<document> Boroko to face Malai in inaugural NCD Governor’s Cup Women’s Final #URL# ></document>
		<document> hile equality for women has come a long way, there's still work to do when it comes to finances. - #HASHTAG# #HASHTAG# #HASHTAG# - ID:75380 #URL# ></document>
		<document> Just because Lil Baby been cheating for 6 years that don't give Jayda the right to text niggas back. Women horrible people yo smh ></document>
		<document> CREME 8″ cuff BOOT TOPPERS! Black “Boot Cuff Billy” leg warmer type Accessory #HASHTAG#🇺🇸 #HASHTAG# #HASHTAG# #HASHTAG# #URL# ></document>
		<document> #USER# #USER# The argument you have is that it isn't fair that Lia Thomas competes against cis women but you have failed so far to make the case for that. ></document>
		<document> #USER# #USER# The media lied, The President lied, the progressive DemocRATS lied….all in collusion to make sure Biden would win.The Hunter story was called baseless and Russian disinformation. If Trump did that we’d never hear the end of it like the phony planned Insurrection propaganda. ></document>
		<document> Victims of weaponized rape are as young as 10 years old. The sexual violence perpetrated against them by Ethiopian &amp; Eritrean forces is “shocking in its scale and level of brutality.” #USER# #USER# #USER# #HASHTAG# #HASHTAG# #URL# ></document>
		<document> #USER# #USER# #USER# That is very on point! Democrats always have that 25% that are altruistic and cannot be contained! That’s why they can never hold on the power. ></document>
		<document> 100%. With 22 accusations, the statistical chance of Watson being completely innocent is extremely low. And then AT BEST he's just a huge creep that makes women uncomfortable. The fact that teams don't seem to care is disgusting. #URL# ></document>
		<document> #USER# #USER# You believe women are inferior so right back at you - clean up your own house ></document>
	
</author><document> #USER# I respectfully disagree, the met shows nothing but contempt for all women and always has.

I speak as someone who in my teens witnessed a white girl who was a friend of mine being intimately searched on a sidewalk, with 3 male officers looking on.

He was 16, just to intimidate </document>
<document> #HASHTAG# #HASHTAG# #HASHTAG# fight IS terrorists, media &amp; "human rights activists" shout "its measures are brutal"nnWhen there is a terrorist attack somewhere, they still blame Russia: "its measures helped radicalization"!nnDamned if you do, damned if you don't failn#HASHTAG# #URL# > </document>
<document> #USER# It's not really necessary to ask this very loaded question.
What matters .. is this person right to beat biological women, take all the medals, set records.
I say an emphatic NO! >></document>
<document> #HASHTAG# I would like to meet this guy again. So gay. So welcoming. I love him dearly. Pretty sweet cheeks. #URL# </document>
<document> Bad vegan... oh god. If you were played that bad you deserve it tbh. Natural selection at that point 🥴</document>
<document> #USER# #USER# #USER# #USER# #USER# Here they are targeting a Russian military convoy passing through a Ukrainian city, using "Smerch" rockets not guided by a multiple launch rocket system. And they don't care about the lives of Ukrainians, as long as they hit a few Russians too
#URL# </document>
<document> #USER# When I was growing up, she was one of the sexiest women on TV. >></document>
<document> #USER# #USER# #USER# I'm so furious with people like you who are willing to forgive these politicians for breaking the rules they set 😒 ></document>
<document> #USER# Here's how I see it. I don't know enough background and I don't trust mainstream media and democrats to tell me the truth. Right now, when it comes to Russia vs Ukraine... #URL# ></document>
<document> #USER# Horrible, excruciating, and a devastating reflection of what helplessness means. My friend is serving meals with #USER# for refugees and he says it is a level of sadness he has never witnessed before. #HASHTAG# #HASHTAG#️ #HASHTAG# ></document>
<document> #USER# example: "I think trans women shouldn't compete in women's (cis) sports divisions" is an argument that can be contrasted with other arguments. Answering "shut up transphobe" indicates an anti-intellectual climate that shuns discussion. This is what the NYT denounces. >></document>
<document> #USER# #USER# Turn them into housing for displaced people and refugees from all over the world!🤔😳 </document>
<document> #USER# I don't understand, are these supposed to be bad things? Why are people so obsessed with religion? I was raised a Catholic and most of the people I know don't even practice it anymore. >></document>
<document> #HASHTAG# is lost on #USER# you are not worried about #HASHTAG# #HASHTAG# regime war drums and military buildup on #HASHTAG# &amp; Do you border #HASHTAG#?nnWhy are you concerned about #HASHTAG# military movements *within* 🇷🇺territory?!nn#HASHTAG# #URL# </document>
<document> #USER# #USER# #USER# Fight the battles you know. Environmentalists fight using the environment. Military fights using military. >></document>
<document> Being bullied for your sexuality?

Stop acting like this GAY </document>
<document> PUTIN IS A WAR CRIMINAL &amp; A COWARD. SO WERE THE US MILITARY IN VIETNAM WHO KILLED INNOCENT CIVILIANS. ASK YOUR DAD OR UNCLE WHO SEEN IT WITH THEIR OWN EYES. #URL# </document>
<document> #USER# What a really stupid thing to say, but I get your point. BLM is a fake organization that has stolen a lot of money from good people and done literally nothing to help black people. >></document>
<document> Democrats are trying to hide a dirty secret about electric cars #URL# </document>
<document> #USER# #USER# #USER# #USER# #USER# You know you're salty. Someone pointed out a flaw in your bigoted opinions, right? >></document>
<document> #USER# #USER# Whoa whoa whoa. Are you a teacher? And do you really believe that the reason I teach black history and indigenous history is to help black people and indigenous people? >></document>
<document> Here's where I land on Deshaun Watson. You don't know, I don't know, no one but him and the women they accused knows what happened. We know there wasn't enough evidence to charge him, for what it's worth. If he did what he's accused of, that's disgusting. >></document>
<document> #USER# Cis straight white men who don't grasp empathy a new gender 😩 </document>
<document> #USER# F then… eliminate all women's sports while you're at it… only do non-gendered competition like video games… 🤡show ></document>
<document> Well said. Men today want to dress and act like women 🤦‍♀️ #URL# </document>
<document> Someone was complaining about the homeless tents on the hill near our house, so I asked if they support universal housing for all and they said:

“There are enough buildings but not enough income to afford to live in them. (Or should I say willing participating payers)"

Okay... 🤨 </document>
<document> #USER# #USER# #USER# #USER# SSC region has fertile regions but farmers lack government &amp; help, for example in the sanaag mountains the farmers have started growing coffee beans but they don't have the support of the local administration how to repair the roads there. >></document>
<document> .#USER#: "Here's a basic truth: men are men and women are women... It's not fair for any girl to be forced to compete against biological males. Ladies and gentlemen, it's time to eliminate males biology of women's sport". #HASHTAG# #URL# ></document>
<document> #USER# Don't forget that "globalist" is a dog whistle. It actually means "Jews". >></document>
<document> I join vc and sonny in saying 'TALKING ABOUT GAY MEN' #URL# </document>
<document> During #HASHTAG#, we would like to advocate for the brave survivors of rape in Tigray. Over 120,000 women &amp; girls have becomevictims of gun rape and the number is only growing. We ask for #HASHTAG#. Act today. #USER# #USER# #URL# ></document>
<document> #USER# #USER# Something tells me this has less to do with outside advocacy and more to do with me lmao

Calm down, I'm sure there are better things to get angry about than memes that mock transphobes and celebrate trans women who succeed in adversity </document>
<document> #USER# As if you care. 🙄 If he did, he would come up with solutions like increasing US wheat production to close the gap. Get all those farmers paid not to plant to work to grow food for the next crisis around the world. 🤷‍♀️</document>
<document> Maybe I'm just gay but I really don't see the appeal </document>
<document> #USER# Awakened liberals delete anyone who disagrees with them... period. >></document>
<document> This is harmful and would discourage already traumatized youth from returning, as #USER# has pointed out. Most Muslims have grown up with a blend of culture and religion. Some are traumatized and others doubtful. Many go through a questioning/agnostic phase before #URL#></document>
<document> the grip that utterly mediocre covers that are just an artist photo have on gays in responses #URL# </document>
<document> #USER# #USER# #USER# #USER# #USER# here we are again with this narrative that a rich woman married for interest. lmao, the equivalent of saying priyanka chopra married nick jonas bc of fame and money 😹😹😹 hating the idea that women are capable of love. embarrassing. >></document>
<document> when I see tattooed women I start barking and drooling </document>
<document> #USER# Men are so oblivious to the dangers women face when they are out alone 😭 </document>
<document> #USER# Let the women fight!! We will defeat the enemy in battle!! ⚔️💀></document>
<document> #USER# I know!!!! Women put a lot of effort into their looks and are throwing themselves a pity party for wearing a well-made dress every day </document>
<document> If the negotiations at the recent COP are any indicators to follow, there is a change in this narrative. Now the responsibility for raising finance for adaptation is being placed on developing countries </document>
<document> #USER# Oh come on, cops wouldn't do that. Aside from being trained to do exactly 💯 that. >></document>
<document> #USER# #USER# #USER# #USER# thank god this old scoundrel who hates Anglo-Saxons and Christians didn't base his whole personality on jrr Tolkien's works

imagine how embarrassing that would be </document>
<document> Ethiopian &amp; Eritrean troops along with Amhara militias have weaponized rape against over 120,000 Tigrinya women and girls. These victims have no access to medical care due to the siege. Please #HASHTAG#. #HASHTAG# #USER# #USER# #URL# ></document>
<document> #USER# #USER# #USER# Are you saying that my state government that sets the curriculum is lying tomy teenage niece, My niece's school confirmed, Women can have a PENIS.. You hate merchants... </document>
<document> #USER# But women are at the forefront of defending freedom of choice when it comes to gender and sexuality. >></document>
<document> #USER# #USER# Trash, they were soldiers who committed numerous atrocities against the Christian population (mainly women and children) and most of them were killed in combat. The murder of Serb women and children has not been labeled genocide, but the killing of Bosnian Muslim soldiers has. All lives matter! >></document>
<document> #USER# My point is:
The vast majority of people in America are NOT in situations where they are afraid to speak their mind because the vast majority of them now live in areas with like-minded people who agree with them.
Conservatives in cities and liberals in red areas (like.. </document>
<document> I'm really happy with how my Little Philly neighborhood turned out. This is a neighborhood of my city of the future built by Philadelphia immigrants, so all the familiar buildings with a Blendini City twist! #URL# </document>
<document>waiting for one of these wheel of fortune contestants to say he is gay so my family loses collectively</document>
<document> These diplomatic protection command officers should be treated with #URL# </document>
<document> Feminists go wild when a man opens a door or pulls out a chair for their date.

But absolute silence on this bullshit.

#HASHTAG#
Actually #URL# ></document>
<document> #USER# Has Russia targeted all of its top military leaders? Jesus! >></document>
<document> #USER# #USER# Well, racism started here when Europeans came here and started killing indigenous people and stealing their land. That was over 450 years ago. Heinous acts of genocide were committed against the natives. They did not obtain United States citizenship until 1924. </document>
<document> #USER# #USER# #USER# #USER# #USER# #USER# #USER# #USER# How do you tell the difference between "cis" and trans?

I am a woman if tomorrow I say that I am &amp; then enter female rape shelters? >></document>
<document> #USER# The government's ignorant trust is astounding. The funniest part to me is that all the conservatives who wanted to be lions, not sheep, are now like, "But the CDC says it's okay!" >></document>
<document> people are like the female representation of yessss in superhero movies! when women play characters called shit like Madame Roadhead </document>
<document> #USER# Hahahahahaha our army hasn't been prepared for shit since the crazy Cuban took office. Our soldiers are weak, with the good ones walking away or surrendering.
CAF is a joke, no longer respected by the world but pitied for our lack of training, guidance and equipment. >></document>
<document> #USER# #USER# #USER# Remember that most businesses in Phinney Ridge are small and locally owned…by people. They provide jobs, iincome and services to the community. Just because someone is homeless or a drug addict doesn't give them the right to hurt people by hurting their business. >></document>
<document> You're a bum for the Liberals You voted for the beating, labyrinth and trampling of honest Canadians Tommies Douglas must roll in his grave Knowing you are a long way from what he envisioned for the workers party #URL# >> </document>
<document> Twitter explodes over trans swimmer Lia Thomas' national title win: 'A slap in the face for women and girls' 🤯 that's sick! Anyone who has ever approved this should be castrated and sent to Russia #URL#></document>
<document> I'm getting so much gray hair😭😭, but at least I can see free women live and it will make me cry, even if she plays Joanne</document>
<document> #USER# Your thing sounds less like women being conniving than being flawed protags, am I right? >></document>
<document> #HASHTAG# is dead on #HASHTAG# nn"We are following the Russian military formation very closely"😂nnYou, #USER#, forgot that for every action👇 - there is a reactionn n THIS one came first: n"NATO deploys largest show of force since Cold War against Russia" #URL# ></document>
<document> #USER# #HASHTAG# ofnUS military exercises (in SK, Europe, Ukraine) - "military exercises"nRussian military exercises (on own territory) - "wargames" #URL# ></document>
<document> #USER# What people don't realize is that Russia has been really nice all this time…. If they wanted it too, this special military operation would last 30 minutes... and there are Russian soldiers out there who give their lives for civilians... this is honorable >></document>
<document> Younes Nazarian, an Iranian Jewish philanthropist, dies at 91, z"l. #URL# via #USER# #HASHTAG# #USER# </document>
<document>Countries with human rights problems receive two-thirds of UK military export licenses since 2010 – Byline Times #URL# </document>
<document> #USER# So what, now a homeless man on the mainland has to beg a little longer before moving to Heaven? >></document>
<document> #USER# #USER# Hmm… I counted 7 things the Mormon faith has similar beliefs to the Taliban. Right there with them! >></document>
<document> As if these ignorant conservatives were the only Christians in the world. Go teach your flock true Christianity. Ukraine doesn't need your hypocrisy!! #URL# </document>
<document> #USER# Help those in Ukraine with your donations.
Men, women and children are displaced by the invasion of Russia. We help the government by raising funds to feed and heal citizens
#URL# </document>
<document> also thanks to my man prithviraj, a true feminist icon </document>
<document> #USER# #USER# Ok you can spell it but you are still stupid with no respect for women. >></document>
<document> #USER# Of course I would from a talent point of view. But if he's done it to 22 women, it's only a matter of time beforeHe does it again and gets into serious trouble. Do you really want to guarantee 230 million on a regular guy? >></document>
<document> #HASHTAG# #HASHTAG# nnA taste of its own medicine nnAlways remember that once the US military put their boots on the ground and occupy a location, they never left 😉nn#HASHTAG# #HASHTAG# # HASHTAG# #HASHTAG# #URL# #URL# ></document>
<document> Women's Breathable Summer Outdoor Sports Baseball Cap Peaked Cap Running Cap #URL#
#URL# </document>
<document> #USER# #USER# That's a grown man competing with women. It is wrong to allow his fiction to rob women of their chance to compete in a fairground event. >></document>
<document> See #HASHTAG# here like me?nn"Kabul says no security impact as US reduces troops to 2,500nReduction means lowest level of US forces in #HASHTAG# since 2001, when US invaded country and *driven Taliban*n*Taliban welcomes* US move"nn #URL# ></document>
<document> #USER# #USER# For drinks, I'd probably recommend Club Charles as it's very 'Baltimore' (really, white Baltimore) &amp; close to transit. I'm not sure which of the gay bars survived the pandemic, but the northern part of Mt Vernon is the gay quarter. >></document>
<document> Tell me you don't care about women without telling me you don't care about women, #USER# #USER# #URL# </document>
<document> #USER# The Messiah is the savior in Jewish and Christian traditions. >></document>
<document> Conservatives banning books and an entire field of study while claiming to be free speech warriors may seem strange, unless to them the laws and institutions are meant to protect but not bind reactionaries and bind but don't protect "socialism" #URL# >< /document>
<document>Women's Fjallraven Nuuk Parka Insulated Jacket Size XS #URL# eBay </document>
<document> #USER# #USER# #USER# There is a bird on the tape of someone reading a book if you pay attention when you look. In the military they always want you to stand at attention, but relaxed kids can see what was faxed. Then he said mind your head your useful card there instead. Then they said laterine is bad. >></document>
<document> #USER# #USER# Two random extras kissing:
Straight: anything, not even noteworthy
Gay: POLITICIAN??!!?!?!? >></document>
<document> #USER# #USER# #USER# Dude, it's the 20th century. Women can be senators. >></document>
<document> I would support and work on an NFT campaign if there was a way to ensure that trans people would be significantly helped by it </document>
<document> Brittany Higgins is the fake rape industry's false liar. Its advocates are middle-class white racist feminists and their male dog "allies" who are terrified of being the next to be falsely accused. >></document>
<document> #USER# #USER# "Being gay is not a permanent thing" is almost certainly false </document>
<document> #USER# #USER# #USER# Good thing liberals have safe places to hide from mean tweets. >></document>
<document> #USER# WOMEN on swim team should be ashamed of this. To GO together </document>
<document> #USER# #USER# Well, to clarify, white men who were trying to make things better from 80 work week days 6 days a week including child labor. >></document>
<document> twitter: THERE ARE NO GAME STUDIOS RUN BY WOMEN! I SUPPORT WOMEN IN GAMES!
me: omg i'm going to brighten your day. Not only do I run a studio, I'm also a woman! Do you want to like, buy and/or wishlist my games?
twitter: NOT SO </document>
<document> #USER# yes but that also gives us the fact that gillian anderson is gay eleanor roosevelt so i support that </document>
<document> #USER# #USER# There is already a worldwide Gay Pride event in the spirit of political correctness. 😉 </document>
<document>War in Ukraine: Russia banned from upcoming FIH Junior Women's World Cup of Hockey #URL# </document>
<document> #USER# I don't think they mean it as an erasure of art. It's just a protest against a war that is killing people for no legitimate reason. A man in uniform enters a theater &amp; is it a green light, the russian army bomb it knowing there are kids in there? I say protest more </document>
<document> #USER# #USER# #USER# #USER# #USER# #USER# What is the 'construct of gender' of women?
Please define what you mean by this. >></document>
<document> Responses to #USER#
article proves positive that people on the left are often control freaks with tyrannical tendencies that they would never let happen to themselves.

#URL# </document>
<document> #USER# the day trans people stop crying over stupid things that normal people don't care about is the same day that hell freezes over </document>
<document>Why men who aren't attracted to women choose men who try their best to look like women</document>
<document> #USER# Most women are liberal, so I'm at a crossroads. Do they remain progressive and support this? Or fight for real women...
<document>Women and men separated sports categories BECAUSE they are built differently, I don't know what the fucking discussion is about</document>
<document> #USER# Men beating women seem to be cool in sports these days.... </document>
<document> I love to see women stand up for themselves and they finally have enough of dealing with a bad man 😭😭yesss</document>
<document> #USER# #USER# #USER# Log out, you're embarrassing yourself. He was clearly shitting on transphobes. Also who cares is a meme in support of trans people?? How is it problematic? Who cares if the MEME doesn't perfectly represent the situation!!! It's a MEME!!!! >></document>
<document> #USER# #USER# #USER# It must be difficult trying to defend failed liberal leaders and failed policies. Liberals are ruining America. >></document>
<document> #USER# &amp; its allies are ready to launch yet another military offensive against #HASHTAG#. ACT NOW before it's too late! #HASHTAG# #HASHTAG# #USER# #USER# #USER#  #USER# #USER# #USER# #USER# #USER# ></document>
<document> The one thing that men cannot interfere or get involved in is WOMEN'S SPORT. Now you can't even have it because the world is worried about someone's feelings being hurt? What about the feelings of women who have trained their entire lives only to be beaten by an ORGANIC MALE? >></document>
<document> Putin is seriously overstaffed. He is already begging for weapons from China and China. India. If they supply him, they can join him in being a pariah.

 #URL# via #USER# ></document>
<document> When people assume bisexual only means attraction to cis identities: #URL# </document>
<document> #USER# #USER# #USER# Did you know that US senators and politicians bought shares in military companies before the war? People who want to help wouldn't. >></document>
<document> #USER# #USER# No sin is doing this. We live in Noah's time, nothing can stop him. This is a step towards the end times, it has nothing to do with women. It's God's timing. >></document>
<document> "The genocide was committed against Donbass, the purpose of the military operation of the Russian Federation is to get rid of it"

President Putin 🇷🇺></document>
<document> #HASHTAG# is dead🤦‍♂️nn#HASHTAG# would congratulate anyone who promises more NATO military spending 🤦‍♂️nn#HASHTAG# #URL# #URL# ></document>
<document> #USER# Ffs... You pay no attention to women!? We are screaming about this, only fools like you ignore us! Way to blame women for what men do as usual though. 🙄 >></document>
<document> Oh... what a #HASHTAG#!nnAccording to #USER# by #USER# don't be afraid of politicians &amp; the toxic way we do our politics (nothing wrong with that)nnMAnBe afraid, be very afraid of these "#HASHTAG#", they might divide us on our toxic policies!nn#URL# #URL# ></document>
<document> #USER# #USER# Chris didn't defame any women! Watch his interview! You're funny! >></document>
<document> #USER# I'm starting to think that feminists are imaginary creatures that exist only in fantasy. >></document>
<document> #USER# So basically we just have to say that the second place is actually the first among biological women </document>
<document> Excellent observations by Virginia Trioli and supports what #USER# said yesterday. Some Labor rats don't want Albo to win. “What they really mean when they call grown women 'mean girls'” - ABC News #URL# </document>
<document> Oh, #HASHTAG##HASHTAG# nUS Obama deported more people than any other presidentnnIn 2015:n- took in 110,000 refugees n- deported 235,413 people #URL# #URL# </document>
<document> Tigrayan women suffering emotionally as they watch their children starve and are unable to feed them, are now committing suicide at an alarming rate. Break the siege and restore all telecommunications in Tigray. #HASHTAG# #HASHTAG# #USER# #USER# #URL# ></document>
<document> A fake TV ad in this #HASHTAG# #HASHTAG# provoked the Catholic League of Decencygive #HASHTAG# a "Doomed" rating - #URL# #URL# ></document>
<document> So this is not the most important thing from a humanitarian point of view, but... curious in which partisan/ideological direction my followers think the Ukrainian refugees would be heading. #URL# </document>
<document> States that this "Gotcha" list of Russian military interventions abroad (as opposed to American military interventions) covers twice as long as the American list and includes Chechnya (a republic of Russia) and Manchukuo China in 1945-46. Just great guys… #URL# </document>
<document> #USER# Insatiable needs...just like our politicians in Washington. >></document>
<document> #USER# #USER# #USER# #USER# Should male guards be allowed to guard women's prisons? They can and do attack them. Do you care about the welfare of women prisoners in general or only when it comes to hating trans people too? Tell me your other "concerns" about these institutions. >></document>
<document> French farmers took to the streets again today to protest rising gas prices that are eroding their already squeezed profits 🚜 (Tommy Robinson via TG) #URL# ></document>
<document> #USER# #USER# #USER# #USER# I see you didn't click on the link and we are obviously talking about women initiating divorce. I agree but it's funny that you are talking about the problem but not why I was helping you 😘 hope you read before assuming points. Good morning >>
<document> #USER# This was done on purpose. To make it look like he loses to women too. It will not work! It has to be out of women's sports. >></document>
<document> #USER# hate seeing women succeed and really have fun 🤭 </document>
<document> #USER# #USER# #USER# You don't want to play this game honey. Your country is much, much worse,
#URL# </document>
<document> #USER# #USER# Title 9 does not apply to club sports. Varsity only. Scholarships must be fair based on the percentage of participation. Soccer rosters are difficult to balance as women have few big sports. Probably the women were varsity in this attempt and the men were clubs. >></document>
<document> Make a list of those politicians, economists and elite supporters of fossil fuels
In a few years the rage of the younger generation when they realize that their future is no future
These people will be guilty
killing billions in slow motion </document>
<document> a woman has the right to her body.
- she wants abortion, plan b, birth control, what she wants to see, that's her choice.
* no one should be forced to give birth, told no by dr, pharmacy, state, faith NO access to plan b &amp; birth control.

IT'S HER BODY NOT YOURS FUX OFF #URL# ></document>
<document>Vegan Lemon Cookies with White Chocolate Chips #URL# </document>
<document> #URL#
There are other worlds and other judges and there the real criminals will be judged, those who lead their people to die out of greed for phorrendous! Mass media is only used to convince people! Italians are not stupid!
#USER# #USER# #USER# #USER# ></document>
<document> #USER# Hello #USER# you look as weak as the "soldiers" who embarrass your country in Ukraine through their desertion, abandonment of military equipment and civilian abuses. Enjoy your vodka!! >></document>
<document> #USER# #USER# If we find rules regarding women with the highest T levels it is right because even if they have high levels they still have higher estrogen production and lower bone density than men at the SAME T levels It's very nuanced yes, but still there is a difference. >></document>
<document> #USER# #USER# #USER# They're going to lose it anyway because sponsors want winners.
Women can no longer win women's sport now that men have gone head to head identifying as women.
As more men realize how easy money is, the more male competitors there will be.
Women have no future in women's sport if this continues. >></document>
<document> #USER# #USER# I accept. This has to stop because very few females would be able to beat a male. And if she did, she'd be shut out for having too much natural testosterone. >></document>
<document> I can't believe I saw an American man outdo all American women at 1000. Please sir, don't make me enter the ATP era just to cheer for the home team. #URL# </document>
<document> Ok, actually the CRAZIEST part is that we have a group of adults who insist on their right to inspect children's genitals and they are the ones calling people queers pedophiles just for existing</document>
<document> Where is the women's outrage? Women's sport ruined forever. >></document>
<document> Keke Palmer talks about supporting Black female entrepreneurs
#URL# </document>
<document> Why the president Assad trusts this terrorist snake crown prince of UAE, who is killing en masse in genocide of native Yemeni peoples, &amp; colonizing NUCLEAR rich volcanic island Yemen/Socotra/Perim - with Saudi terrorist MBS &amp; their masters, the US/UK/EU/Israel/MATO neo-Nazi regimes. #URL# </document>
<document> In Opinion:

It is not enough for Biden to praise Zelensky or even for Congress to allocate $800 million in military aid to Ukraine.

The US goal must be to ensure that Ukraine does not lose this war on the battlefield or in future talks with Putin.
#URL# </document>
<document> #USER# If I Oluwasayo feel the heat then Nigerians are roasting 😡
Haa Kilode, this heat is very😡 No lights, gen running since then, fuel is high😡
#USER# ti sole mi😡
Na pregnant women sorry to pass 🤔
IKEDC we need light o😡 #HASHTAG# ></document>
<document> #USER# #USER# #USER# #USER# Brother, do you know that we Muslims obey and respect Jesus peace be upon him, but we do not worship him, if we do not believe in Jesus peace be upon him he, you are not even a Muslim because God said we must believe in all his messengers and that Jesus was one of them </document>
<document> #USER# #USER# That's itThe president does! Just look at some of the stories he's told that have turned out to be false. I don't believe anything that comes out of this politician's mouth. >></document>
<document> #USER# #USER# #USER# #USER# #USER# #USER# so if these things work they won't help our gullible politicians. They are starving us so they can feed us and use us to starve us again. >></document>
<document> :Oh really? I want to read about Samson in the book of Judges. Happy Saturday Lord God and Jesus 🙌📖 #URL# </document>
<document> #USER# Great, we need him.
He won in a landslide.
The Democrats STOLE THE ELECTION </document>
<document> What?!! Who is actually NOT transgender but a FRAUD who in men's sports couldn't win a try even if given a 20 second lead over the others...but competing against women he wins every time. My advice… grow some balls and grow your own balls. do better as the MAN you truly ARE! #URL# </document>
<document> #USER# #USER# #USER# And you just called pedophiles all people who want children to explore their identities.

No one disputes this, but we already modify our bodies with prostheses, glasses, drugs, surgeries of all kinds, etc.

Trans surgeries for children do not occur. Period. >></document>
<document> #HASHTAG##HASHTAG# #HASHTAG# concerned about #HASHTAG# military exercises....nn Has Russia moved its borders too close to USA, NATO? #URL# </document>
<document> Oh what a #HASHTAG#!😁nn#HASHTAG# Neo-Nazi #HASHTAG# interrupted an event "Violation of rights of #HASHTAG# *IN RUSSIA*(!!!)" organized by #HASHTAG# Int UA in Kiev. nEvent has been cancelled. The police were reluctant to act.nnWhat an embarrassment😂nn#URL# #URL# </document>
<document> #USER# There is nothing dirty. It's their way of protesting because, as you know, they've mostly been told that if they say anything they'll get kicked off the teams, and you know how the alphabet mafia likes tallies. The dirty thing is that the NCAA does nothing to protect women. >></document>
<document> A "wanabee winner" swimmer... William Thomas
👉William more loser as a man...
👉 to Lia.... thinks he's the winner of the Woman...
WRONG..."HIM"
will never be recognized as a female swimmer..
but a fraud...
"or is for fame name spotlight" #URL# ></document>
<document> #USER# #USER# If he goes back there would be legal repercussions from women who got fucked </document>
<document> #USER# I look at that huge "male looking" transgender jock and think it's outrageous and of course I'm gay and not transphobic. Most people will feel the same way and then manu probably form transphobic beliefs above. Trans activists campaigning for this in particular must </document>
<document> #USER# Well I'm petty like my Catholic mother so you're not wrong lol </document>
<document> This is exactly why representation and openness are important.

I knew I was gay even at a young age. I had to hide it in fear all the way through high school (and beyond!) due to very backward attitudesmaking a renaissance today. #URL# </document>
<document> #USER# #USER# #USER# I'll get very angry if I don't listen to Bro 50 times a minute. Men Women all brothers. >></document>
<document> #USER# I think that's a great idea. For men and women. If a man wants to be a father figure to a child who isn't biologically his, that's fine. He and that kid have a right to know though. >></document>
<document> Opinion | Ginni Thomas thinks she's important. She's not. - The Washington Post. It's anti-feminist, anti-affirmative, and perhaps worst of all for its critics, it's pro-Donald Trump. #URL# </document>
<document> ICYMI: Last night on #HASHTAG# with #USER#, Dan called from Wisconsin to talk about his experience helping Ukrainian refugees in Poland.
 
#URL# #URL# </document>
<document> Daniel McDonnell and Giles Norton told police they were on the top deck of the bus when they began receiving homophobic verbal abuse from a group of youths

#URL# </document>
<document> #USER# #USER# 0 tolerance for pedophiles, solicitors n those who support them, degraded reprobates and wrongdoers </document>
<document> #USER# #USER# #USER# #USER# #USER# I literally saw a drug dealer game on the App Store and it's still active... </document>
<document> #USER# scams cis people to help trans people</document>
<document> #USER# Yes, "real" men who are farmers and builders may not even have wives to protect and role models and what happens to those guys maybe they are imaginary</document>
<document> #USER# Are you gay? 🤔

Now that I have your attention.. 🤦‍♂️

#USER# offers various organic growth services and helps NFT clients fill their discord, get ticks and much more.

Type the word "glitch" on #USER# to sell your NFT project! >></document>
<document> #USER# Women were shamed for not being "modest" according to their era's definition of men &amp; women alike. Flappers were considered immodest, &amp; that shit goes on constantly. >></document>
<document>7 For All Mankind Women's White Jeans Size 26X28 Skinny High Waist $189- #HASHTAG# #URL# eBay </document>
<document> The Democrats will never be our allies. The Brunch Bunch has no time for your "insider" nonsense about health care, income inequality, and peace. >></document>
<document> #USER# If I snitch on enough minorities and Democrats, they surely will </document>
<document> #USER# #USER# #USER# #USER# They are intentionally opening it up to rapists. Rape is about controlling, dominating a woman, causing her physical/emotional pain, etc.
<document> #USER# #USER# #USER# #USER# Ok? Career fighters know the risk they're taking and clearly they're fine with taking contracts that pit them against trans jocks, shit even biological women like Amanda Nunes would pit every guy I seecomplaining about trans athletes to shame </document>
<document> #USER# #USER# #USER# #USER# They "won" a lot. Women's rights, our right to receive medical care and decide what we want to do with our bodies. All until Jackass shoved three unskilled idiots into the SC so they could literally, with a snap of their fingers, take all that work away. >></document>
<document> “Transgender men do not become women, nor do transgender women become men. All become feminized men or masculinized women, counterfeits or impersonators of the sex they "identify" with. Therein lies their problematic psychological future."

#URL# </document>
<document> #USER# #USER# #USER# #USER# #USER# #USER# #USER# #USER# #USER# #USER# #USER# #USER# #USER# #USER# #USER# #USER # #USER# #USER# #USER# #USER# #USER# #USER# #USER# #USER# #USER# #USER# #USER# #USER# #USER# #USER# #USER# #USER# # USER# #USER# #USER# #USER# #USER# Raped three women and a child and falsely claimed to be transgender. Self-identification has nothing to do with his attacks.

All this was clearly stated in the article. >></document>
<document> if you are a Browns fan you are:

1. very upset and sorry for you
2. very happy and sorry for all the women you know </document>
<document> I think it is utter madness to see all feminists saying ZERO about biological men taking over women's sports. #URL# </document>
<document> - I wish some of you were in Ga to come with me to The Breakfast Boys or Milk N Honey... I mean ladies </document>
<document> #USER# The Jewish organization "Lehi" had an agreement with the Hitlerite Nazi state.
#URL# </document>
<document>Boroko To Face Malai In Inaugural NCD Governor's Cup Women's Final #URL# </document>
<document> While equality for women has come a long way, there is still work to be done when it comes to finances. - #HASHTAG# #HASHTAG# #HASHTAG# - ID:75380 #URL# </document>
<document> Just because Lil Baby has been cheating for 6 years, which doesn't give Jayda the right to answer back to niggas. Women horrible people yo smh </document>
<document> CREME 8″ cuff BOOT TOPPERS! Black "Boot Cuff Billy" type leg warmer accessory #HASHTAG#🇺🇸 #HASHTAG# #HASHTAG# #HASHTAG# #URL# ></document>
<document> #USER# #USER# Your argument is that it's not fair for Lia Thomas to compete against cis women, but you haven't been able to argue her so far. >></document>
<document> #USER# #USER# The media lied, the president lied, the progressive DemocRATS lied…all in collusion to ensure Biden won. Hunter's story has been called baseless Russian disinformation. If Trump did that, we would never hear the end of it as the fake propaganda of the planned insurrection. >></document>
<document> Victims of gun rape are just 10 years old. The sexual assault perpetrated against them by Ethiopian &amp; Eritrean forces are "shocking in their scale and level of brutality". #USER# #USER# #USER# #HASHTAG# #HASHTAG# #URL# </document>
<document> #USER# #USER# #USER# This is very fitting! Democrats always have that 25% who are selfless and cannot be contained! That's why they can never hold power. >></document>
<document> 100%. With 22 charges, the statistical chance that Watson is completely innocent is extremely low. And then at best it's just a huge worm that makes women uncomfortable. The fact that the teams don't seem to care is disgusting. #URL# </document>
<document> #USER# #USER# You believe that women are inferior, so answer immediately: clean your house </document>

</author>