
	
		<document> France Suffers New Record Surge In COVID-19 Cases As Locals Complain About Testing Delays:

Live Updates - Zero Hedge #URL# ></document>
		<document> #HASHTAG#: The #HASHTAG# of #HASHTAG#’s #HASHTAG#, The #HASHTAG# #HASHTAG#, #HASHTAG#, claims #HASHTAG# from #HASHTAG# will turn it into terrorist hotbed, warns of ‘attacks on our homelands’:

 — RT World News👉 #URL# 👈
. #URL# ></document>
		<document> #USER# #USER# &gt;&gt;not be possible to reach the core Bastion around Databases. Even for management and its personnel. And certainly not for external "knowledge" and "services". ></document>
		<document> MAJOR: Hunter Biden’s Laptop Emails Leak,
Reveals His Burisma Criminal Dealings in Ukraine:
via #USER# #URL# ></document>
		<document> 7,000 #HASHTAG# #HASHTAG# #HASHTAG# ⚰️😭 in the Post-9/11 Occupying &amp; Bombing #HASHTAG#.
30,000 Died by #HASHTAG#...🥴
Nearly #HASHTAG# the suicide rate of their age group: 😳

#URL# ></document>
		<document> UN Report on Venezuela Omits the Greatest Violation of Human Rights: US Aggression
 #URL# via #USER# ></document>
		<document> #HASHTAG#: "Thou Shalt #HASHTAG# #HASHTAG# ! ".nn#HASHTAG# Military Bombs #HASHTAG# Smuggling Infrastructure In #HASHTAG#-Occupied Areas, War Report nn-&gt;#URL# via #USER# ></document>
		<document> Russian Foreign Ministry: Russia sanctions Canadian Prime Minister Justin Trudeau, Minister of Foreign Affairs Melanie Joly, Minister of Defense Anita Anand, and 300 Canadian legislators. #URL# ></document>
		<document> #HASHTAG#: Lessons of The BLM Protests:
 - Notes from the #HASHTAG# of The #HASHTAG# #HASHTAG#.

Institutions like the Democratic Party defuse left populism &amp; crush grassroots activism with empty words of agreement without any intention of action:

👉#URL#👈by #USER# ></document>
		<document> #HASHTAG# To #HASHTAG#:
#HASHTAG# Calls #HASHTAG# The #HASHTAG# But We Shouldn't Worry About NATO Troops At Our Border ?

Putin exposes the #HASHTAG# of the #HASHTAG# #HASHTAG#'s #HASHTAG# #HASHTAG#:

#URL# via #USER# ></document>
		<document> #HASHTAG# &amp; the #HASHTAG# of 
The #HASHTAG# #HASHTAG#-#HASHTAG# #HASHTAG#
for #HASHTAG# &amp; the #HASHTAG#...

Its NOT about #HASHTAG# at all !!!

The #HASHTAG# #HASHTAG# (yes its stil there...)

 - #HASHTAG# 

#URL# #HASHTAG# via #USER# ></document>
		<document> #HASHTAG#: Documents Reveal More Details Regarding Biden And Poroshenko’s Adventures In Ukraine:
-&gt;#URL# &lt;-from archive ></document>
		<document> #USER# #USER# Yes, we know.
We bring Geopolitical interesting news and situations. We keep track of important developments.
-&gt;#URL# #URL# ></document>
		<document> #HASHTAG#: Large-scale #HASHTAG# #HASHTAG# injections not needed as domestic pandemic curbed: CDC director

As #HASHTAG# has already curbed the #HASHTAG# contagion, a COVID-19 vaccine could be injected sparingly rather than on a large-scale,

 - Global Times #URL# ></document>
		<document> #USER# Mmm...
Weather is what you can see, feel, hear &amp; smell.
Climate is only to be found in old dusty reports.
That is why we signal events &amp; situations that are NOT in the Media, while other events &amp; situations are pushed in it.
We call that "Othersided news". 😉 #URL# ></document>
		<document> "We're aware of individual soldiers who disobeyed orders, gone absent without leave, went to Ukraine in personal capacity.”

British army fears soldiers have gone AWOL in Ukraine 

— RT Russia &amp; Former Soviet Union 
MainLink&gt;#URL#
AltLink&gt;#URL# ></document>
		<document> #HASHTAG#: Serial: "The #HASHTAG# #HASHTAG#".
Episode: "Advanced Technology Failing again".

#HASHTAG# in the propulsion train on the #HASHTAG#-class littoral #HASHTAG# ships may be a killing class-wide design flaw on 17 of the #HASHTAG#’s small surface combatants:

#URL# ></document>
		<document> #HASHTAG#: Serial: "The #HASHTAG# #HASHTAG#".
Episode: "Is America Zinnished ?".

A straight-line prediction from the American situation as of today, points to an “unstoppable #HASHTAG#” into “social #HASHTAG# and strategic #HASHTAG#”...

via Zero Hedge #URL# ></document>
		<document> "Thank you for your message Hussein.
But we receive conflicting messages.
Can you provide a source (link)?
Please." #URL# ></document>
		<document> Former MI6 Spy Alastair Crooke: "The Two Undersides To Geo-Politics" | Zero Hedge #URL# ></document>
		<document> #USER# #USER# It is meant to be used when Israel attacks in any way Iranian Nuclear facilities, which is now shown
"Not to be a good move" too. ></document>
		<document> #HASHTAG#: The #HASHTAG# #HASHTAG# targets its own Elections like they did in #HASHTAG#.
With the #HASHTAG# &amp; #HASHTAG# systems for changing the results of elections for Hugo #HASHTAG# &amp; #HASHTAG#.
Exported all over Latin America.
Systems that were built to do this very thing. 😠 #URL# ></document>
		<document> Violence ripped through Kazakhstan in what was a
#HASHTAG# #HASHTAG#-sponsored #HASHTAG# #HASHTAG#. 

The #HASHTAG# of US interference in #HASHTAG#’s,
 &amp; the region (Central Asia), internal political affairs.

#HASHTAG# Crisis Made in USA:

#URL# via #USER# ></document>
		<document> Protesters entered #HASHTAG#'s Hariga #HASHTAG# terminal on Thursday and stopped a #HASHTAG# from loading, the port head and another official said:
#URL# ></document>
		<document> #USER# #USER# #USER# #USER# We agree on that.
Vaccinated can be infected again.
Then they spread the most vital virus-variants during 8-9 days.
The old virus is hindered by the antibodies of the vaccination.
So they are a human breeding ground for Mutations...
They should also be tested and quarantined. #URL# ></document>
		<document> #HASHTAG#: With the Russian military’s recent move to downsize their forces in Syria, it would make no sense for the Chinese special forces to deploy to the country.nnChinese special forces #HASHTAG# deploying to Syria nn-&gt;#URL# ></document>
		<document> #HASHTAG#: The #HASHTAG# #HASHTAG#.

London Court Hears Details Of CIA Plot To Poison Julian Assange, Steal DNA From Family Members:

via Zero Hedge #URL# ></document>
		<document> Florida reports 1,727 COVID deaths and more than 150,000 cases this week:
#URL# ></document>
		<document> #HASHTAG#: Did Military from the Games in October bring the Virus to China ? They stayed in Hotels close to the market.nn#HASHTAG# discovered #HASHTAG# did #HASHTAG# breakout from #HASHTAG# wet #HASHTAG# as novel cross-species, the Market was infected from humans:nn-&gt;#URL# ></document>
		<document> #USER# #USER# #USER# #USER# #HASHTAG#: We are not playing a word-game.
Science is a concept that existed much much earlier: (You should read the whole article)
-&gt;#URL# ></document>
		<document> #USER# #USER# The problem is most likely with the website, the expiration date of the Certificate, and there is nothing you can do to fix it. However, you can inform the website administrator about the problem. ></document>
		<document> #HASHTAG# #HASHTAG#.
What did various countries reach in Biological #HASHTAG# #HASHTAG#❓

The #HASHTAG# of a new #HASHTAG# has clearly demonstrated the #HASHTAG# a biological agent can cause on a #HASHTAG# scale.
An Overview:
👉#URL#👈SouthFront via Archive🤫 #URL# ></document>
		<document> Rare combat footage of #HASHTAG# #HASHTAG# taking up #HASHTAG# #HASHTAG# in #HASHTAG# #HASHTAG#…makes one wonder #HASHTAG# #HASHTAG# #HASHTAG# them ? #URL# ></document>
		<document> #HASHTAG#: #HASHTAG# - Expect more #HASHTAG# ahead in one of the world’s hardest-hit countries by #HASHTAG#.
What Just Happened in Peru? Understanding #HASHTAG#’s Sudden #HASHTAG#: #URL# ></document>
		<document> Trove of Docs Leaked by #HASHTAG# Shows How Western Intel, PR Firms Crafted False Syria Narrative:
 #URL# via #USER# ></document>
		<document> Trump campaign to immediately request recount in Wisconsin, citing 'reports of irregularities':
 – statement — RT USA News #URL# ></document>
		<document> #HASHTAG#: We wait for this to develop.

Rumor:
Sophisticated #HASHTAG# initiated by #HASHTAG# and Intelligence #HASHTAG# ballots to catch #HASHTAG# #HASHTAG#:

#URL# ></document>
		<document> #USER# Yes.
The Current 3 weeks are the sowing time of Ukraine Grain.
That'll NOT happen &amp; the #HASHTAG# of Europe will be #HASHTAG#.
Russia the 2nd large #HASHTAG# producer has put a #HASHTAG# on Grain #HASHTAG#.
Now the US will need to rob Africa &amp; South-America to get its Grain.
Prices Soar. ></document>
		<document> #HASHTAG#: #HASHTAG# #HASHTAG#: #HASHTAG# #HASHTAG# #HASHTAG# 😱nnA #HASHTAG# Nuclear Strike by the #HASHTAG#-#HASHTAG# is #HASHTAG# beneficial to #HASHTAG# &amp; #HASHTAG# societies, but only to the #HASHTAG# #HASHTAG# of the #HASHTAG# #HASHTAG#–#HASHTAG# #HASHTAG#.nnvia #USER#://t.co/pQhDOIFoiy ></document>
		<document> #HASHTAG#: There have been #HASHTAG# #HASHTAG# #HASHTAG# interventions that were based on #HASHTAG#.nnThis is #HASHTAG# a #HASHTAG# #HASHTAG#.nIt is an extensively #HASHTAG# &amp; #HASHTAG# #HASHTAG#.nnThe 12 Strongest Arguments That #HASHTAG# Was A #HASHTAG# #HASHTAG#:nn-&gt;#URL# &lt;-by #USER# ></document>
		<document> #HASHTAG#: In Search of #HASHTAG#: We Never Forget !nn#HASHTAG#:n#HASHTAG# would #HASHTAG# have #HASHTAG# '#HASHTAG# #HASHTAG#' nerve agent:nn-&gt;#URL# via #USER# ></document>
		<document> #HASHTAG# ‘less #HASHTAG#’ about #HASHTAG# joining #HASHTAG#:

"We understood that NATO isn’t ready to accept Ukraine. The alliance is afraid of controversial things and a confrontation with Russia.”
 - Zelensky said.

 — RT Russia &amp; Former Soviet Union #URL# ></document>
		<document> #HASHTAG#: The Armenian and Azerbaijani forces have been deadlocked in a violent battle inside the Karabakh region for several days now.

Armenian forces destroy vehicle transporting Azerbaijani troops to Karabakh front:

 video #URL# via #USER# ></document>
		<document> #HASHTAG#: New #HASHTAG# research.

1. #HASHTAG# detection can't be used to infer infectiousness.
2. #HASHTAG# starts very early &amp; lasts #HASHTAG# 7 days.

#HASHTAG# implications for #HASHTAG# transmission in the community &amp; hospital setting.
Need of #HASHTAG# case finding &amp; #HASHTAG#. #URL# ></document>
		<document> #HASHTAG# is one of the MAIN-Suppliers of #HASHTAG#, that is used in #HASHTAG#, #HASHTAG# and more.

Boeing and Airbus take opposite stances on Russian titanium 

— RT Business News #URL# ></document>
		<document> #HASHTAG#: And YES... mRNA #HASHTAG# ALTER the DNA in our cells, like any other Retro-Virus (which it is). After infecting a cell it is destroyed by our immune system with COVID19 that occurs within 9 days after infection.
Will the vaccine virus be destroyed within days too ? ></document>
		<document> 8/8. 2016. #HASHTAG# in #HASHTAG#, #HASHTAG# #HASHTAG#.

#HASHTAG# speakers, common workers, survive.
Find Shelter, Heat, Water, Food + avoid being killed by "The #HASHTAG# Army", a #HASHTAG# of #HASHTAG#'s.

Want to be heard.
Here it is.

 - Click 👇 Video 👇 link
#URL# #URL# ></document>
		<document> #HASHTAG#: 22 #HASHTAG# countries have the new #HASHTAG# #HASHTAG#.

#HASHTAG#’s regional director for Europe #HASHTAG# that European nations are at a #HASHTAG# point in the #HASHTAG#.
He called on to “intensify” the #HASHTAG# on the #HASHTAG#. 

— RT World News #URL# ></document>
		<document> #HASHTAG#: 🔥 🥁 #HASHTAG# 🥁 OF #HASHTAG# 🔥nnRussia #HASHTAG# a grave 💪 #HASHTAG# 💪 to the US:nn– #HASHTAG# will #HASHTAG# tolerate American #HASHTAG# #HASHTAG# to topple the Venezuelan government with whom it is #HASHTAG##HASHTAG# Gives #HASHTAG# Red Line on #HASHTAG#:nn-&gt;#URL# ></document>
		<document> #USER# #USER# did research.
TOTAL number of #HASHTAG# 
(confirmed by "Excess Deaths"):
- 3 on 1 million Chinese.
Average number of Lockdown days:
- 5.
Number daily positive tests:
~50 (on 1.4 BILLION Chinese)
Most Chinese vaccinated with classic Vaccines
Sinofac/Sinopharm. ></document>
		<document> #HASHTAG# drug regulators abruptly reverse course on boosters:

"Repeating #HASHTAG# Shots with #HASHTAG# vaccines poses a growing #HASHTAG# for the #HASHTAG# #HASHTAG#"

#URL# #URL# ></document>
		<document> Chomsky: OPCW cover-up of Syria probe is 'shocking' #URL# via #USER# ></document>
		<document> #HASHTAG#: The #HASHTAG# smashes #HASHTAG# #HASHTAG# again.

The same trends of repression, censorship and ideological homogeneity plaguing the national press generally have engulfed the media outlet I co-founded, culminating in censorship of my own articles

-&gt;#URL# ></document>
		<document> #HASHTAG#: The #HASHTAG# #HASHTAG#:nn#HASHTAG# #HASHTAG# admits that most #HASHTAG# #HASHTAG# coming from across the #HASHTAG# are #HASHTAG# '#HASHTAG#' &amp; #HASHTAG# to receive #HASHTAG# #HASHTAG#:nn#URL# ></document>
		<document> #USER# #HASHTAG#: Yes, we noticed, but it was only 1 source and without enough data, so we marked it and waited for more. ></document>
		<document> Putin: Russia Was Forced to Create Hypersonic Weapons After US Withdrew From Missile Treaty: 
#URL# via #USER# ></document>
		<document> #HASHTAG#: Serial: "The #HASHTAG# #HASHTAG#".
1970.
Episode: "How the #HASHTAG# of the #HASHTAG# #HASHTAG#".

The American drafted soldiers' revolt
– including the #HASHTAG# of unpopular #HASHTAG# –
marked the beginning of the end for the #HASHTAG# in Indo-China:

#URL# ></document>
		<document> #USER# Excuse me.
I can login and read "meldingen" and more, but my timeline gives  the message "something went wrong" and "Twitter is overloaded, try later".
My second account does not.
Is something wrong ? Or do i just wait ? ></document>
		<document> #USER# #USER# #HASHTAG#: After Infection with SARS2, the immune system goes in overdrive, alerted by dying cells. It destroyes dying cells and its contents and start building attacks on strange proteins.
In 8-9 days the last whole virus is destroyed, only fragments of its RNA remain.
&gt;&gt; ></document>
		<document> #HASHTAG#: Call To #HASHTAG# ‼️
From The #HASHTAG#

#HASHTAG# from the #HASHTAG# #HASHTAG#❗️

You're Needed: Take The #HASHTAG# #HASHTAG#❗️

📢 Throw #HASHTAG# In The #HASHTAG# Of The #HASHTAG# 🎇

They look 2 BIG for you ?
That's because you're on yer knees.
#HASHTAG#❗️

👉#URL#👈by #USER# ></document>
		<document> #HASHTAG#:n#HASHTAG# &amp; #HASHTAG# #HASHTAG# who are #HASHTAG# #HASHTAG# for #HASHTAG# “#HASHTAG# meddling” could use a more honest set of talking points.n#HASHTAG# #HASHTAG# #HASHTAG#rael, #HASHTAG# #HASHTAG#, #HASHTAG#, or N-#HASHTAG#:nn#HASHTAG#raeli #HASHTAG#-Election Meddling Is Its Newest Industry nn-&gt;#URL# ></document>
		<document> DPR Head: Some 200 People Buried Under Rubble as Azov Militants Set Off Explosive Device in Mariupol #URL# ></document>
		<document> US Threatens Arab States With Sanctions If They Choose to Normalize Ties With Syria - Report:
#URL# via #USER# ></document>
		<document> Azerbaijan praises effectiveness of Israeli drones against Armenian forces
 #URL# via #USER# ></document>
		<document> #HASHTAG#: THE #HASHTAG#-#HASHTAG# #HASHTAG# #HASHTAG#:nn#HASHTAG# POLITICIANS WHO ARE ALSO #HASHTAG# #HASHTAG# #HASHTAG# FULLY BE #HASHTAG# TO THE #HASHTAG#.nn#HASHTAG#, #HASHTAG# #HASHTAG# Is #HASHTAG# Okay.nn-&gt;#URL# ></document>
		<document> #HASHTAG# #HASHTAG# #HASHTAG#-#HASHTAG#:
November 21 2021, 3:30 AM CET.

Tennis #HASHTAG# appears at #HASHTAG# tennis event, organiser photos show: (Reuters)

#URL# #URL# ></document>
		<document> "Where are They⁉️"

Most of the #HASHTAG# #HASHTAG# that ever dotted our #HASHTAG# have probably #HASHTAG# themselves off already.

The #HASHTAG# #HASHTAG# is probably full of #HASHTAG# civilizations:

#URL# ></document>
		<document> #HASHTAG#: #HASHTAG# restricting #HASHTAG# #HASHTAG# against #HASHTAG# to over-60s after #HASHTAG# blood clot warning:

 — RT World News #URL# ></document>
		<document> The reported attack has not resulted in any casualties, #HASHTAG#’s health #HASHTAG# Saman Barzanji told local media, as cited by #HASHTAG#. 
Politico’s Paul McLeary also reported, citing a US defense official, that there have #HASHTAG# been any #HASHTAG# at the #HASHTAG# base. ></document>
		<document> #HASHTAG# &amp; #HASHTAG#:
Rekindling a #HASHTAG# #HASHTAG#.

Arce came to Cuba with a heart full of love, being
one of the most supportive countries for Evo after the coup.
He also came to Havana with a second donation of 15 tons of food and 5 tons of medicines:

#URL# ></document>
		<document> #HASHTAG# Defences Can #HASHTAG# Any Western #HASHTAG# Missile, Firm Almaz-Antey Says:

#URL# via #USER# ></document>
		<document> #HASHTAG#: It is an illusion for the US to use the #HASHTAG# to contain #HASHTAG#.

The WTO said that the US #HASHTAG# international trade rules by imposing tariffs on China in 2018.
Emperor Trump said he had to "do something about the WTO."

- Global Times #URL# ></document>
		<document> #HASHTAG#: The #HASHTAG# Presidential Election #HASHTAG#.
Listen and think.
Blacklisted in the Meanstream Media.

How could Fraud be done in the US Presidential Elections ?

"TRUMP WILL WIN"
Rudy #HASHTAG# Says LEGAL CHALLENGES WILL PREVAIL:
#URL# via #USER# ></document>
		<document> #USER# #USER# #USER# #HASHTAG#: The thought that "Man" somehow can or does change Climate on Earth, that is (almost) TOTALLY caused by the Sun and its activities, is Human #HASHTAG#.
Earth Climate has its dance on the Sun's music.
Sorry. #URL# ></document>
		<document> #HASHTAG#: #HASHTAG# military is #HASHTAG# capable of dealing with #HASHTAG# with a #HASHTAG# greater than #HASHTAG#, while the new #HASHTAG# #HASHTAG# reach Mach 5, #HASHTAG# &amp; even #HASHTAG# GAP:n#HASHTAG# #HASHTAG# of #HASHTAG#'s new #HASHTAG# #HASHTAG#nn-&gt;#URL# ></document>
		<document> #HASHTAG#: Some news-item from #HASHTAG#:

The Most Expensive Riots in U.S. History !

-&gt;#URL# via #USER# ></document>
		<document> #HASHTAG#: #HASHTAG#’s First Police State:

It is hard to put a finger on what is going on in the Australian state of #HASHTAG#.
#HASHTAG# comes close, but police state, definitely:

-&gt;#URL# ></document>
		<document> #HASHTAG#: #HASHTAG# #HASHTAG#:
"What The #HASHTAG# Won't Tell You About #HASHTAG#."

The #HASHTAG# #HASHTAG#...

The Greatest Betrayal Never Told:
 - by reallygraceful
#URL# via #USER# ></document>
		<document> #USER# You found one... I was from a strong vintage year. #URL# ></document>
		<document> #HASHTAG#: The #HASHTAG# Western #HASHTAG# alliance forces are #HASHTAG# sufficiently #HASHTAG# to handle an all-out #HASHTAG# with #HASHTAG#:nn#HASHTAG# Ex-#HASHTAG# #HASHTAG# says "no #HASHTAG# wants to #HASHTAG# #HASHTAG#":nn-&gt;#URL# ></document>
		<document> Did Obama Really Give Russia Hypersonic Technology? #USER# #URL# ></document>
		<document> Serial: "The #HASHTAG# #HASHTAG# #HASHTAG#".
Episode: "#HASHTAG# #HASHTAG# #HASHTAG# with it".

The EEC. #HASHTAG#an #HASHTAG# #HASHTAG#.

The #HASHTAG# of #HASHTAG#’s making is today spreading #HASHTAG# on #HASHTAG#.

#URL# ></document>
		<document> #HASHTAG#: In Search of #HASHTAG#: The #HASHTAG# 2013 #HASHTAG# #HASHTAG# in #HASHTAG#, #HASHTAG#:nnThe #HASHTAG# gas used in Ghouta “was #HASHTAG# the #HASHTAG# as in the #HASHTAG# #HASHTAG#.”nnUS intelligence: Saudi's &amp; Turkey provided al-Nusra with the chemicals for Sarinnn-&gt;#URL# ></document>
		<document> #HASHTAG#: In Search of #HASHTAG#: There is still #HASHTAG# !nnThere seem to be at least some in the #HASHTAG#,nwho are #HASHTAG# #HASHTAG# #HASHTAG#.nnUS Military, Lawmakers Say Communication with Russia Needed to Avert Nuclear War:nn-&gt;#URL# via #USER# ></document>
		<document> #HASHTAG#: Hmm… America Keeps Getting Attacked By Nations It Hates In Ways Only The CIA Can See:

-&gt;#URL# &lt;-by #USER# ></document>
		<document> #HASHTAG#: Israel’s military &amp; government claim Israeli snipers opening fire across the fence into Gaza are 'defending our border.' That’s just #HASHTAG# #HASHTAG# !nnThe big lie:nHow apologists for Israel’s occupation justify killing unarmed Palestinian protestors:nn#URL# ></document>
		<document> #USER# That chart we posted because of its interesting source.
We translated it into English, because many cannot read German.
We do not claim 3% deaths from mRNA jabs.
Read our research results more carefully. 😉 ></document>
		<document> Buisnessmen:
Disciples of Pinochet and Opponents of Democracy:
#URL# via #USER# ></document>
		<document> Iran issues warnings to US drones that approach the area of ​​maneuvers being conducted near Strait of Hormuz in the Persian Gulf:
 #URL# via #USER# ></document>
		<document> #USER# #HASHTAG#: We advice you to read this research document first.
#HASHTAG# contains 4 pieces of #HASHTAG# #HASHTAG# (Causes #HASHTAG#, attacks human #HASHTAG# system).

Reduction and Functional Exhaustion of T Cells in Patients With Coronavirus Disease 2019 (COVID-19)

-&gt;#URL# ></document>
		<document> DR DAVID MARTIN
 - #HASHTAG# OF #HASHTAG#:
WHEN NATURE IS CONSCRIPTED TO HARM
#URL# via #USER# ></document>
		<document> Breaking: Iraqi Air Force targets ISIS inside Syria after new agreement with Syrian military reached (#HASHTAG# with #HASHTAG#-Led #HASHTAG#) #URL# via #USER# ></document>
		<document> I have 48 new followers from USA, UK., Germany, and more last week. See #URL# #URL# ></document>
		<document> #HASHTAG#: #HASHTAG# Arab #HASHTAG# did #HASHTAG# #HASHTAG# the #HASHTAG# Military #HASHTAG# in southern Aleppo.nThe Turkish Convoy did not reach the southern Aleppo countryside, nor did they reach #HASHTAG# near the town of Tal Al-‘Eis:nn-&gt;#URL# ></document>
		<document> #USER# We agree.
But:
Germany is asking for less gas from Russia, but Poland needed more gas because no ships with LNG have landed, so the Gas has been pumped from Germany east, to Poland to fill that Gap.
Europe is trying to get more Russian Gas via Ukraine.
How long will that last ? ></document>
		<document> Thread by #USER#: #USER#

#HASHTAG#: The #HASHTAG# #HASHTAG#:

NATO-member Leaders gave Security #HASHTAG# against #HASHTAG# #HASHTAG# Eastward to Soviet leaders by among others:
#HASHTAG#, #HASHTAG#, #HASHTAG# &amp; #HASHTAG#:

👉#URL# ></document>
		<document> #HASHTAG#: #HASHTAG# #HASHTAG#:

Infectiousness of #HASHTAG# starts early after infection, mostly before onset of 1st symptoms (if any), from the upper respiratory tract, lasts until maximum day 9 of illness.
RNA-pieces are detected until day 17-83.

#URL# ></document>
		<document> #HASHTAG#: From mostly unreliable sources:

The new #HASHTAG# of an #HASHTAG#-managed #HASHTAG#-#HASHTAG# #HASHTAG# #HASHTAG#-#HASHTAG#, climbing out of its pit, to help defend Democracy in the Empire: #URL# ></document>
		<document> Pentagon announces partial withdrawal from Afghanistan – 2,500 troops to remain
 — RT USA News #URL# ></document>
		<document> BOMBSHELL:
#HASHTAG#'s Role in the #HASHTAG# #HASHTAG# on #HASHTAG# + on #HASHTAG#:

India aided US against #HASHTAG# through hosting violent militant groups targeting #HASHTAG#.
This time hosting militants targeting China’s #HASHTAG# partner, Myanmar:

#URL# via #USER# ></document>
		<document> Despite its humanitarian concerns, Europe is not prepared to receive a new wave of mass migrations.

EU thinking a strategy to curb mass migration of Afghan citizens:
#URL# via #USER# ></document>
		<document> #HASHTAG# #HASHTAG# systems have been activated to respond to an #HASHTAG# by the #HASHTAG# #HASHTAG# Force in Palestine, on Syria’s capital, #HASHTAG#.
Syria’s SANA news agency reported.

Explosions have been reported rocking the area:

 — RT World News #URL# ></document>
		<document> #HASHTAG#: We thought balance was good for stability and peace ?nDoes the Pentagon #HASHTAG# want #HASHTAG# &amp; #HASHTAG# ?nnLaughably Pentagon Says: China Achieving Military Parity Will Be 'the Most Destabilizing Event in the 21st Century' ?nn-&gt;#URL# via #USER# ></document>
		<document> Interesting...

The Pandora Papers:

#URL# via #USER# ></document>
		<document> Thread by #USER#.

#HASHTAG# Major General Konstantin Pridybailo on the 2020 "protests" in #HASHTAG#.

Very telling interview on how the #HASHTAG#'s #HASHTAG# #HASHTAG# #HASHTAG# in #HASHTAG# was planned:

#URL# ></document>
		<document> America's Post 9/11 Wars Have Forced 37-59 Million People From Their Homes:
 New Study - Zero Hedge #URL# ></document>
		<document> "Finland, too, could recognize the land a little east of its border as independent and send soldiers from the reserve as peacekeepers there." 👌 #URL# ></document>
		<document> China Testing 11 COVID-19 Vaccines, 4 Undergoing Phase 3 Trials, Science Minister Says:
 #URL# via #USER# ></document>
		<document> #HASHTAG#: 1. This will be changed by AngloZionist #HASHTAG#, BigTech #HASHTAG# &amp; corrupt Alt-right #HASHTAG# as:
"#HASHTAG# conspired with #HASHTAG# in #HASHTAG# against the #HASHTAG#."
2. It's time to get the #HASHTAG#-led #HASHTAG# Industrial Complex to the International Criminal Court (#HASHTAG#): #URL# ></document>
		<document> By Col. John Pelham
#USER#

I’m not so dumb, deaf and blind not to see what’s going on in this country today...

#URL# ></document>
		<document> WASHINGTON Steals The #HASHTAG# #HASHTAG#:nn- The #HASHTAG# administration will #HASHTAG# permit the #HASHTAG# movement to access the #HASHTAG# #HASHTAG# of the #HASHTAG# Afghan #HASHTAG#, held in the #HASHTAG#, Like the #HASHTAG# Gold:nn - - CLICK👇👇n👉#URL#👈via #USER# #URL# ></document>
		<document> #HASHTAG#: On the #HASHTAG# of #HASHTAG#.
(July 21)
More than 20,000 American service members have contracted the #HASHTAG#, and the infection rate in the services has tripled over the past six weeks:

-&gt;#URL# ></document>
		<document> The UN's 75th General Assembly is on ZOOM !
 #URL# via #USER# ></document>
		<document> #USER# #USER# #USER# #HASHTAG#: The Inhuman ideology of #HASHTAG# of Witchqueen Ayn Rand, underlying the NeoLiberal "Free" Market &amp; Privatization doctrine of Raygun &amp; Thatcher.
Because it created the stairway to the top for the rats &amp; wolves among us. #URL# ></document>
		<document> #HASHTAG#: Are #HASHTAG#, #HASHTAG#, #HASHTAG# &amp; the Communist Party of #HASHTAG# conspiring to #HASHTAG# Americansninto #HASHTAG# wanting #HASHTAG# to #HASHTAG# them ?nHow Dare They !nnLindsey Graham, Protests,nIn Notes From the #HASHTAG# of the #HASHTAG# #HASHTAG#:nn-&gt;#URL# &lt;-by #USER# ></document>
		<document> #USER# #USER# #USER# #HASHTAG#: True. Science = Change.
400 years ago, 97% of scientists stated that the sun revolved around the earth.
Today, 97% of climate scientists say that human CO2 will destroy the world. #URL# ></document>
		<document> #HASHTAG#: Maybe recent events in #HASHTAG#,
in what is named "The #HASHTAG# of #HASHTAG#".
have opened some eyes to our Serial:

🔊 "The Crumbling Empire"

Click here:👇👇
👉#URL#👈 ></document>
		<document> 2016. #HASHTAG# Region in #HASHTAG# #HASHTAG#.

#HASHTAG# speakers, common workers, watch their children, family &amp; friends #HASHTAG#. On a #HASHTAG# base.
By "The #HASHTAG# Army", but really a #HASHTAG# of #HASHTAG#'s.

 - Click 👇 Below 👇 the #HASHTAG# text. #URL# #URL# ></document>
		<document> #HASHTAG#: The #HASHTAG# Has Done More to Maintain the #HASHTAG#-#HASHTAG# #HASHTAG#-Conflict Than You Think.

It has curtailed influence of #HASHTAG#, which wants peace.
It has encouraged #HASHTAG# which has been blockading Armenia for 30 years:

-&gt;#URL# via #USER# ></document>
		<document> The Ukrainian Nazi Girl who made the cover of #USER# in 2014 was a member of the #HASHTAG# #HASHTAG# #HASHTAG#. #URL# #URL# ></document>
		<document> #USER# #USER# #USER# #USER# #USER# (5 Final) Read below thread. After #HASHTAG# halted all #HASHTAG# work, That work was transported to Wuhan by Fauci &amp; #HASHTAG#. The Chinese only brought them BAT-viruses.
May 2, 2020:
CLICK👇👇
#URL# ></document>
		<document> #USER# #USER# #HASHTAG#: Our apology:

Venezuela shoots down aircraft with US registration number:
-&gt;#URL# via #USER# ></document>
		<document> #HASHTAG#: The risk in the wide spread of #HASHTAG# and #HASHTAG# on the Vaccine efforts effect.

-&gt;#URL# #URL# ></document>
		<document> Karabakh capital comes under heavy fire from Azerbaijani troops:
 video #URL# via #USER# ></document>
		<document> #HASHTAG#: Tehran rejects Netanyahu’s accusations over explosion of vessel in Gulf of Oman and is ‘closely monitoring’ Israeli actions:

 — RT World News #URL# ></document>
		<document> #HASHTAG#:

"My goal has always been to do my part in healing myself so I can see more clearly &amp; speak with more clarity + consciousness about what’s happening in our world, how we can fix it &amp; what possibilities lie beyond this veil of tears"

👉#URL#👈by #USER# ></document>
		<document> US-Funded #HASHTAG# in #HASHTAG#:

Russia believes that components of biological weapons were created in Ukraine,
says the head of radiation, chemical &amp; biological #HASHTAG# of the #HASHTAG# Armed #HASHTAG#, Igor Kirillov,
reported by TASS:

#URL# via #USER# ></document>
		<document> #HASHTAG#: In a "#HASHTAG# Year" the #HASHTAG# System "passes" each 120 #HASHTAG# Years through the #HASHTAG# crowded plane, NOT 27.

Global mass #HASHTAG# follow regular 27-million-year cycle; linked to Earth’s journey through Milky Way ?

— RT World News #URL# ></document>
		<document> #USER# #USER# Did you read the whole explanation ?
Then check situations in China, South Korea, Nw Zealand &amp; more countries that used #HASHTAG# or #HASHTAG#.
Compare the #HASHTAG# of #HASHTAG# per million.
China: 100 per 1,400 million = 0.07 per million.
You can be sure to meet no virus there. #URL# ></document>
		<document> #USER# #USER# #USER# &gt;&gt;which does not mean that we can do what we want, because there just is no "You" (or "Me").
In Human social structure, language rules.
Narratives create Power via an "authority-ladder" system.
Since i do not have that hereditary system i can see that.
👉#URL#👈 #URL# ></document>
		<document> #HASHTAG#: Laatste Nieuws over de #HASHTAG# om het #HASHTAG# van #HASHTAG#.

#USER# #HASHTAG# supporters in #HASHTAG# #HASHTAG# with police inside US Capitol as offices evacuated &amp; lawmakers told to don #HASHTAG# #HASHTAG# - reports

 — RT USA News #URL# ></document>
		<document> #HASHTAG#: Rebellion on the Farm.

The #HASHTAG#'s foreign policy to destroy the multilateral / Multi-Polar system, can only be imposed through submission, force, threat and blackmail:

-&gt;#URL# via #USER# ></document>
		<document> Japan’s Abe Gets a Successor, But Will he Continue His Predecessor’s Policy Towards China, Russia? #USER# #URL# ></document>
		<document> #HASHTAG#: Serial: "The #HASHTAG# #HASHTAG#".
Episode: "The Imperial Decline".
 - Is it all the Same ?

61% of  U.S. citizens believe that they are on the #HASHTAG# of a #HASHTAG# #HASHTAG#:

-&gt;#URL# via #USER# ></document>
		<document> (From Czech)
"What is that ? The Russians were supposed to be here for 30 hours !
It was claimed by the best secret services in the world. You Americans." #URL# ></document>
		<document> #HASHTAG#: #HASHTAG# and "#HASHTAG#":nn"#HASHTAG# #HASHTAG# has fundamentally changed not only the #HASHTAG# #HASHTAG#, but also the #HASHTAG# #HASHTAG# in Germany since 2015.nThis should #HASHTAG# happen again.":nn-&gt;#URL# ></document>
		<document> #HASHTAG#: Lavrov Jokes With US Officials:

We Are Not Happy We Got The Second Place as threat behind China... 

#URL# via #USER# ></document>
		<document> #HASHTAG#: Its not over yet.
The #HASHTAG# #HASHTAG#.

Will the Juridical Legislature withstand Corruption ? 

Counting the votes after November's election will take time.
The real question is whether the states will finish by the deadline, #USER# reports:

-&gt;#URL# ></document>
		<document> A difficult matter for non-#HASHTAG# people is their Automatic reaction on + use of "#HASHTAG#-#HASHTAG#", that makes them do absurd + dangerous things, being #HASHTAG# by dark powers.
Start thinking as most of us do: Spatially.
Without words (also called thinking in pictures). #URL# #URL# ></document>
		<document> Hundreds of Syrian mercenaries head to Azerbaijan to replace lost fighters:
 report #URL# via #USER# ></document>
		<document> #USER# No, no... I have had some stressful events and still trying to get my routines going again.
Nothing bad, just sensory and social overloads.
Time heals it. ></document>
		<document> #HASHTAG#: #HASHTAG#’s Syrian Canon Fodder #HASHTAG# in #HASHTAG# “Feel Tricked” as Bodies Pile Up.

“People are dead. Torn to pieces.
There are 35 people we don’t know anything about.”:

 - #URL# via #USER# ></document>
		<document> #USER# #HASHTAG#: Yes. We know.
They are infected by a Brain Virus from the COVID-Denial Campaign from the Big Pharma, called:
the "I Heard Mentality". It is Lethal (for others). #URL# ></document>
		<document> #HASHTAG#: “What's born on Telegram quickly reaches Facebook, Twitter and YouTube.”

The Resistance on the Big Tech Censorship rises.

Israel’s ‘fake news' war room set up to tackle anti-vaccine propaganda loses battle to #HASHTAG#:

 — RT World News #URL# ></document>
		<document> #USER# So our conclusion is:
He never was in The Levant (75%) or he never made an impression on the Arabs if he was there.
The name was in the news in 2016 (suicide bomber) and it is a known name from a mate of Muhammad. ></document>
		<document> Things are spiralling out of control in #HASHTAG#,
where a man GRABBED a #HASHTAG# from an #HASHTAG#. Meanwhile, the #HASHTAG# that have gripped #HASHTAG# have only #HASHTAG#:
#URL# ></document>
		<document> Coronavirus:
the Vaccine War has Entered a Critical Phase:
#URL# via #USER# ></document>
		<document> #HASHTAG#: #HASHTAG# News: "It's NOT over yet❗️"

'Highly inaccurate':
#HASHTAG# #HASHTAG# #HASHTAG# chief, after his agency calls election ‘most secure in history’:

 — RT USA News #URL# ></document>
		<document> Mearsheimers' lecture, entitled “The Great Delusion”,
describes the #HASHTAG# &amp; #HASHTAG# of #HASHTAG# #HASHTAG#
—the #HASHTAG# #HASHTAG#’ attempt to
#HASHTAG# the #HASHTAG# in #HASHTAG#’s image—
since the #HASHTAG# of the #HASHTAG# #HASHTAG#.

John J  Mearsheimer:
The #HASHTAG# #HASHTAG#.

#URL# ></document>
		<document> #HASHTAG#: “I Am #HASHTAG#” Isn’t About #HASHTAG# #HASHTAG#.
It’s About the #HASHTAG# of #HASHTAG# in an #HASHTAG# World:
 - - 👇 Click below the quote. 👇
👉#URL#👈via Global Research #URL# ></document>
		<document> #USER# #USER# Those who use the name of #HASHTAG# and support The #HASHTAG# #HASHTAG#-#HASHTAG# #HASHTAG#-#HASHTAG# cannot possibly #HASHTAG# Anonymous.
Being against WAR means to be against ALL Wars. #URL# ></document>
		<document> Putin Surprised By Achievements Of New "Leaders Of Russia" - The Project He Personally Created! #URL# via #USER# ></document>
		<document> #HASHTAG#: The #HASHTAG#-#HASHTAG# do #HASHTAG# tell about the call from #HASHTAG# to its Citizens to Return Home.nnLavrov: US Is Trying To Slow Down Return Of Refugees To Syria:nn-&gt;#URL# via #USER# ></document>
		<document> I Am Greta - Official UK Trailer:

-&gt;#URL# via #USER# ></document>
		<document> #USER# That is #HASHTAG# #HASHTAG# of #HASHTAG#.
As usual the #HASHTAG# are #HASHTAG# the people to let them fight each other, while the #HASHTAG# steadily become #HASHTAG#.
They still use the "Herd Immunity" narrative in stead of the "Zero Covid" Policy, because it creates more Profit. #URL# ></document>
		<document> #HASHTAG#: As long as the #HASHTAG# is sending its #HASHTAG# to the #HASHTAG# #HASHTAG# they are not about to attack #HASHTAG#.nWhen it starts to #HASHTAG# its forces #HASHTAG#, is when #HASHTAG# should start to be #HASHTAG#.nnWhy the #HASHTAG# Is #HASHTAG# About to #HASHTAG# Iran:nn-&gt;#URL# ></document>
		<document> #HASHTAG# #HASHTAG# News from the #HASHTAG# Presidential Elections.

Former Assistant US Attorney Sidney Powell and GOP leaders are #HASHTAG# the #HASHTAG# of a massive electoral #HASHTAG# involving thousands of votes across multiple states:

-&gt;#URL# ></document>
		<document> #HASHTAG#: #HASHTAG# #HASHTAG#.n#HASHTAG# Appeal to Humanity !nnDon't let them -#HASHTAG#, #HASHTAG#, The #HASHTAG#- #HASHTAG# us !nnDo You Think They are too #HASHTAG# ?nThat is because you are on your #HASHTAG# !n#HASHTAG# !nThis is #HASHTAG# World, #HASHTAG# Theirs !nn&gt;#URL# &lt;n. #URL# ></document>
		<document> The #HASHTAG# For #HASHTAG#,
Naval Base on the Sea of Azov, Black Sea Coast.

Feb. 25, the main battle began in Mariupol.
The mayor said fighting broke out in all directions.

Joint Forces To Trap Ukrainian #HASHTAG# Units (Videos):

👉#URL#👈SouthFront via #HASHTAG#🤫 ></document>
		<document> #HASHTAG#: #HASHTAG# "#HASHTAG# Source"nnEast Ghouta militants on #HASHTAG# #HASHTAG# to be transported to #HASHTAG#, but to #HASHTAG#-#HASHTAG# #HASHTAG#:nn-&gt;#URL# via #USER# ></document>
		<document> #HASHTAG#: #HASHTAG# #HASHTAG# in #HASHTAG# stated that it is #HASHTAG# #HASHTAG# for any residents or aid workers to enter #HASHTAG# #HASHTAG# in #HASHTAG# due to the ongoing #HASHTAG# #HASHTAG#.nn#HASHTAG# #HASHTAG# #HASHTAG# with evidence at chemical weapons site in Douma:nn#URL# ></document>
		<document> #HASHTAG#: Hero Evo #HASHTAG# comes HOME.

"We warmly greet Toledo, Copacabanita &amp; other towns in my return to #HASHTAG#. We thank Alvaro Ruiz, from the Federation of Municipal Associations of Bolivia (FAM), municipalities, indigenous communities &amp; ayllus for their great reception." #URL# ></document>
		<document> China is building a floating spaceport for rocket launches:
#URL# ></document>
		<document> #USER# #USER# #USER# Hi Mike... There are "Narratives" without (or only partly) #HASHTAG# facts.
And there are #HASHTAG#:
#URL# ></document>
		<document> After arriving at the airfields of Belarus,
the Su-35S fighter jets will take up combat duty
for air defense, building-up Air-Power,
with 3.500km Range.

5th Gen #HASHTAG# #HASHTAG# Fighter-Jets Continue #HASHTAG# to #HASHTAG# #HASHTAG#:

👉#URL#👈via #USER# #URL# ></document>
		<document> #USER# Nicole blocked us. Now we blocked her.
We are not knowledgable enough about modern Geopolitics in Africa.
But We thought the Belgians did the enslaving in Kongo ? Are there now Chinese Slave-auctions ?
And Putin was invited by the democratic elected government in Damascus to &gt;&gt; ></document>
		<document> #HASHTAG# Aircraft Violated #HASHTAG# State #HASHTAG# From #HASHTAG# on Monday:

#URL# via #USER# ></document>
		<document> WATCH Burning tanks and IFV’s:
Armenia destroys advancing Azeri forces
 #USER# #URL# ></document>
		<document> #USER# #HASHTAG#.
Putin told his army's leaders to be ready to retaliate
(that includes Nuclear retaliation), because #HASHTAG# are issued by the #HASHTAG# #HASHTAG#'s #HASHTAG#
on intervention in Europe + Economic Warfare.
Ignore War-Propaganda narratives.
Use #HASHTAG# and proper #HASHTAG#. #URL# ></document>
		<document> #HASHTAG#: The #HASHTAG# #HASHTAG# is #HASHTAG# in its influence.nnIts #HASHTAG#, despite absurd amounts of money, sophisticated technology &amp; well-trained officials &amp; troops, has #HASHTAG# delivered conclusive #HASHTAG# in #HASHTAG#, #HASHTAG#, #HASHTAG#, #HASHTAG#, #HASHTAG#, nn-&gt;#URL# ></document>
		<document> A #HASHTAG# #HASHTAG# nipped in the bud. 🥀

#HASHTAG#'s president says #HASHTAG# troops
to start withdrawing in 2 days.
#HASHTAG# recall signs of co-ordinated #HASHTAG#
by '#HASHTAG# #HASHTAG#' during Kazakhstan #HASHTAG#.
Calm returns to the cities:

#URL# via #USER# ></document>
		<document> I just can't understand how we keep failing
to #HASHTAG# the world’s #HASHTAG#
using a system of making as much #HASHTAG# as you can
while #HASHTAG# your workers as little as you can
+ offloading as many of your costs
onto the biosphere as possible:

👉#URL#👈by #USER# ></document>
		<document> #USER# #USER# #HASHTAG#: They tried to do more than that.
But somehow they all failed. Every attempt.
His weapon is: People Power. ></document>
		<document> Could the #HASHTAG#, anarchy &amp; trillions of $$$ wasted in 20-years #HASHTAG#, offer a consolation for the #HASHTAG# #HASHTAG# ?

Making #HASHTAG# a tool, destabilising the Central Asia region for #HASHTAG#, #HASHTAG# &amp; #HASHTAG#:

👉#URL#👈Strategic Culture via Archive🤫 ></document>
		<document> #USER# #USER# When it was clear the real estate was growing into a bubble, they were refused new loans. The reason being to let them bankrupt an then safe the parts that are important for the people and the economy.
But the western Billionaires started to give loans.
They will regret that. ></document>
		<document> #HASHTAG#: From Scientist-Politicians to an Anti-Science Demagogue.

America’s Tragic Descent Into Madness:

 — Strategic Culture, Blocked by Twitter.
 - CLICK 👇👇
👉#URL#👈 from Archive 🤫 ></document>
		<document> #USER# Try this:

You may mentally turn around and look at yourself.
But you can't turn around a 2nd time to see who is looking. 🤔

Who You Are
 - Alan Watts:
#URL# via #USER# ></document>
		<document> Concerns over New Indian #HASHTAG# #HASHTAG# Halts Travels, Trade between #HASHTAG# &amp; #HASHTAG#:
 - Politics news - Tasnim News Agency #URL# ></document>
		<document> Trump Didn't Start the Drone War.
He Just Made It Many Times Worse

 - #URL# via #USER# ></document>
		<document> 4/5.
#HASHTAG#’s latest #HASHTAG# #HASHTAG#, anti aircraft missile #HASHTAG# #HASHTAG# system has entered state trials:

#URL# via #USER# ></document>
		<document> Welkom, Welcome our 9,600-st Follower❗️
ALSO from #HASHTAG#❗️
We are taking Truth as Authority,
Rather than Authority as Truth.
We follow on RT.
We RT your relevant Tweets.

Daily Statistics:
Views: 3,316
Likes: 45
RT's: 32
Clicks: 14
Replies: 6

Where are 👇 our 👇 Followers ? #URL# ></document>
		<document> French police forcibly evict 2,000 illegal migrants from camp in Paris suburbs over Covid health threat — RT World News #URL# ></document>
		<document> Iran to improve Syria's defenses: army spox. #URL# via #USER# ></document>
		<document> #HASHTAG# #HASHTAG#
#HASHTAG# continues its #HASHTAG# on #HASHTAG# in the attempted Colour Revolution in #HASHTAG#.
#HASHTAG# &amp; #HASHTAG# agree on an “independent structure for trade operations" (#HASHTAG#+) that could not be sanctioned by the United States:
👉#URL#👈 ></document>
		<document> #USER# #USER# #USER# &gt;&gt;If positive you are obliged to be tested by your doctor, or a test facility nearby.
b. Positively tested ones ( a very few per million) are traced and everyone in the breakout should go in home quarantine, supported by free food deliveries &amp; services.
c. home quarantines&gt;&gt; ></document>
		<document> #HASHTAG#: Well...
We don't fully agree about Trump not guilty of anything,
but he unmasked the DeepState, 😍
so we still RT it. 😉 #URL# #URL# ></document>
		<document> #USER# #USER# #HASHTAG#: We state that by doing #HASHTAG# work with a open eye on other peoples needs, you cannot "#HASHTAG#" a #HASHTAG#.
You can only do that by being flinthearted inhuman, stealing, manipulation, lying, corruption, blackmail &amp; robbery.

So "#HASHTAG#" it back is called #HASHTAG#. ></document>
		<document> #HASHTAG#: Not every #HASHTAG# adapted to the working from home (#HASHTAG#) standard with the same finesse.
Many at-home setups are #HASHTAG#, without #HASHTAG#, or additional software.
This lack of security saw a huge uptick in #HASHTAG# attacks in 2020:

-&gt;#URL# &lt;-
. #URL# ></document>
		<document> #HASHTAG#: Biden has been out-hawking Trump by attacking him for insufficient aggression toward Venezuela, China, North Korea, Syria, Iran, Cuba, and of course Russia.

Let’s Be Real: President Biden Would Probably Be More Hawkish Than Trump:

👉#URL#👈by #USER# ></document>
		<document> #HASHTAG#: Consent-Manufacturing For Patriot Act II Continues:

Reverse the policies of soul-#HASHTAG# #HASHTAG# and domestic #HASHTAG# which led to Donald Trump.

👉#URL#👈by #USER# ></document>
		<document> Electoral college formally designates Joe Biden US president-elect:
 — RT USA News #URL# ></document>
		<document> A Geopolitical Strategical Analysis
of the "Ukrainian" Crisis,
by the recommended SouthFront website,
 - Blocked by Twitter -.

The Russian Special Operation:
 - An Early Strategic Overview -

👉#URL#👈#HASHTAG# via #HASHTAG#🤫 #URL# ></document>
		<document> Syria - view from the Russian helicopters Mi-8AMTSh and Mi-35M
 #URL# via #USER# ></document>
		<document> US Sends M2A2 Bradleys To Challenge Russian Forces (with their T90 Battle-Tanks) In Northern Syria | Zero Hedge #URL# ></document>
		<document> The FRN Daily News Brief 2020-09-21 #USER# #URL# ></document>
		<document> #USER# #USER# #USER# #USER# #HASHTAG#: July 18, 2019

#HASHTAG# tested 17 samples from sickened Greenspring residents but could #HASHTAG# identify the #HASHTAG# responsible for the illnesses.

Health officials confirmed #HASHTAG# outbreak at 2nd long-term care facility in Fairfax County, Va.:

👉#URL# ></document>
		<document> #HASHTAG#: Not about Climate Change....
Its about Insanity.
Click below the quote... #URL# #URL# ></document>
		<document> #USER# #USER# The #HASHTAG# test is certainly not 100% correct.
But it is #HASHTAG# to be working with it and give #HASHTAG#.
We do not use it enough and so we are now #HASHTAG# on #HASHTAG# #HASHTAG# #HASHTAG# from the #HASHTAG#-Agency #HASHTAG# organized (#HASHTAG#) #HASHTAG# #HASHTAG# #HASHTAG#.😱 ></document>
		<document> #USER# #USER# #HASHTAG#: Brussels is ruled by Altlanticist Hawks too.
They are NOT elected, they APPOINT each other.
Free game for Lobby-networks &amp; Foundations... #URL# ></document>
		<document> #USER# #USER# The Essence of "#HASHTAG#" (Not Church) is #HASHTAG# its "Use".n"Using" it, equals to ab-use.nThe #HASHTAG# of Religion is that Mystical Wisdom by Inspired Wise men/women is put in Words that "simple people" may use as a guideline to find &amp; maintain peace within themselves &amp; the world. ></document>
	
</author><document> France suffers new record surge in COVID-19 cases as locals complain about testing delays:

Live Updates - Zero Hedge #URL# ></document>
<document> #HASHTAG#: The #HASHTAG# of the #HASHTAG# of #HASHTAG#, The #HASHTAG# #HASHTAG#, #HASHTAG#, states that the #HASHTAG# of #HASHTAG# will turn it into a hotbed of terrorists, warns of 'attacks on our lands':

 — RT World News 👉 #URL# 👈
. #URL# </document>
<document> #USER# #USER# &gt;&gt;you will not be able to reach the main rampart around the databases. Also for the management and its staff. And certainly not for "knowledge" and external "services". >></document>
<document> MAJOR: Email leak from Hunter Biden's laptop,
He reveals his Burisma criminal dealings in Ukraine:
via #USER# #URL# ></document>
<document> 7,000 #HASHTAG# #HASHTAG# #HASHTAG# ⚰️😭 in Post-9/11 Occupation &amp; #HASHTAG# bombing.
30,000 dead from #HASHTAG#...🥴
Almost #HASHTAG# their age group's suicide rate: 😳

#URL# </document>
<document> The United Nations report on Venezuela omits the most serious violation of human rights: US aggression
 #URL# via #USER# ></document>
<document> #HASHTAG#: "You must #HASHTAG# #HASHTAG# ! ".nn#HASHTAG# Military bombs #HASHTAG# Infrastructure smuggling in #HASHTAG#-Occupied Areas, war report nn-&gt;#URL# via #USER # ></document>
<document> Russian Foreign Ministry: Russia sanctions Canadian Prime Minister Justin Trudeau, Foreign Minister Melanie Joly, Defense Minister Anita Anand and 300 Canadian lawmakers. #URL# </document>
<document> #HASHTAG#: Lessons from the BLM protests:
 - Notes from #HASHTAG# by The #HASHTAG# #HASHTAG#.

Institutions like the Democratic Party defuse left-wing populism and crush grassroots activism with empty words of agreement with no intention of action:

👉#URL#👈from #USER# ></document>
<document> #HASHTAG# TO #HASHTAG#:
#HASHTAG# Call #HASHTAG# THE #HASHTAG# But shouldn't we worry about NATO troops on our border?

Putin exposes the #HASHTAG# of #HASHTAG# of #HASHTAG# of #HASHTAG# #HASHTAG#:

#URL# via #USER# ></document>
<document> #HASHTAG# &amp; the #HASHTAG# of
The #HASHTAG# #HASHTAG#-#HASHTAG# #HASHTAG#
for #HASHTAG# &amp; the #HASHTAG#...

This is NOT about #HASHTAG# at all!!!

The #HASHTAG# #HASHTAG# (yes, it's still there...)

 - #HASHTAG#

#URL# #HASHTAG# via #USER# ></document>
<document> #HASHTAG#: Documents reveal more details about Biden and Poroshenko's adventures in Ukraine:
-&gt;#URL# &lt;-from archive </document>
<document> #USER# #USER# Yes, we know.
We bring interesting news and geopolitical situations. We keep track of important developments.
-&gt;#URL# #URL# ></document>
<document> #HASHTAG#: Large-Scale #HASHTAG# Injections Unnecessary Due to Domestic Pandemic Curbed: CDC Director

Since #HASHTAG# has already curbed #HASHTAG# contagion, a COVID-19 vaccine could be injected sparingly rather than in large scale,

 - Global Times #URL# ></document>
<document> #USER# Mmm...
Time is what you can see, hear, hear and hear. odor.
The weather is only found in dusty old reports.
That's why we report events &amp; situations that are NOT in the media, while other events &amp; situations are thrust into it.
We call it "news from the other side." 😉 #URL# ></document>
<document> "We are aware of individual soldiers who disobeyed orders, walked away without permission, went to Ukraine in a personal capacity."

The British Army fears soldiers are missing in Ukraine

— RT Russia &amp; Former Soviet Union
Main Link>#URL#
AltLink>#URL#></document>
<document> #HASHTAG#: Serial: "The #HASHTAG# #HASHTAG#".
Episode: "Advanced Technology Fails Again."

The #HASHTAG# in the propulsion train on the #HASHTAG# littoral #HASHTAG# class ships could be a class-wide fatal design flaw on 17 of the #HASHTAG# small surface combatants:

#URL# </document>
<document> #HASHTAG#: Serial: "The #HASHTAG# #HASHTAG#".
Episode: "Is America Galvanized?".

A straight line forecast from the US situation to date, points to an "unstoppable #HASHTAG#" in "social #HASHTAG# and strategic #HASHTAG#"...

via Zero Hedge #URL# </document>
<document> "Thanks for your message Hussein.
But we get mixed messages.
Can you provide a source (link)?
Please." #URL# ></document>
<document> Alastair Crooke, former MI6 spy: "The two lower sides of geopolitics" | Zero coverage #URL# ></document>
<document> #USER# #USER# Is meant to be used when Israel attacks Iranian nuclear facilities in any way, as now shown
Also "not be a good move". >></document>
<document> #HASHTAG#: The #HASHTAG# #HASHTAG# targets their own Elections as they did in #HASHTAG#.
With the #HASHTAG# &amp; #HASHTAG# system for editing election results for Hugo #HASHTAG# &amp; #HASHTAG#.
Exported throughout Latin America.
Systems that were built to do just that. 😠 #URL# ></document>
<document> Violence has torn Kazakhstan apart into what was a
#HASHTAG# #HASHTAG# sponsored by #HASHTAG# #HASHTAG#.

The #HASHTAG# of US interference in #HASHTAG#,
 &amp; the region (Central Asia), internal political affairs.

#HASHTAG# Crisis Made in USA:

#URL# via #USER# ></document>
<document> Protesters entered the #HASHTAG# Hariga terminal of #HASHTAG# on Thursday and stopped the loading of a #HASHTAG#, the port chief and another official said:
#URL# </document>
<document> #USER# #USER# #USER# #USER# We agree on this.
The vaccinated can be re-infected.
Then they shed the most viable viral variants for 8-9 days.
The old virus is hampered by the antibodies from the vaccination.
So they are a human breeding ground for mutations…
They should also be tested and quarantined. #URL# </document>
<document> #HASHTAG#: With the Russian military's recent move to downsize its forces in Syria, it would make no sense for Chinese special forces to deploy to the country.nnChinese special forces #HASHTAG# to deploy to Syria nn-&gt;# URL # ></document>
<document> #HASHTAG#: The #HASHTAG# #HASHTAG#.

London court hears details of CIA operationt To poison Julian Assange, steal DNA from family members:

via Zero Hedge #URL# </document>
<document> Florida reports 1,727 COVID deaths and more than 150,000 cases this week:
#URL# </document>
<document> #HASHTAG#: Did the October Games military bring the virus to China? They stayed in the hotel near the market.nn#HASHTAG# found out that #HASHTAG# made #HASHTAG# come out of wet #HASHTAG# #HASHTAG# as a new cross species, the market was infected by humans:nn-&gt;#URL # >></document>
<document> #USER# #USER# #USER# #USER# #HASHTAG#: We are not playing a pun.
Science is a concept that existed long before: (You should read the whole article)
-&gt;#URL# ></document>
<document> #USER# #USER# The problem is most likely with the website, certificate expiration date and there is nothing you can do to fix it. However, you can inform the website administrator about the problem. >></document>
<document> #HASHTAG# #HASHTAG#.
What have various countries achieved in Organic #HASHTAG# #HASHTAG#❓

The #HASHTAG# of a new #HASHTAG# has clearly demonstrated the #HASHTAG# that a biological agent can cause on a #HASHTAG# scale.
An overview:
👉#URL#👈SouthFront via Archive🤫 #URL# ></document>
<document> Rare #HASHTAG# #HASHTAG# fighting footage shooting #HASHTAG# #HASHTAG# in #HASHTAG# #HASHTAG#…makes #HASHTAG# #HASHTAG# #HASHTAG# wonder them? #URL# </document>
<document> #HASHTAG#: #HASHTAG# - Expect more #HASHTAG# in one of the most #HASHTAG# affected countries in the world.
What just happened in Peru? Understanding the sudden #HASHTAG# of #HASHTAG#: #URL#></document>
<document> A collection of documents leaked by #HASHTAG# shows how Western intelligence and PR firms have created a fake Syrian narrative:
 #URL# via #USER# ></document>
<document> Trump's campaign to request immediate recount in Wisconsin, citing "reports of wrongdoing":
 – statement — RT USA News #URL# </document>
<document> #HASHTAG#: Let's wait for it to develop.

Gossip:
Sophisticated #HASHTAG# initiated by #HASHTAG# and intelligence #HASHTAG# polls to catch #HASHTAG# #HASHTAG#:

#URL# </document>
<document> #USER# Yes.
The current 3 weeks is the sowing time of Ukrainian wheat.
It will NOT happen &amp; the #HASHTAG# of Europe will be #HASHTAG#.
Russia, the second largest #HASHTAG# producer, has put a #HASHTAG# on Grain #HASHTAG#.
Now the US will have to rob Africa &amp; South America to get its grain.
Prices go up. >></document>
<document> #HASHTAG#: #HASHTAG# #HASHTAG#: #HASHTAG# #HASHTAG# #HASHTAG# 😱nnA #HASHTAG# nuclear attack by #HASHTAG#-#HASHTAG# is #HASHTAG# beneficial to #HASHTAG# &amp; #HASHTAG# company, but only to #HASHTAG# #HASHTAG# of #HASHTAG# #HASHTAG#–#HASHTAG# #HASHTAG#.nnvia #USER#://t.co/pQhDOIFoiy </document>
<document> #HASHTAG#: There have been #HASHTAG# #HASHTAG# #HASHTAG# interventions based on #HASHTAG#.nnThis is #HASHTAG# a #HASHTAG# #HASHTAG#.nIt is a #HASHTAG# widely &amp; #HASHTAG# #HASHTAG#.nnThe 12 strongest argumentsstates that #HASHTAG# was a #HASHTAG# #HASHTAG#:nn-&gt;#URL# &lt;-by #USER# ></document>
<document> #HASHTAG#: Looking for #HASHTAG#: We never forget !nn#HASHTAG#:n#HASHTAG# would have #HASHTAG# #HASHTAG# '#HASHTAG# #HASHTAG#' nerve agent:nn-&gt; #URL# via #USER# ></document>
<document> #HASHTAG# 'less #HASHTAG#' on #HASHTAG# joining #HASHTAG#:

"We understood that NATO is not ready to accept Ukraine. The alliance is afraid of controversial things and a confrontation with Russia."
 - said Zelensky.

 — RT Russia &amp; Former Soviet Union #URL# </document>
<document> #HASHTAG#: Armenian and Azerbaijani forces have been locked in a fierce battle inside the Karabakh region for several days.

Armenian forces destroy vehicle carrying Azerbaijani troops to Karabakh front:

 video #URL# via #USER# ></document>
<document> #HASHTAG#: New #HASHTAG# search.

1. #HASHTAG# detection cannot be used to infer infectiousness.
2. #HASHTAG# starts very early &amp; #HASHTAG# lasts 7 days.

#HASHTAG# implications for broadcasting #HASHTAG# in the community &amp; hospital environment.
Need to find cases with #HASHTAG# &amp; #HASHTAG#. #URL# </document>
<document> #HASHTAG# is one of the TOP providers of #HASHTAG#, used in #HASHTAG#, #HASHTAG# and more.

Boeing and Airbus take opposite positions on Russian titanium

—RT Business News #URL# </document>
<document> #HASHTAG#: And YES... #HASHTAG# mRNA ALTERS the DNA in our cells, like any other Retro-Virus (which it is). After infecting a cell it is destroyed by our immune system with COVID19 occurring within 9 days of infection.
Will the vaccine virus also be destroyed within a few days? >></document>
<document> 8/8. 2016. #HASHTAG# in #HASHTAG#, #HASHTAG# #HASHTAG#.

#HASHTAG# speakers, common workers, survive.
Find shelter, warmth, water, food + avoid being killed by "The #HASHTAG# Army", a #HASHTAG# of #HASHTAG#.

You want to be heard.
Here it is.

 - Click the 👇 Videos 👇 link
#URL# #URL# </document>
<document> #HASHTAG#: 22 #HASHTAG# countries have the new #HASHTAG# #HASHTAG#.

The #HASHTAG# regional director for Europe #HASHTAG# that European countries are at a #HASHTAG# point in the #HASHTAG#.
He called for "step up" #HASHTAG# on #HASHTAG#.

—RT World News #URL# </document>
<document> #HASHTAG#: 🔥 🥁 #HASHTAG# 🥁 BY #HASHTAG# 🔥nnRussia #HASHTAG# a grave 💪 #HASHTAG# 💪 in the United States:nn– #HASHTAG# #HASHTAG# will tolerate American #HASHTAG# #HASHTAG# for overthrow the Venezuelan government with which is #HASHTAG##HASHTAG# Gives #HASHTAG# Red Line on #HASHTAG#:nn-&gt;#URL# ></document>
<document> #USER# #USER# did a search.
TOTAL number of #HASHTAG#
(confirmed by "Excess Deaths"):
- 3 out of 1 million Chinese.
Average number of days of Lockdown:
- 5.
Number of daily positive tests:
~50 (out of 1.4 BILLION Chinese)
Most Chinese vaccinated with classic vaccines
Sinofac/Sinopharm. >></document>
<document> #HASHTAG# drug regulators sharply reverse course on boosters:

"Repetition of #HASHTAG# Witty shotsh #HASHTAG# vaccines represent a growing #HASHTAG# for #HASHTAG# #HASHTAG#"

#URL# #URL# </document>
<document> Chomsky: OPCW cover-up of Syria investigation is 'shocking' #URL# via #USER# </document>
<document> #HASHTAG#: The #HASHTAG# destroys #HASHTAG# again #HASHTAG#.

The same tendencies of repression, censorship, and ideological homogeneity that plague the national press generally swept the media outlet I co-founded, culminating in the censorship of my own articles

-&gt;#URL# ></document>
<document> #HASHTAG#: The #HASHTAG# #HASHTAG#:nn#HASHTAG# #HASHTAG# admits that most of the #HASHTAG# #HASHTAG# from all over the #HASHTAG# are #HASHTAG# '#HASHTAG #' &amp; #HASHTAG# to get #HASHTAG# #HASHTAG#:nn#URL# </document>
<document> #USER# #HASHTAG#: Yes we noticed it but it was only 1 source and not enough data so we flagged it and waited for more. >></document>
<document> Putin: Russia forced to create hypersonic weapons after US withdraws from missile treaty:
#URL# via #USER# ></document>
<document> #HASHTAG#: Serial: "The #HASHTAG# #HASHTAG#".
1970.
Episode: "Like the #HASHTAG# of #HASHTAG# #HASHTAG#".

The Uprising of American Enlisted Soldiers
– including the #HASHTAG# of the unpopular #HASHTAG# –
marked the beginning of the end for #HASHTAG# in Indochina:

#URL# </document>
<document> #USER# Excuse me.
I can log in and read "meldingen" and more, but my history says "something went wrong" and "Twitter is overloaded, try again later".
My second account doesn't.
Something wrong ? Or should I just wait? >></document>
<document> #USER# #USER# #HASHTAG#: After SARS2 infection, the immune system goes into overdrive, alerted by cell death. It destroys the dying cells and its contents and starts building attacks on strange proteins.
In 8-9 days, the last whole virus is destroyed, only fragments of its RNA remain.
&gt;&gt; >></document>
<document> #HASHTAG#: Call #HASHTAG# ‼️
From #HASHTAG#

#HASHTAG# from #HASHTAG# #HASHTAG#❗️

You are needed - get the #HASHTAG# #HASHTAG#❗️

📢 Throw #HASHTAG# into the #HASHTAG# of the #HASHTAG# 🎇

Do they look 2 BIG to you?
This is because you are on your knees.
#HASHTAG#❗️

👉#URL#👈from #USER# ></document>
<document> #HASHTAG#:n#HASHTAG# &amp; #HASHTAG# #HASHTAG# that is #HASHTAG# #HASHTAG# for #HASHTAG# "#HASHTAG# meddling" could use a more honest set of talking points.n#HASHTAG# #HASHTAG# #HASHTAG#rael, #HASHTAG # # HASHTAG#, #HASHTAG# or N-#HASHTAG#:nn#HASHTAG#raeli #HASHTAG#-Electoral meddling is its new industry nn-&gt;#URL# ></document>
<document> DPR head: Around 200 people buried under rubble as Azov militants detonate bomb in Mariupol #URL# ></document>
<document> US threatens Arab states with sanctions if they choose to normalize ties with Syria - Report:
#URL# via #USER# ></document>
<document> Azerbaijan praises effectiveness of Israeli drones against Armenian forces
 #URL# via #USER# ></document>
<document> #HASHTAG#: THE #HASHTAG#-#HASHTAG# #HASHTAG# #HASHTAG#:nn#HASHTAG# POLITICIANS WHO ARE ALSO #HASHTAG# #HASHTAG# #HASHTAG# ARE COMPLETELY #HASHTAG# FOR THE #HASHTAG#.nn#HASHTAG#, #HASHTAG# #HASHTAG# IS #HASHTAG# Okay.nn --&gt; #URL# </document>
<document> #HASHTAG# #HASHTAG# #HASHTAG#-#HASHTAG#:
21 November 2021, 03:30 CET.

#HASHTAG# tennis appears at #HASHTAG# tennis event, organizer photos show: (Reuters)

#URL# #URL# </document>
<document> "Where am I? ️"

Most #HASHTAG# #HASHTAG# that have ever dotted our #HASHTAG# probably already have #HASHTAG# deactivated.

The #HASHTAG# #HASHTAG# is probably full of #HASHTAG# civilizations:

#URL# </document>
<document> #HASHTAG#: #HASHTAG# limiting #HASHTAG# #HASHTAG# against #HASHTAG# to over 60s after #HASHTAG# blood clot warning:

 —RT World News #URL# </document>
<document> The reported attack resulted in no casualties, #HASHTAG# #HASHTAG# Saman Barzanji, quoted by #HASHTAG#, told local media.
Politico's Paul McLeary also reported, quoting a US defense official, that there were #HASHTAG# #HASHTAG# at the #HASHTAG# base. >></document>
<document> #HASHTAG# &amp; #HASHTAG#:
Turn a #HASHTAG# #HASHTAG# back on.

Arce came to Cuba with a heart full of love, be
one of the countries most favorable to Evo after the coup.
He also came to Havana with a second donation of 15 tons of food and 5 tons of medicines:

#URL# </document>
<document> #HASHTAG# Defenses Can #HASHTAG# Any Western #HASHTAG# Missile, Almaz-Antey Says:

#URL# via #USER# ></document>
<document> #HASHTAG#: It is an illusion for the US to use #HASHTAG# to contain #HASHTAG#.

The WTO says US #HASHTAG# regulates international trade by imposing tariffs on China in 2018.
Emperor Trump said he had to "do something about the WTO".

- Global Times #URL# ></document>
<document> #HASHTAG#: The #HASHTAG# of the presidential election #HASHTAG#.
Listen and think.
Blacklisted by Meanstream Media.

How could fraud be done in the US presidential election?

"TRUMP WILL WIN"
Rudy #HASHTAG# Says LEGAL CHALLENGES WILL PREVIOUS:
#URL# via #USER# ></document>
<document> #USER# #USER# #USER# #HASHTAG#: The thought that "Man" somehow can or does change the Climate on Earth, which is (almost) TOTALLY caused by the Sun and its activities, is Human #HASHTAG# .
Earth's climate has its dance to the music of the sun.
Excuse me. #URL# </document>
<document> #HASHTAG#: Military #HASHTAG# is #HASHTAG# capable of handling #HASHTAG# with a greater #HASHTAG# than #HASHTAG#, while new #HASHTAG# #HASHTAG# reaches Mach 5, #HASHTAG# &amp ; also #HASHTAG# GAP:n#HASHTAG# #HASHTAG# of new #HASHTAG# of #HASHTAG# #HASHTAG#nn-&gt;#URL# ></document>
<document> #HASHTAG#: Some news from #HASHTAG#:

The most expensive riots in US history!

-&gt;#URL# via #USER# ></document>
<document> #HASHTAG#: The first #HASHTAG# police state:

It's hard to understand what's going on in the Australian state of #HASHTAG#.
#HASHTAG# is coming, but the police state, definitely:

-&gt;#URL#>></document>
<document> #HASHTAG#: #HASHTAG# #HASHTAG#:
"What #HASHTAG# won't tell you about #HASHTAG#."

The #HASHTAG# #HASHTAG#...

Greatest Betrayal Ever Told:
 - from really pretty
#URL# via #USER# ></document>
<document> #USER# You found one... I came from a strong vintage. #URL# </document>
<document> #HASHTAG#: Western #HASHTAG# alliance forces #HASHTAG# are #HASHTAG# sufficiently #HASHTAG# to handle a total #HASHTAG# with #HASHTAG#:nn#HASHTAG# Ex-#HASHTAG# #HASHTAG # says "no #HASHTAG# wants #HASHTAG# #HASHTAG#":nn-&gt;#URL# ></document>
<document> Did Obama really give Russia hypersonic technology? #USER# #URL# ></document>
<document> Serial: "The #HASHTAG# #HASHTAG# #HASHTAG#".
Episode: "#HASHTAG# #HASHTAG# #HASHTAG# with it".

The EEC. #HASHTAG#a #HASHTAG# #HASHTAG#.

The #HASHTAG# of #HASHTAG# is spreading #HASHTAG# on #HASHTAG# today.

#URL# </document>
<document> #HASHTAG#: In Search of #HASHTAG#: The #HASHTAG# 2013 #HASHTAG# #HASHTAG# in #HASHTAG#, #HASHTAG#:nnThe #HASHTAG# gas used in Ghouta “was #HASHTAG# the #HASHTAG # as in #HASHTAG# #HASHTAG#.”nnUS Intelligence: Saudi &amp; Turkey supplied al-Nusra with chemicals for Sarinnn-&gt;#URL#></document>
<document> #HASHTAG#: Looking for #HASHTAG#: There is still #HASHTAG# !nnIt seems that there are at least a few in #HASHTAG#,nwhich are #HASHTAG# #HASHTAG# #HASHTAG#.nnUS military, Lawmakers Say communication with Russia is necessary to avoid nuclear war:nn-&gt;#URL# via #USER# ></document>
<document> #HASHTAG#: Hmm... America continues to be attacked by nations it hates in ways only the CIA can see:

-&gt;#URL# &lt;-from #USER# ></document>
<document> #HASHTAG#: The Israeli military &amp; The government claims that Israeli snipers opening fire across the fence into Gaza are "defending our border". This is just #HASHTAG# #HASHTAG# !nnThe big lie:nHow apologists for Israeli occupation justify killing unarmed Palestinian protesters:nn#URL# ></document>
<document> #USER# That graph we posted because of its interesting source.
We have translated it into English, because many cannot read German.
We don't claim 3% deaths from mRNA injections.
Read the results of our research more carefully. 😉 </document>
<document> Entrepreneurs:
Disciples of Pinochet and opponents of democracy:
#URL# via #USER# ></document>
<document> Iran issues warnings to US drones approaching maneuver area near Strait of Hormuz in Persian Gulf:
 #URL# via #USER# ></document>
<document> #USER# #HASHTAG#: We recommend that you read this research document first.
#HASHTAG# contains 4 pieces of #HASHTAG# #HASHTAG# (Cause #HASHTAG#, attacks human #HASHTAG# system).

T-cell reduction and functional exhaustion in patients with coronavirus disease 2019 (COVID-19)

-&gt;#URL# ></document>
<document> DR DAVID MARTIN
 - #HASHTAG# OF #HASHTAG#:
WHEN NATURE IS MADE TO HURT
#URL# via #USER# ></document>
<document> Breaking: Iraqi Air Force Targets ISIS Inside Syria Afterreached a new agreement with the Syrian army (#HASHTAG# with #HASHTAG#-Led #HASHTAG#) #URL# via #USER# </document>
<document> Last week I got 48 new followers from US, UK, Germany and others. See #URL# #URL# ></document>
<document> #HASHTAG#: #HASHTAG# Arab #HASHTAG# made #HASHTAG# #HASHTAG# military #HASHTAG# #HASHTAG# in south Aleppo.nTurkish convoy did not reach south Aleppo countryside , nor did it reach #HASHTAG # near the city of Tal Al-'Eis:nn-&gt;#URL# ></document>
<document> #USER# We agree.
But:
Germany is asking Russia for less gas, but Poland needed more gas because no LNG ships have landed, so gas has been pumped from Germany east into Poland to fill that gap.
Europe is trying to get more Russian gas through Ukraine.
How long will it last? >></document>
<document> #USER# Discussion: #USER#

#HASHTAG#: The #HASHTAG# #HASHTAG#:

NATO member leaders gave #HASHTAG# against #HASHTAG# #HASHTAG# eastward security to Soviet leaders, among others:
#HASHTAG#, #HASHTAG#, #HASHTAG# &amp; #HASHTAG#:

👉#URL# ></document>
<document> #HASHTAG#: #HASHTAG# #HASHTAG#:

The infectivity of #HASHTAG# begins soon after infection, mainly before the onset of the first symptoms (if any), from the upper respiratory tract, lasts up to maximum day 9 of illness.
RNA chunks are detected up to day 17-83.

#URL# </document>
<document> #HASHTAG#: From mostly unreliable sources:

The new #HASHTAG# of a #HASHTAG#-#HASHTAG# run by #HASHTAG# #HASHTAG# #HASHTAG#-#HASHTAG#, coming out of his pit, to help defend Democracy in the Empire: #URL# > </document>
<document> Pentagon announces partial withdrawal from Afghanistan – 2,500 soldiers remain
 — RT USA News #URL# </document>
<document> BOMBSHELL:
Role of #HASHTAG# in #HASHTAG# #HASHTAG# on #HASHTAG# + on #HASHTAG#:

India helped US against #HASHTAG# by harboring violent militant groups targeting #HASHTAG#.
This time hosting militants targeting China's #HASHTAG# partner, Myanmar:

#URL# via #USER# ></document>
<document> Despite its humanitarian concerns, Europe is not prepared to receive a new wave of mass migration.

The EU thinks of a strategy to curb the mass migration of Afghan citizens:
#URL# via #USER# ></document>
<document> #HASHTAG# The #HASHTAG# systems have been activated to respond to a #HASHTAG# by the #HASHTAG# #HASHTAG# Force in Palestine, on the capital of Syria, #HASHTAG#.
This was reported by the Syrian news agency SANA.

Explosions have been reported to have rocked the area:

 —RT World News #URL# </document>
<document> #HASHTAG#: Did We Think Balance Was Good for Stability and Peace?nThe #HASHTAG# Pentagon Wants #HASHTAG# &amp; #HASHTAG# ?nnPentagon ludicrously claims China's achievement of military parity will be "the most destabilizing event of the 21st century" ?nn-&gt;#URL# via #USER# ></document>
<document> Interesting...

The Pandora documents:

#URL# via #USER# ></document>
<document> Discussion of #USER#.

#HASHTAG# Major General Konstantin Pridybailo on 2020 "protests" in #HASHTAG#.

Very eloquent interview about how the #HASHTAG# #HASHTAG# #HASHTAG# #HASHTAG# in #HASHTAG# was planned:

#URL# </document>
<document> America's post-9/11 wars have displaced 37-59 million people from their homes:
 New Study - Zero Hedge #URL# </document>
<document> "Finland could also recognize the land a little east of its border as independent and send soldiers from the reserve there as peacekeepers." 👌 #URL# ></document>
<document> China is testing 11 COVID-19 vaccines, 4 are in Phase 3 trials, Science Minister says:
 #URL# via #USER# ></document>
<document> #HASHTAG#: 1. This will be changed by AngloZionist #HASHTAG#, BigTech #HASHTAG# &amp; corrupt Alt-right #HASHTAG# as:
"#HASHTAG# conspired with #HASHTAG# in #HASHTAG# against #HASHTAG#."
2. It's time to hand over the #HASHTAG# industrial complex led by #HASHTAG# to the International Criminal Court (#HASHTAG#): #URL# ></document>
<document> By Colonel John Pelham
#USER#

I'm not so stupid, deaf and blind as to not see what is happening in this country today...

#URL# </document>
<document> WASHINGTON steals #HASHTAG# #HASHTAG#:nn- #HASHTAG# administration will allow #HASHTAG# #HASHTAG# movement to access #HASHTAG# #HASHTAG# of Afghan #HASHTAG# #HASHTAG# , held in #HASHTAG#, such as Gold #HASHTAG#:nn - - CLICK 👇👇n👉#URL#👈via #USER# #URL# ></document>
<document> #HASHTAG#: About the #HASHTAG# of #HASHTAG#.
(July 21)
More than 20,000 US service members have contracted #HASHTAG#, and the rate of infection in services has tripled in the past six weeks:

-&gt;#URL# ></document>
<document> The 75th General Assembly of the United Nations is on ZOOM!
 #URL# via #USER# ></document>
<document> #USER# #USER# #USER# #HASHTAG#: Witchqueen Ayn Rand's #HASHTAG# inhuman ideology, underpinning the neoliberal "free" market and amp; Raygun &amp; Thatcher.
Because he created the stairway to the top for the mice &amp; wolves among us. #URL# </document>
<document> #HASHTAG#: They are #HASHTAG#, #HASHTAG#, #HASHTAG# &amp; #HASHTAG# Communist Party conspired for #HASHTAG# Americans don't #HASHTAG# want #HASHTAG# them #HASHTAG# ?nHow dare they! :nn-&gt;#URL# &lt;-from #USER# ></document>
<document> #USER# #USER# #USER# #HASHTAG#: True. Science = Change.
400 years ago, 97% of scientists said the sun revolved around the earth.
Today, 97% of climate scientists say human CO2 will destroy the world. #URL# </document>
<document> #HASHTAG#: Perhaps recent events in #HASHTAG#,
in what is called "The #HASHTAG# of #HASHTAG#".
have opened some eyes to our Serial:

🔊 "The Fallen Empire"

Click here:👇👇
👉#URL#👈 </document>
<document> 2016. #HASHTAG# Region in #HASHTAG# #HASHTAG#.

#HASHTAG# speakers, ordinary workers, watch their children, family and their jobs. friends #HASHTAG#. Based on #HASHTAG#.
From "The #HASHTAG# Army", but actually a #HASHTAG# of #HASHTAG#.

 - Click 👇 Below👇 the text #HASHTAG#. #URL# #URL# </document>
<document> #HASHTAG#: The #HASHTAG# has done more to maintain the #HASHTAG#-#HASHTAG# #HASHTAG#-Conflict than you think.

It has reduced the influence of #HASHTAG#, who wants peace.
He cheered #HASHTAG# which has been blocking Armenia for 30 years:

-&gt;#URL# via #USER# ></document>
<document> The Ukrainian Nazi girl who made the cover of #USER# in 2014 was a member of the #HASHTAG# #HASHTAG# #HASHTAG#. #URL# #URL# </document>
<document> #USER# #USER# #USER# #USER# #USER# (5 Final) Read below thread. After #HASHTAG# discontinued all work of #HASHTAG#, that work was flown to Wuhan by Fauci &amp; #HASHTAG#. The Chinese only brought them BAT viruses.
May 2, 2020:
CLICK 👇👇
#URL# </document>
<document> #USER# #USER# #HASHTAG#: Our apologies:

Venezuela shoots down plane with US registration number:
-&gt;#URL# via #USER# ></document>
<document> #HASHTAG#: The risk in the wide spread of #HASHTAG# and #HASHTAG# on the effect of vaccine efforts.

-&gt;#URL# #URL# ></document>
<document> The capital of Karabakh is under heavy fire from Azerbaijani troops:
 video #URL# via #USER# ></document>
<document> #HASHTAG#: Tehran Rejects Netanyahu's Accusations of Ship Explosion in Gulf of Oman and Is "Closely Monitoring" Israeli Actions:

 —RT World News #URL# </document>
<document> #HASHTAG#:

“My goal has always been to do my part in healing myself so that I can see more clearly and speak more clearly + awareness of what is happening in our world, how can we fix it and what possibilities are beyond this veil of tears"

👉#URL#👈from #USER# ></document>
US funded #HASHTAG# <document> in #HASHTAG#:

Russia believes that the biological weapons components were created in Ukraine,
says the head of radiation, chemistry &amp; Organic #HASHTAG# of the armed #HASHTAG# #HASHTAG#, Igor Kirillov,
reported by TASS:

#URL# via #USER# ></document>
<document> #HASHTAG#: In a "#HASHTAG# year" the #HASHTAG# system "passes" every 120 #HASHTAG# years through the crowded #HASHTAG# plane, NOT 27.

Global mass #HASHTAG#s follow a regular cycle of 27 million years; related to the journey of the Earth through the Milky Way?

—RT World News #URL# </document>
<document> #USER# #USER# Did you read the whole explanation ?
Then check out the situations in China, South Korea, New Zealand and Australia. multiple countries that used #HASHTAG# or #HASHTAG#.
Compare #HASHTAG# to #HASHTAG# per million.
China: 100 times 1,400 million = 0.07 per million.
You can be sure that you will not encounter any viruses there. #URL# </document>
<document> #USER# #USER# #USER# &gt;&gt;which doesn't mean we can do whatever we want, because there simply isn't a "you" (or "I").
In the human social structure, the rules of language.
Narratives create Power via a "scale of authority" system.
Since I don't have that inheritance system, I can see it.
👉#URL#👈 #URL# ></document>
<document> #HASHTAG#: Laatste Nieuws over de #HASHTAG# om het #HASHTAG# van #HASHTAG#.

#USER# #HASHTAG# supporters in #HASHTAG# #HASHTAG# with police inside the US Capitol as offices are evacuated &amp; lawmakers told to wear #HASHTAG# #HASHTAG# - reports

 — RT USA News #URL# </document>
<document> #HASHTAG#: Rebellion on the Farm.

The #HASHTAG# foreign policy to destroy the multilateral/multipolar system can only be enforced through submission, force, threat and blackmail:

-&gt;#URL# via #USER# ></document>
<document> Japanese Abe gets a successor, but will he continue his predecessor's policy towards China and Russia? #USER# #URL# ></document>
<document> #HASHTAG#: Serial: "The #HASHTAG# #HASHTAG#".
Episode: "The Imperial Decline".
 - It's the same?

61% of US citizens believe they are on the #HASHTAG# of a #HASHTAG# #HASHTAG#:

-&gt;#URL# via #USER# ></document>
<document> (from Czech)
"What is it? The Russians were supposed to stay here for 30 hours!
It was claimed by the best secret services in the world. You Americans." #URL# ></document>
<document> #HASHTAG#: #HASHTAG# and "#HASHTAG#":nn"#HASHTAG# #HASHTAG# radically changed not only #HASHTAG# #HASHTAG#, but also #HASHTAG# #HASHTAG# to Germany since 2015.nThis #HASHTAG# should repeat.":nn-&gt;#URL# ></document>
<document> #HASHTAG#: Lavrov jokes with US officials:

We are not happy with taking second place as a threat behind China…

#URL# via #USER# ></document>
<document> #HASHTAG#: It's not over yet.
The #HASHTAG# #HASHTAG#.

Will the legal legislator resist corruption?

Counting the votes after the November elections will take time.
The real question is whether the states will run out by the deadline, #USER# reports:

-&gt;#URL# ></document>
<document> A difficult issue for non #HASHTAG# people is their automatic reaction to using "#HASHTAG#-#HASHTAG#", which makes them do absurd + dangerous things, being #HASHTAG# of dark powers.
Start thinking like most of us do: spatially.
Speechless (also called thinking in pictures). #URL# #URL# </document>
<document> Hundreds of Syrian mercenaries head to Azerbaijan to replace lost fighters:
 report #URL# via #USER# ></document>
<document> #USER# No, no... I've had some stressful events and I'm still trying to get back to my routine.
Nothing wrong with it, just sensory and social overloads.
Time heals it. >></document>
<document> #HASHTAG#: #HASHTAG# the Syrian Canon Fodder of #HASHTAG# in #HASHTAG# "Feel Tricked" as the bodies pile up.

“People are dead. Torn to pieces.
There are 35 people we know nothing about.”:

 - #URL# via #USER# ></document>
<document> #USER# #HASHTAG#: Yes. We know.
They are infected with a brain virus from Big Pharma's COVID-Denial campaign, called:
the "mindset I've heard". It is lethal (for others). #URL# </document>
<document> #HASHTAG#: “What is born on Telegram quickly reaches Facebook, Twitter and YouTube.”

Big Tech Censorship Resistance Rises.

Israel's "fake news" war room set up to counter anti-vaccine propaganda loses battle against #HASHTAG#:

 — RT World News #URL# ></document>
<document> #USER# So our conclusion is:
He has never been in The Levant (75%) or impressed Arabs if he was there.
The name was in the news in 2016 (suicide bomber) and is a known name of a companion of Muhammad. >></document>
<document> Things are getting out of control in #HASHTAG#,
where a man GRABBED a #HASHTAG# from a #HASHTAG#. Meanwhile, the #HASHTAG# that gripped the #HASHTAG# only has #HASHTAG#:
#URL# </document>
<document> Coronavirus:
the vaccine war has entered a critical phase:
#URL# via #USER# ></document>
<document> #HASHTAG#: #HASHTAG# News: "It's NOT over yet❗️"

'Highly inaccurate':
#HASHTAG# #HASHTAG# #HASHTAG# chief, after his agency called the election "the safest in history":

 — RT USA News #URL# </document>
<document> Lecture by Mearsheimers, titled “The Great Delusion”,
describes the #HASHTAG# &amp; #HASHTAG# of #HASHTAG# #HASHTAG#
—attempting to #HASHTAG# #HASHTAG#
#HASHTAG# the #HASHTAG# in the image of #HASHTAG#—
from the #HASHTAG# of the #HASHTAG# #HASHTAG#.

John J. Mearsheimer:
The #HASHTAG# #HASHTAG#.

#URL# </document>
<document> #HASHTAG#: "I Am #HASHTAG#" is not about #HASHTAG# #HASHTAG#.
It's about the #HASHTAG# of #HASHTAG# in a #HASHTAG# world:
 - - 👇 Click below the quote. 👇
👉#URL#👈via Global Research #URL#></document>
<document> #USER# #USER# Those who use the #HASHTAG# name and support #HASHTAG# #HASHTAG#-#HASHTAG# #HASHTAG#-#HASHTAG# absolutely cannot #HASHTAG# Anonymous.
To be against WAR means to be against ALL Wars. #URL# </document>
<document> Putin surprised by the achievements of the new "leaders of Russia" - The project he personally created! #URL# via #USER# ></document>
<document> #HASHTAG#: #HASHTAG#-#HASHTAG# make #HASHTAG# recount #HASHTAG#'s call to its citizens to return home.nnLavrov: The US is trying to slow the return of refugees to Syria: nn- &gt;#URL# via #USER# ></document>
<document> I Am Greta - Official UK Trailer:

-&gt;#URL# via #USER# ></document>
<document> #USER# This is #HASHTAG# #HASHTAG# of #HASHTAG#.
As usual #HASHTAG# is #HASHTAG# people to make them fight each other, while #HASHTAG# constantly becomes #HASHTAG#.
They still use the “Herd Immunity” narrative instead of the “Zero Covid” policy, because it creates more profit. #URL# </document>
<document> #HASHTAG#: As long as #HASHTAG# sends its #HASHTAG# to #HASHTAG# #HASHTAG# is not going to attack #HASHTAG#.nWhen #HASHTAG# starts its forces #HASHTAG# , is when #HASHTAG# should start being #HASHTAG#.nnBecause #HASHTAG# stands for #HASHTAG# #HASHTAG# Iran:nn-&gt;#URL# ></document>
<document> #HASHTAG# #HASHTAG# News from the #HASHTAG# presidential election.

Former Assistant US Attorney Sidney Powell and GOP leaders are #HASHTAG# the #HASHTAG# in a huge #HASHTAG# election involving thousands of votes across multiple states:

-&gt;#URL# ></document>
<document> #HASHTAG#: #HASHTAG# #HASHTAG#.n#HASHTAG# Appeal to Hhumanity !nnDon't let -#HASHTAG#, #HASHTAG#, #HASHTAG#, #HASHTAG#- #HASHTAG# there !nnThink they are too #HASHTAG# ?nThat's because you're on your #HASHTAG# !n#HASHTAG# !nThis is #HASHTAG# World, #HASHTAG# Their !nn&gt;#URL# &lt;n. #URL# </document>
<document> The #HASHTAG# For #HASHTAG#,
Naval base on the Azov Sea, Black Sea coast.

On February 25, the main battle at Mariupol began.
The mayor said fighting broke out in all directions.

Joint forces to trap Ukrainian #HASHTAG# units (video):

👉#URL#👈SouthFront via #HASHTAG#🤫 ></document>
<document> #HASHTAG#: #HASHTAG# "#HASHTAG# Source"nnEast Ghouta militants on #HASHTAG# #HASHTAG# will be transported to #HASHTAG#, but to #HASHTAG#-#HASHTAG# #HASHTAG#:nn- &gt ;#URL# via #USER# ></document>
<document> #HASHTAG#: #HASHTAG# #HASHTAG# in #HASHTAG# stated it is #HASHTAG# #HASHTAG# for any resident or aid worker to enter #HASHTAG# #HASHTAG# in #HASHTAG# due to # in progress HASHTAG# #HASHTAG#.nn#HASHTAG# #HASHTAG# #HASHTAG# with evidence at Douma chemical weapons site:nn#URL# ></document>
<document> #HASHTAG#: Hero Evo #HASHTAG# goes HOME.

"We warmly greet Toledo, Copacabanita and other cities upon my return to #HASHTAG#. We thank Alvaro Ruiz, from the Federation of Municipal Associations of Bolivia (FAM), municipalities, indigenous communities and ayllus for their great welcome." #URL# </document>
<document> China is building a floating spaceport for launching rockets:
#URL# </document>
<document> #USER# #USER# #USER# Hi Mike... There are "Narratives" without (or only partially) #HASHTAG# facts.
And there are #HASHTAG#:
#URL# </document>
<document> After arriving at the airports of Belarus,
Su-35S fighters will take on combat duty
for air defense, building Air-Power,
with 3,500 km of autonomy.

#HASHTAG# 5th generation #HASHTAG# Hunts continue from #HASHTAG# to #HASHTAG# #HASHTAG#:

👉#URL#👈via #USER# #URL#></document>
<document> #USER# Nicole blocked us. We have now blocked it.
We are not well informed about modern geopolitics in Africa.
But did we think the Belgians did slavery in Kongo? Are there now Chinese slave auctions?
And Putin was invited by the democratic government elected in Damascus to &gt;&gt; >></document>
<document> #HASHTAG# Plane Hacked #HASHTAG# #HASHTAG# Status From Monday's #HASHTAG#:

#URL# via #USER# ></document>
<document> WATCH Burning tanks and IFVs:
Armenia destroys advancing Azerbaijani forces
 #USER# #URL# ></document>
<document> #USER# #HASHTAG#.
Putin has told his army leaders that they are ready to react
(which includes nuclear retaliation), because #HASHTAG# is issued by #HASHTAG# of #HASHTAG# of #HASHTAG#
about intervention in Europe + Economic warfare.
Ignore the war-propaganda narratives.
Use #HASHTAG# and #HASHTAG# as appropriate. #URL# </document>
<document> #HASHTAG#: The #HASHTAG# #HASHTAG# is #HASHTAG# in its influence.nnIts #HASHTAG#, despite absurd amounts of money, sophisticated technology & amp; well trained officers &amp; troops, ha#HASHTAG# provided a concluding #HASHTAG# in #HASHTAG#, #HASHTAG#, #HASHTAG#, #HASHTAG#, #HASHTAG#, nn-&gt;#URL# ></document>
<document> A #HASHTAG# #HASHTAG# nipped in the bud. 🥀

#HASHTAG# president says #HASHTAG# troops
to start withdrawing in 2 days.
#HASHTAG# calls for coordinated #HASHTAG# signs
from '#HASHTAG# #HASHTAG#' during Kazakhstan #HASHTAG#.
Calm returns to the cities:

#URL# via #USER# ></document>
<document> I just don't understand how we keep failing
to the #HASHTAG# of the #HASHTAG# of the world
using a system to create as many #HASHTAG# as you can
while #HASHTAG# your workers as little as possible
+ downloading as many costs as possible
on the biosphere possible:

👉#URL#👈from #USER# ></document>
<document> #USER# #USER# #HASHTAG#: They tried to do more.
But somehow they all failed. Every attempt.
His weapon is: People Power. >></document>
<document> The #HASHTAG#, anarchy & amp; trillion $$$ wasted in 20 years #HASHTAG#, offer any consolation for #HASHTAG# #HASHTAG#?

Making #HASHTAG# a tool, destabilizing Central Asia region for #HASHTAG#, #HASHTAG# &amp; #HASHTAG#:

👉#URL#👈Strategic culture through archive🤫 </document>
<document> #USER# #USER# When it became clear that real estate was becoming a bubble, new loans were refused. The reason is to let them fail and then secure the parts that are important to people and the economy.
But Western billionaires began to lend.
They will regret it. >></document>
<document> #HASHTAG#: From scientist-politician to anti-scientific demagogue.

America's Tragic Descent into Madness:

 — Strategic culture, blocked by Twitter.
 - CLICK 👇👇
👉#URL#👈 from the Archive 🤫 ></document>
<document> #USER# Try this:

You can mentally turn around and look at yourself.
But you can't turn around a second time to see who's watching. 🤔

Who are you
 -Alan Watts:
#URL# via #USER# ></document>
<document> Concerns Over New Indian #HASHTAG# #HASHTAG# Disrupts Travel, Trade Between #HASHTAG# &amp; #HASHTAG#:
 - Politics News - Tasnim News Agency #URL# ></document>
<document> Trump did not start the drone war.
It just made it many times worse

 - #URL# via #USER# ></document>
<document> 4/5.
The latest #HASHTAG# #HASHTAG# from #HASHTAG#, the #HASHTAG# #HASHTAG# anti-aircraft missile system has entered state trials:

#URL# via #USER# ></document>
<document> Welkom, welcome our 9,600 followers❗️
ALSO from #HASHTAG#❗️
We are taking the truth as authority,
Rather than authority as truth.
We follow on RT.
We broadcast your relevant Tweets.

Daily stats:
Views: 3,316
Likes: 45
RT: 32
Clicks: 14
Answers: 6

Where are 👇 our 👇 Followers? #URL# </document>
<document>French police forcibly evict 2,000 illegal migrants from camp in suburban Paris due to health threat from Covid — RT World News #URL# </document>
<document> Iran to improve Syria's defenses: army spox. #URL# via #USER# ></document>
<document> #HASHTAG# #HASHTAG#
#HASHTAG# continues its #HASHTAG# on #HASHTAG# in an attemptColor revolution in #HASHTAG#.
#HASHTAG# &amp; #HASHTAG# agrees on an "independent structure for business operations" (#HASHTAG#+) that cannot be sanctioned by the US:
👉#URL#👈 </document>
<document> #USER# #USER# #USER# &gt;&gt;If positive you are required to be tested by your doctor or a nearby testing facility.
B. Those tested positive (very few per million) are tracked down and all fugitives are expected to go into home quarantine, supported by free food deliveries and healthcare. Services.
C. home quarantines&gt;&gt; >></document>
<document> #HASHTAG#: Well...
We completely disagree that Trump is not guilty of anything,
but it debunked the DeepState, 😍
so we send it again. 😉 #URL# #URL# ></document>
<document> #USER# #USER# #HASHTAG#: We affirm that by doing #HASHTAG# working with one eye open to other people's needs, you cannot "#HASHTAG#" a #HASHTAG#.
You can only do that by being stone-hearted inhuman, stealing, manipulating, lying, bribing, blackmailing &amp; robbery.

So "#HASHTAG#" is called #HASHTAG#. >></document>
<document> #HASHTAG#: Not all #HASHTAG# have adapted to the home business (#HASHTAG#) standard with the same finesse.
Many home setups are #HASHTAG#, with no #HASHTAG# or additional software.
This lack of security has seen a huge increase in #HASHTAG# attacks in 2020:

-&gt;#URL# &lt;-
. #URL# </document>
<document> #HASHTAG#: Biden mowed down Trump by attacking him for insufficient aggression towards Venezuela, China, North Korea, Syria, Iran, Cuba and, of course, Russia.

Let's be real: President Biden would likely be more hawkish than Trump:

👉#URL#👈from #USER# ></document>
<document> #HASHTAG#: Consent production for Patriot Act II continues:

Reverse the #HASHTAG# soul #HASHTAG# and home #HASHTAG# policies that led to Donald Trump.

👉#URL#👈from #USER# ></document>
<document> Electoral college formally designates Joe Biden as president-elect of the United States:
 — RT USA News #URL# </document>
<document> A strategic geopolitical analysis
of the "Ukrainian" crisis,
from the recommended SouthFront website,
 - Blocked by Twitter -.

The Russian Special Operation:
 - A first strategic overview -

👉#URL#👈#HASHTAG# via #HASHTAG#🤫 #URL# ></document>
<document> Syria - seen from Russian Mi-8AMTSh and Mi-35M helicopters
 #URL# via #USER# ></document>
<document> US sends M2A2 Bradley to challenge Russian forces (with their T90 tanks) in Northern Syria | Zero coverage #URL# ></document>
<document> The FRN Daily News Summary 2020-09-21 #USER# #URL# </document>
<document> #USER# #USER# #USER# #USER# #HASHTAG#: July 18, 2019

#HASHTAG# tested 17 samples of sick Greenspring residents, but could #HASHTAG# identify the #HASHTAG# responsible for the illnesses.

Health officials have confirmed the #HASHTAG# outbreak at the second long-term care facility in Fairfax County, Virginia:

👉#URL# ></document>
<document> #HASHTAG#: Not about climate change....
It's about madness.
Click below the quote... #URL# #URL# ></document>
<document> #USER# #USER# The #HASHTAG# test is certainly not 100% correct.
But it's #HASHTAG# to work on it and give #HASHTAG#.
We don't use it enough and so now we are #HASHTAG# on #HASHTAG# #HASHTAG# #HASHTAG# by the #HASHTAG#- #HASHTAG# agency organized (#HASHTAG#) #HASHTAG# #HASHTAG# #HASHTAG#. 😱 >></document>
<document> #USER# #USER# #HASHTAG#: Brussels is also ruled by the Altlantist Hawks.
They are NOT elected, they nominate each other.
Free Game for Lobby Networks &amp; Basics... #URL# </document>
<document> #USER# #USER# The Essence of "#HASHTAG#" (Not Church) is #HASHTAG# its "Use".n"Using", is equivalent to abuse.nThe #HASHTAG# of Religion is that Mystical Wisdom by Inspired Wise men/women is put into words that "simple people" can use as a guideline to find &amp; keep peace within yourself &amp; the world. >></document>

</author>