
	
		<document> "There is no such thing as #HASHTAG#...for us?" Once again, #HASHTAG# proves he is the finest paid for #HASHTAG# of #HASHTAG# #HASHTAG#, #HASHTAG# &amp; #HASHTAG# #HASHTAG#. A #HASHTAG# to #HASHTAG#. 
#HASHTAG# #HASHTAG# #URL# ></document>
		<document> There's a #HASHTAG# #HASHTAG# #HASHTAG# called "Mike Crapo"? 
#HASHTAG# taking a large #HASHTAG# on the #HASHTAG#. #URL# ></document>
		<document> He's back! 
#HASHTAG# #URL# ></document>
		<document> She had an actual #HASHTAG#? So the #HASHTAG# #HASHTAG# was duped once again by the #HASHTAG# of apparent #HASHTAG#. 

Possible test as to a #HASHTAG#'s #HASHTAG#: 

When was the last time they volunteered at a #HASHTAG# #HASHTAG#? And the price of #HASHTAG# is...? 

#HASHTAG# #URL# ></document>
		<document> It's #HASHTAG# to think that #HASHTAG# are more #HASHTAG# of a #HASHTAG#. 

#HASHTAG# #HASHTAG# #HASHTAG# #HASHTAG# #HASHTAG# #HASHTAG#ists #URL# ></document>
		<document> So you're #HASHTAG#, you want to defend the #HASHTAG# #HASHTAG#' #HASHTAG# of "#HASHTAG# #HASHTAG#" and you happen to be in #HASHTAG# of #HASHTAG#? Sound eerily, if not tragically, familiar. #HASHTAG# #URL# ></document>
		<document> A #HASHTAG# of 1k #HASHTAG# is not #HASHTAG# enough. Moreover, the #HASHTAG# can't predict what will happen post #HASHTAG# regarding #HASHTAG# &amp; level of #HASHTAG# #HASHTAG#. Additionally, #HASHTAG# is unlikely to provide helpful #HASHTAG# #HASHTAG#. #HASHTAG# don't understand #HASHTAG#. #URL# ></document>
		<document> #HASHTAG# &amp; #HASHTAG# shouldn't worry. Given the #HASHTAG# #HASHTAG# in #HASHTAG#, it would take quite a while to collect them all so the #HASHTAG# #HASHTAG# will continue unabated.
#HASHTAG# #HASHTAG# #HASHTAG# #HASHTAG# #HASHTAG# #HASHTAG# #HASHTAG# #URL# ></document>
		<document> #USER# 10) Festival toilet suddenly unavailable
11) Republican picnic went well
12) Ranger searched for craft
13) Smokey character warranted rethink
14) Amazon drone got lost
15) Cigar aficionado loses Montecristo
16) Campfire battled the marshmallows
17) Being gaslit was misunderstood ></document>
		<document> It's #HASHTAG# that they won't teach #HASHTAG# #HASHTAG# with a self effacing #HASHTAG# but are #HASHTAG# to dole out, presumably, a #HASHTAG# thereof without #HASHTAG# to #HASHTAG# thus encouraging a #HASHTAG# of recent #HASHTAG# in the #HASHTAG#. As Nancy Reagan once said: "Just say no". 
#HASHTAG# #URL# ></document>
		<document> It depends on how it is taught, doesn't it? They teach the #HASHTAG# of the #HASHTAG# in German #HASHTAG#. 

And #HASHTAG# come away with the #HASHTAG#: "Never Again". 

Only in the hands of #HASHTAG# would this #HASHTAG# become #HASHTAG#. 

#HASHTAG# #HASHTAG# #HASHTAG# #URL# ></document>
		<document> Some rare good news. But it's currently not in the upcoming #HASHTAG# bill, is it? 

#HASHTAG# #URL# ></document>
		<document> Phew...I was really worried for him... #URL# ></document>
		<document> Respectfully, it is said in some circles that #HASHTAG# was striving to emulate #HASHTAG# and that has led to this #HASHTAG# #HASHTAG#. A #HASHTAG#. The #HASHTAG# must step up and help #HASHTAG# in this #HASHTAG#. #URL# ></document>
		<document> “Do all you can, to tell yourself this isn't a black hole, but only a tunnel. And there's light at the end of it.” 
~ Hata Curry 
#HASHTAG# #URL# ></document>
		<document> We apologise for the interruption in what we loosely call "service". #HASHTAG# #URL# ></document>
		<document> Blake Carrington
#HASHTAG# #URL# ></document>
		<document> You have to give #HASHTAG# #HASHTAG#. He may be a #HASHTAG# #HASHTAG# but he knows he is less of a #HASHTAG# than the entire #HASHTAG# of the #HASHTAG# #HASHTAG# combined. And the #HASHTAG# #HASHTAG# must be #HASHTAG#. #URL# ></document>
		<document> If all the #HASHTAG# #HASHTAG# #HASHTAG# could just #HASHTAG# to re-direct the #HASHTAG# to some far #HASHTAG# #HASHTAG#. Now that would be a #HASHTAG#... #URL# ></document>
		<document> Sometimes we use the symbol Ø to represent no solutions. That symbol means “empty set” which means that the set of all answers is empty. In other words, there is no answer. In the case of #HASHTAG#, it's back to the drawing board. Get the #HASHTAG#. #HASHTAG# #HASHTAG# #URL# ></document>
		<document> He's right. #HASHTAG# cover a #HASHTAG# of #HASHTAG# which provide #HASHTAG# #HASHTAG# for the #HASHTAG#. #URL# ></document>
		<document> Absolutely. But they will need to have a hedge fund as an entrance requirement. #URL# ></document>
		<document> That assumes a #HASHTAG# like #HASHTAG# will even #HASHTAG# another #HASHTAG#...and he doesn't which is properly scary given the #HASHTAG# he holds. #URL# ></document>
		<document> We'll get better pies... #URL# ></document>
		<document> Or somewhere like Calais where troops from all over had congregated in WWI? #URL# ></document>
		<document> The #HASHTAG# can never truly be addressed with #HASHTAG#. I hope the #HASHTAG# gets all the #HASHTAG# they need to move forward. And maybe the #HASHTAG# could learn and apply other, #HASHTAG# #HASHTAG# in the #HASHTAG#? Goodness knows the #HASHTAG# would appreciate it. #URL# ></document>
		<document> "I'll take Great Imbeciles in History for 200, Alex" 

#HASHTAG# #URL# ></document>
		<document> "Many have finally awakened to the fact that #HASHTAG# they have blindly supported for so long are not, in fact, their friends. They are not the friends of anyone in this country, they are dangerous. That’s obvious." #HASHTAG# #HASHTAG# #HASHTAG# #HASHTAG# #HASHTAG# #URL# ></document>
		<document> #HASHTAG#! Is this another #HASHTAG# #HASHTAG# attacking #HASHTAG# #HASHTAG#? Is this coming from semi #HASHTAG# #HASHTAG# who has claimed #HASHTAG# never described #HASHTAG# as #HASHTAG#? Is this #HASHTAG# or #HASHTAG# #HASHTAG# #HASHTAG#? #HASHTAG# #HASHTAG# #HASHTAG# #URL# ></document>
		<document> #USER# #USER# #HASHTAG# are not defending violence. Did you ever consider  that #HASHTAG# is a statement on the #HASHTAG#'s #HASHTAG#? Let me help you: #HASHTAG# experience little or no justice and therefore have no peace. Run along now. #HASHTAG# ></document>
		<document> Jan 2018, #HASHTAG# said he had an informant with info that #HASHTAG# &amp; #HASHTAG# conspired against #HASHTAG# in 2016 #HASHTAG# #HASHTAG#; He described it as a "#HASHTAG#" &amp; said there was "#HASHTAG# at highest levels of #HASHTAG#" The same day, he walked back the #HASHTAG#... #URL# ></document>
		<document> #USER# 1) A Tribe Called Jest
2) Depeche Goad
3) Spandeau Rally
4) Spandeau Bullet
5) BananaDrama
6) BannonADrama
7) Sow Division
8) The Bungles
9) The Crash
10) Simple Minds
11) Trolling Stones
12) Stalking Teds
13) Fool &amp; The Gang
14) Sonic Douche
15) Dire Straits
16) UltraCox ></document>
		<document> Here's an idea: let's put the #HASHTAG# into #HASHTAG# #HASHTAG#. #HASHTAG# #HASHTAG# #URL# ></document>
		<document> Bring back #HASHTAG#! Her deft waving of paper is missed. #URL# ></document>
		<document> https://t.co/cjWVK7Dggzn#HASHTAG# #HASHTAG# #HASHTAG# #HASHTAG# #HASHTAG# #HASHTAG# #HASHTAG# #HASHTAG# #HASHTAG# #HASHTAG# #HASHTAG# #HASHTAG# #HASHTAG# #HASHTAG# #HASHTAG# #HASHTAG# #HASHTAG# ></document>
		<document> Apart from a list of absolutely #HASHTAG# #HASHTAG#, you could see in the eyes of #HASHTAG# the #HASHTAG# part of her literally go into a dark #HASHTAG# and #HASHTAG#. 
#HASHTAG# #HASHTAG# #URL# ></document>
		<document> Perhaps they share a long term view of its evolution (deterioration)? #URL# ></document>
		<document> Perhaps her bank accounts need to be confiscated and the alleged ill gotten gains distributed to real worthy causes? And don't forget the #HASHTAG#! 
#HASHTAG# #HASHTAG# #HASHTAG# #URL# ></document>
		<document> That #HASHTAG# #HASHTAG# will persist for a while. Sadly. Their #HASHTAG# #HASHTAG# &amp; #HASHTAG# needs to be held in the #HASHTAG# #HASHTAG#. #HASHTAG# #HASHTAG# #HASHTAG# #URL# ></document>
		<document> Hey everybody, 

I think I know where the #HASHTAG# left their teeth. 

#HASHTAG# #URL# ></document>
		<document> #HASHTAG# actually think they're defending #HASHTAG# (&amp; their #HASHTAG#) with #HASHTAG# #HASHTAG#, not appreciating they might well have benefitted financially from #HASHTAG# &amp; #HASHTAG#. Yet happy to commit #HASHTAG#. #HASHTAG# #HASHTAG# #HASHTAG# #URL# ></document>
		<document> “Two things are infinite: the #HASHTAG# and #HASHTAG# #HASHTAG#; and I'm not sure about the universe.”
#HASHTAG# 
#HASHTAG# #HASHTAG# #HASHTAG# #HASHTAG# #URL# ></document>
		<document> #HASHTAG# of #HASHTAG# #HASHTAG# #HASHTAG# hosting that #HASHTAG# of #HASHTAG# #HASHTAG#, #HASHTAG# of #HASHTAG#, who gets paid 180K by #HASHTAG#'s #HASHTAG# to #HASHTAG#...wait for it...#HASHTAG#'s #HASHTAG# on the #HASHTAG# of #HASHTAG#. #HASHTAG# #HASHTAG# #URL# ></document>
		<document> With #HASHTAG# #HASHTAG#, is #HASHTAG# on #HASHTAG# #HASHTAG# #HASHTAG# #HASHTAG# #HASHTAG# about #HASHTAG# #HASHTAG# #HASHTAG# #HASHTAG# #HASHTAG# #HASHTAG#? Well, at least she's #HASHTAG#. #HASHTAG# #HASHTAG# #HASHTAG# #HASHTAG# #HASHTAG# #HASHTAG# #HASHTAG# #HASHTAG# #URL# ></document>
		<document> To be able to #HASHTAG# such #HASHTAG# #HASHTAG# day in day out, you have to commend the #HASHTAG# of #HASHTAG#. Is it #HASHTAG#, #HASHTAG# of #HASHTAG# or #HASHTAG# #HASHTAG# that drives him? 

For those invested in #HASHTAG#:
#HASHTAG# = You Must Count Anything #URL# ></document>
		<document> Free Market Capitalism didn't prevent this pandemic nor resolve it. 

#HASHTAG# &amp; his #HASHTAG# #HASHTAG# are doing the #HASHTAG#. 

BTW "blue color Americans" sounds like a euphemism for those who died at the hands of the former capitalist's incompetence. 

#HASHTAG# #URL# ></document>
		<document> Let's hope these #HASHTAG# of #HASHTAG# continue to receive the necessary #HASHTAG# #HASHTAG# for their #HASHTAG#. #HASHTAG# #HASHTAG# #HASHTAG# #URL# ></document>
		<document> Not just a #HASHTAG# #HASHTAG# &amp; #HASHTAG# of #HASHTAG# &amp; #HASHTAG#. It's #HASHTAG# #HASHTAG# &amp; #HASHTAG# #HASHTAG#atic of #HASHTAG# &amp; #HASHTAG#. Here's the #HASHTAG#: in some #HASHTAG#, #HASHTAG# #HASHTAG# get less #HASHTAG# than a #HASHTAG#. #HASHTAG# #HASHTAG# #HASHTAG# #URL# ></document>
		<document> I don't think he pulled that...out of thin air...definitely from somewhere else... #URL# ></document>
		<document> #USER# Whaatever you do, always give 100%. Unless you're donating blood. ></document>
		<document> #USER# 22) The new variant had taken hold
23) GOP agent doorstepped him mercilessly
24) Homeless alien begged for change
25) He had summoned her again
26) His contact lenses weren't working
27) His cyber specs were working
28) Mother's ghost visits her baby 
4/ #HASHTAG# #HASHTAG# ></document>
		<document> Assuming #HASHTAG# can get to the #HASHTAG# unhindered, perhaps send in hundreds of #HASHTAG# to help with #HASHTAG#? 

Like the #HASHTAG# #HASHTAG# but in reverse - an #HASHTAG#. 

#HASHTAG# ></document>
		<document> That's some tough talking there, Tex...
#HASHTAG# #URL# ></document>
		<document> 👇👇👇👇👇👇👇👇👇👇👇👇👇👇
(unless you know who has perfected net zero battery technology?) #URL# ></document>
		<document> You're speaking now. Freely.
And, specifically, why do you want to go back to school? Need to brush up on your #HASHTAG#? #URL# ></document>
		<document> #USER# #HASHTAG# being #HASHTAG# to #HASHTAG#, #HASHTAG# laughed pretty hard at themselves every time you #HASHTAG# them so skilfully. Long may your satirical eye continue to roam and bash all sides. ></document>
		<document> #HASHTAG# gives #HASHTAG# a bad name with her vile #HASHTAG#. It is both #HASHTAG# and #HASHTAG#. #HASHTAG# #HASHTAG# #HASHTAG# #HASHTAG# #URL# ></document>
		<document> These guys deserve a little attention: #URL#
#HASHTAG# #HASHTAG# #HASHTAG# #HASHTAG# #HASHTAG# #HASHTAG# #HASHTAG# #HASHTAG# #URL# ></document>
		<document> She should try #HASHTAG# on a #HASHTAG# in #HASHTAG# - she'll soon wind her neck in. 
#HASHTAG# #HASHTAG# #URL# ></document>
		<document> It's very possible that he tried to #HASHTAG# himself and didn't pay enough for #HASHTAG#age...in a stolen #HASHTAG#, nobody can hear you #HASHTAG#...
#HASHTAG# #HASHTAG# #HASHTAG# #HASHTAG# #URL# ></document>
		<document> Great point. Still can't figure out whether the #HASHTAG# #HASHTAG# is so deeply embedded in the existing/new #HASHTAG# that we aren't supposed to notice it (but will get "nudged" if at #HASHTAG# etc) or whether it's a #HASHTAG# #HASHTAG#? #HASHTAG# #URL# ></document>
		<document> Could mushrooms be symbolic of #HASHTAG# users:  usually kept in the dark, covered in manure? #URL# ></document>
		<document> Both. And yes, please get #HASHTAG#. Let's overcome this #HASHTAG# with #HASHTAG#, #HASHTAG#, #HASHTAG# and #HASHTAG#. 
#HASHTAG# #URL# ></document>
		<document> Doesn't matter - TFG is going to get probed in #HASHTAG# #HASHTAG# then probed in #HASHTAG# court. And then in #HASHTAG#. #URL# ></document>
		<document> #USER# Only if you have your own loo, chap. She doesn't share. Just ask her security detail. ></document>
		<document> Perhaps the news outlets could start encouraging the idea of truth and reconciliation hearings? No pre-conditions, both sides just turn up, speak quietly and let humanity's sorrow be witnessed by the entire world. Naive, I know. #URL# ></document>
		<document> Of course you're going to suspect a #HASHTAG# with a different flag...like the #HASHTAG# during #HASHTAG# month? Or #HASHTAG#? 

The high school student is clearly a 1 man #HASHTAG#. 

The administrators behind the original decision should go back to school. 

#HASHTAG# #HASHTAG# #URL# ></document>
		<document> #USER# For people who have studied "Gemeinschaftskunde" 😉 ></document>
		<document> #HASHTAG# #HASHTAG# have seemingly relinquished their responsibility to #HASHTAG# #HASHTAG# responsibly (or compentently) &amp; are passing the #HASHTAG# #HASHTAG# #HASHTAG# onto the #HASHTAG# who cannot be expected to be that #HASHTAG# to such #HASHTAG# #HASHTAG# due to #HASHTAG# #HASHTAG#. #URL# ></document>
		<document> A good point which only serves to highlight the very real need to fund the #HASHTAG# properly. #URL# ></document>
		<document> #HASHTAG# #HASHTAG# in #HASHTAG# and #HASHTAG# wants to ban #HASHTAG# of them? Yup, sounds pretty much on #HASHTAG#. Sorry, did I say "brand"? I meant, #HASHTAG# on his #HASHTAG#. 
#HASHTAG# #HASHTAG# #HASHTAG# #HASHTAG# #HASHTAG# #HASHTAG# #URL# ></document>
		<document> #HASHTAG# giveth &amp; taketh away...this time, they got it right...I do enjoy ##HASHTAG# #HASHTAG# reference implying #HASHTAG# #HASHTAG# is against #HASHTAG#...which we all know is patently untrue e.g. #HASHTAG# oh wait...but only if it applies to #HASHTAG#. #HASHTAG# #URL# ></document>
		<document> Soulfully? #URL# ></document>
		<document> Criticial Race Theory compelled the moon to change its orbit and took away my swim trunks. #URL# ></document>
		<document> Being a #HASHTAG# apparently makes him more qualified than #HASHTAG#'s 50 odd years of #HASHTAG#. 

#HASHTAG# #HASHTAG# #HASHTAG# #HASHTAG# #HASHTAG# #HASHTAG# #HASHTAG# #HASHTAG# #HASHTAG# #HASHTAG# #HASHTAG# #HASHTAG# #HASHTAG# #HASHTAG# #URL# ></document>
		<document> you say that cos you're trying to get ahead #URL# ></document>
		<document> Respectfully, many #HASHTAG# have been #HASHTAG# by #HASHTAG# #HASHTAG# #HASHTAG#, courtesy of #HASHTAG# #HASHTAG#. They've ridden #HASHTAG# for #HASHTAG# &amp; have never been held to #HASHTAG# for these #HASHTAG# #HASHTAG# by their #HASHTAG# or indeed the #HASHTAG#. #HASHTAG# #URL# ></document>
		<document> #HASHTAG# #HASHTAG# &amp; #HASHTAG# in #HASHTAG# seemingly. Given the recent #HASHTAG# and general #HASHTAG#, this is apparently "not too soon" for #HASHTAG# #HASHTAG#... #URL# ></document>
		<document> Hello #HASHTAG# #HASHTAG#? 

I would like to report an intellectual nutmegging. 

#HASHTAG# #HASHTAG# #HASHTAG# #HASHTAG# #HASHTAG# #HASHTAG# #URL# ></document>
		<document> It might go "T***p in the night"...but #HASHTAG# the #HASHTAG# might object due to #HASHTAG# #HASHTAG# #URL# ></document>
		<document> I am not sure #HASHTAG# even had a hand in it. Won't the unfolding #HASHTAG#, #HASHTAG# #HASHTAG# &amp; violent #HASHTAG# orchestrated by #HASHTAG# #HASHTAG# &amp; #HASHTAG# #HASHTAG# automatically cancel their bid to be the #HASHTAG# party? #HASHTAG# #HASHTAG#. #URL# ></document>
		<document> A broken clock is right twice a day. 
#HASHTAG# #HASHTAG# #HASHTAG# #URL# ></document>
		<document> Maybe he's practising for his upcoming #HASHTAG# on a #HASHTAG#? In non-#HASHTAG# #HASHTAG# of course. #URL# ></document>
		<document> What? I thought #HASHTAG# were running it. After all, they are seemingly responsible for everything, including how utterly #HASHTAG# the #HASHTAG# #HASHTAG# #HASHTAG# are. n#HASHTAG# #HASHTAG# #HASHTAG# #HASHTAG# #HASHTAG# #URL# ></document>
		<document> Not sure the #HASHTAG#/#HASHTAG# of the #HASHTAG# required to create #HASHTAG# around #HASHTAG# in #HASHTAG# #HASHTAG# is appreciated. #URL# ></document>
		<document> The ever #HASHTAG# #HASHTAG#! 
#HASHTAG# #HASHTAG# #HASHTAG# #HASHTAG# #HASHTAG# #HASHTAG# #HASHTAG# #HASHTAG# #HASHTAG# #URL# ></document>
		<document> #HASHTAG# #HASHTAG#? Really? #HASHTAG# is allegedly one of the biggest holders of #HASHTAG#. They probably determine the #HASHTAG# &amp; #HASHTAG# (if only to prove out the #HASHTAG# of #HASHTAG# #HASHTAG#) but not clear if they are commited long term. #URL# ></document>
		<document> With self directed #HASHTAG#, #HASHTAG#, #HASHTAG# &amp; #HASHTAG#. #URL# ></document>
		<document> Perhaps one could postulate that being an alleged #HASHTAG# means one is indeed #HASHTAG# for #HASHTAG# #HASHTAG# e.g. like #HASHTAG# a #HASHTAG# #HASHTAG#? Maybe #HASHTAG# &amp; #HASHTAG# rather than #HASHTAG# is the way forward? 
#HASHTAG# #HASHTAG# #HASHTAG# #URL# ></document>
		<document> The first woman seemingly displays signs of hysteria if not trauma. The second woman sounds Russian? Great sympathy for the children. What parent would expose their own kids to possibility of arrest? The coolness and restraint of the officer is the epitome of #HASHTAG#. #URL# ></document>
		<document> #HASHTAG# is #HASHTAG# in its own #HASHTAG#, #HASHTAG#, #HASHTAG#, #HASHTAG# #HASHTAG# &amp; #HASHTAG# #HASHTAG#. 
#HASHTAG# #HASHTAG# #HASHTAG# #HASHTAG# #HASHTAG# #HASHTAG# #HASHTAG# #HASHTAG# #HASHTAG# #HASHTAG# #HASHTAG# #HASHTAG# #HASHTAG# #URL# ></document>
		<document> Like the #HASHTAG# put in #HASHTAG#? Or someone going to the #HASHTAG#? Or someone sleeping in their car? #HASHTAG# #HASHTAG# #HASHTAG# #HASHTAG# #HASHTAG# #HASHTAG# #HASHTAG# #HASHTAG# #HASHTAG# #URL# ></document>
		<document> So the #HASHTAG# is to always book a #HASHTAG# (in a non-#HASHTAG# #HASHTAG# preferably) before you perform an #HASHTAG#? Got it. #HASHTAG# #HASHTAG# #URL# ></document>
		<document> #HASHTAG# the #HASHTAG#! Are they the #HASHTAG# #HASHTAG# #HASHTAG# of #HASHTAG# &amp; #HASHTAG# #HASHTAG# #HASHTAG# masquerading as #HASHTAG#? Not a #HASHTAG#. They're #HASHTAG#. #HASHTAG# didn't #HASHTAG# with them.  #HASHTAG#'s #HASHTAG# justifies #HASHTAG#'s #HASHTAG# &amp; #HASHTAG# #URL# ></document>
		<document> It's tragically unfortunate. Just can't reconcile the apparent incompetence with the pentagon's usual ability to manage huge complexity. It's so unbelieveably staggering, one has to wonder if there is more to it. #URL# ></document>
		<document> #USER# #USER# It's telling that no mental health support/key workers appear to be present. Also, if these homeless people refuse accommodation &amp; meals etc it may be due to genuine fear and/or mental health conditions. A non-adversarial, kinder, patient approach seems warranted. ></document>
		<document> #HASHTAG# is indeed an #HASHTAG# little #HASHTAG#. #URL# ></document>
		<document> Respectfully, I am not sure I agree. There may be a temporary downtick in activity whilst institutions relocate their trading desks and rewrite their counterparty agreements but London has expertise in non-euro asset classes, wealth management and other financial transactions. #URL# ></document>
		<document> "It never occurred to me convincing #HASHTAG# to believe my #HASHTAG# #HASHTAG# would result in such a #HASHTAG# #HASHTAG# for #HASHTAG#."

#HASHTAG# #HASHTAG# #HASHTAG# #URL# ></document>
		<document> Because such announcements may cause #HASHTAG# and #HASHTAG# opportunities in the #HASHTAG# space? #URL# ></document>
		<document> The kind of guy you need to have in a knitting circle. 

#HASHTAG# #HASHTAG# #HASHTAG# #HASHTAG# #HASHTAG# #HASHTAG# #HASHTAG# #URL# ></document>
		<document> If he is #HASHTAG#, then it is possible his #HASHTAG# for attempting to #HASHTAG# people was due to his recent #HASHTAG#. 

So, in summary:

1) Man gets evicted
2) Man feels bad
3) Man gets 1 of the #HASHTAG# #HASHTAG# 
4) Man goes for a walk
5) Man shoots people

A #HASHTAG# #HASHTAG#? #URL# ></document>
		<document> #HASHTAG#: I may throw my #HASHTAG# out of the #HASHTAG#
#HASHTAG#: Ok
Lawyer: Ain't used to this #HASHTAG# of #HASHTAG#
Judge: You're a lawyer
Lawyer: #HASHTAG# gives #HASHTAG# to #HASHTAG# 
Judge: Don't like #HASHTAG#?
Lawyer: Huh?
Judge: #HASHTAG#?
Lawyer: Yeah
Judge: #HASHTAG# #URL# ></document>
		<document> Respectfully disagree. New guns have to stop being sold and the existing 390m have to be removed from circulation otherwise the #HASHTAG# will simply continue. #URL# ></document>
		<document> Respectfully #HASHTAG#. Perhaps not #HASHTAG# but there are significant #HASHTAG#. A more #HASHTAG# #HASHTAG# should be within #HASHTAG# but never reached. Lots of #HASHTAG# and thus #HASHTAG#. #HASHTAG# #HASHTAG# #HASHTAG# #HASHTAG# #HASHTAG# #URL# ></document>
		<document> Here's a good #HASHTAG#. Get your political leaders to make #HASHTAG# that profoundly miss the point: The #HASHTAG# #HASHTAG# in #HASHTAG# in the #HASHTAG# #HASHTAG# have to be reduced. #HASHTAG# #HASHTAG# #HASHTAG# #HASHTAG# #URL# ></document>
		<document> Does your #HASHTAG# suffer from #HASHTAG# who are officially #HASHTAG# to send #HASHTAG# to beat up #HASHTAG#, #HASHTAG# &amp; #HASHTAG#? Call us at #HASHTAG#.com, pay us enough &amp; we'll show you and your #HASHTAG# how to wipe your #HASHTAG# with the #HASHTAG#. #HASHTAG# #URL# ></document>
		<document> #HASHTAG#'s ban of #HASHTAG# is a #HASHTAG#. The real #HASHTAG# is that they allegedly fixed #HASHTAG# #HASHTAG#, a #HASHTAG# which invites #HASHTAG# #HASHTAG#. (according to #HASHTAG# #HASHTAG#) #URL# ></document>
		<document> Coming from the lowest base. And this 7% growth rate will eventually trend downwards. #URL# ></document>
		<document> #USER# Forgive me, where are the photos of the cops who killed #HASHTAG# #HASHTAG#? Let me guess, the authorities are worried about their safety and won't release them. What a lovely #HASHTAG#. And here you are perpetuating it. Well done. #HASHTAG# ></document>
		<document> #HASHTAG# #HASHTAG# allowed #HASHTAG# to become essentially #HASHTAG# #HASHTAG#. The #HASHTAG# voted in #HASHTAG# that ultimately enabled it. Now #HASHTAG# want to protect their #HASHTAG# by ensuring steady #HASHTAG# #HASHTAG# - sort of contradicts "#HASHTAG#". #HASHTAG# #URL# ></document>
		<document> Is this intended to make it easier for people to shoot each other? 
#HASHTAG# #HASHTAG# #HASHTAG# #HASHTAG# #HASHTAG# #HASHTAG# #HASHTAG# #HASHTAG# #HASHTAG# #HASHTAG# #HASHTAG# #URL# ></document>
		<document> #USER# Merry Christmas! Here are some suggestions:
Michael Connelly 
Elmore Leonard
James Ellroy 
Lawrence Block
Raymond Chandler
Dashiell Hammet ></document>
		<document> One could start with the #HASHTAG# #HASHTAG#...which almost sounds like an #HASHTAG# #URL# ></document>
		<document> Is #HASHTAG# saying the #HASHTAG# were a bit #HASHTAG# because they stayed within a #HASHTAG# #HASHTAG#? Is this before or after people died? 
#HASHTAG# #HASHTAG# #HASHTAG# #HASHTAG# #HASHTAG# #HASHTAG# #URL# ></document>
		<document> Maybe #HASHTAG# will bring a more #HASHTAG# approach to #HASHTAG#? Goodness knows #HASHTAG# deserve #HASHTAG# from the continuous #HASHTAG#. #URL# ></document>
		<document> #USER# #USER# Not a lawyer but saw a possible explanation for this: #HASHTAG# would avoid becoming(?) a co-#HASHTAG# in this case and this may lead to a speedier #HASHTAG# because of the (historical) #HASHTAG# of #HASHTAG#(?) but there would also be #HASHTAG# of the implied #HASHTAG#? ></document>
		<document> "These boots are made for walking" - #HASHTAG# may have shared a few #HASHTAG# on so called #HASHTAG# #HASHTAG#. 
#HASHTAG# #URL# ></document>
		<document> There is footage of #HASHTAG# watching the actual #HASHTAG# unfold in real time.

He didn't
- rush to a bunker
- initiate a state of emergency
- call in reinforcements immediately
- explain why the panic buttons were removed
- reassure the nation

He didn't lead. He never has. #URL# ></document>
		<document> So you can't #HASHTAG# the deterring #HASHTAG# of this #HASHTAG# on #HASHTAG#ing nor the "perceived" #HASHTAG# and the #HASHTAG#. 

Remember to tug your forelock when the next #HASHTAG# of #HASHTAG#, #HASHTAG# and #HASHTAG# come down the track. 

#HASHTAG# #HASHTAG# #HASHTAG# #HASHTAG# #URL# ></document>
		<document> #HASHTAG# &amp; #HASHTAG# have essentially acted as #HASHTAG# #HASHTAG# into which the #HASHTAG# have invested. It's not the great "#HASHTAG#". It's a form of indentured #HASHTAG#. #HASHTAG# #HASHTAG# #HASHTAG# #URL# ></document>
		<document> #USER# What about #HASHTAG# amongst "responsible" #HASHTAG#? Might be a revealing stat. #HASHTAG# ></document>
		<document> Words or letters? Let's try a combo:
#HASHTAG# 
#HASHTAG#
#HASHTAG#
#HASHTAG#
= D.I.C.K. 
#HASHTAG# #HASHTAG# #HASHTAG# #HASHTAG# #HASHTAG# #HASHTAG# #HASHTAG# #HASHTAG# #HASHTAG# 
#HASHTAG# #HASHTAG# #HASHTAG# #HASHTAG# 
#HASHTAG# #URL# ></document>
		<document> That 30% need a good talking to. #URL# ></document>
		<document> They may need to change the date on their T-shirts. And check their website: 
#HASHTAG# #URL# #URL# ></document>
		<document> I do believe this is the #HASHTAG# #HASHTAG# for those over entitled #HASHTAG# who champion #HASHTAG# #HASHTAG# &amp; #HASHTAG# over any #HASHTAG# based #HASHTAG# whatsoever. Such #HASHTAG#...
#HASHTAG# #HASHTAG# #HASHTAG# #HASHTAG# #HASHTAG# #HASHTAG# #URL# ></document>
		<document> It's true. #HASHTAG# is a #HASHTAG# punishable by #HASHTAG#. "Why such a harsh #HASHTAG#?", I hear you ask. Well, #HASHTAG# #HASHTAG# leads to #HASHTAG#. In the #HASHTAG#. These #HASHTAG# #HASHTAG# walk around with #HASHTAG#. They are a threat to #HASHTAG#. And we can't have that. #URL# ></document>
		<document> Isn't he just trying to offset losses? Why would anyone hand over their appreciating asset for an item that loses a 1/5 of it's value as soon as you drive it off the forecourt? #URL# ></document>
		<document> The term "Hearts and Minds" was bandied about by politicians, reporters, generals &amp; soldiers for over a decade. "#HASHTAG#" is part of "#HASHTAG#". Like building schools for girls. Desist from "I told you so" #HASHTAG#, offer #HASHTAG# &amp; Keep Up.

#HASHTAG# #URL# ></document>
		<document> So we have #HASHTAG# and #HASHTAG# aka #HASHTAG#'s #HASHTAG# who, as a #HASHTAG#, allegedly presided over one of the greatest #HASHTAG# of #HASHTAG# #HASHTAG# in #HASHTAG# #HASHTAG#. Lots in #HASHTAG#? #URL# ></document>
		<document> Must...suppress...urge...to...make...rubbish...jokes...about #HASHTAG# #HASHTAG# #HASHTAG# being the #HASHTAG#. #URL# ></document>
		<document> Good job. In #HASHTAG# #HASHTAG#, could you please also include #HASHTAG#, #HASHTAG#, #HASHTAG# and #HASHTAG#? And re-#HASHTAG# #HASHTAG# of #HASHTAG#. #URL# ></document>
		<document> #HASHTAG# is the first step towards #HASHTAG#.

#HASHTAG# #URL# ></document>
		<document> #HASHTAG# is in a mighty flap
About his creaky old pipe
Clap for his tired old crap?
Nah, just get him a wet wipe 
#HASHTAG# #HASHTAG# #HASHTAG# #HASHTAG# #URL# ></document>
		<document> Yes. #HASHTAG# is fraud, no matter how #HASHTAG# the #HASHTAG# may seem. #HASHTAG# might even #HASHTAG# them and bring the #HASHTAG# closer #HASHTAG# in #HASHTAG# #HASHTAG# and indeed #HASHTAG# #HASHTAG#. #URL# ></document>
		<document> This sounds #HASHTAG# and #HASHTAG#. #HASHTAG#, if appropriate, may also be a viable #HASHTAG# for the #HASHTAG# of #HASHTAG#, #HASHTAG# and #HASHTAG#. 
#HASHTAG# #HASHTAG# #HASHTAG# #HASHTAG# #HASHTAG# #HASHTAG#pathway #HASHTAG# #URL# ></document>
		<document> Good stuff from #HASHTAG# on #HASHTAG#, #HASHTAG#, #HASHTAG#, #HASHTAG#, #HASHTAG#, #HASHTAG#, #HASHTAG# #HASHTAG#, #HASHTAG# #HASHTAG#, #HASHTAG# &amp; #HASHTAG# 

No other civilized country seemingly has the mass shooting problem. 

#HASHTAG# #HASHTAG# #URL# ></document>
		<document> Staggered resumption as dictated by regional data reporting seems warranted. #URL# ></document>
		<document> 😂😂😂😂😂😂😂😂😂😂😂😂😂😂😂😂😂😂😂😂😂

Wait till you get the bill for impersonating a #HASHTAG#. 

#HASHTAG# #URL# ></document>
		<document> And who would really argue with #HASHTAG# on this? 
BTW did he manage to collect his #HASHTAG# from #HASHTAG#? #URL# ></document>
		<document> He waxes &amp; does wane
Spew &amp; bloviation he will toot
Defending the guilty's pain
Behold! Here's #HASHTAG#

He's fearless, no, not a wimp
But there's a lot he really hates
Like chats with underage pimp
Yet recalls no dinner with #HASHTAG# 
#HASHTAG# 
1/2 #URL# ></document>
		<document> Gotta maintain those #HASHTAG# #HASHTAG#. So much for investing in the #HASHTAG# #HASHTAG#. #HASHTAG# #HASHTAG# possibly...? #URL# ></document>
		<document> Well, there might be case where a perceived "anti-social" person might be "unfairly" prevented from buying a gun to commit mass murder.  And we can't have that, can we? #HASHTAG# #URL# ></document>
		<document> Is this photo real? Would a #HASHTAG# act so irresponsibly? #HASHTAG# #HASHTAG# #URL# ></document>
		<document> And you were totally helpless to stop any of it. For the last 4 years. "We really don't care". #HASHTAG# #URL# ></document>
		<document> #HASHTAG#: We make lots of #HASHTAG# promoting #HASHTAG# &amp; #HASHTAG# 
#HASHTAG#: You realise we're behind the #HASHTAG#
Hollywood: Rest of the #HASHTAG# will think we're the "#HASHTAG# of the #HASHTAG#" 
Senate: Land of the Free #HASHTAG#?
Hollywood: Yup. We ignore detail
Senate: So do we
#HASHTAG# #URL# ></document>
		<document> He's assuming he has a choice from #HASHTAG#. 
#HASHTAG# #HASHTAG# #HASHTAG# #HASHTAG# #URL# ></document>
		<document> #HASHTAG# are said to have been all #HASHTAG#. If only the same could be said of all those #HASHTAG#, #HASHTAG# denying, #HASHTAG# refusing, #HASHTAG#. #URL# ></document>
		<document> Evil Dead.

Or a little known documentary:

The #HASHTAG# #HASHTAG#

#HASHTAG# #URL# ></document>
		<document> #HASHTAG#! #HASHTAG# #HASHTAG# of the #HASHTAG# #HASHTAG#, 
#HASHTAG# #HASHTAG#. #HASHTAG# on #HASHTAG#. #URL# ></document>
		<document> "#HASHTAG#"? Funny how that works when it comes to #HASHTAG#, #HASHTAG# &amp; #HASHTAG#. Sure, go ahead, have an #HASHTAG#, introduce all those #HASHTAG# #HASHTAG# &amp; tinker around #HASHTAG# because that's "#HASHTAG#". 
#HASHTAG# #HASHTAG# #URL# ></document>
		<document> #USER# #HASHTAG#
#HASHTAG#
#HASHTAG# &amp; #HASHTAG# 
#HASHTAG# 
#HASHTAG#
#HASHTAG#
#HASHTAG#
#HASHTAG#
#HASHTAG# 
#HASHTAG#
#HASHTAG# 
#HASHTAG# 
#HASHTAG# (he gets hilariously &amp; righteously angry!) 
and many, many more. ></document>
		<document> This is a strange response. For this #HASHTAG# it's seems to be about defending something erroneous &amp; flawed rather than adapting to new thinking based on clear evidence and actually taking action. #URL# ></document>
		<document> When a bartender and alleged public servant isn't allegedly organising tours for seditionists, she's busy fellating her AR15? #URL# ></document>
		<document> #HASHTAG# doesn't always translate immediately to a #HASHTAG# but it's great you acknowledge that it should be lumped in with other equally #HASHTAG# #HASHTAG#. You know, stuff like #HASHTAG#, #HASHTAG#, #HASHTAG# of #HASHTAG# #HASHTAG# &amp; #HASHTAG# #HASHTAG#. #URL# ></document>
		<document> The #HASHTAG# #HASHTAG# (imo) is around the #HASHTAG# of the #HASHTAG# imparted by the #HASHTAG#. #HASHTAG# #HASHTAG# from #HASHTAG# #HASHTAG# #HASHTAG#/#HASHTAG# is promising but if "we all rush...err out" when #HASHTAG# #HASHTAG# is suspect/short then won't it #HASHTAG# #HASHTAG#'s #HASHTAG#? #URL# ></document>
		<document> Some Americans make America great. 

The rest have forgotten how. #URL# ></document>
		<document> A bit like the #HASHTAG# #HASHTAG# not #HASHTAG# themselves from their #HASHTAG#? 
#HASHTAG# #HASHTAG# #HASHTAG# #HASHTAG# #HASHTAG# #URL# ></document>
		<document> Almost didn't recognise #HASHTAG# without her sheaf of white paper. 
#HASHTAG# #URL# ></document>
		<document> Symptomatic of #HASHTAG# #HASHTAG# perpetuated by #HASHTAG#...all the more #HASHTAG# they're #HASHTAG# demonstrating how #HASHTAG# actually threatens #HASHTAG# potentially ending in instant #HASHTAG#. However they are upholding their right to dress badly... #HASHTAG# #URL# ></document>
		<document> There appears to be a #HASHTAG# in the #HASHTAG# where #HASHTAG#, #HASHTAG#, #HASHTAG# &amp; #HASHTAG# #HASHTAG#, when stopped by the #HASHTAG#, will not go directly to #HASHTAG#. I don't think that that necessarily reflects some sort of #HASHTAG# #HASHTAG# #HASHTAG#. #URL# ></document>
		<document> We should never expect #HASHTAG# from #HASHTAG#, #HASHTAG# or indeed #HASHTAG#. Their #HASHTAG# of #HASHTAG# now includes characterising #HASHTAG# as a "#HASHTAG#". Does this mean that these #HASHTAG# of #HASHTAG# #HASHTAG# are not owned by the #HASHTAG# anymore? #URL# ></document>
		<document> Oh, I think we all know that #HASHTAG#'s #HASHTAG# with #HASHTAG# were revealed a long time ago. The #HASHTAG# that they also happen to be #HASHTAG# is #HASHTAG#. #HASHTAG# #URL# ></document>
		<document> Newt Gingrich
#HASHTAG# #URL# ></document>
		<document> #USER# #HASHTAG#. 
"Being honest may not get you many friends, but it'll always get you the right ones." ~ John Lennon ></document>
		<document> "When the righteous increase, the people rejoice, but when the wicked rule, the people groan."
#HASHTAG# 29:2
What about conducting business on #HASHTAG#? Should that be banned because it's the #HASHTAG#? 
#HASHTAG# #HASHTAG# #HASHTAG# #HASHTAG#Voting #HASHTAG# #HASHTAG# #URL# ></document>
		<document> Not sharing your #HASHTAG# with any #HASHTAG#...
#HASHTAG# #HASHTAG#Day #HASHTAG#Day2021 #HASHTAG#2021 #URL# ></document>
		<document> #HASHTAG# (aka #HASHTAG#) is the single most evil destructive ideology that mankind has ever known.
#HASHTAG# #URL# ></document>
		<document> In order to blend in further with her new #HASHTAG#, #HASHTAG# may change from the disingenuous #HASHTAG# #HASHTAG# to a fetching #HASHTAG# #HASHTAG#. #URL# ></document>
		<document> Is that grave bell tinkling? Wishful hearing. #URL# ></document>
		<document> Seeing #HASHTAG# &amp; #HASHTAG# #HASHTAG# #HASHTAG# as they invoke their disingenuous #HASHTAG# to #HASHTAG# #HASHTAG# should demonstrate the #HASHTAG# of their #HASHTAG# #HASHTAG# #HASHTAG#. Never #HASHTAG# for a #HASHTAG#. #HASHTAG# #HASHTAG# #URL# ></document>
		<document> And if the parent decides you're reckless, vote grabbing douche, funded by dodgy interests, what then? #URL# ></document>
		<document> Why did God create W.A.S.P's?

Someone has to pay full retail... #URL# ></document>
		<document> #HASHTAG# are seemingly #HASHTAG# of remembering that #HASHTAG# is a #HASHTAG# for #HASHTAG# and #HASHTAG#, is hugely #HASHTAG# and very #HASHTAG# of supporting their own #HASHTAG# as well as #HASHTAG# #HASHTAG# - it's good #HASHTAG# #HASHTAG# particularly in a #HASHTAG# #HASHTAG#. #URL# ></document>
		<document> What's stopping a government from: 
- seizing mining operations (to fund a war)?
- blocking networks? 
- seizing any and all conversion mechanisms?
- seizing exchanges or shutting them down?
- blocking the use of tether?
- forbidding development of infrastructure? #URL# ></document>
		<document> Agreed. I daresay this is another attempt by the usual "value for money" suspects (&amp; maybe billionaires) to erode a public(ish) institution from within. Destabilising 1 of the few balanced voices in the media is blood in the water for right leaning pundits &amp; press barons. #URL# ></document>
		<document> #HASHTAG# should have said: "No, the #HASHTAG# received a new bionic leg and is attempting to break the world record for hopping. All delivered with that patient, wry smile to a reporter who is definitely "sniffing" for a scoop. Gawd. #HASHTAG# #URL# ></document>
		<document> Is #HASHTAG# an #HASHTAG# #HASHTAG#? If he is then he didn't pay for the #HASHTAG#. And that's the beauty of our #HASHTAG# #HASHTAG#, even #HASHTAG# get #HASHTAG# free of charge. #URL# ></document>
		<document> Sounds like #HASHTAG# is being quite #HASHTAG# which is what you expect from a nice human being. However, attributing a #HASHTAG# to her cousins, #HASHTAG#, #HASHTAG#, #HASHTAG# and #HASHTAG# seems #HASHTAG# if not #HASHTAG#. #URL# ></document>
		<document> I think there was a #HASHTAG# at #HASHTAG# who speculated this #HASHTAG# back in 1993. And didn't #HASHTAG# theorise about this in his #HASHTAG#? #HASHTAG# #HASHTAG# #URL# ></document>
		<document> Does #HASHTAG# of #HASHTAG# #HASHTAG# #HASHTAG# strike unexpectedly #HASHTAG# yet #HASHTAG# #HASHTAG# about #HASHTAG# engaging with #HASHTAG# #HASHTAG# conveniently overlooking how #HASHTAG# had previously "#HASHTAG#" with 22 #HASHTAG# #HASHTAG#? #HASHTAG# #HASHTAG# #HASHTAG# #URL# ></document>
		<document> #HASHTAG#, #HASHTAG# and now #HASHTAG#. Quite the #HASHTAG#. With #HASHTAG# #HASHTAG# #HASHTAG# in #HASHTAG# did #HASHTAG# think this sort of #HASHTAG# will simply stop? 
#HASHTAG# #HASHTAG# #HASHTAG# #HASHTAG# #HASHTAG# #HASHTAG# #HASHTAG# #HASHTAG# #URL# ></document>
		<document> #USER# Hello - It is sometimes very difficult to be kind to ourselves, but it is always, always in our best interests. #HASHTAG# ></document>
		<document> Well done to these #HASHTAG#, #HASHTAG# #HASHTAG# for speaking out about their #HASHTAG# and the casual #HASHTAG# from #HASHTAG#. The #HASHTAG# of their #HASHTAG#, their #HASHTAG# efforts &amp; the #HASHTAG# on #HASHTAG# cannot be underestimated. #HASHTAG# #URL# ></document>
		<document> I actually think he is but he just doesn't give a flying fig. 
#HASHTAG# #HASHTAG# #HASHTAG# #URL# ></document>
		<document> #USER# Depleted serotonin levels due to e.g. trauma (PTSD) makes invidual more sensitive to psychosomatic pain. Address the stress disorder with e.g. CBT &amp; EMDR (+ possibly physiotherapy) &amp; pain should reduce. A lot of heavylifting on part of the individual but doable. #HASHTAG# ></document>
		<document> Invite #HASHTAG# of #HASHTAG# to #HASHTAG# these #HASHTAG# #HASHTAG# #HASHTAG# &amp; #HASHTAG#. And, invite #HASHTAG# to #HASHTAG# this #HASHTAG# &amp; #HASHTAG# #HASHTAG#. #HASHTAG# #HASHTAG# #HASHTAG# #HASHTAG# #HASHTAG# #HASHTAG#rIntimidation #HASHTAG# #HASHTAG# #HASHTAG# #HASHTAG# #HASHTAG# #URL# ></document>
		<document> The #HASHTAG# #HASHTAG# is that #HASHTAG# &amp; #HASHTAG# this side of the #HASHTAG# may have "inadvertently" helped to #HASHTAG# these very #HASHTAG# #HASHTAG#...There are #HASHTAG# of #HASHTAG# seemingly. #URL# ></document>
		<document> Perhaps try doing his job instead of #HASHTAG# from the #HASHTAG#? To even begin to appreciate the #HASHTAG# of this #HASHTAG# is beyond most of us. And guess what? #HASHTAG# will be made but it's not like he's recommending #HASHTAG#, is it? 
#HASHTAG# #HASHTAG# #HASHTAG# #URL# ></document>
		<document> She's managed to escape her adult supervision. Again. 

#HASHTAG# #HASHTAG# #HASHTAG# #URL# ></document>
		<document> On the surface, this seems "ouch" worthy but it could be a tangential attack on the age of the current president. #URL# ></document>
		<document> Please share with #HASHTAG# #HASHTAG# #HASHTAG# this damning evidence against Biden immediately. Thank God for the sterling investigative #HASHTAG# of #HASHTAG#, #HASHTAG# &amp; #HASHTAG# on #HASHTAG#. #HASHTAG# #URL# ></document>
		<document> Fascinating although how one might integrate #HASHTAG# into #HASHTAG# may prove #HASHTAG#. As it's #HASHTAG#, they've probably sorted this. #URL# ></document>
		<document> Another fine #HASHTAG# of "#HASHTAG#" #HASHTAG# &amp; the huge #HASHTAG# that #HASHTAG# &amp; #HASHTAG# are making. 

What's preventing #HASHTAG# from finding 1 of the #HASHTAG# #HASHTAG# in #HASHTAG# in a #HASHTAG#? 

#HASHTAG#

And now another family experiences profound #HASHTAG#.
#HASHTAG# #URL# ></document>
		<document> I would like to congratulate all the lawyers who stood by and let this happen. Well, not standing by actually, they'll be on the move to other climes...but unlikely to wield their formidable legal expertise to obtain family chain emigration visas...? #HASHTAG# #URL# ></document>
		<document> #USER# #USER# Friendly suggestion: give a "#HASHTAG# #HASHTAG#" powerpoint presentation on the #HASHTAG# #HASHTAG# and let the #HASHTAG# fall where they may...so to speak. #HASHTAG# has it we're all from #HASHTAG#, #HASHTAG#. Ahem. ></document>
		<document> More #HASHTAG# than #HASHTAG#...
To make a significant #HASHTAG#, big #HASHTAG#, #HASHTAG# &amp; #HASHTAG# will need to be very #HASHTAG# in order to get these awful #HASHTAG# #HASHTAG# withdrawn. #HASHTAG# #HASHTAG# #URL# ></document>
		<document> #HASHTAG#! Your #HASHTAG# #HASHTAG# hard at work to make you #HASHTAG#. Kind of #HASHTAG# given #HASHTAG# presided over one of the largest #HASHTAG# #HASHTAG# in history. He doesn't care though because this #HASHTAG# #HASHTAG# walked away with #HASHTAG#. 
#HASHTAG# #HASHTAG# #HASHTAG# #URL# ></document>
		<document> #HASHTAG# has inadvertently acquired a new #HASHTAG#. 
#HASHTAG# #HASHTAG# #HASHTAG#App #HASHTAG# #HASHTAG# #HASHTAG# #HASHTAG# #HASHTAG# #HASHTAG# #HASHTAG# #URL# ></document>
		<document> After great #HASHTAG# success, #HASHTAG# went to work for the #HASHTAG# #HASHTAG# as some kind of #HASHTAG#. And now he's vying for the role of #HASHTAG#. #URL# ></document>
	
</author><document> "There is no #HASHTAG#...for us?" Once again, #HASHTAG# proves to be the best paid for #HASHTAG# of #HASHTAG# #HASHTAG#, #HASHTAG# &amp; #HASHTAG# #HASHTAG#. From #HASHTAG# to #HASHTAG#.
#HASHTAG# #HASHTAG# #URL# ></document>
<document> Is there a #HASHTAG# #HASHTAG# #HASHTAG# called "Mike Crapo"?
#HASHTAG# by taking a big #HASHTAG# on the #HASHTAG#. #URL# </document>
<document> He's back!
#HASHTAG# #URL# </document>
Did <document> have a real #HASHTAG#? So the #HASHTAG# #HASHTAG# was deceived once again by the #HASHTAG# of the apparent #HASHTAG#.

Possible test on the #HASHTAG# of a #HASHTAG#:

When was the last time you volunteered in a #HASHTAG# #HASHTAG#? And the price of #HASHTAG# is...?

#HASHTAG# #URL# </document>
<document> It's #HASHTAG# to think that #HASHTAG# is more #HASHTAG# than a #HASHTAG#.

#HASHTAG# #HASHTAG# #HASHTAG# #HASHTAG# #HASHTAG# #HASHTAG#ists #URL# </document>
<document> So you are #HASHTAG#, you want to defend the #HASHTAG# #HASHTAG#' #HASHTAG# of "#HASHTAG# #HASHTAG#" and you happen to be in #HASHTAG# of #HASHTAG#? It sounds eerily, if not tragically, familiar. #HASHTAG# #URL# </document>
<document> A #HASHTAG# of 1k #HASHTAG# is not enough #HASHTAG#. Also, #HASHTAG# cannot predict what will happen after #HASHTAG# regarding #HASHTAG# &amp; level of #HASHTAG# #HASHTAG#. Also, #HASHTAG# is unlikely to provide useful #HASHTAG# #HASHTAG#. #HASHTAG# I don't understand #HASHTAG#. #URL# </document>
<document> #HASHTAG# &amp; #HASHTAG# you shouldn't worry. Given the #HASHTAG# #HASHTAG# in #HASHTAG#, it would take quite a while to collect them all so the #HASHTAG# #HASHTAG# will continue unabated.
#HASHTAG# #HASHTAG# #HASHTAG# #HASHTAG# #HASHTAG# #HASHTAG# #HASHTAG# #URL# </document>
<document> #USER# 10) Festival bathroom suddenly unavailable
11) The republican picnic went well
12) The ranger searched for the aircraft
13) Smokey's character warranted a rethink
14) The Amazon drone got lost
15) The cigar aficionado loses Montecristo
16) The bonfire fought against the marshmallows
17) Being gaslit has been misunderstood </document>
<document> It's #HASHTAG# that they won't teach #HASHTAG# #HASHTAG# with a self-erasing #HASHTAG# but they are #HASHTAG# who are supposedly distributing a #HASHTAG# without #HASHTAG# to #HASHTAG# thus encouraging a #HASHTAG# of the recent #HASHTAG# in the #HASHTAG#. As Nancy Reagan once said, "Just say no."
#HASHTAG# #URL# </document>
<document> Depends on how it's taught, doesn't it? They teach the #HASHTAG# of the #HASHTAG# in German #HASHTAG#.

And #HASHTAG# comes off with the #HASHTAG#: "Never again".

Only in the hands of #HASHTAG# would this #HASHTAG# become #HASHTAG#.

#HASHTAG# #HASHTAG# #HASHTAG# #URL# ></document>
<document> Some rare good news. But it's not currently in the upcoming #HASHTAG# law, is it?

#HASHTAG# #URL# </document>
<document> Phew...I was really worried about him... #URL# </document>
<document> Respectfully, in some circles it is said that #HASHTAG# was trying to emulate #HASHTAG# and that led to this #HASHTAG# #HASHTAG#. A #HASHTAG#. #HASHTAG# must come forward and help #HASHTAG# in this #HASHTAG#. #URL# </document>
<document> “Do all you can to tell yourself that this is not a black hole, just a tunnel. And there's light at the end of it.
~Hata Curry
#HASHTAG# #URL# </document>
<document> We apologize for the interruption of what we generally call "service". #HASHTAG# #URL# </document>
<document> Blake Carrington
#HASHTAG# #URL# </document>
<document> You must give #HASHTAG# #HASHTAG#. It may be a #HASHTAG# #HASHTAG# but it knows it's less #HASHTAG# than the entire #HASHTAG# of the #HASHTAG# #HASHTAG# combined. And the #HASHTAG# #HASHTAG# must be #HASHTAG#. #URL# </document>
<document> If all #HASHTAG# #HASHTAG# #HASHTAG# could only #HASHTAG# to redirect the #HASHTAG# to some distant #HASHTAG# #HASHTAG#. This would be a #HASHTAG#... #URL#></document>
<document> We sometimes use the Ø symbol to represent no solution. That symbol means "empty set", which means that the set of all responses is empty. In other words, there is no answer. In the case of #HASHTAG#, it's back to the drawing board. Get the #HASHTAG#. #HASHTAG# #HASHTAG# #URL# ></document>
<document> You are right. #HASHTAG# covers a #HASHTAG# of #HASHTAG# giving #HASHTAG# #HASHTAG# for the #HASHTAG#. #URL# </document>
<document> Absolutely. But they will need to have a hedge fund as an entry requirement. #URL# </document>
<document> This assumes that a #HASHTAG# like #HASHTAG# will even be #HASHTAG# another #HASHTAG#...and it doesn't, which is properly scary given the #HASHTAG# it's holding. #URL# </document>
<document> We'll get better pies... #URL# </document>
<document> Or somewhere like Calais, where troops from all over the world had gathered during WW1? #URL# </document>
<document> #HASHTAG# can never really be addressed with #HASHTAG#. I hope #HASHTAG# gets all the #HASHTAG# it needs to move forward. And maybe #HASHTAG# could learn and apply others, #HASHTAG# #HASHTAG# in #HASHTAG#? God knows #HASHTAG# would appreciate it. #URL# </document>
<document> "I'll take the Great Fools of History for 200, Alex"

#HASHTAG# #URL# </document>
<document> "Many have finally realized the fact that the #HASHTAG# they have been blindly supporting for so long are, in fact, not their friend. They are no one's friend in this country, they are dangerous. That goes without saying. " #HASHTAG# #HASHTAG# #HASHTAG# #HASHTAG# #HASHTAG# #URL# </document>
<document> #HASHTAG#! Is it another #HASHTAG# #HASHTAG# attacking #HASHTAG# #HASHTAG#? Is it from seeds #HASHTAG# #HASHTAG# who claimed that #HASHTAG# never described #HASHTAG# as #HASHTAG#? Is this #HASHTAG# or #HASHTAG# #HASHTAG# #HASHTAG#? #HASHTAG# #HASHTAG# #HASHTAG# #URL# ></document>
<document> #USER# #USER# #HASHTAG# do not advocate violence. Have you ever considered that #HASHTAG# is a statement about the #HA of #HASHTAG#SHTAG#? Let me help you: #HASHTAG# experiences little or no justice and therefore has no peace. Run now. #HASHTAG# </document>
<document> January 2018, #HASHTAG# said they have an informant with information that #HASHTAG# &amp; #HASHTAG# conspired against #HASHTAG# in 2016 #HASHTAG# #HASHTAG#; He described it as a "#HASHTAG#" &amp; said there was "#HASHTAG# at #HASHTAG#'s highest level" Same day, brought back #HASHTAG#... #URL# ></document>
<document> #USER# 1) A tribe called Burla
2) Depeche Sting
3) Rally Spandeau
4) Spandeau bullet
5) Banana Drama
6) BannonADrama
7) Sow division
8) The pies
9) The crash
10) Simple minds
11) Trolling Stones
12) Stalking Ted
13) Fool &amp; The band
14) Sonic shower
15) Dire Straits
16) UltraCox</document>
<document> Here's an idea: put the #HASHTAG# in #HASHTAG# #HASHTAG#. #HASHTAG# #HASHTAG# #URL# ></document>
<document> Report #HASHTAG#! His deft waving of the card is missing. #URL# </document>
<document> https://t.co/cjWVK7Dggzn#HASHTAG# #HASHTAG# #HASHTAG# #HASHTAG# #HASHTAG# #HASHTAG# #HASHTAG# #HASHTAG# #HASHTAG# #HASHTAG# #HASHTAG# #HASHTAG# #HASHTAG # #HASHTAG# #HASHTAG# #HASHTAG# #HASHTAG# </document>
<document> Aside from a list of absolutely #HASHTAG# #HASHTAG#, you could see in #HASHTAG#'s eyes the #HASHTAG# part of her literally going into a dark #HASHTAG# and #HASHTAG#.
#HASHTAG# #HASHTAG# #URL# ></document>
<document> Perhaps they share a long-term view of its evolution (deterioration)? #URL# </document>
<document> Perhaps his bank accounts should be confiscated and the alleged ill-gotten gains distributed to truly worthy causes? And don't forget the #HASHTAG#!
#HASHTAG# #HASHTAG# #HASHTAG# #URL# ></document>
<document> That #HASHTAG# #HASHTAG# will persist for a while. Unfortunately. Their #HASHTAG# #HASHTAG# &amp; #HASHTAG# must be contained in #HASHTAG# #HASHTAG#. #HASHTAG# #HASHTAG# #HASHTAG# #URL# ></document>
<document> Hello everyone,

I think I know where the #HASHTAG# left its teeth.

#HASHTAG# #URL# </document>
<document> #HASHTAG# actually think they are defending #HASHTAG# (and their #HASHTAG#) with #HASHTAG# #HASHTAG#, not appreciating that they may have benefited financially from #HASHTAG# &amp; #HASHTAG#. Yet happy to engage #HASHTAG#. #HASHTAG# #HASHTAG# #HASHTAG# #URL# ></document>
<document> “Two things are infinite: the #HASHTAG# and the #HASHTAG# #HASHTAG#; and I'm not sure about the universe.
#HASHTAG#
#HASHTAG# #HASHTAG# #HASHTAG# #HASHTAG# #URL# </document>
<document> #HASHTAG# of #HASHTAG# #HASHTAG# #HASHTAG# hosting that #HASHTAG# of #HASHTAG# #HASHTAG#, #HASHTAG# of #HASHTAG#, which is paid 180K from the #HASHTAG# of # HASHTAG# to #HASHTAG#... wait for it... #HASHTAG# #HASHTAG# to #HASHTAG# of #HASHTAG#. #HASHTAG# #HASHTAG# #URL# ></document>
<document> With #HASHTAG# #HASHTAG#, it's #HASHTAG# to #HASHTAG# #HASHTAG# #HASHTAG# #HASHTAG# #HASHTAG# to #HASHTAG# #HASHTAG# #HASHTAG# #HASHTAG# #HASHTAG# #HASHTAG# ? Well, at leastshe is #HASHTAG#. #HASHTAG# #HASHTAG# #HASHTAG# #HASHTAG# #HASHTAG# #HASHTAG# #HASHTAG# #HASHTAG# #URL# </document>
<document> In order to #HASHTAG# #HASHTAG# #HASHTAG# day after day, you must praise the #HASHTAG# of #HASHTAG#. Is it #HASHTAG#, #HASHTAG# of #HASHTAG# or #HASHTAG# #HASHTAG# pushing it?

For those who have invested in #HASHTAG#:
#HASHTAG# = You must count anything #URL#></document>
<document> Free market capitalism did not prevent this pandemic or solve it.

#HASHTAG# &amp; his #HASHTAG# #HASHTAG# is doing the #HASHTAG#.

By the way, "Americans of the color blue" sounds like a euphemism for those who died at the hands of the former capitalist's incompetence.

#HASHTAG# #URL# </document>
<document> We hope these #HASHTAG# of #HASHTAG# continue to receive the #HASHTAG# #HASHTAG# needed for their #HASHTAG#. #HASHTAG# #HASHTAG# #HASHTAG# #URL# ></document>
<document> Not just a #HASHTAG# #HASHTAG# &amp; #HASHTAG# of #HASHTAG# &amp; #HASHTAG#. It's #HASHTAG# #HASHTAG# &amp; #HASHTAG# #HASHTAG#atic of #HASHTAG# &amp; #HASHTAG#. Here's the #HASHTAG#: In some #HASHTAG#, #HASHTAG# #HASHTAG# gets less #HASHTAG# than one #HASHTAG#. #HASHTAG# #HASHTAG# #HASHTAG# #URL# ></document>
<document> I don't think he came up with it... out of nowhere... definitely somewhere else... #URL# ></document>
<document> #USER# Whatever you do, always give 100%. Unless you're donating blood. >></document>
<document> #USER# 22) The new variant had caught on
23) The GOP agent stepped on him mercilessly
24) Homeless Alien Begged For Change
25) He had summoned her again
26) Her contact lenses didn't work
27) His computer specs worked
28) The ghost of the mother visits her child
4/ #HASHTAG# #HASHTAG# ></document>
<document> Assuming #HASHTAG# can reach #HASHTAG# without hindrance, maybe send hundreds of #HASHTAG# to help with #HASHTAG#?

Like #HASHTAG# #HASHTAG# but reversed - a #HASHTAG#.

#HASHTAG# </document>
<document> It's a tough talk, Tex...
#HASHTAG# #URL# </document>
<document> 👇👇👇👇👇👇👇👇👇👇👇👇👇👇
(unless you know who perfected the net zero battery technology?) #URL# ></document>
<document> You are speaking now. Freely.
And, specifically, why do you want to go back to school? Need to brush up on your #HASHTAG#? #URL# </document>
<document> #USER# #HASHTAG# being from #HASHTAG# to #HASHTAG#, #HASHTAG# laughed a lot at themselves whenever they #HASHTAG# so skillfully. May your satirical eye keep wandering and hit all sides. >></document>
<document> #HASHTAG# gives #HASHTAG# a bad name with its vile #HASHTAG#. It is both #HASHTAG# and #HASHTAG#. #HASHTAG# #HASHTAG# #HASHTAG# #HASHTAG# #URL# </document>
<document> These guys deserve some attention: #URL#
#HASHTAG# #HASHTAG# #HASHTAG# #HASHTAG# #HASHTAG# #HASHTAG# #HASHTAG# #HASHTAG# #URL# </document>
<document> Should try #HASHTAG# on a #HASHTAG# in #HASHTAG# - it'll wrap around its neck soon.
#HASHTAG# #HASHTAG# #URL# ></document>
<document> It's very likely that he tried to #HASHTAG# himself and didn't pay enough for #HASHTAG#age...in a stolen #HASHTAG#, no one can hear you #HASHTAG#...
#HASHTAG# #HASHTAG# #HASHTAG# #HASHTAG# #URL# </document>
<document> Great point. I still can't figure out if the #HASHTAG# #HASHTAG# is so deeply ingrained in the current/new #HASHTAG# that we shouldn't notice it (but we'll be "pushed" if onto #HASHTAG# etc.) or if it's a #HASHTAG# #HASHTAG#? #HASHTAG# #URL# </document>
<document> Mushrooms could be the symbol of #HASHTAG# users: usually kept in the dark, covered in manure? #URL# </document>
<document> Both. And yes, please take #HASHTAG#. Let's overcome this #HASHTAG# with #HASHTAG#, #HASHTAG#, #HASHTAG# and #HASHTAG#.
#HASHTAG# #URL# </document>
<document> It doesn't matter - TFG will be questioned in #HASHTAG# #HASHTAG# and then questioned in #HASHTAG# court. And then in #HASHTAG#. #URL# </document>
<document> #USER# Only if you have your own toilet, chap. She doesn't share. Ask his security details. >></document>
<document> Perhaps the news could start encouraging the idea of ​​truth and reconciliation hearings? No pre-conditions, both sides show up, speak softly and let the whole world witness the pain of humanity. Naive, I know. #URL# </document>
<document> Of course you will suspect a #HASHTAG# with a different flag... like the #HASHTAG# during #HASHTAG# month? Or #HASHTAG#?

The high school student is clearly a #HASHTAG# man.

The administrators behind the original decision should go back to school.

#HASHTAG# #HASHTAG# #URL# ></document>
<document> #USER# For those who have studied "Gemeinschaftskunde" 😉 </document>
<document> #HASHTAG# #HASHTAG# have apparently relinquished their liability to #HASHTAG# #HASHTAG# responsibly (or proficiently) &amp; they are passing #HASHTAG# #HASHTAG# #HASHTAG# to #HASHTAG# which cannot be expected to be that #HASHTAG# to that #HASHTAG# #HASHTAG# because of #HASHTAG# #HASHTAG#. #URL# </document>
<document> A good point that only serves to underline the real need to properly fund #HASHTAG#. #URL# </document>
<document> #HASHTAG# #HASHTAG# in #HASHTAG# and #HASHTAG# want to ban #HASHTAG#? Yep, it pretty much sounds like #HASHTAG#. Sorry, did I say "brand"? I meant, #HASHTAG# on his #HASHTAG#.
#HASHTAG# #HASHTAG# #HASHTAG# #HASHTAG# #HASHTAG# #HASHTAG# #URL# </document>
<document> #HASHTAG# gives &amp; take away...this time they got it right...like ##HASHTAG# #HASHTAG# reference implying #HASHTAG# #HASHTAG# is against #HASHTAG#...which we all know is blatantly false e.g. #HASHTAG# oh wait... but only if it applies to #HASHTAG#. #HASHTAG# #URL# </document>
<document> With all my heart? #URL# </document>
<document> Critical Race Theory forced the moon to change its orbit and took off my bathing suit. #URL# </document>
<document> Apparently being a #HASHTAG# makes it more qualified than the 50 of #HASHTAG#odd years of #HASHTAG#.

#HASHTAG# #HASHTAG# #HASHTAG# #HASHTAG# #HASHTAG# #HASHTAG# #HASHTAG# #HASHTAG# #HASHTAG# #HASHTAG# #HASHTAG# #HASHTAG# #HASHTAG# #HASHTAG# #URL# ></document>
<document> you say that because you are trying to forward #URL# </document>
<document> Respectfully, many #HASHTAG#s have been #HASHTAG# from #HASHTAG# #HASHTAG# #HASHTAG#, courtesy of #HASHTAG# #HASHTAG#. They rode #HASHTAG# for #HASHTAG# &amp; they have never been required to #HASHTAG# for these #HASHTAG# #HASHTAG# by their #HASHTAG# or even the #HASHTAG#. #HASHTAG# #URL# </document>
<document> #HASHTAG# #HASHTAG# &amp; #HASHTAG# to #HASHTAG# apparently. Given the recent #HASHTAG# and general #HASHTAG#, apparently it's "not too early" to #HASHTAG# #HASHTAG#... #URL# ></document>
<document> Hello #HASHTAG# #HASHTAG#?

I would like to point out an intellectual nutmeg.

#HASHTAG# #HASHTAG# #HASHTAG# #HASHTAG# #HASHTAG# #HASHTAG# #URL# </document>
<document> Might play "T***p in the night"...but #HASHTAG# the #HASHTAG# might object because of #HASHTAG# #HASHTAG# #URL# ></document>
<document> I'm not even sure #HASHTAG# had a hand in it. The unfolding of #HASHTAG#, #HASHTAG# #HASHTAG# &amp; violent #HASHTAG# orchestrated by #HASHTAG# #HASHTAG# &amp; #HASHTAG# Do #HASHTAG# automatically cancel their bid to be the #HASHTAG# party? #HASHTAG# #HASHTAG#. #URL# </document>
<document> A broken clock ticks twice a day.
#HASHTAG# #HASHTAG# #HASHTAG# #URL# ></document>
<document> Maybe he's practicing his next #HASHTAG# on a #HASHTAG#? Obviously in #HASHTAG# #HASHTAG# not. #URL# </document>
<document> What? I thought #HASHTAG# was doing it. After all, they are apparently responsible for everything, including how absolutely #HASHTAG# the #HASHTAG# #HASHTAG# #HASHTAG# are. n#HASHTAG# #HASHTAG# #HASHTAG# #HASHTAG# #HASHTAG# #URL# </document>
<document> Not sure if the #HASHTAG#/#HASHTAG# of the #HASHTAG# required to build the #HASHTAG# around the #HASHTAG# in #HASHTAG# #HASHTAG# is appreciated. #URL# </document>
<document> The always #HASHTAG# #HASHTAG#!
#HASHTAG# #HASHTAG# #HASHTAG# #HASHTAG# #HASHTAG# #HASHTAG# #HASHTAG# #HASHTAG# #HASHTAG# #URL# ></document>
<document> #HASHTAG# #HASHTAG#? Truly? #HASHTAG# is allegedly one of the largest holders of #HASHTAG#. They probably determine the #HASHTAG# &amp; #HASHTAG# (if only to demonstrate the #HASHTAG# of #HASHTAG# #HASHTAG#) but it's unclear if they're committed to it for the long term. #URL# </document>
<document> With #HASHTAG#, #HASHTAG#, #HASHTAG# &amp; #HASHTAG#. #URL# </document>
<document> Perhaps one could postulate that being a supposed #HASHTAG# means that one is really #HASHTAG# for #HASHTAG# #HASHTAG# e.g. like #HASHTAG# a #HASHTAG# #HASHTAG#? Maybe #HASHTAG# &amp; Is #HASHTAG# rather than #HASHTAG# the way forward?
#HASHTAG# #HASHTAG# #HASHTAG# #URL# ></document>
<document> The first woman apparently shows signs of hysteria if not trauma. Does the second woman sound Russian? Great sympathy forthe children. Which parent would expose their children to the possibility of being arrested? The coolness and restraint of the officer is the epitome of #HASHTAG#. #URL# </document>
<document> #HASHTAG# is #HASHTAG# in its own #HASHTAG#, #HASHTAG#, #HASHTAG#, #HASHTAG# #HASHTAG# &amp; #HASHTAG# #HASHTAG#.
#HASHTAG# #HASHTAG# #HASHTAG# #HASHTAG# #HASHTAG# #HASHTAG# #HASHTAG# #HASHTAG# #HASHTAG# #HASHTAG# #HASHTAG# #HASHTAG# #HASHTAG# #URL# ></document>
<document> Like the #HASHTAG# placed in #HASHTAG#? Or someone who goes to #HASHTAG#? Or someone sleeping in the car? #HASHTAG# #HASHTAG# #HASHTAG# #HASHTAG# #HASHTAG# #HASHTAG# #HASHTAG# #HASHTAG# #HASHTAG# #URL# ></document>
<document> So #HASHTAG# is to always reserve a #HASHTAG# (preferably in a #HASHTAG# not #HASHTAG#) before running a #HASHTAG#? Done. #HASHTAG# #HASHTAG# #URL# ></document>
<document> #HASHTAG# the #HASHTAG#! It's the #HASHTAG# #HASHTAG# #HASHTAG# of #HASHTAG# &amp; #HASHTAG# #HASHTAG# #HASHTAG# masquerading as #HASHTAG#? Not a #HASHTAG#. I'm #HASHTAG#. #HASHTAG# doesn't have #HASHTAG# with them. The #HASHTAG# of #HASHTAG# justifies the #HASHTAG# of #HASHTAG# &amp; #HASHTAG# #URL# </document>
<document> It is tragically unfortunate. I just can't reconcile the apparent incompetence with the Pentagon's usual ability to handle massive complexity. It is so incredibly stunning that one has to wonder if there is more to it. #URL# </document>
<document> #USER# #USER# It is indicative that no mental health support worker/key worker appears to be present. Furthermore, if these homeless people refuse housing &amp; meals etc. it may be due to genuine fear and/or mental health conditions. A non-adversarial, kinder and more patient approach seems warranted. >></document>
<document> #HASHTAG# is a really small #HASHTAG# #HASHTAG#. #URL# </document>
<document> Respectfully, I'm not sure I agree. There may be a temporary dip in activity as institutions relocate their trading desks and rewrite their arrangements with counterparties, but London has experience in non-euro asset classes, wealth management and other financial transactions. #URL# </document>
<document> "It never occurred to me to get #HASHTAG# to believe that my #HASHTAG# #HASHTAG# would translate into a similar #HASHTAG# #HASHTAG# for #HASHTAG#."

#HASHTAG# #HASHTAG# #HASHTAG# #URL# ></document>
<document> Why can such ads cause #HASHTAG# and #HASHTAG# opportunities in the #HASHTAG# space? #URL# </document>
<document> The kind of guy you need to have in a knitting club.

#HASHTAG# #HASHTAG# #HASHTAG# #HASHTAG# #HASHTAG# #HASHTAG# #HASHTAG# #URL# </document>
<document> If it's #HASHTAG#, then it's possible your #HASHTAG# for trying to #HASHTAG# people is due to your recent #HASHTAG#.

So, in summary:

1) The man is evicted
2) The man feels bad
3) Man receives 1 #HASHTAG# #HASHTAG#
4) The man goes for a walk
5) The man shoots people

A #HASHTAG# #HASHTAG#? #URL# </document>
<document> #HASHTAG#: Could I throw my #HASHTAG# outside the #HASHTAG#
#HASHTAG#: Okay
Lawyer: I'm not used to this #HASHTAG# of #HASHTAG#
Judge: You are a lawyer
Lawyer: #HASHTAG# gives #HASHTAG# to #HASHTAG#
Judge: Don't like #HASHTAG#?
Lawyer: Huh?
Judge: #HASHTAG#?
Lawyer: Yes
Judge: #HASHTAG# #URL# ></document>
<document> Respectfully disagree. New pistols must stop being sold and existing 390s must be removed from circulation, or the #HASHTAG# will simply continue. #URL# </document>
<document> Respectfully #HASHTAG#. Maybe not #HASHTAG# but there are significant #HASHTAG#s. Another #HASHTAG# #HASHTAG# should be inside #HASHTAG# but never reached. Lots of #HASHTAG# and then #HASHTAG#. #HASHTAG# #HASHTAG# #HASHTAG# #HASHTAG# #HASHTAG# #URL# </document>
<document> Here's a good #HASHTAG#. Get your political leaders to create #HASHTAG#s that sorely miss the point: #HASHTAG# #HASHTAG# in #HASHTAG# in #HASHTAG# #HASHTAG# need to be shortened. #HASHTAG# #HASHTAG# #HASHTAG# #HASHTAG# #URL# </document>
<document> Your #HASHTAG# is suffering from #HASHTAG# which is officially #HASHTAG# to send #HASHTAG# to beat #HASHTAG#, #HASHTAG# &amp; #HASHTAG#? Call us at #HASHTAG#.com, pay us enough &amp; we will show you and your #HASHTAG# how to delete your #HASHTAG# with the #HASHTAG#. #HASHTAG# #URL# </document>
<document> #HASHTAG#'s ban by #HASHTAG# is a #HASHTAG#. The real #HASHTAG# is that they would correct #HASHTAG# #HASHTAG#, a #HASHTAG# inviting #HASHTAG# #HASHTAG#. (according to #HASHTAG# #HASHTAG#) #URL# ></document>
<document> Coming from the lowest base. And this 7% growth rate will eventually trend downwards. #URL# </document>
<document> #USER# Forgive me, where are the pictures of the cops who killed #HASHTAG# #HASHTAG#? Let me guess, the authorities are concerned for their safety and won't release them. What a beautiful #HASHTAG#. And here you are perpetuating it. Well done. #HASHTAG# </document>
<document> #HASHTAG# #HASHTAG# allowed #HASHTAG# to essentially become #HASHTAG# #HASHTAG#. The #HASHTAG# voted into #HASHTAG# which finally enabled it. Now #HASHTAG# want to protect their #HASHTAG# by ensuring constant #HASHTAG# #HASHTAG# - a kind of contradiction with "#HASHTAG#". #HASHTAG# #URL# </document>
<document> Is this meant to make it easier for people to shoot each other?
#HASHTAG# #HASHTAG# #HASHTAG# #HASHTAG# #HASHTAG# #HASHTAG# #HASHTAG# #HASHTAG# #HASHTAG# #HASHTAG# #HASHTAG# #URL# </document>
<document> #USER# Merry Christmas! Here are some tips:
Michael Connelli
Elmo Leonard
James Ellroy
Lorenzo Block
Raymond Chandler
Dashiell Hammet </document>
<document> You could start with #HASHTAG# #HASHTAG#...which sounds almost like a #HASHTAG# #URL# </document>
<document> Is #HASHTAG# saying that #HASHTAG# was a bit #HASHTAG# because it stayed inside a #HASHTAG# #HASHTAG#? Is it before or after people died?
#HASHTAG# #HASHTAG# #HASHTAG# #HASHTAG# #HASHTAG# #HASHTAG# #URL# </document>
<document> Maybe #HASHTAG# will bring another #HASHTAG#approach to #HASHTAG#? God knows #HASHTAG# deserve #HASHTAG# from continuous #HASHTAG#. #URL# </document>
<document> #USER# #USER# I'm not a lawyer but I have seen a possible explanation for this: #HASHTAG# would avoid becoming(?) a co-#HASHTAG# in this case and this could lead to a more #HASHTAG# fast because of the (historical) #HASHTAG# of #HASHTAG#(?) but would there also be the #HASHTAG# of the implicit #HASHTAG#? >></document>
<document> "These boots are made for walking" - #HASHTAG# may have shared some #HASHTAG# about the so called #HASHTAG# #HASHTAG#.
#HASHTAG# #URL# </document>
<document> There is footage of #HASHTAG# watching the actual #HASHTAG# unfold in real time.

He did not
- run into a bunker
- establish a state of emergency
- call for reinforcements immediately
- explain why the panic buttons have been removed
- reassure the nation

He didn't drive. He never did. #URL# </document>
<document> So you can't #HASHTAG# the #HASHTAG# deterrent of this #HASHTAG# on #HASHTAG#ing nor the "perceived" #HASHTAG# and #HASHTAG#.

Remember to pull the tuft as the next #HASHTAG# of #HASHTAG#, #HASHTAG# and #HASHTAG# rolls down the lane.

#HASHTAG# #HASHTAG# #HASHTAG# #HASHTAG# #URL# </document>
<document> #HASHTAG# &amp; #HASHTAG# essentially acted as the #HASHTAG# #HASHTAG# that #HASHTAG# invested in. It's not the big "#HASHTAG#". It's a contracted form of #HASHTAG#. #HASHTAG# #HASHTAG# #HASHTAG# #URL# ></document>
<document> #USER# And the #HASHTAG# among the "responsible" #HASHTAG#? It could be a revealing statistic. #HASHTAG# </document>
<document> Words or letters? Let's try a combination:
#HASHTAG#
#HASHTAG#
#HASHTAG#
#HASHTAG#
= FUCK
#HASHTAG# #HASHTAG# #HASHTAG# #HASHTAG# #HASHTAG# #HASHTAG# #HASHTAG# #HASHTAG# #HASHTAG#
#HASHTAG# #HASHTAG# #HASHTAG# #HASHTAG#
#HASHTAG# #URL# </document>
<document> That 30% need a good chat. #URL# </document>
<document> They may need to change the date on their shirts. And check out their website:
#HASHTAG# #URL# #URL# ></document>
<document> I believe this is the #HASHTAG# #HASHTAG# for the most titled #HASHTAG# advocates for #HASHTAG# #HASHTAG# &amp; #HASHTAG# over any #HASHTAG# based on #HASHTAG#. Such #HASHTAG#...
#HASHTAG# #HASHTAG# #HASHTAG# #HASHTAG# #HASHTAG# #HASHTAG# #URL# </document>
<document> That's true. #HASHTAG# is a #HASHTAG# punishable with #HASHTAG#. “Why such a hard #HASHTAG#?” I hear you ask. Well, #HASHTAG# #HASHTAG# leads to #HASHTAG#. In the #HASHTAG#. These #HASHTAG# #HASHTAG# go around with #HASHTAG#. I'm a threat to #HASHTAG#. And we can't have it. #URL# </document>
<document> Isn't he just trying to make up for losses? Why would anyone turn in their prized possession for an item that loses a fifth of its value as soon as you drive it off the yard? #URL# </document>
<document> The term "Hearts and Minds" has been heralded by politicians, journalists, generals &amp; soldiers for over a decade. "#HASHTAG#" is part of "#HASHTAG#". How to Build Schools for Girls. Desist "I told you so" #HASHTAG#, offer #HASHTAG# and keep up.

#HASHTAG# #URL# </document>
<document> Then we have #HASHTAG# and #HASHTAG# aka the #HASHTAG# of #HASHTAG# which, like #HASHTAG#, would preside over one of the largest #HASHTAG# of #HASHTAG# #HASHTAG# in #HASHTAG # # HASHTAG#. Many in #HASHTAG#? #URL# </document>
<document> Must...suppress...urge...to...do...garbage...jokes...that #HASHTAG# #HASHTAG# #HASHTAG# is the #HASHTAG#. #URL# </document>
<document> Great job. In #HASHTAG# #HASHTAG#, could you also include #HASHTAG#, #HASHTAG#, #HASHTAG# and #HASHTAG#? And re-#HASHTAG# #HASHTAG# of #HASHTAG#. #URL# </document>
<document> #HASHTAG# is the first step towards #HASHTAG#.

#HASHTAG# #URL# </document>
<document> #HASHTAG# is in a powerful flap
Of his creaky old pipe
Clap for his tired old shit?
No, give him a wet wipe
#HASHTAG# #HASHTAG# #HASHTAG# #HASHTAG# #URL# </document>
<document> Yes. #HASHTAG# is a scam, no matter how #HASHTAG# the #HASHTAG# looks like. #HASHTAG# could even #HASHTAG# and close the #HASHTAG# #HASHTAG# to #HASHTAG# #HASHTAG# and actually #HASHTAG# #HASHTAG#. #URL# </document>
<document> This sounds #HASHTAG# and #HASHTAG#. #HASHTAG#, if appropriate, can also be a valid #HASHTAG# for the #HASHTAG# of #HASHTAG#, #HASHTAG#, and #HASHTAG#.
#HASHTAG# #HASHTAG# #HASHTAG# #HASHTAG# #HASHTAG# #HASHTAG#path #HASHTAG# #URL# </document>
<document> Good things from #HASHTAG# about #HASHTAG#, #HASHTAG#, #HASHTAG#, #HASHTAG#, #HASHTAG#, #HASHTAG#, #HASHTAG# #HASHTAG#, #HASHTAG# #HASHTAG#, #HASHTAG # &amp; #HASHTAG#

No other civilized country seems to have the problem of mass shootings.

#HASHTAG# #HASHTAG# #URL# ></document>
<document> The staggered recovery as dictated by regional data reporting appears warranted. #URL# </document>
<document> 😂😂😂😂😂😂😂😂😂😂😂😂😂😂😂😂😂😂😂😂😂

Wait until you receive the bill for impersonating a #HASHTAG#.

#HASHTAG# #URL# </document>
<document> And who would really question #HASHTAG# about this?
By the way, did you manage to collect your #HASHTAG# from #HASHTAG#? #URL# </document>
<document> He waxing &amp; falls
Spew &amp; bloviation will play
Defending the pain of the guilty
Here you are! Here's #HASHTAG#

He's fearless, no, he's not a wimp
But there are many things he really hates
Like the chats with the underage pimp
Yet he can't remember any dinners with #HASHTAG#
#HASHTAG#
1/2 #URL# </document>
<document> I need to keep those #HASHTAG# #HASHTAG#. So much for investing in #HASHTAG# #HASHTAG#. #HASHTAG# #HASHTAG# maybe...? #URL# </document>
<document> Well, there may be a case where a person perceived to be "antisocial" could be "unfairly" prevented from purchasing a weapon to commit mass murder. And we can't have that, can we? #HASHTAG# #URL# </document>
<document> Is this photo real? Would a #HASHTAG# act so irresponsibly? #HASHTAG# #HASHTAG# #URL# ></document>
<document> And you were totally powerless to stop him. For the past 4 years."We really don't care." #HASHTAG# #URL# </document>
<document> #HASHTAG#: We make many #HASHTAG# to promote #HASHTAG# &amp; #HASHTAG#
#HASHTAG#: You realize that we are behind the #HASHTAG#
Hollywood: The Rest of #HASHTAG# Will Think We're the "#HASHTAG# of #HASHTAG#"
Senate: Land of the Free #HASHTAG#?
Hollywood: Yeah. We ignore the details
Senate: Us too
#HASHTAG# #URL# </document>
<document> Assumes you can choose between #HASHTAG#.
#HASHTAG# #HASHTAG# #HASHTAG# #HASHTAG# #URL# </document>
<document> #HASHTAG# is said to be all #HASHTAG#. If only the same could be said of all those #HASHTAG#, #HASHTAG# denying, #HASHTAG# denying, #HASHTAG#. #URL# </document>
<document>Evil Dead.

Or a little-known documentary:

The #HASHTAG# #HASHTAG#

#HASHTAG# #URL# </document>
<document> #HASHTAG#! #HASHTAG# #HASHTAG# of the #HASHTAG# #HASHTAG#,
#HASHTAG# #HASHTAG#. #HASHTAG# to #HASHTAG#. #URL# </document>
<document> "#HASHTAG#"? Weird how this works when it comes to #HASHTAG#, #HASHTAG# &amp; #HASHTAG#. Sure, go ahead, get a #HASHTAG#, feature all those #HASHTAG# #HASHTAG# &amp; fiddling with #HASHTAG# because it's "#HASHTAG#".
#HASHTAG# #HASHTAG# #URL# ></document>
<document> #USER# #HASHTAG#
#HASHTAG#
#HASHTAG# &amp; #HASHTAG#
#HASHTAG#
#HASHTAG#
#HASHTAG#
#HASHTAG#
#HASHTAG#
#HASHTAG#
#HASHTAG#
#HASHTAG#
#HASHTAG#
#HASHTAG# (gets angry hilariously and rightly so!)
and many, many more. >></document>
<document> This is a strange answer. For this #HASHTAG# it seems that it is about defending something wrong &amp; imperfect rather than adapting to a new evidence-based way of thinking and actually acting. #URL# </document>
<document> When a bartender and alleged civil servant is not allegedly organizing tours for seditious, is she busy busting her AR15? #URL# </document>
<document> #HASHTAG# doesn't always immediately translate to a #HASHTAG#, but it's nice to recognize that it should be merged with other equally #HASHTAG# #HASHTAG#. You know, things like #HASHTAG#, #HASHTAG#, #HASHTAG# by #HASHTAG# #HASHTAG# &amp; #HASHTAG# #HASHTAG#. #URL# </document>
<document> The #HASHTAG# #HASHTAG# (imo) is around the #HASHTAG# of the #HASHTAG# imparted by the #HASHTAG#. #HASHTAG# #HASHTAG# from #HASHTAG# #HASHTAG# #HASHTAG#/#HASHTAG# is promising, but if we "all rush... make mistakes" when #HASHTAG# #HASHTAG# is suspicious/short, then no #HASHTAG # The #HASHTAG# of #HASHTAG#? #URL# </document>
<document> Some Americans make America great.

The rest have forgotten how. #URL# </document>
<document> Kind of like #HASHTAG# #HASHTAG# not #HASHTAG# themselves from their #HASHTAG#?
#HASHTAG# #HASHTAG# #HASHTAG# #HASHTAG# #HASHTAG# #URL# </document>
<document> He almost didn't recognize #HASHTAG# without his bundle of white paper.
#HASHTAG# #URL# </document>
<document> Symptomatic of #HASHTAG# #HASHTAG# perpetuated by #HASHTAG#... all the more #HASHTAG# are #HASHTAG# demonstrating how #HASHTAG# actually threatens #HASHTAG# which could end up with an instant #HASHTAG#. However they are defending their right to dress badly... #HASHTAG# #URL# ></document>
<document> There appears to be a #HASHTAG# in the #HASHTAG# where #HASHTAG#, #HASHTAG#, #HASHTAG# &amp; #HASHTAG# #HASHTAG#, when stopped by #HASHTAG#, will not go directly to #HASHTAG#. I don't think this necessarily reflects some sort of #HASHTAG# #HASHTAG# #HASHTAG#. #URL# </document>
<document> We should never expect #HASHTAG# from #HASHTAG#, #HASHTAG# or even #HASHTAG#. Their #HASHTAG# #HASHTAG# now includes characterization of #HASHTAG# as "#HASHTAG#". Does this mean that these #HASHTAG# of #HASHTAG# #HASHTAG# are no longer owned by #HASHTAG#? #URL# </document>
<document> Oh, I think we all know that #HASHTAG#'s #HASHTAG# with #HASHTAG# was revealed a long time ago. The #HASHTAG# that is also #HASHTAG# is #HASHTAG#. #HASHTAG# #URL# </document>
<document> Newt Gingrich
#HASHTAG# #URL# </document>
<document> #USER# #HASHTAG#.
"Being honest may not get you many friends, but it will always get you the right ones." ~John Lennon</document>
<document> "When the righteous grow, the people rejoice, but when the wicked rule, the people groan."
#HASHTAG# 29:2
How about conducting business on #HASHTAG#? Should it be banned because it's the #HASHTAG#?
#HASHTAG# #HASHTAG# #HASHTAG# #HASHTAG# Vote #HASHTAG# #HASHTAG# #URL# </document>
<document> Do not share your #HASHTAG# with any #HASHTAG#...
#HASHTAG# #HASHTAG#Day #HASHTAG#Day2021 #HASHTAG#2021 #URL# </document>
<document> #HASHTAG# (aka #HASHTAG#) is the most evil destructive ideology mankind has ever known.
#HASHTAG# #URL# </document>
<document> To further integrate with your new #HASHTAG#, the #HASHTAG# can change from the naive #HASHTAG# #HASHTAG# to the charming #HASHTAG# #HASHTAG#. #URL# </document>
<document> Is that grave bell ringing? Desire for hearing. #URL# </document>
<document> Seeing #HASHTAG# &amp; #HASHTAG# #HASHTAG# #HASHTAG# while invoking their fake #HASHTAG# in #HASHTAG# #HASHTAG# should show the #HASHTAG# of their #HASHTAG# #HASHTAG# #HASHTAG#. Never #HASHTAG# for a #HASHTAG#. #HASHTAG# #HASHTAG# #URL# ></document>
<document> And if the parent decides you're a reckless, vote-grabbing idiot, funded by shady interests, what happens then? #URL# </document>
<document> Why did God create WASPs?

Someone has to pay the full retail amount... #URL# </document>
<document> #HASHTAG# are apparently #HASHTAG# to remember that #HASHTAG# is a #HASHTAG# for #HASHTAG# and #HASHTAG#, it's hugely #HASHTAG# and very #HASHTAG# to also support your own #HASHTAG# like #HASHTAG# #HASHTAG# - okay #HASHTAG# #HASHTAG# especially in a #HASHTAG# #HASHTAG#. #URL# </document>
<document> What prevents a government from:
- seizure of mining operations (to finance a war)?
- block networks?
- master all the conversion mechanisms?
- seizureexchange or close them?
- block the use of tether?
- prohibit the development of infrastructure? #URL# </document>
<document> OK. I dare say this is another attempt by the usual "value for money" suspects (and possibly billionaires) to erode a public institution (almost) from the inside out. Destabilizing 1 of the few balanced voices in the media is blood in water for right-leaning pundits &amp; press barons. #URL# </document>
<document> #HASHTAG# should have said, “No, the #HASHTAG# has received a new bionic leg and is attempting to break the world record for jumping. All delivered with that wry, patient smile to a reporter who is definitely on” sniffing" for a scoop. Damn. #HASHTAG# #URL# </document>
<document> Is #HASHTAG# a #HASHTAG# #HASHTAG#? If it is, then you didn't pay for the #HASHTAG#. And that's the beauty of our #HASHTAG# #HASHTAG#, even #HASHTAG# get free #HASHTAG#. #URL# </document>
<document> It seems that #HASHTAG# is rather #HASHTAG# which is what you expect from a good human being. However, attributing a #HASHTAG# to its cousins, #HASHTAG#, #HASHTAG#, #HASHTAG#, and #HASHTAG# looks like #HASHTAG# if not #HASHTAG#. #URL# </document>
<document> I think there was a #HASHTAG# on #HASHTAG# that hypothesized this #HASHTAG# in 1993. And didn't #HASHTAG# theorize this in his #HASHTAG#? #HASHTAG# #HASHTAG# #URL# ></document>
<document> #HASHTAG# of #HASHTAG# #HASHTAG# #HASHTAG# unexpectedly hits #HASHTAG# again #HASHTAG# #HASHTAG# on #HASHTAG# which interacts with #HASHTAG# #HASHTAG# conveniently disregarding how #HASHTAG# previously had " #HASHTAG#" with 22 #HASHTAG# #HASHTAG#? #HASHTAG# #HASHTAG# #HASHTAG# #URL# ></document>
<document> #HASHTAG#, #HASHTAG# and now #HASHTAG#. Rather the #HASHTAG#. With #HASHTAG# #HASHTAG# #HASHTAG# in #HASHTAG# #HASHTAG# did you think this type of #HASHTAG# would just stop?
#HASHTAG# #HASHTAG# #HASHTAG# #HASHTAG# #HASHTAG# #HASHTAG# #HASHTAG# #HASHTAG# #URL# </document>
<document> #USER# Hello - Sometimes it's very difficult to be kind to ourselves, but it's always, always in our best interest. #HASHTAG# </document>
<document> Kudos to these #HASHTAG#, #HASHTAG# #HASHTAG# for talking about their #HASHTAG# and #HASHTAG# casual #HASHTAG#. The #HASHTAG# of their #HASHTAG#, their #HASHTAG# &amp; the #HASHTAG# on #HASHTAG# cannot be underestimated. #HASHTAG# #URL# </document>
<document> I actually think it is, but they don't give a damn.
#HASHTAG# #HASHTAG# #HASHTAG# #URL# ></document>
<document> #USER# Serotonin levels depleted due to e.g. trauma (PTSD) makes the individual more sensitive to psychosomatic pain. Cope with stress disorder with e.g. CBT and EMDR (+ possibly physiotherapy) &amp; the pain should subside. A lot of heavy lifting on the individual's part but doable. #HASHTAG# </document>
<document> Invite #HASHTAG# of #HASHTAG# to #HASHTAG# these #HASHTAG# #HASHTAG# #HASHTAG# &amp; #HASHTAG#. And invite #HASHTAG# to #HASHTAG# this #HASHTAG# &amp; #HASHTAG# #HASHTAG#. #HASHTAG# #HASHTAG# #HASHTAG# #HASHTAG# #HASHTAG# #HASHTAG#rIntimidation #HASHTAG# #HASHTAG# #HASHTAG# #HASHTAG# #HASHTAG# #URL# </document>
<document> The #HASHTAG# #HASHTAG# is that #HASHTAG# &amp; #HASHTAG# this side of #HASHTAG# may have "inadvertently" contributed to #HASHTAG# just these #HASHTAG# #HASHTAG#... Apparently there are #HASHTAG# of #HASHTAG#. #URL# </document>
<document> Maybe try to do its job instead of #HASHTAG# from #HASHTAG#? Just starting to like the #HASHTAG# of this #HASHTAG# is beyond most of us. And guess what? #HASHTAG# will be created but it's not like I'm recommending #HASHTAG# is it?
#HASHTAG# #HASHTAG# #HASHTAG# #URL# ></document>
<document> She managed to escape adult supervision. Still.

#HASHTAG# #HASHTAG# #HASHTAG# #URL# ></document>
<document> On the surface, this seems "ouch" deserving, but it could be a tangential attack on the current president's age. #URL# </document>
<document> Please share with #HASHTAG# #HASHTAG# #HASHTAG# this damning evidence against Biden immediately. Thank God for the amazing #HASHTAG# investigation of #HASHTAG#, #HASHTAG# &amp; #HASHTAG# to #HASHTAG#. #HASHTAG# #URL# </document>
<document> Fascinating though how one might integrate #HASHTAG# into #HASHTAG# might turn out to be #HASHTAG#. Since it's #HASHTAG#, they probably fixed it. #URL# </document>
<document> Another nice #HASHTAG# of "#HASHTAG#" #HASHTAG# &amp; the huge #HASHTAG# that #HASHTAG# &amp; #HASHTAG# are doing.

What prevents #HASHTAG# from finding 1 of the #HASHTAG# #HASHTAG# in #HASHTAG# in a #HASHTAG#?

#HASHTAG#

And now another family experiences a profound #HASHTAG#.
#HASHTAG# #URL# </document>
<document> I would like to congratulate all the lawyers who witnessed and allowed this to happen. Well they don't actually stand idly by, they will move to other climes… but are they unlikely to exercise their formidable legal expertise to obtain family chain emigration visas…? #HASHTAG# #URL# </document>
<document> #USER# #USER# Friendly Tip: Make a "#HASHTAG# #HASHTAG#" powerpoint presentation about the #HASHTAG# #HASHTAG# and let the #HASHTAG# fall where it may... so to speak. #HASHTAG# says we all come from #HASHTAG#, #HASHTAG#. Erm. >></document>
<document> More #HASHTAG# than #HASHTAG#...
To create a meaningful #HASHTAG#, large #HASHTAG#, #HASHTAG# &amp; #HASHTAG# will have to be very #HASHTAG# to get these terrible #HASHTAG# #HASHTAG# to retire. #HASHTAG# #HASHTAG# #URL# ></document>
<document> #HASHTAG#! Your #HASHTAG# #HASHTAG# working to make you #HASHTAG#. Sort of a #HASHTAG# since #HASHTAG# presided over one of the biggest #HASHTAG# #HASHTAG# in history. He doesn't care though because this #HASHTAG# #HASHTAG# is gone with #HASHTAG#.
#HASHTAG# #HASHTAG# #HASHTAG# #URL# ></document>
<document> #HASHTAG# has inadvertently acquired a new #HASHTAG#.
#HASHTAG# #HASHTAG# #HASHTAG#App #HASHTAG# #HASHTAG# #HASHTAG# #HASHTAG# #HASHTAG# #HASHTAG# #HASHTAG# #URL# ></document>
<document> After the great success of #HASHTAG#, #HASHTAG# went to work for #HASHTAG# #HASHTAG# as a kind of #HASHTAG#. And now he's competing for the role of #HASHTAG#. #URL# </document>

</author>