
	
		<document> Finding good porn as a pan woman isn't easy
Every decent video I think I've found ends up planning down to the dick/pussy and I DON'T WANNA SEE THAT BRO

sorry but it just isn't my thing :( ></document>
		<document> I am immune compromised, so these stories get my attention. I go to grocery stores in off hours, with a great mask, and avoid all crowds. Everyone who comes into my house has to take a rapid test (that I provide) and I wear a mask till we get their test results. #URL# ></document>
		<document> Opposition has tried everything in past 3 years to topple PTI’s government. Now, they are acting as political billboards for the West.

#قوم_کا_اعتماد_صرف_عمران
#USER# ></document>
		<document> #USER# It's a great single player game with tons of content and lore, but the netplay was lacking and I don't know how I feel about the added gameplay gimmicks. Critical edges are fine, but critical edge got tiresome and I kinda miss having both forward and backward guard impact :/ ></document>
		<document> So many of you have been spared from fooo making fun of you by simply following fooo

you can literally say the dumbest shit in the world and be immune to being made fun of if you simply only follow fooo lol ></document>
		<document> #USER# Hi......am an Exercise physiologist.....be calm.....it is definitely achievable......I have a 30 days challenge for you.....and am sure this will definitely be of help......I care about your healthy living....kindly click on this link #URL# ></document>
		<document> dead started dozing off in the middle of lecture and embarrassingly snapped awake startled and on guard i hate in person learning actually ></document>
		<document> ⏰ Five more hours before launch! Who’s feeling lucky? 🚀Hold and trade to win tickets for a chance to get KNOT! ✔️Join Launchpad: #URL# #HASHTAG# #HASHTAG# #HASHTAG# #HASHTAG# #HASHTAG# #HASHTAG# #URL# #URL# ></document>
		<document> my bday color :) cool color :) or calm? #URL# ></document>
		<document> ( hm. he’s frowning, folding up the paper, slipping it back in the night guard’s pocket ) 

     Oh, bummer. I’ve heard that’s a real drag. I’ve heard retail drives you to the brink of insanity which is why I’m planning to send my brother there one day. #URL# ></document>
		<document> Charlesbourg: Toddler thrown to the ground by a guard
#URL# ></document>
		<document> #USER# #USER# #USER# maybe if you tweet naked guys shaving off their pubes from their shlong area your brand wouldn’t fell off #URL# ></document>
		<document> #USER# #USER# Baby Catcoin The Next Big New Meme Token! Doxxed Dev, Liquidity  Locked, Great Rewards, Utility. #HASHTAG# #HASHTAG# #HASHTAG# #URL# ></document>
		<document> » Pentagon says Poland's jet offer for Ukraine 'not tenable' | AP News #URL# ></document>
		<document> I would like reactions from non-Americans seeing me serving as a liaison between my doctor, lab, and insurance company to get my bill fixed #URL# ></document>
		<document> #USER# #USER# Congrats ash, it’s officially a run out now. Pls inform your dear friend and team mate Jos about this. ></document>
		<document> #HASHTAG# Big Daddy Kane feat. Busta Rhymes QTip - Come On Down :: Tune In: #URL# ></document>
		<document> #USER# I… I… my reality is shattered by the information you just dropped about Cat’s brother… ></document>
		<document> #USER# 😂 conservative math. There are over 30M adults out there. 😂 you are probably getting the children who like words like crap or poop. ></document>
		<document> #USER# #USER# #USER# #USER# No, I know exactly where I am. Trust me even if it targets asians, it can easily be narrow. There's only about 500M people in North America after all, that's a far stretch from the 7 billion people on the entire planet, now isn't it? ></document>
		<document> People kill me. First you say you’re tired of happy endings. Then I give you an ending that’s bittersweet because that’s life and you’re mad. Please go read a fairy tale because that’s not what I write boo boo 💋💋 ></document>
		<document> Build our website -- 2 Budget (10-30) USD Name: OSAdesignsa Country: Saudi Arabia Client : #URL# Project Link: #URL# #URL# #HASHTAG# #HASHTAG# #HASHTAG# #HASHTAG# #HASHTAG# ></document>
		<document> I will say some people—at least on tumblr that I’ve seen—are panicking about it in… *misinformed* ways. Copyright is not a TOS, they don’t have any more or fewer rights to crack down on infringement than they did last month. ></document>
		<document> I love my mornings like this. Calm and chill. #URL# ></document>
		<document> national pee day is april 20th. i would laugh, but thats my birthday. so im moving it to april 21st. amen #URL# ></document>
		<document> Guj. Govt. in AAE(civil)class-3 post and they decided only diploma holder can apply. Why degree holder not? exam marks should be deciding factor for selection not diploma #USER# #USER# #USER# #USER# #USER# #USER# #USER# #HASHTAG# #URL# ></document>
		<document> #USER# #USER# #USER# They were willing open up a spot for Dragic(guard).Now working out a another guard.A combo guard at that. ></document>
		<document> #USER# #USER# #USER# #USER# #USER# #USER# #USER# #USER# #USER# #USER# #USER# #USER# #USER# #USER# #USER# #USER# #USER# #USER# #USER# #USER# #USER# #USER# #USER# #USER# #USER# #USER# #USER# #USER# #USER# #USER# #USER# #USER# #USER# #USER# #USER# #USER# #USER# #USER# #USER# #USER# #USER# #USER# #USER# #USER# #USER# #USER# #USER# #USER# #USER# #USER# you seem to be very upset right now. i suggest that you calm down ></document>
		<document> #USER# y’all were deadass trying for 5e mad cringe brodie ></document>
		<document> #USER# Girl you know I live for the gif hunt 🤣🤦‍♀️😜 ></document>
		<document> lf commissioner!! Helping a friend 
📝Rushhhh

forte: english write-ups (english major)
topic: participial phrase 
task: (dm) (6sentences only)
deadline: mar 11 (9am)
budget: flexiiii

thank you poooo ></document>
		<document> #USER# #USER# Have they said anything about the pentagon statement refuting the Poles? Not that I’ve seen. Why do you think that is? ></document>
		<document> #USER# #USER# #USER# Ukrainian President would not lie for Trump against Biden so Trump won’t sell. Now you all are responsible for the death of all of the children and babies, people be killed for no reason!! You miss the devil? Don’t worry while you people (cult ) worries about gas prices?The death ></document>
		<document> #USER# #USER# #USER# #USER# #USER# Ultimately I don’t know how to prove objective morality.

But the world is moving, people will continue to do things, &amp; we will continue to feel certain ways about those things.

In this instance, essentially to convince those who are willing to listen, to behave consistently. ></document>
		<document> #USER# #USER# #USER# #USER# #USER# #USER# #USER# #USER# #USER# #USER# #USER# #USER# 🟢🟢PRESALE ONGOING🟢🟢 Token Fuel presents the Presale of $BRANCH WHOSE READY TO BLAST OFF! 🚀 🚀🚀🚀Public Presale 🚀🚀🚀 ⚡️ Hard Cap: 300 BNB 💥 Soft Cap: 150 BNB 🌱 Min Buy: 0.10 BNB 🔥 Max Buy: 5 BNB BUY NOW!!! #URL# TG: #URL# ></document>
		<document> Stephen A. Smith Says Michael Jordan Personally Told Him That Isiah Thomas Is The Second Greatest Point Guard In NBA History #URL# ></document>
		<document> #USER# Help #USER# by adopting a #HASHTAG# #HASHTAG# #HASHTAG#. From our #HASHTAG#s farm.  People who 💘their 🐕🐶 and 🐈😻 follow ;).  50% of royalties go to charity!!!! #HASHTAG#

#URL# ></document>
		<document> Sneak Peek of tomorrow's auction to help Ukraine 🇺🇦
60% will go to charity to help them ❤️

#HASHTAG# #HASHTAG# #HASHTAG# #HASHTAG# #HASHTAG# #URL# ></document>
		<document> #URL#
PM Imran Khan and it's govt has ruined Pakistan's economy and did poor governance in past few years. Now is time to step down or face a non-confidence vote and will be kicked out ></document>
		<document> Check out this listing I just added to my #HASHTAG# closet: NEW 🖤 Adrianna Papell Sleeveless Dress. #URL# #HASHTAG# #USER# ></document>
		<document> Candy I don’t know why yo broken ass watching my page b*tch, you need to try n jump on the team and sell some bundles. You just mad cuz Brandon won’t give you $35😂😂😂😂😂😂😂 ></document>
		<document> #USER# #USER# #USER# Why, Chet’s gonna be an elite rim protector while Jabari will be a pretty good on ball defender with positional versatility, value of a rim protector like that with upside to guard perimeter is more valuable ></document>
		<document> #USER# #USER# BEST OST IS CHRISTMAS TREE KTHS DOMINATING BILLBOARD Listen and Stream #HASHTAG# the Global Stable Hit song #HASHTAG# by #HASHTAG# #USER# ></document>
		<document> Check out this listing I just added to my #HASHTAG# closet: IZOD Golf Size 16 (SKU Pend 33). #URL# #HASHTAG# #USER# ></document>
		<document> #USER# Naw .. she bee 🐝 a stuffie ..she helps keep you calm and is nice to has close by … besides you don’t need a wife .. you do however need a stuffie … 😂😂😂😊 ></document>
		<document> bro this is a parody account calm your tits #URL# ></document>
		<document> Eto po ba ang calm before the storm 😭 #URL# ></document>
		<document> #USER# He was bloody cold and calm the whole time, spewing out lies about funding! ></document>
		<document> #USER# World champion, multi millionaire and this lot hammer him for not being fighting fight? Wow. Did u state the same when Hatton was enjoying life too? 🤯 grow up ></document>
		<document> Can California save the EV revolution before car makers ruin it? #URL# via #USER# ></document>
		<document> #USER# #USER# #USER# #USER# #USER# she’s an album artist now, singles are meant to promote an album but she doesn’t need that anymore bc her albums perform well on their own. but since you asked she has look what you made me do, blank space, shake it off, lover, you need to calm down, cardigan, willow and more ></document>
		<document> Check out this listing I just added to my #HASHTAG# closet: Lily and Londyns Toddler Dress. #URL# #HASHTAG# #USER# ></document>
		<document> #USER# He banna exclusive power given to him by the SAn constitution? ></document>
		<document> Singapore Billionaire Ron Sim’s Revamps V3 Group As Unit Revives Hong Kong IPO #URL# ></document>
		<document> They are mixed up...Now they are bringing in communism and end of the Family unit.. ></document>
		<document> omg they got to hear stay and with laroi they are so lucky😭😭 #URL# ></document>
		<document> #USER# #USER# #USER# I’m not okay with you silencing Heather when she wants to talk about her 2 mommies. This bill requires you to punish her. I don’t want you anywhere near my kids ></document>
		<document> #USER# YOUR ALL GOING TO JAIL, FOR A VERY LONG TIME.  keep your hands of our kids.  and You go near my kids with that crap and even the lying test.  It will be on.  I do not consent. ></document>
		<document> instax should rework their branding bc their stuff is always thought of as polaroid (the original but different brand). i think they used instax mini evo, but i could be wrong. most kdramas use instax but they're rarely mentioned bc people know them as a polaroid 😭 #URL# ></document>
		<document> #USER# #USER# I think your 7th tweet was not clear as to what you considered the "bullshit" - the report on the school or the indoctrination the kids are subjected to. Now it's clear. I'd suggesting swapping it. ></document>
		<document> #USER# I donated 0.2 ETH for Ukrainian soldiers #USER# 🇺🇦🎁 ></document>
		<document> #USER# Daisy and the trouble with series, the Boy who grew dragons, Vi Spy series, Pizazz, Bad Nana series. Try Amelia fang again next year maybe, that’s what I did with my Lo!? Good luck. #URL# ></document>
		<document> billionaire majority bajority but you didn't know that 3 mins ago. and you were fucking pissed or at LEAST suspicious about what was meant by a bajority. ></document>
		<document> ଘ(੭ˊᵕˋ)੭ ~♡ wts pc ph nct * ੈ✩‧˚

๑  Jaemin &amp; Chenle Mini Sets  ˊˎ-

#HASHTAG# ⊰•*
🗓: 2 weeks 
🚚: No rush shipping. No rude kahati 🤨

Reply mine *color* to claim.

Smaller sets available! 🥰

🖇️: ten mini bag agent we young kihno we boom jisung ube lele fcmm christmas #URL# ></document>
		<document> I love how Itaru is just so calm abt Chikage being ready to beat people up lol #URL# ></document>
		<document> #USER# Ohhh you haven't met Michael before?

He's so lovely! Let me introduce you two! ></document>
		<document> A: The entire plan has been to deliberately misdirect (fixate upon) the #HASHTAG# instead of the chronic costs; it's a #HASHTAG# to keep everybody calm; and to be able to keep #HASHTAG# Networks and Humanism from becoming expected. #URL# ></document>
		<document> #USER# all sexualities dont want your bitchass lil bro ></document>
		<document> #USER# #USER# #USER# Possibly, oversaw a case study on this, once the report was done it was strongly pooh poohed and not serious.  Also included a new Scottish Coast Guard, not happy client at the implications ></document>
		<document> #USER# #USER# 11 Bio-Labs in total ... all US funded, all dealing with Pathogens. Notice the dates and ... Donor (DOD of USA), EDP Permits and USG "Investment". #URL# ></document>
		<document> Where do you go?

My lovely 

Where do you go?

I want to know. ></document>
		<document> Striking harder at #HASHTAG#’s economy,Biden on Tuesday ordered a #HASHTAG# on Russian #HASHTAG# imports in retaliation for #HASHTAG#’s onslaught in #HASHTAG#.
Americans will feel pain, too—at the gas pump—Biden acknowledged,declaring,“Defending freedom is going to cost.”
#URL# ></document>
		<document> Happy birthday ma little baby:&gt;&gt;🥺🍯
I hope you always laugh and be healthy🤍🦋
I give my love and hug for you yoongiaa🫂💜
𝘏𝘢𝘱𝘱𝘺 𝘣𝘪𝘳𝘵𝘩𝘥𝘢𝘺 𝘮𝘢 𝘭𝘪𝘵𝘵𝘭𝘦 𝘣𝘢𝘣𝘺:)🫰🏻
#HASHTAG#
#HASHTAG#
#HASHTAG# #URL# ></document>
		<document> parents guilt tripping with shit to do w money is like low tier scum shit ></document>
		<document> #USER# #USER# #USER# #USER# #USER# #USER# Spot on Boar. To further comment on the “not drilling right now” sentiment… People should understand that supply chain and labor crisis issues hit the oil industry as bad or worse as any other during COVID and it’s not easy to go from worst downturn ever to “boom” in 18 months. ></document>
		<document> Never let your guard down, stay ready!!

#HASHTAG# #HASHTAG# #HASHTAG# #HASHTAG# #HASHTAG# #HASHTAG# #HASHTAG# #HASHTAG# #HASHTAG# #HASHTAG# #URL# ></document>
		<document> #USER# Now I get ur frequency again!! But I have to stay calm. Or I get Crazy ></document>
		<document> Rain clouds come floating in, not to muddy my days ahead, but to make me calm, happy and hopeful.. IنمشيI DC50 #URL# ></document>
		<document> #USER# #USER# #USER# #USER# #USER# #USER# Impeach Him! Using his office to raise stocks he and the Demorats are holding! It all need to be investigated… we know it won’t be!🖕all of you. Both sides! And the FBI, CIA, etc! ></document>
		<document> #USER# Prince is a boring Billionaire, no pop or flare! ></document>
		<document> The pain endured by the innocent #HASHTAG# family for the past two years is nearly over, the trial of the century is next week  #USER# #USER# #USER# #USER# #USER#  #URL# ></document>
		<document> #USER# CALM BUDDHAS (NFT COLLECTION) ✅ The collection features 7,777 custom NFTs with 7 ultra rare 1/1s. ✅ Public minting price .08 eth - great value! Twitter: #URL# Discord: #URL# Tg community. #URL# ></document>
		<document> "Each of us is what we are because of the dominating thoughts we permit to occupy our minds." ></document>
		<document> Hell yes! While Putin commits outright genocide for all the world to see, the Pentagon is sitting on it's hands. UKRAINE NEEDS PLANES NOW!! #HASHTAG# #HASHTAG# #HASHTAG# #URL# ></document>
		<document> #USER# Disconnected human. Enjoy your billionaire bubble. ></document>
		<document> live well， love lots， and laugh often #HASHTAG# #HASHTAG# #HASHTAG#Coin ></document>
		<document> there's nothing cuter than a grown man calling his mom "mommy". In such a calm and respectful voice even in a slight disagreement.those men deserve the world. ></document>
		<document> #USER# #USER# C’mon viral tweet speaking from the heart👏🏽👏🏽 ></document>
		<document> Meeting of the CEP Chairman with the Executive Director and Chairman of the Global Environment Facility (GEF), Mr. Carlos Manuel Rodriguez 

More info 🔗↙️
#URL# 

Follow us on LinkedIn:
#URL# 

#HASHTAG# #HASHTAG# #HASHTAG##USER# #HASHTAG# #URL# ></document>
		<document> #USER# What’s even crazier is that both Flygod n Reloaded went back up on streaming that Christmas to. ></document>
		<document> Est of Pleasant Valley 🕒 0h | 🌙 Clear Wind: Calm Gust: 0.9 mph Temperature: 33.1 °F Humidity: 86 % Pressure: 30.10 inHg Rain: 0.00 in Solar radiation: 0 W/m² UV index: 0 #URL# #HASHTAG# ></document>
		<document> BREAKING NEWS:  GOP’s “anti-woke” stance and QAnon principles have merged. They’re inextricable.

                #URL#

It's official -GOP Policy is now FULL LUNATIC !

#URL#

--
❤️💕💕 #URL# ></document>
		<document> Moronic inferior amerimutt brains like #USER# really think voting a establishment guy is equivalent to blowing a train station #URL# #URL# ></document>
		<document> Ahh~. Seeing you laugh makes me all calm, and relaxed... and drowsy... ></document>
		<document> #USER# 49ers will win the super bowl next season here's why If they don't win It would be a disaster and failure no more excuses the time is now or never ></document>
		<document> #USER# Nah bro im sorry but you didn’t even OFFER a replay, i thought we were cool, thats just weird behavior, regardless of rules, if we homies im offering you that replay ></document>
		<document> Liked on YouTube: The Brand NEW Version 4 Veteran Sherman Rim.! Yes It's Better.!! #URL# ></document>
		<document> WTF da Trevor Noah. Pls ask that fucker about the forrest he ruined to have his party resort. #URL# ></document>
		<document> While #USER# condemns the endemic SGBV in Ethiopia (without naming the perpetrators); #USER# signs bilateral agreements with #USER#, the dictator that ordered countless mass rapes. Shame! #USER# #HASHTAG# #HASHTAG# #URL# ></document>
		<document> I want to be a waitress in a cute cafe, with a cute maid outfit and cute cakes...! ></document>
		<document> The man who signed my illegal arrest &amp; detention in Abuja without any proper investigation. Pure karma.... ></document>
		<document> #USER# Yeah clean energy, terrible idea. ></document>
		<document> #USER# #USER# #USER# haha. Straight was Timmy and Randis supposed Trump and Pentagon contact. They believed that idiot. ></document>
		<document> Making pork for the army in school kitchen

#HASHTAG# #HASHTAG# #HASHTAG#️ #HASHTAG# #HASHTAG#RussianWar #URL# ></document>
		<document> I can't wait for the day that I can let my guard down and trust... that's the hardest thing in the word to do. ></document>
		<document> now imagine not having family on your side when the world is already against your existence. my mom frequently tells me that i'm acting like a victim whenever i express my anxieties about navigating the world &amp; the discomfort i feel with my current environment/situation #URL# ></document>
		<document> #USER# I tried to have a civil conversation with a trucker re. being upset about him sporting both 🇨🇦 &amp; 🇺🇦 flags (ie inappropriate &amp; disrespectful to “piggyback”on this terrible war). He went into a rage &amp; told me to get the F away from him. You folks are truly sick and scary. ></document>
		<document> In a country were the working class is organized, and the leadership is revolutionary; this government would have been overthrown. #URL# ></document>
		<document> #USER# This feels like the calm before the storm, corrupted or not I win #URL# ></document>
		<document> Farewell, O lovely bard! And farewell, O lovely dragon! 
Would that we had met in a different time and place, 
To meet, to song and dance together! ></document>
		<document> #USER# You can gladly cause me physical pain anytime ></document>
		<document> #USER# Awesome project and hope i be the lucky one...
Good project💥

#USER# 
#USER# ></document>
		<document> Elvish it looked to me, but undersized. What's the danger in a thing like that? ></document>
		<document> Shane and Hardik - Pakistan dogs vs Indian dogs #HASHTAG# - #URL# ></document>
		<document> and it bubbles up again in wmtsb, to the point he lets his guard down long enough to get killed—i can't imagine how painful it must have been seeing sandalphon again, after carefully packing away all those feelings for so long. how painful it must have been to part with him again ></document>
		<document> #USER# #USER# #USER# Loool brooo this is siiick, he’s missing the cranberry juice…crazy skill bro, glad u didn’t hang it up💪🔥, im sure we’ll see another one from you, cant wait LFG⚡️❤️ ></document>
		<document> $F NEW ARTICLE : Ford Partners with Verisk to Offer Car Insurance Data in Europe #URL# Get all the latest $F related news here : #URL# ></document>
		<document> #USER# 2) Few days ago Trudeau told reporters that the western leadership brought stability and wealth to this world. Where was he when US set countries like Iraq and Libya on fire over nothing. We are tired of US leadership and we welcome China and Russia to replace you. ></document>
		<document> #USER# #USER# #USER# #USER# #USER# #USER# #USER# #USER# don't forget to rest, fighting! I'm currently streaming #HASHTAG# by #HASHTAG# and produced by #HASHTAG# of #HASHTAG# ( #USER# ) . A song that keeps me calm through jk's amazing voice. ></document>
		<document> #USER# Looks perfect as it is. I like the blue mirrors with the black mount. Looks very classy. ></document>
		<document> Photo of the day, 'CALM WATERS'. Full daily blog &amp; photograph at #URL# #HASHTAG# #HASHTAG# #HASHTAG# #HASHTAG# #URL# ></document>
		<document> #USER# imagine playing poker at a casino
the dealer gives you a charizard
he winks
you lose al rour money ></document>
		<document> #USER# thanks for replying my tweet. hope you have an awesome day! And if that doesn't work, try again tomorrow. We're all just trying to be happy and figure out how. So let's be patient and understanding each others. #URL# ></document>
		<document> #USER# Kardeshev=Car dash F

Guard us if

Core do shove

Care duh Sheriff

Court a chef

food chain
/ˈfo͞od ˌCHān/
noun
1.
a hierarchical series of organisms each dependent on the next as a source of food.

 #URL# ></document>
		<document> Urgent Requirement security guard for SURI
Salary: 9000/month
Lodging free
Job location: SURI (BIRBHUM)
Qualification: min 10 PASS
Hight: min 5'6"
Age: 18-45
Contact: career infotech barjora
8509655571;8514864051 #URL# ></document>
		<document> #USER# Jus saying god i seen tht already it aint none special tht jus a calm kill lol ></document>
		<document> Front Cover Panel Case Frame Fairing Guard Set Carbon Black Honda Pcx 2014-2017 #URL# eBay #URL# ></document>
		<document> Hunter Biden received $3.5M wire in 2014 from Russian billionaire #URL# via #USER# ></document>
		<document> #USER# #USER# #USER# Moreover, the fact that DOD funds research outside of the United States is not a scandal.  It's all publicly authorized... not some top secret CIA or Pentagon operation.  and we don't always have enough qualified people do science in the U.S. and often have joint interests ></document>
		<document> #USER# Thanks Jane,
Lovely to see you .   
Regards and best wishes ></document>
		<document> I’m grateful for the opportunities that I have had in my life. But I keep thinking life is so unfair sometimes. I want to be more empathetic and gentle with others. And with myself too. ></document>
		<document> Just saw The Batman so my job is just… occasional billionaire philanthropist? #URL# ></document>
		<document> #USER# #USER# #USER# #USER# Definitely Eastern EU Kids has been trained to be calm when this "creatures" approaching them

Cassually deploying Javelins towards them lmfao ></document>
		<document> Thank God it's another guard 🙏🏼💯🔥 It's not like they have 500 guards already #URL# ></document>
		<document> #USER# You've cracked the code! Alot of men don't know this. If you play your life right. In your older ages 30+ above. You'll be more handsome, financially balanced. More experience, more intelligent , more calm! Bro. You'll be at your peak. Don't stress it. Just smile and see options ></document>
		<document> Do not fear a man that spams 1000 memes, instead fear a man that spams a meme 1000 times Kreygasm ></document>
		<document> Palo Alto: Nosepass 100.0% (15/15/15) CP:766 (L27) Spark/Rock Blast till 22:23:22 (verified) (21m 3s).#URL# ></document>
		<document> Today on: Carats don’t understand the meaning of “do not engage” 🙄🙄🙄

11k qrts and 30k views, when are y’all gonna understand that these people get money off ENGAGEMENT and when you ENGAGE in their content, you’re SUPPORTING their cause jfc are y’all actually dumb or??? ></document>
		<document> #USER# #HASHTAG#

Z

God At True

God Has Time Travel ></document>
		<document> #USER# #USER# Oh hell no, Biden is a dumpster fire, everything he’s done has been a disaster. ></document>
		<document> #USER# He sounds like he is in need of another empathy lesson...... hasn't quite grasped the emotional concept yet. ></document>
		<document> #URL# Pakistan once again begging to China for another Loan of $21 Billion. Two things never going to change of Pakistan Govt; Supporting terrorism and Begging like beggars ></document>
		<document> I still, VERY COMMONLY use "okay" in my slang, and quite honestly that would get me more annoyed than someone telling me to "calm down" if I was mad. ></document>
		<document> #USER# A 🐒, a 🦊, a 🦍, a 🐐, a 🐼! #USER# #HASHTAG# 🚜 is trying to help them! Consider adopting a pet! It's gonna explode 🧨💣 up! 50% royalties donated to charities that help endangered animals!

#HASHTAG# #HASHTAG# #HASHTAG# #HASHTAG#Collection #HASHTAG#Collection #HASHTAG# 

#URL# ></document>
		<document> mangoes taste so amazing and beautiful and pure and heavenly and luxurious ></document>
		<document> #USER# #USER# #USER# #USER# #USER# #USER# ugh can't stop staring at this! such a nice combo and colors #USER# ></document>
		<document> 💛- Alrighty! I've decided to reactivate my guard oc account at some point tomorrow. 

I'll deal with the consequences. I love and miss everyone on there too much to keep it deactivated. ></document>
		<document> #USER# Wtf??? We have a great team of talent. They would definitely go to the SuperBowl if all players could click as 1 united front. Too many players  think about $ and forgot how much fun &amp; camaraderie comes with football. With that, you have it all. Even when the coach is awful. ></document>
		<document> #USER# and his team already drafting a plan to submit to MCI and Health Ministry for alternate arrangements. Keep Calm and Trust CM MK Stalin. #USER# #URL# ></document>
		<document> The ocean  is deep and calm as an expression at it's floor, yet is limitless in its expressions at the shore🌊🌠🔮💎✨ ></document>
		<document> #USER# yes boo just go at your pace like don’t force yourself . i feel like i get the best readings when i’m in a calm and peaceful state ></document>
		<document> #USER#'s account has been withheld in Portugal, Finland, Sweden, Ireland, Slovenia, Czech Republic, Poland, Slovakia, Hungary, Italy, Malta, Germany, Greece, Romania, Netherlands, Bulgaria, Austria, Luxembourg, Latvia, Denmark, Lithuania, Croatia, Estonia, Cyprus, France, Spain, Belgium in response to a legal demand. Learn more. ></document>
		<document> #USER# #USER# Hai dear.. i have no gang...dont tag me with other.. You asking this ,, right?? Calm.. Down I Will... And i have some pict for you 😊 #URL# ></document>
		<document> KARMYS IS SO FREAKIN LUCKY NOWWW ANPANMAN &amp; GO GO ON THE PTD CON 😭😭😭😭😭😭 ></document>
		<document> LOVELY CONTENT🔥
Promote it on our IG 5Million+ networks
Direct Message Us❤️
#URL# #URL# ></document>
		<document> #USER# #USER# We don't buy bitcoin We earn bitcoin From Mining I'm ready to show you and few lucky people how to earn 0.1BTC ($4,100) and more daily without sending out funds to anyone. No referral No withdrawal fees If interested, kindly send a DM ></document>
		<document> #USER# #USER# #USER# #USER# I dont know or care, this isn't about your beliefs dude, its about the beliefs of a hate org that is now in more control over the lives of children thanks to a bigoted school board. ></document>
		<document> Let Almighty bless, guard, guide us all! Angel eyes see us! Stay safe, baby! Let your guardian angel sit at your left shoulder! Stay safe U2, Can bay, keep walking with luck by UR hand! Better life is ahead! #HASHTAG# #HASHTAG#ış #HASHTAG# #HASHTAG# #HASHTAG#🧿🍀🙏👼👑 #URL# ></document>
		<document> #USER# If true then need more sanctions to punish the average Russian. Biden needs to tell China &amp; Saudi Arabia they need to choose a side ></document>
		<document> #USER# #USER# #USER# NYTIMES
"deal is contingent on giving Poland, in return, far more capable, American-made F-16s, an operation made more complicated by the fact that many of those fighters are promised to Taiwan — where the United States has greater strategic interests." ></document>
		<document> #USER# I was thinking goddess Athena from Hades the game? But now that I think of it, the actual morality of 'good' in that universe is actually called into question in the narrative, so maybe not! ></document>
		<document> Check out my Gig on Fiverr: design logo for your website, company, business, or brand #URL# ></document>
		<document> #USER# #USER# Hahaha I’m not the one sitting in jail for being so hateful that I stormed our Capitol, broke doors and windows, threatened to kill the VP, stole/vandalized, and beat/injured 140 police officers - all for a big lie.

But sure, I’m the hater 🙄 ></document>
		<document> idk for some reason jaemin reminds me of Joon Wan from hospital playlist? ></document>
		<document> Salman Khan's #HASHTAG# is losing here tooo 😂👇
Come on  guys, Like for Nationalist Star #HASHTAG#  and #HASHTAG# #URL# ></document>
		<document> #USER# #USER# Boo, most countries won't even take you if you are FAT
Where, exactly, is my disabled and unemployed self supposed to go? ></document>
		<document> .#USER# #USER# is speaking out against Judge Erin Sokol, in Colorado Springs. She refuses to release jury info to the public after a civil case is closed. Does she have something to hide? For more info contact Lamont Banks 719.439.5951 ></document>
		<document> ❝ E-eh?! What the hell are you saying now, damn runt?! ❞ She was shocked by the sudden talk he was saying that caught her off guard. Nonetheless, she would try to calm herself once more from the situation that was happening now. ❝ Seriously, saying all of this to a Dark type #URL# ></document>
		<document> #USER# #USER# #USER# #USER# #USER# Indecent exposure and harassment of the people who were recording the police were there for a reason. ></document>
		<document> Sense anticipates launching Veros Covid-19 in Europe this quarter, initially in Ireland, Benelux and the Nordic regions

#URL#

#HASHTAG# #HASHTAG#-19 #HASHTAG# #HASHTAG# #HASHTAG#.Still

#USER# ></document>
		<document> #USER# #USER# #USER# They’re not lowly but also ACAB applies to them? In this moment the only thing dividing the left is ourselves ></document>
		<document> #USER# She can make a good living speaking at nazi rallies.

#URL# ></document>
		<document> My coffee got cold while I was scrolling through #HASHTAG#ﾟ and getting #HASHTAG#

#HASHTAG# #HASHTAG#me #HASHTAG# #HASHTAG# #HASHTAG# #HASHTAG# #HASHTAG# #HASHTAG# #HASHTAG# #HASHTAG# #HASHTAG# #HASHTAG# #HASHTAG# ></document>
		<document> “We came, we saw, he died.”  - Hillary Clinton (Please don’t make me share video I do not want to vomit thank you.) #HASHTAG# #HASHTAG# #HASHTAG# #HASHTAG# #HASHTAG# #HASHTAG# #HASHTAG# #HASHTAG# 911 #URL# ></document>
		<document> #USER# #USER# #USER# 😂😂sea king??.. that shit was Fodder..and Luffy has always been an underdog..from having the worst devil fruit to defying odds and beating warlords..stop being bias and just accept it 😂 ></document>
		<document> MoD of Russian showed secret documents command of the National Guard Ukraine dated January 22 which confirm the secret preparation of the Kiev offensive operation in the Donbass in March 2022.
#HASHTAG# 
#HASHTAG#RussianWar 
#HASHTAG# 
#HASHTAG# 
#HASHTAG# #URL# ></document>
		<document> bootwt i need help. it is just VERY loudly thundering at my house rn and i am scared (ik it's lame. shush) and i am panicking and i don't know what to do. how do i calm myself down in this situation??? ></document>
		<document> “Biden absolutely lied through his teeth [about Hunter Biden’s laptop]. Bill Barr knew he was lying through his teeth. Bill Barr didn’t say a word.” -Steve Cortes, #USER#  

#URL# ></document>
		<document> Anarchy in teh UKraine #URL# via #USER# hey Pentagon #HASHTAG#  #HASHTAG# #HASHTAG# #HASHTAG# #HASHTAG# #HASHTAG# #HASHTAG# #HASHTAG# 🍀🍀 ></document>
		<document> #USER# #USER# True ,keep it up expose USA Real Evil on the planet on the name of freedom media, human right, democracy, religious freedom , safety and security , sanctions, ..so on ></document>
		<document> Bro I’m so stressed I just wanna drive to the beach and sit for a little while but I don’t have the gas money right now. This fucking sucks. ></document>
		<document> I've read exactly 77 books last year. I have a feeling this year will be worse, but not much. I'm hoping for at least 60 titles, novels and short stories collections. I'll maybe add some non-fiction for a good measure. It's gonna be a blast.
#HASHTAG# ></document>
		<document> Yall just wanna just tear everything down from butt death ></document>
		<document> #USER# #USER# #USER# #USER# Actually a lot of people don’t know, it like he was so joyed by the opportunity given to him by his brother. ></document>
		<document> #USER# It won't help. Good or bad times throughout history are created, changed, evolve and fail by human hands. Sins and guilt held in their heart is what needs assistance. ></document>
		<document> #USER# #USER# Meee too! Some are super clean with pools.  But my favourite places are old lonely dusty Hotels in teeny towns that need my money. ></document>
		<document> Calm your mind, strengthen your heart, lead a blessed, righteous life. #URL# ></document>
		<document> #USER# #USER# Thanks for this giveaway...🥰✅

All Task Done ✔️✔️

Proof👇👇👇👇👇👇 #URL# ></document>
		<document> At first I was having baby fever but wtf no my baby haven’t even been on a private jet yet and I’m talking about another 1 I’m tweaking. ></document>
		<document> i need to indulge in my special ints. to calm down so i am playing OW again :) ></document>
		<document> The politics of fear
invades everywhere
keeping us angry
hungry and scared
They attempt to make genocide
look like blameless suicide
pretending not to know why
the world turns a blind eye
#HASHTAG#: #URL#
#HASHTAG# #HASHTAG# ></document>
		<document> #USER# #USER# Position Exchange is a Decentralized Derivatives Trading Protocol Our main feature is not yet out and will be available soon The DeFi revolution is on sight #URL# #HASHTAG# #USER# #HASHTAG# #HASHTAG# #HASHTAG# #HASHTAG# #HASHTAG# ></document>
		<document> Plans to move Mig-29 jets into Ukraine from Poland, "shot down" by Pentagon due to Nuclear "high alert" condition issued by Putin.
#URL# ></document>
		<document> #USER# #USER# #USER# #USER# #USER# #USER# #USER# #USER# Brand New!🙌🤯😲
10k Collection, WEBSITE JUST LAUNCHED! 
#USER# 👋
What?🤔
A Stickle is that wonderful, weird, creative creature inside of us! ♥️
Come check us out! 👀
#URL#
#URL#
#HASHTAG# #HASHTAG#s #HASHTAG# 
#HASHTAG#
#HASHTAG# ></document>
		<document> #USER# STAYING CALM GIVE YOU REAL STRENGTH. ></document>
		<document> #USER# "It was a cry over spilt milk "
Norm &amp; cultures are deep rooted. Pedagogy of oppressed stated that Rulers are right ful to commit attrrocity as accepted by the public as belief. Same is here.....
A new culture of public supremacy is needed MNS bricked ></document>
		<document> #USER# I have participated in following the guidelines and rules of this airdrop, I hope that many people will be lucky to get a prize from this airdrop. #USER# #USER# #USER# ></document>
		<document> #USER# Let’s go man !! Thanks for all you do for this project 🔥 BIG BELIEVER AND SUPPORTER ></document>
		<document> i couldn't go to recess this one time bcos senggugut sakit nak mampus and i didn't hv any painkillers so i had to bear thru the pain (i couldnt buy food either) 😆🤟🏻 #HASHTAG# #URL# ></document>
		<document> It’s really nice to hear someone laugh. It’s been a long few days of serious talk and solemn voices. ></document>
	
</author><document> Finding good porn as a pan woman is not easy
Every decent video I think I've found ends up planning to fuck/pussy and I DON'T WANT TO SEE THAT BROTHER

sorry but not for me :( </document>
<document> I am immune compromised, so these stories get my attention. I go shopping after hours, in a nice mask, and avoid the crowds. Everyone who enters my house has to take a quick test (which I provide) and I wear a mask until we get the test results. #URL# </document>
<document> The opposition has tried everything in the last 3 years to overthrow the PTI government. Now they act as political billboards for the West.

#قوم_کا_اعتماد_صرف_عمران
#USER# </document>
<document> #USER# It's a great single player game with tons of content and lore, but it lacked the netplay and I don't know how I feel about the added gameplay gimmicks. Critical edges are fine, but critical edge has gotten boring and I miss having guard impact both forward and backwards :/ ></document>
<document> So many of you have been spared having fooo fool you by simply following fooo

you can literally say the dumbest shit in the world and be immune to being made fun of if you just follow fooo lol </document>
<document> #USER# Hi......I'm an exercise physiologist.....keep calm.....it's definitely achievable......I have a 30 day challenge for you. .. ..and I'm sure this will definitely help......I care about your healthy life....click this link #URL# </document>
<document> the dead started falling asleep in the middle of the lesson and woke up embarrassingly surprised and on guard i hate to learn myself</document>
<document> ⏰ Five more hours before launch! Who feels lucky? 🚀Hold and trade to win tickets and have a chance to get KNOT! ✔️Join Launchpad: #URL# #HASHTAG# #HASHTAG# #HASHTAG# #HASHTAG# #HASHTAG# #HASHTAG# #URL# #URL# ></document>
<document> my birthday color :) cold color :) or calm? #URL# </document>
<document> (hm. frowns, folds the paper, puts it back in the night guard's pocket)

     Oh, too bad. I hear it's a real pain. I've heard that retail drives you to the brink of insanity, which is why I plan to send my brother there someday. #URL# </document>
<document> Charlesbourg: child thrown to the ground by a guard
#URL# </document>
<document> #USER# #USER# #USER# maybe if you tweet to naked guys plucking their pubes from their longest area your brand won't drop #URL# </document>
<document> #USER# #USER# Baby Catcoin Next big new meme token! Doxxed Dev, Locked Liquidity, Big Rewards, Utility. #HASHTAG# #HASHTAG# #HASHTAG# #URL# ></document>
<document> » Pentagon Says Poland's Jet Offer to Ukraine 'Not Sustainable' | AP News #URL# ></document>
<document> I would like non-American reactions to see me liaise between my doctor, lab and insurance company to get my bill fixed #URL# </document>
<document> #USER# #USER#Congratulations Ash, it's now officially out of stock. Please inform your dear friend and teammate Jos about this. >></document>
<document> #HASHTAG# Big Daddy Kane feat. Busta Rhymes QTip - Come On Down :: Tune In: #URL# ></document>
<document> #USER# I… I… my reality is shocked by the information you just released about Cat's brother... </document>
<document> #USER# 😂 conservative math. There are over 30 million adults out there. 😂 you're probably getting kids who like words like shit or poop. >></document>
<document> #USER# #USER# #USER# #USER# No, I know exactly where I am. Trust me, even though it caters to Asians, it can easily be narrow. After all, there are only about 500 million people in North America, which is a far cry from the 7 billion people on the entire planet, now isn't it? >></document>
<document> People kill me. First you say you're tired of happy endings. Then I give you a bittersweet ending because that's life and you're crazy. Please go read a fairy tale because that's not what I write boo boo 💋💋 </document>
<document> Build our website -- 2 Budget (10-30) USD Name: OSAdesignsa Country: Saudi Arabia Client: #URL# Project link: #URL# #URL# #HASHTAG# #HASHTAG# #HASHTAG# # HASHTAG# # HASHTAG# ></document>
<document> I will say that some people—at least on tumblr that I've seen—are panicked in ways... *uninformed*. Copyright is not a TOS, they have no more or less rights to crack down on infringement than they did last month. >></document>
<document> I love my mornings like this. Calm and relaxed. #URL# </document>
<document> National Pee Day is April 20th. I would laugh, but this is my birthday. so I move it to April 21st. amen #URL# ></document>
<document> Guj. Government in a class 3 AAE (civil) post and have decided that only the diploma holder is eligible to apply. Why not a graduate? exam grades should be a deciding factor for selection, not graduation #USER# #USER# #USER# #USER# #USER# #USER# #USER# #HASHTAG# #URL# ></document>
<document> #USER# #USER# #USER# They wanted to open a place for Dragic (guard). Now they work on another guard. A combo guard. >></document>
<document> #USER# #USER# #USER# #USER# #USER# #USER# #USER# #USER# #USER# #USER# #USER# #USER# #USER# #USER# #USER# #USER # #USER# #USER# #USER# #USER# #USER# #USER# #USER# #USER# #USER# #USER# #USER# #USER# #USER# #USER# #USER# #USER# # USER# #USER# #USER# #USER# #USER# #USER# #USER# #USER# #USER# #USER# #USER# #USER# #USER# #USER# #USER# #USER# #USER# #USER# you seem very upset right now. I suggest you calm down </document>
<document> #USER# you were all assholes trying for the 5e crazy cringe brodie </document>
<document> #USER# Girl you know I live for gif hunting 🤣🤦‍♀️😜 </document>
<document> If commissioner!! Help a friend
📝Rushhhh

strong: commentary in English (English major)
argument: participle sentence
homework: (dm) (only 6 sentences)
deadline: March 11 (9:00)
budget: flexibleiiiiii

thanks poooo </document>
<document> #USER# #USER# They said something toabout the Pentagon statement refuting the Poles? Not that I've seen. Why do you think this is so? >></document>
<document> #USER# #USER# #USER# The Ukrainian president wouldn't lie for Trump against Biden, so Trump won't sell. You are now all responsible for the death of all children and babies, people are being killed for no reason!! Do you miss the devil? Don't worry while you (cult) worry about gas prices? Death </document>
<document> #USER# #USER# #USER# #USER# #USER# In the end I don't know how to prove objective morality.

But the world is moving, people will keep doing things, &amp; we will continue to hear certain ways about these things.

In this case, essentially to convince those who are willing to listen, to behave in a coherent way. >></document>
<document> #USER# #USER# #USER# #USER# #USER# #USER# #USER# #USER# #USER# #USER# #USER# #USER# 🟢🟢PRESALE IN PROGRESS🟢🟢 Token Fuel presents the Presale of $BRANCH WHOSE READY TO GO! 🚀 🚀🚀🚀 Public Presale 🚀🚀🚀 ⚡️ Hard Cap: 300 BNB 💥 Soft Cap: 150 BNB 🌱 Min Buy: 0.10 BNB 🔥 Max Buy: 5 BNB BUY NOW!!! #URL# TG: #URL# ></document>
<document> Stephen A. Smith claims Michael Jordan personally told him Isiah Thomas is the second best point guard in NBA history #URL# </document>
<document> #USER# Help #USER# by adopting a #HASHTAG# #HASHTAG# #HASHTAG#. From our #HASHTAG# farm. People who 💘their 🐕🐶 and 🐈😻 follow ;). 50% of royalties go to charity!!!! #HASHTAG#

#URL# </document>
<document> Preview of tomorrow's auction to help Ukraine 🇺🇦
60% will go to charity to help them ❤️

#HASHTAG# #HASHTAG# #HASHTAG# #HASHTAG# #HASHTAG# #URL# </document>
<document> #URL#
Prime Minister Imran Khan and his government have ruined Pakistan's economy and made bad governance in recent years. Now is the time to resign or face a vote of no confidence and he will be ousted </document>
<document> Check out this list I just added to my #HASHTAG# closet: NEW 🖤 Adrianna Papell Sleeveless Dress. #URL# #HASHTAG# #USER# ></document>
<document> Candy I don't know why your broke ass is looking at my bitch page, you need to try and jump into the team and sell some packs. You're just mad that Brandon won't give you $35😂😂😂😂😂😂😂 >>
<document> #USER# #USER# #USER# Because, Chet will be an elite rim protector while Jabari will be an excellent on-ball defender with positional versatility, the value of a rim protector like that with the perimeter raised compared to the perimeter of the guard is more valuable >></document>
<document> #USER# #USER# BEST OST IS CHRISTMAS TREE KTHS DOMINATING BILLBOARD Listen & Stream #HASHTAG# Global Stable Hit #HASHTAG# Song by #HASHTAG# #USER# </document>
<document> Check out this listing I just added to my #HASHTAG# closet: IZOD Golf Size 16 (SKU Pend 33). #URL# #HASHTAG# #USER# ></document>
<document> #USER# No .. she is a bee 🐝 a puppet .. she helps keep you calm and she is nice to have around … also you don't need a wife .. anyway you need a puppet … 😂😂😂 😊 >></document>
<document> brother this is a parody acccalm your boobs #URL# </document>
<document> Eto po ba ang calm before the storm 😭 #URL# </document>
<document> #USER# He was bloody cool and calm the entire time, spewing lies about funding! >></document>
<document> #USER# World champion, multi-millionaire and these people are hammering him for not fighting? Oh. Did you state the same when Hatton was enjoying life too? 🤯 grow up</document>
<document> Can California save the EV revolution before automakers screw it up? #URL# via #USER# ></document>
<document> #USER# #USER# #USER# #USER# #USER# is now an album artist, singles are meant to promote an album but she doesn't need to anymore because her albums perform well on their own . but since you asked, look what you made me do, blank, shrug it off, lover, you need to calm down, cardigan, willow and more</document>
<document> Check out this listing I just added to my #HASHTAG# closet: Lily and Londyns Toddler Dress. #URL# #HASHTAG# #USER# ></document>
<document> #USER# Bans the exclusive power given to him by the SAn constitution? >></document>
<document> Singaporean billionaire Ron Sim revamps V3 Group as unit relaunches Hong Kong IPO #URL# </document>
<document> They got confused... Now they are introducing communism and the end of the family unit.. </document>
<document> oh god they got to hear stay and with laroi they are so lucky😭😭 #URL# </document>
<document> #USER# #USER# #USER# I don't like you shushing Heather when she wants to talk about her 2 moms. This bill requires that you punish her. I don't want you near my children </document>
<document> #USER# YOU ARE ALL GOING TO PRISON, FOR A LONG TIME. hold our children's hands. and you approach my kids with that bullshit and even the lie test. It will be on. I do not agree. >></document>
<document> instax should rework their branding because their stuff is always thought of as polaroids (the original branding but different). I think they used instax mini evo, but I could be wrong. most kdramas use instax but they are rarely mentioned because people know them as polaroids 😭 #URL# ></document>
<document> #USER# #USER# I think your seventh tweet was unclear about what you considered the "bullshit" - the school report or the indoctrination that kids are subjected to. Now it's clear. I would suggest swapping it. >></document>
<document> #USER# I donated 0.2 ETH for Ukrainian soldiers #USER# 🇺🇦🎁 </document>
<document> #USER# Series Daisy and the trouble with, The boy who raised dragons, Series Vi Spy, Pizazz, Series Bad Nana. Try Amelia fang again maybe next year, that's what I did with my Lo!? Good luck. #URL# </document>
<document> bajority billionaire majority but you didn't know that 3 minutes ago. and you were fucking pissed or at least suspicious of what was meant by bajority. >></document>
<document> ଘ(੭ˊᵕˋ)੭ ~♡ wts pc ph nct * ੈ✩‧˚

๑ Jaemin &amp; Chenle Mini Set ˊˎ-

#HASHTAG# ⊰•*
🗓: 2 weeks
🚚: No urgent shipments. No rude kahati 🤨

representatively my *color* to claim.

Smaller sets available! 🥰

🖇️: ten mini bag agent we young kihno we boom jisung ube lele fcmm christmas #URL# </document>
<document> I love how Itaru is so calm that Chikage is ready to punch people lol #URL# </document>
<document> #USER# Ohhh never met Michael before?

It's so adorable! I present to you two! >></document>
<document> A: The whole plan was to deliberately misdirect (fix) the #HASHTAG# instead of chronic costs; it's a #HASHTAG# to keep everyone calm; and to be able to prevent #HASHTAG # networks and humanism from becoming expected. #URL# </document>
<document> #USER# all sexualities don't want your bitch little brother </document>
<document> #USER# #USER# #USER# Possibly, oversaw a case study on this, once the report was made it was heavily disparaged and not serious. It also included a new Scottish coastguard, a customer not happy with the implications</document>
<document> #USER# #USER# 11 Bio-Labs in total… all US funded, all dealing with pathogens. Note dates and ... Donor (US DOD), EDP Permits and USG "Investment". #URL# </document>
<document> Where are you going?

My love

Where are you going?

I want to know. >></document>
<document> Hitting the #HASHTAG# economy hardest, Biden on Tuesday ordered a #HASHTAG# on Russian #HASHTAG# imports in retaliation for the #HASHTAG# assault on #HASHTAG#.
Americans will also feel pain - at the gas pump - Biden acknowledged, declaring: "Defending freedom will come at a cost".
#URL# </document>
<document> Happy birthday little one:&gt;&gt;🥺🍯
I hope you are always laughing and healthy🤍🦋
I give my love and hug for you yoongiaa🫂💜
𝘏acchien
#HASHTAG#
#HASHTAG#
#HASHTAG# #URL# </document>
<document> parental guilt tripping with shit to make money is like low grade shit </document>
<document> #USER# #USER# #USER# #USER# #USER# #USER# Spot on Boar. To further comment on the “don't drill right now” sentiment…People should understand that the supply chain and jobs crisis issues have hit the oil industry as much or worse than any other during COVID and it's not easy to pass from the worst recession ever to the "boom" in 18 months. >></document>
<document> Never let your guard down, be ready!!

#HASHTAG# #HASHTAG# #HASHTAG# #HASHTAG# #HASHTAG# #HASHTAG# #HASHTAG# #HASHTAG# #HASHTAG# #HASHTAG# #URL# ></document>
<document> #USER# Now I get your frequency again!! But I have to stay calm. Or I go crazy </document>
<document> The rain clouds come rolling in, not to confuse my days to come, but to make me calm, happy and hopeful.. IنمشيI DC50 #URL# </document>
<document> #USER# #USER# #USER# #USER# #USER# #USER# Impeach him! Using his office to boost the stock he and the Democrats hold! Everything needs to be investigated... we know it won't be! 🖕 all of you. Both! And the FBI, CIA, etc.! >></document>
<document> #USER# Prince is a boring billionaire, no pops or flashes! >></document>
<document> The pain endured by the innocent #HASHTAG# family in the last two years almost over, trial of the century is next week #USER# #USER# #USER# #USER# #USER# #URL# </document>
<document> #USER# CALM BUDDHAS (NFT COLLECTION) ✅ Collection features 7,777 custom NFTs with ultra rare 7 1/1s. ✅ Public minting price .08 eth - excellent value for money! Twitter: #URL# Discord: #URL# Community Tg. #URL# </document>
<document> "Each of us is who we are because of the dominant thoughts we allow to occupy our minds." >></document>
<document> Hell yes! While Putin commits outright genocide for the whole world to see, the Pentagon is sitting on its hands. UKRAINE NEEDS PLANES NOW!! #HASHTAG# #HASHTAG# #HASHTAG# #URL# ></document>
<document> #USER# Human logged out. Enjoy your billionaire bubble. >></document>
<document> live well, love much and laugh often #HASHTAG# #HASHTAG# #HASHTAG#Coin </document>
<document> there is nothing cuter than a grown man calling his mother "mom". In a voice so calm and respectful even in a slight disagreement. Those men deserve the world. >></document>
<document> #USER# #USER# Come on, viral tweet that speaks from the heart👏🏽👏🏽 </document>
<document> Meeting of the President of the CEP with the Executive Director and President of the Global Environment Facility (GEF), Carlos Manuel Rodriguez

More info 🔗↙️
#URL#

Follow us on Linkedin:
#URL#

#HASHTAG# #HASHTAG# #HASHTAG##USER# #HASHTAG# #URL# </document>
<document> #USER# What's even crazier is that both Flygod and Reloaded streamed back that Christmas a. >></document>
<document> East of Pleasant Valley 🕒 0h | 🌙 Clear Wind: calm Gusts: 1.5 km/h Temperature: 10.5 °C Humidity: 86 % Pressure: 80.5 cmHg Rainfall: 0.00 cm Solar radiation: 0 W/m² UV index: 0 #URL# #HASHTAG# </document>
<document> BREAKING NEWS: The GOP's "anti-woke" stance and QAnon principles have merged. They are inextricable.

                #URL#

It's official: GOP politics is now FULL LUNATIC!

#URL#

--
❤️💕💕 #URL# ></document>
<document> Inferior Amerimutt brains and idiots like #USER# really think that voting for an establishment dude is like blowing up a train station #URL# #URL# ></document>
<document> Ahh~. Seeing you laugh makes me all calm, and relaxed... and sleepy... ></document>
<document> #USER# 49ers will win the Super Bowl next season that's why If they don't win it would be a disaster and a failure no more excuses the time is now or never </document>
<document> #USER# Nah brother I'm sorry but you didn't even OFFER a replay, I thought we were cool, it's just weird behavior, regardless of the rules, if we friends offer you that replay </document>
<document> Liked on YouTube: The brand new Sherman Rim Veteran version 4.! Yes, that's better.!! #URL# </document>
<document> WTF by Trevor Noah. Please ask that asshole in the forest who screwed up to have his own party. #URL# </document>
<document> While #USER# condemns the SGBV endemic in Ethiopia (without naming the authors); #USER# signs bilateral agreementts with #USER#, the dictator who ordered countless mass rapes. Shame! #USER# #HASHTAG# #HASHTAG# #URL# ></document>
<document> I want to be a waitress in a nice café, with a nice waitress dress and nice cakes...! >></document>
<document> The man who signed off on my illegal arrest &amp; detention in Abuja without any proper investigation. Pure karma.... ></document>
<document> #USER# Already clean energy, bad idea. >></document>
<document> #USER# #USER# #USER# haha. Straight was Timmy and Randis assumed that Trump and the Pentagon were in touch. They believed that idiot. >></document>
<document> Produce pork for the army in the school kitchen

#HASHTAG# #HASHTAG# #HASHTAG#️ #HASHTAG# #HASHTAG#RussianWar #URL# </document>
<document> I can't wait for the day when I can let my guard down and trust... it's the hardest thing to do in the world. >></document>
<document> now imagine not having family on your side when the world is already against your existence. my mother often tells me that I act like a victim whenever I voice my anxieties about navigating the world and about my life. the discomfort I feel with my current environment/situation #URL# ></document>
<document> #USER# I tried to have a civil conversation with a re truck driver. be upset about him sporting both 🇨🇦 &amp; 🇺🇦 flags (i.e. inappropriate and disrespectful to "riding" on this terrible war). He went on a rampage &amp; he told me to take the F off him. You guys are really sick and scary. >></document>
<document> In a country where the working class is organized and the leadership is revolutionary; this government would be overthrown. #URL# </document>
<document> #USER# It seems like the calm before the storm, corrupt or not I win #URL# </document>
<document> Farewell, lovely bard! And farewell, oh beautiful dragon!
If we had met in a different time and place,
To meet, sing and dance together! >></document>
<document> #USER# You may gladly cause me physical pain at any time </document>
<document> #USER# Great project and I hope I'm the lucky one...
Nice project💥

#USER#
#USER# </document>
<document> It seemed elvish to me, but underpowered. What is the danger in such a thing? >></document>
<document> Shane and Hardik - Pakistani Dogs vs Indian Dogs #HASHTAG# - #URL# </document>
<document> and bubbling back into wmtsb, to the point where he lets his guard down long enough to be killed—I can't imagine how painful it must have been to see sandalphon again, after carefully packing all those feelings for so long. how painful it must have been to part with him again </document>
<document> #USER# #USER# #USER# Loool brooo that's yeaick he misses cranberry juice…crazy good bro, glad you didn't hang up💪🔥, I'm sure we'll see another one from you, can't see the time LFG⚡️❤️ </document>
<document> $F NEW ARTICLE: Ford partners with Verisk to offer auto insurance data in Europe #URL# Get all the latest $F news here: #URL# </document>
<document> #USER#2) A few days ago Trudeau told reporters that Western leadership has brought stability and wealth to this world. Where was it when the US set fire to countries like Iraq and Libya for nothing. We are tired of US leadership and welcome China and Russia to replace you. >></document>
<document> #USER# #USER# #USER# #USER# #USER# #USER# #USER# #USER# don't forget to rest, fight! I am currently streaming #HASHTAG# by #HASHTAG# and produced by #HASHTAG# by #HASHTAG# ( #USER# ). A song that keeps me calm through jk's amazing voice. >></document>
<document> #USER# It looks perfect the way it is. I like blue mirrors with black frames. It looks very elegant. >></document>
<document> Photo of the day, 'CALM WATERS'. Full Daily Blog &amp; photo at #URL# #HASHTAG# #HASHTAG# #HASHTAG# #HASHTAG# #URL# </document>
<document> #USER# Imagine playing poker in a casino
the dealer gives you a charizard
he winks
lose all money </document>
<document> #USER# Thanks for replying to my tweet. Hope you have a wonderful day! And if it doesn't work, try again tomorrow. We're just trying to be happy and figure out how. So let's be patient and understand each other. #URL# </document>
<document> #USER# Kardeshev=Shot F

Protect us if

The core pushes

Watch out for the sheriff

Court a chef

food chain
/ˈfo͞od ˌCHān/
noun
1.
a hierarchical series of organisms each dependent on the next as a food source.

 #URL# </document>
<document> Urgent security guard requirement for SURI
Salary: 9000/month
Free accommodation
Place of work: SURI (BIRBHUM)
Qualification: minimum 10 PASS
Height: min 5'6"
Age: 18-45
Contact: barjora infotech career
8509655571;8514864051 #URL# </document>
<document> #USER# I'm just saying god I saw it's nothing special it's just a calm kill lol </document>
<document> Front Cover Panel Case Frame Fairing Carbon Black Protector Set Honda Pcx 2014-2017 #URL# eBay #URL# </document>
<document> Hunter Biden received a $3.5 million wire transfer in 2014 from Russian billionaire #URL# via #USER# </document>
<document> #USER# #USER# #USER# Also, the fact that the DOD funds research outside the United States is no scandal. It's all publicly authorized... not a top secret operation by the CIA or the Pentagon. and we don't always have enough qualified people doing science in the United States, and we often have common interests</document>
<document> #USER# Thanks Jane,
Good to see you.
Greetings and best wishes </document>
<document> I am grateful for the opportunities I have had in my life. But I still think life is so unfair sometimes. I want to be more empathetic and kind to others. And also with myself. >></document>
<document> I just saw The Batman, so my job is just... occasional billionaire philanthropist? #URL# </document>
<document> #USER# #USER# #USER# #USER# Surely Eastern European children have been trained to be calm when these "creatures" approach them

Randomly unfurling javelins towards them lmfao </document>
<document> Thank God it's another guard 🙏🏼💯🔥 It's not like they already have 500 guards #URL# ></document>
<document> #USER# You have cracked the code! Many men don't know this. If you play your life right In your seniors over the age of 30. You will be more beautiful, financially balanced. More experience, smarter, calmer! Between. You will be at your best. Don't stress him. Just smile and see the options </document>
<document>Don't fear a man who spams 1,000 memes, fear a man who spams a meme 1,000 times Kreygasm</document>
<document> Palo Alto: Nosepass 100.0% (15/15/15) CP:766 (L27) Spark/Rock Blast until 22:23:22 (verified) (21m 3s).#URL# </document>
<document> Today on: Carats doesn't understand the meaning of "don't commit" 🙄🙄🙄

11,000 qrts and 30,000 views, when you understand these people get money from ENGAGEMENT and when you get INVOLVED in their content, SUPPORT their cause jfc are you really stupid or??? >></document>
<document> #USER# #HASHTAG#

z

God indeed

God has time travel</document>
<document> #USER# #USER# Oh hell no, Biden is a dumpster fire, everything he did was a disaster. >></document>
<document> #USER# He seems to need another lesson in empathy......he hasn't fully grasped the emotional concept yet. >></document>
<document> #URL# Pakistan is once again asking China for another $21 billion loan. Two things will never change about the Pakistan government; Supporting terrorism and begging like beggars </document>
<document> I still, VERY COMMONLY, use "okay" in my lingo, and honestly that would bother me more than someone telling me to "calm down" if I was angry. >></document>
<document> #USER# A 🐒, a 🦊, a 🦍, a 🐐, a 🐼! #USER# #HASHTAG# 🚜 is trying to help them! Consider adopting a pet! It will explode 🧨💣 up! 50% of royalties donated to charities that help endangered animals!

#HASHTAG# #HASHTAG# #HASHTAG# #HASHTAG#Collection #HASHTAG#Collection #HASHTAG#

#URL# </document>
<document>mangoes taste so amazing, beautiful, pure, heavenly and luxurious</document>
<document> #USER# #USER# #USER# #USER# #USER# #USER# I can't stop staring! such a nice combination and colors #USER# </document>
<document> 💛- All right! I decided to reactivate my oc guard account at some point tomorrow.

I will deal with the aftermath. I love and miss everyone there too much to keep it off. >></document>
<document> #USER# Wtf??? We have a very talented team. They would definitely go to the SuperBowl if all players could click as 1 united front. Too many players think about $ and forget how much fun &amp; camaraderie comes with football. With that, you have it all. Even when the coach is bad. >></document>
<document> #USER# and his team are already preparing a plan to submit to MCI and the Ministry of Health for alternative arrangements. Keep calm and trust CM MK Stalin. #USER# #URL# ></document>
<document> The ocean is deep and calm as an expression at its bottom, yet it is unlimited in itsexpressions on the shore🌊🌠🔮💎✨</document>
<document> #USER# yeah boo go at your own pace how not to try hard . I feel like I have the best readings when I'm in a calm and peaceful state</document>
<document> #USER#'s account has been held in Portugal, Finland, Sweden, Ireland, Slovenia, Czech Republic, Poland, Slovakia, Hungary, Italy, Malta, Germany, Greece, Romania, Netherlands, Bulgaria, Austria, Luxembourg, Latvia, Denmark, Lithuania, Croatia, Estonia, Cyprus, France, Spain, Belgium in response to a legal request. Learn more. >></document>
<document> #USER# #USER# Hey dear.. i don't have a gang...don't tag me with others.. You are asking ,, right?? Calm down.. Down I will... And I have some pics for you 😊 #URL# </document>
<document> KARMYS IS SO REALLY LUCKY NOWWWW ANPANMAN &amp; FORCE GO TO PTD WITH 😭😭😭😭😭😭 >>
<document> LOVELY CONTENT🔥
Promote it on our 5Million+ IG Networks
Send us a direct message❤️
#URL# #URL# </document>
<document> #USER# #USER# We Don't Buy Bitcoins We Earn Bitcoins From Mining I'm ready to show you and a lucky few how to earn 0.1BTC ($4,100) and more every day without sending any funds to anyone. No Referrals No Withdrawal Fees If interested, please send a DM </document>
<document> #USER# #USER# #USER# #USER# I don't know or I don't care, it's not about your beliefs man, it's about the beliefs of a hate organization that now has more control over children's lives thanks to a bigoted school board. >></document>
<document> May the Almighty bless, keep, guide us all! Angel eyes see us! Stay safe, baby! Let your guardian angel sit at your left shoulder! Stay safe U2, Can bay, keep walking with luck by the hand UR! The best life is ahead! #HASHTAG# #HASHTAG#ış #HASHTAG# #HASHTAG# #HASHTAG#🧿🍀🙏👼👑 #URL# ></document>
<document> #USER# If true then more sanctions are needed to punish the average Russian. Biden must tell China &amp; Saudi Arabia must choose sides </document>
<document> #USER# #USER# #USER# NYTIMES
"The agreement is conditional on Poland granting much more capable American-made F-16s in exchange, an operation made more complicated by the fact that many of those fighters are promised to Taiwan, where the United States has greater interests strategic". >></document>
<document> #USER# I was thinking about the goddess Athena of Hades the game? But now that I think about it, the actual morality of "good" in that universe is actually being questioned in the narrative, so maybe not! >></document>
<document> Check out my gig on Fiverr - design logo for your website, business, company or brand #URL# </document>
<document> #USER# #USER# Hahaha I'm not the one sitting in jail for being so obnoxious I stormed our Capitol, broke doors and windows, threatened to kill the VP, robbed/vandalized and beat up/injured 140 police officers - all for a big lie.

Of course, I'm the hate 🙄 </document>
<document> I don't know why Jaemin reminds me of Joon Wan from the hospital playlist? >></document>
<document> #HASHTAG# by Salman Khanit's leaking here too 😂👇
Come on guys, like the nationalist star #HASHTAG# and #HASHTAG# #URL# </document>
<document> #USER# #USER# Boo, most countries won't accept you even if you're FAT
Where exactly should my disabled, unemployed self go? >></document>
<document> .#USER# #USER# is suing Judge Erin Sokol, in Colorado Springs. He refuses to release jury information to the public after a civil case is closed. Got something to hide? For more information contact Lamont Banks 719.439.5951 </document>
<document> ❝ E-eh?! What the hell are you talking about now, you damned moron?! ❞ She was shocked by the sudden speech he was saying that caught her off guard. However, he would try to calm down once again from the situation that was happening at the moment. ❝ Seriously, say all this to a Dark #URL#></document> type
<document> #USER# #USER# #USER# #USER# #USER# The indecent exposure and harassment of people recording the police was there for a reason. >></document>
<document> Sense plans to launch Veros Covid-19 in Europe this quarter, initially in Ireland, Benelux and the Nordic regions

#URL#

#HASHTAG# #HASHTAG#-19 #HASHTAG# #HASHTAG# #HASHTAG#.More

#USER# </document>
<document> #USER# #USER# #USER# They are not humble but does ACAB apply to them too? Right now the only thing dividing the left is ourselves </document>
<document> #USER# Can make a living speaking at Nazi rallies.

#URL# </document>
<document> My coffee got cold while scrolling #HASHTAG#ﾟ and getting #HASHTAG#

#HASHTAG# #HASHTAG#io #HASHTAG# #HASHTAG# #HASHTAG# #HASHTAG# #HASHTAG# #HASHTAG# #HASHTAG# #HASHTAG# #HASHTAG# #HASHTAG# #HASHTAG# ></document>
<document> "We came, we saw, he died." - Hillary Clinton (Please don't make me share videos I don't want to puke thanks.) #HASHTAG# #HASHTAG# #HASHTAG# #HASHTAG# #HASHTAG# #HASHTAG# #HASHTAG# #HASHTAG# 911 #URL# >></document>
<document> #USER# #USER# #USER# 😂😂king of the sea??..that shit was Fodder..and Luffy has always been a loser..from having the worst devil fruit to defying adversity and defeating the warlords..just be biased and accept it 😂 </document>
<document> The Russian Defense Ministry showed secret documents of the Ukrainian National Guard command dated January 22 confirming the covert preparation of the Kiev offensive operation in Donbass in March 2022.
#HASHTAG#
#HASHTAG#Russian War
#HASHTAG#
#HASHTAG#
#HASHTAG# #URL# </document>
<document> bootwt I need help. it's just thundering VERY loud in my house rn and I'm scared (ik is lame. shut up) and I'm panicking and I don't know what to do. how do i calm down in this situation??? >></document>
<document> “Biden absolutely outright lied [about Hunter Biden's laptop]. Bill Barr knew he was blatantly lying. Bill Barr didn't say a word. -Steve Cortes, #USER#

#URL# </document>
<document> Anarchy in the UKraine #URL# via #USER# hello Pentagon #HASHTAG# #HASHTAG# #HASHTAG# #HASHTAG# #HASHTAG# #HASHTAG# #HASHTAG# #HASHTAG# 🍀🍀 ></document>
<document> #USER# #USER# True, keep it up, unmask the true evil of USA on the planet in the name of media freedom, human rights, democracy, religious freedom, safety and security, sanctions, . .and so on </document >
<document> Brother, I'm so stressed that I just want to go to the beach and sit for a while, but I don't have the money for gas right now. This dick sucks. >></document>
<document> I read exactly 77 books last year. I have a feeling this year will be worse, but not by much. I hope for at least 60 titles, novels and short story collections. Maybe I'll add some nonfiction for good measure. It will be a hoot.
#HASHTAG# </document>
<document>You just want to tear everything down from ass death</document>
<document> #USER# #USER# #USER# #USER# Actually many people don't know this, it's like he is so happy with the opportunity given to him by his brother. >></document>
<document> #USER# It won't help. Good or bad times throughout history are created, changed, evolves and fails by the hand of man. The sins and guilt stored in their hearts are what needs assistance. >></document>
<document> #USER# #USER# Meee too! Some are super clean with pools. But my favorite places are lonely, dusty old hotels in small towns that need my money. >></document>
<document> Calm your mind, strengthen your heart, lead a blessed and righteous life. #URL# </document>
<document> #USER# #USER# Thanks for this giveaway...🥰✅

All tasks have been completed ✔️✔️

Demo👇👇👇👇👇👇 #URL# ></document>
<document> I had baby fever at first, but gosh no, my baby hasn't been on a private jet yet and I'm talking about another 1 that I'm editing. >></document>
<document> I need to indulge in my special ints. to calm down I play OW again :) </document>
<document> The politics of fear
invades everywhere
making us angry
hungry and scared
They try to commit genocide
looks like guiltless suicide
pretending not to know why
the world turns a blind eye
#HASHTAG#: #URL#
#HASHTAG# #HASHTAG# ></document>
<document> #USER# #USER# Location Trading is a decentralized protocol for derivatives trading Our main feature is not out yet and will be available soon DeFi revolution is in sight #URL# #HASHTAG# #USER # #HASHTAG# #HASHTAG# #HASHTAG# #HASHTAG# #HASHTAG# </document>
<document> Plans to move Mig-29 jets to Ukraine from Poland, "shot down" by the Pentagon due to Putin's nuclear "maximum alert" condition.
#URL# </document>
<document> #USER# #USER# #USER# #USER# #USER# #USER# #USER# #USER# Brand new!🙌🤯😲
10k Collection, WEBSITE JUST LAUNCHED!
#USER# 👋
What?🤔
A Stickle is that wonderful, weird, creative creature within us! ♥️
Come and have a look! 👀
#URL#
#URL#
#HASHTAG# #HASHTAG# #HASHTAG#
#HASHTAG#
#HASHTAG# </document>
<document> #USER# STAYING CALM GIVES YOU REAL STRENGTH. >></document>
<document> #USER# "It was a cry over spilled milk"
Norm &amp; cultures are deeply rooted. The pedagogy of the oppressed affirmed itRulers have the right to commit atrocities accepted by the public as belief. The same is here.....
A new culture of public supremacy is needed MNS bricked </document>
<document> #USER# I participated following the guidelines and rules of this airdrop, I hope many people will be lucky to get a prize from this airdrop. #USER# #USER# #USER# ></document>
<document> #USER# Come on mate!! Thank you for everything you do for this project 🔥 GREAT BELIEVER AND SUPPORTER </document>
<document> i couldn't go to break this time bcos senggugut sakit nak mampus and i didn't take painkillers so i had to bear the pain (i couldn't even buy food) 😆🤟🏻 #HASHTAG# #URL# >></document >
<document> It's really nice to hear someone laugh. It has been a long day of serious speeches and solemn voices. >></document>

</author>