
	
		<document> #USER# #USER# #USER# #USER# Nah too difficult with people registering for events, computers, and such . Sorry had to please disregard my Saturday morning Twitter angst. It’s me not you 😂 ></document>
		<document> #USER# #USER# #USER# #USER# #USER# #USER# It’s crazy what the Chinese news network gets these people to believe. Right #USER# ></document>
		<document> #USER# #USER# Do you understand that an s-corporations profits flow to the owner as income? It doesn’t seem like you do. ></document>
		<document> #USER# #USER# #USER# #USER# Don’t get my message wrong it’s not that you shouldn’t get it. If you haven’t gotten it yet you should call your doctor YESTERDAY to discuss getting it (which they will likely want you to), but you shouldn’t let some guy on Twitter make your medical decisions. ></document>
		<document> #USER# #USER# Also I’d imagine for the most part if people show up on time and do their jobs they have nothing to worry about. All employers should do this. It used to be called a probationary period. ></document>
		<document> #USER# Heard estimates of $30-$60 Billion. Had friends over Christmas who had gotten laid off. Never taken UI benefits but had their money frozen and state wasn’t even going to give them any answers for 30 days. They were able to eventually get it worked out and have decided to leave CA ></document>
		<document> #USER# #USER# #USER# #USER# #USER# is a great person. I just wanted to make sure he considered that side of it.

Looking through #USER# Twitter feed I find myself constantly 🤦‍♂️ I just don’t think you’re up to the level here and that’s ok. With that said,  I’m banning you. All the best my friend. ></document>
		<document> #USER# #USER# Whatever the resolution was last nights play was some of the most fun to watch. ></document>
		<document> #USER# #USER# #USER# #USER# #USER# Praying for God to open your eyes before it’s too late. ></document>
		<document> #USER# #USER# He should be focused on recouping the financial loss from people who have defamed him. 

Loss of income, security costs, etc are astronomical. 

Interviews don’t help him in those efforts. ></document>
		<document> #USER# #USER# Maybe he hired the accountant that ran Full Tilt back in the day. ></document>
		<document> #USER# Every member no.
Every vaccine no.
Certainly many including Joe/Kamala regarding the Covid vaccine.

#URL# ></document>
		<document> #USER# #USER# Come on what percentage of the non vaxed population is seriously not getting vaxed because they are scared it injects a micro chip? As a society we really need to stop with all the CNN/Fox BS and realize that in reality the vast majority of us aren’t that far apart. ></document>
		<document> #USER# #USER# #USER# #USER# but he had 100% custody and blood clots. You are saying that without seeing “the evidence” Still waiting for the evidence #USER# we didn’t forget. Anything yet? Please explain how you play at many times above the standard deviation. ></document>
		<document> #USER# #USER# #USER# Dang #USER# only #USER# was brave enough to fade the Twitter probation. ></document>
		<document> #USER# Seriously #USER# #USER# declined and you used it anyway? Interested to hear why this was ok? ></document>
		<document> #USER# #USER# #USER# I made a joke that I thought he might think was funny and he must’ve thought I was being a jerk. ></document>
		<document> #USER# #USER# Total time there was 4 minutes including plate loading and transportation from the front door, to the kitchen, and private dining area. ></document>
		<document> #USER# #USER# #USER# #USER# #USER# ask my friends who paid into unemployment for years only to get cutoff at Christmas because Newsom can’t manage his … from a hole in the ground!

Or people like my daughter who missed graduation while he dined with lobbyists at the French Laundry! ></document>
		<document> #USER# #USER# I haven’t seen anything that crazy since Bill Fillmaff got DQ’ed for urinating on the table. ></document>
		<document> #USER# To be clear I liked this even though it’s missing the hashtag ></document>
		<document> #USER# #USER# You are a hero who has nothing to be embarrassed about. #USER# is the embarrassment. Do something Joe. ></document>
		<document> #USER# Startups have very limited resources. Companies that are scaling should be generating revenue to support scaling. If you need to scale, but can’t support it, perhaps your business model needs work. ></document>
		<document> #USER# #USER# Thank You! Imagine the rules if the people complaining about this were writing them… I’m sorry sir when you cut your chips the pace was too fast your hand is dead. These are the same people that want robots shuffling chips. Just riveting television. ></document>
		<document> #USER# Making college and health care free will fix this right? ></document>
		<document> #USER# By the way, #USER# some of these images seem to be unique. I’m not an attorney so I’m not even saying you don’t have a right to make significant alterations and sell artwork that was derived from photos someone else owns. That said, it doesn’t seem legal or at least ethical. ></document>
		<document> #USER# #USER# Talk about SMDH I said @ me in five years.

The avg public are not doctors and nurses.

The message should’ve always been one thing. If you are sick stay home.

Instead people get sick, strap that bandana around their face, and head out anyway. ></document>
		<document> #USER# #USER# You support biological males sleeping with our 5th grade daughters? This is wrong and sick! Also join with #USER# on SCR5 to end #USER# “state of emergency”. Tired of seeing both of you clowns abdicate your duties. What an embarrassment! #URL# ></document>
		<document> #USER# #USER# Dude it's not his fault you jammed into five players with AK lol ></document>
		<document> #USER# #USER# My honest answer is no, but I promise I will. Especially if it has pictures. ></document>
		<document> #USER# #USER# As the son of a father who owned many arcades and pizza places I can confirm. ></document>
		<document> #USER# Seems like your missing one. Oh that’s right #USER# has that one. ></document>
		<document> #USER# #USER# #USER# Not to mention that businesses and wealthy tax payers will just continue to move. Who will pay then? ></document>
		<document> #USER# Is there anyone more funny than #USER#? 😂 miss your witty banter my friend. ></document>
		<document> #USER# #USER# #USER# #USER#TD #USER#com Yeah that’s fair, but I thought after a certain amount of time your funds were gone. ></document>
		<document> #USER# Yes then order the Case for Christ: A Journalist's Personal Investigation of the Evidence for Jesus (Case for ... Series) #URL# ></document>
		<document> #USER# 100% agree. Can’t believe they took it even though he had some records.

Another great example of why you should never consent to a search.

At most he should’ve said there’s nothing illegal in the vehicle, but I’m sure he never imagined the police would steal from him. ></document>
		<document> #USER# I dispose the HOA people. Like leave me alone and keep the pool clean. ></document>
		<document> #USER# 100%. 

Reminds me of the type of thing they’d teach in #USER# volunteer training.

The best thing about the training was they set standards which became red flags if people weren’t complying. ></document>
		<document> #USER# #USER# He’s putting on a clinic. Hearing his approach when he was coaching #USER# at the final table I couldn’t believe the things he sees. Truly one of the best. ></document>
		<document> #USER# #USER# #USER# #USER# #USER# #USER# #USER# Does “being handled” mean creators need to identify works you are “using” before they are removed or do you have the rights to everything in advance? ></document>
		<document> #USER# Who’s next! I’m heading over to 😆 at all these guys talking crap about how terrible #USER# was on old HSP shows. Bahahaha ></document>
		<document> #USER# Should be called much earlier and the clock should be much longer than 30 seconds. ></document>
		<document> #USER# #USER# More than anything else the “those people” mentality is what needs to change. ></document>
		<document> #USER# #USER# #USER# #USER# I guess no one ever gets robbed in the back parking lot at the Rio? 

I personally almost never carry cash. 

Come on #USER# this is a bad take. I’m used to #USER# saying the dumb things 😂 j/k my friends you’re both highly intelligent, but this take isn’t. ></document>
		<document> #USER# #USER# #USER# #USER# #USER# The holiday spirit brought us to a sense of understanding. Congratulations my friends. ></document>
		<document> #USER# No worries take care of yourself. Hope you feel ok. ></document>
		<document> #USER# #USER# #USER# In fairness “It depends on what your definition of gain of function research is.” I’m sure the guy who spent his entire life as an expert in this field has no idea what it means. ></document>
		<document> #USER# #USER# would have to tell me before I’d leave my chair. They sometimes are irritated but I always stay. 

I have always thought after they finish you should be able to request no one touch your stack before you return.

Finally as #USER# said always take a picture and count. ></document>
		<document> #USER# Hopefully #USER# will give #USER# a verified account and block these similarly spelled accounts that are trying to scam people! ></document>
		<document> #USER# #USER# #USER# I would prefer our news media do it, however they refuse because it doesn’t align with the narrative you want to be true.

I sent you the actual words which are a complete 180 from the Chinese News Network’s story and yet you still think they’re telling the truth. Brainwashed. ></document>
		<document> #USER# Yeah so let’s keep those frozen until we can get it into a furnace! ></document>
		<document> #USER# The movie idiocracy was a documentary #USER# People are ok with shutting down scientific debate and violating 1st amendment rights because it’s being done to the “other side” 🤯 I want to know who paid for the research. If they were part of this they should be in jail! ></document>
		<document> #USER# #USER# ICM/GTO charts don’t take into account the life changing money. 

The money ALWAYS changes play.

Also whoever had the idea to have these guys end up with these tiny stacks on TV should be fired. ></document>
		<document> #USER# #USER# Warren Buffet complains about paying less taxes than his Secretary.

Never forget that he could easily fix this by sending an extra check to the treasury but he doesn’t. 

Taxes for thee but not for me. ></document>
		<document> #USER# Three days for “unscheduled maintenance” 😂 end this clown show 🤡 and bring back Isai! ></document>
		<document> #USER# #USER# #USER# #USER# Played the main event with Marc. He asked me how far T&amp;M arena is. Everyone thought I was full of crap when I told them he left the MAIN EVENT to go to a Bucks game. When he returned I said you must be the biggest Bucks fan there is. He sheepishly replied: I own the team. ></document>
		<document> #USER# #USER# #USER# I’ve never had someone tell my “why did you send this in .docx, .xlsx, .pdf”. I’ve also had clients complain of formatting errors when employees created files in a competing product and converted to these formats. ></document>
		<document> #USER# #USER# It’s absurd how “pros” act as if #USER# is a 🐠 when time and time again he proves he is not a 🐠 but rather he is a 🐐 ></document>
		<document> #USER# Good thing we’ve got #USER# #USER# #USER# at the helm instead of someone like this! ></document>
		<document> #USER# #USER# One hand at a time.
One level at a time. ></document>
		<document> #USER# #USER# #USER# #USER# #USER# It’s being served on A, B, and C, but 

1. Canadian Courts don’t control A.

2. D doesn’t seem to be included under the order, but I  get how this becomes difficult:

 - D can’t lie about the source
 - Banks won’t accept transfers from A
 - Money wasn’t donated to D

BTC FTW ></document>
		<document> #USER# I didn’t know who he was until I gave him crap in a post and instead of responding with the trolling I deserved he responded with kindness and humility. ></document>
		<document> #USER# #USER# #USER# #USER# Those who are following medical advice from their doctor or are making the decisions they believe are best for themselves are “selfish and idiotic”. 

Talk about “selfish and idiotic”. ></document>
		<document> #USER# #USER# #USER# If the outbreak was caused by people committing fraud she would’ve brought specifics not scapegoats. With a highly infectious disease running rampant at the Rio everyone discovers their ill after they bust? Reality: People are sick on day 2+ and are too SELFISH to surrender EV ></document>
		<document> #USER# 18K is heaps their going to give you 100K more without you even having to think. ></document>
		<document> #USER# #USER# And I’m sure vaccinated players will be do the honorable thing and stay home when they have symptoms entering day 3 of the main. 

Do we know anyone that’s voluntarily done this without a forced test? ></document>
		<document> #USER# #USER# #USER# #USER# The government doesn’t pay for anything the tax payers do.

The technology is being created by American Companies who have passed the highest levels of DOD security requirements.

With regards to spacex (don’t know much about the others) they are infinitely more efficient. ></document>
		<document> #USER# #USER# #USER# #USER# No need to consult you doctor. Some dude on the internet #USER# says everyone who hasn’t gotten it is stupid. ></document>
		<document> #USER# If they don’t want to loose a game to one call don’t take it down to the last at bat. ></document>
		<document> #USER# From when my kids were young I taught them that this was equivalent to slot machines. We call it “the sucker game”. ></document>
		<document> #USER# #USER# #USER# “They all marched out holding hands from the ready room” 

Never seen this happen. 

I wish #USER# who doesn’t have as much to lose would be clear about the unfairness. 

Pretty sure he understands the hormones probably don’t shrink hands, feet, bones… ></document>
		<document> #USER# #USER# #USER# #USER# #USER# #USER# And #USER# is the best that’s ever done the sideline thing for poker. ></document>
		<document> #USER# You out? Did they get you with Ace King (sorry my legal department made me specify). ></document>
		<document> #USER# Why would they care who is winning? Only thing I can come up with is if someone on the inside didn’t like the competition. Many possibilities for reasoning for this from mundane to nefarious. ></document>
		<document> #USER# #USER# #USER# Saw the picture before your tweet. Was about to ask #USER# why you looked so serious 😆 ></document>
		<document> #USER# By subsidizing education the school isn’t incentivized to provide value. ></document>
		<document> #USER# So brutal. The only time I’ll listen to your bad beat story is day 4+ of the main. ></document>
		<document> #USER# But I’m sure at 28 you looked a lot younger than that guy 😂 ></document>
		<document> #USER# #USER# #USER# It’s strange because it seems you can’t. See that funny looking symbol at the end of the sentence? ></document>
		<document> #USER# Green = Empowerment: Nothing says weakness like high heals. ></document>
		<document> #USER# The business climate is so good here I’m sure none of the businesses will notice when they take that money from businesses to pay back the unemployment loans. ></document>
		<document> #USER# #USER# #USER# #USER# Not sure why it is surprising that someone would question something more which is counter to what they believe more than something that is aligned what they believe. ></document>
		<document> #USER# #USER# Jeff Bezos paid almost a billion in taxes? I thought these guys didn’t pay any taxes? ></document>
		<document> #USER# #USER# Trump has ZERO to do with my comment. Require ID and no mass mail in ballots. ></document>
		<document> #USER# The patriotic and green thing to do is to drill here and stop shipping oil all over the world. ></document>
		<document> #USER# #USER# #USER# Do you know if this the rule at the time? I would assume that’s what they mean, but to me it seems there’s quite a bit to be defined. Writing this is a very difficult job by the way so I’m not throwing shade at anyone, but I think they will need to work on this a bit more. ></document>
		<document> #USER# #USER# #USER# #USER# #USER# #USER# So the small group of friends won’t even have to attend the real WSOP to win POY. ></document>
		<document> #USER# 1. DW Bistro (Bread basket with fresh jam is unbelievable)

Distant 2nd: Echo &amp; Rig ></document>
		<document> #USER# #USER# exactly my reasoning for hating rules that give the floor the slippery slope to this misapplication of the rules. ></document>
		<document> #USER# #USER# Far from arm chair quarterback this is an issue of competence. ></document>
		<document> #USER# #USER# Mostly can be taken care of by TV coverage adjustments: more buffer a allowing slight editing of longest tanks i.e. “picking up action on the turn”.

Provide players with things to make breaks a bit quicker in cases where TV requests. Especially final 27.

1/2 ></document>
		<document> #USER# #USER# Get ready for many power outages unless you are prepared. ></document>
		<document> #USER# #USER# #USER# Deleted I guess they reconsidered the their meanness level 😂 ></document>
		<document> #USER# #USER# #USER# I want my five minutes back. From what I read, the article talks about masks being worn during the Spanish flu. It also talks about people being shot for not wearing a mask, but apparently getting for not wearing a mask was the only adverse health effect. ></document>
		<document> #USER# #USER# #USER# Seems like to pay $30 an hour they’d have to be taking quite a bit from the prize pool already. #USER# what’s your thoughts on tipping for #USER# ></document>
		<document> #USER# #USER# #USER# #USER# #USER# By the way Fox does the same thing which is why I want to hear from the experts. When I’ve seen evidence that allegedly shows we’ve “funded gain of function research”. Fauci’s response shouldn’t simply be “that guy is crackpot”. ></document>
		<document> #USER# #USER# I always wondered why they didn’t just open it up as long as you licensed your footage to ESPN. Imagine if ESPN had footage of 500 people from day 1 on by using their social media footage. 

I’ve always thought they should have rooms setup for people to go in and use. ></document>
		<document> #USER# #USER# #USER# I know this is all a game to you, but REAL PEOPLE have seen their lives ruined by his failed leadership.

Californians quality of life is declining.

MAJOR corps along with their jobs have left due to his policies.

It’s time to be a leader #USER# Hold Newsom accountable! ></document>
		<document> #USER# #USER# #USER# Could cause accident #USER#. 

Couldn’t see wipers came on too slow. 

I think I said “wiper speed max” didn’t work

I said “wiper speed up” slowly repeated back “wiper speed increased 1” 

When raining wiper speed should always be on screen + “wiper speed max” should go max. ></document>
		<document> #USER# #USER# #USER# God forbid the main public health official have to answer inconsistencies.

The QAnon Conspiracies like the virus coming form the lab? 

They weren’t honest from the beginning. 

With so much at stake, if our media won’t ask questions, then I welcome anyone with an iPhone to. ></document>
		<document> #USER# Iconic. If you own the rights you should definitely make an NFT. ></document>
		<document> #USER# Yeah I got the same text from a bunch of people then started looking. 

I’m sure they still need prayer both in Iraq &amp; Afghanistan. ></document>
		<document> #USER# #USER# #USER# #USER# You know I think you’re great #USER#, but #USER# and #USER# are GOATS of the booth.

I would like to see Tuck mixed in a bit for the main, although kinda difficult to make deep runs and commentate. Now deep runs are something Norman knows nothing about. ></document>
		<document> #USER# This really isn’t that hard to grasp #USER#

Your doctor shouldn’t recommend any medical procedure without considering your specific medical history.

For instance should a 13 year old with severe vaccine allergies who has had covid recently get the covid vaccine? ></document>
		<document> #USER# #USER# #USER# Men assured me he never cheated. It was all just a big misunderstanding. 

I called. ></document>
		<document> #USER# Saw this earlier. Just tried to read it to someone… got me. ></document>
		<document> #USER# #USER# The #USER# people wouldn’t come up with something this absurd sounding. I get the point, but the presenter description should be built into the client of the person who’s visually impaired. ></document>
		<document> #USER# #USER# Of course he is right. You didn’t think his percentages came from not exceeding the percentages of sanity did you? ></document>
		<document> #USER# #USER# Forgot not sure how asset forfeiture hasn't been ruled unconstitutional! ></document>
		<document> #USER# #USER# Come on #USER# can’t be that bad it’s not like we voted him off first. ></document>
		<document> #USER# #USER# So awesome our government took that away from us I once played a $5.50/R. Spent a total of $15.50 and won a seat to a double shootout where I won my first WSOP main event package. ></document>
		<document> #USER# #USER# Sorry man I have first hand experience with this 🤦‍♂️ ></document>
		<document> #USER# #USER# This is the problem with emphasis on masks. When you are sick stay home. Thanks for doing it right #USER# and staying home. Hope you have a speedy recovery. My question what is #USER# going to do on day 5 of the main when someone shows up obviously sick? ></document>
		<document> #USER# #USER# #USER# #USER# They aren’t removing anything they are issuing new taxes on businesses. ></document>
		<document> #USER# Could go either way, but if nothing more is defined for instance a text message which tailored the bet to specifically players then I would lean towards saying everybody includes EVERYBODY. ></document>
		<document> #USER# #USER# #USER# #USER# #USER# just put out a documentary on how colleges are ruining young people. Highly recommend checking it out. ></document>
		<document> #USER# #USER# #USER# #USER# #USER# Unless I know someone well I always have them go with me to buy in and hand them the cash only after cashier registers me. ></document>
		<document> #USER# #USER# I think Twitter rules are that you must argue until someone’s mind is changed ></document>
		<document> #USER# #USER# The doctor that was on his podcast said one of the scientists has offered 2 million to any reputable scientist that is willing to debate and so far no one has accepted. I’d think Fauci qualifies as reputable. ></document>
		<document> #USER# #USER# Come on #USER# all you have to do is look at the picture those guys totally look like their colluding ></document>
		<document> #USER# #USER# Matching the mask to the umbrella is some next level stuff. ></document>
		<document> #USER# The people commenting haven’t been coached by you and aren’t prospective clients.

You don’t need to justify yourself to them.

All that matters is that your customers feel they received what was promised. ></document>
		<document> #USER# #USER# #USER# #USER# It really is stunning #USER# 

Pretty sure the bracelet total will be 0 and he will continue to prevent #USER# from dying with 0, but would be fun to see him win 2 bracelets. ></document>
		<document> #USER# Well in fairness any of these poker player Twitter docs aren’t that great either. 

Here’s an idea how about getting a good doctor and asking them? ></document>
		<document> #USER# During Covid I hadn’t driven so didn’t notice my tags had expired. Went to Home Depot to grab a few things, came out and the sherif was loading my car up. Definitely was under an hour but would be interested to see if he violated the law. ></document>
		<document> #USER# #USER# #USER# #USER# #USER# #USER# Pretty disappointing that you turn to personal attacks simply because I found an argument credible and wished experts in the field would discuss why it’s not credible.

You are officially banned. Be gone troll. ></document>
		<document> #USER# So absurd. I want to see them betting by the table full. Can’t even build anything with that. Whoever is the chip Scrooge needs a new line of work. ></document>
		<document> #USER# It’s fixed if they stop allowing chess players to register on day 2. ></document>
		<document> #USER# #USER# #USER# Don’t think I’ve ever read a conservative position on #USER# that they didn’t call false or misleading. ></document>
		<document> #USER# #USER# #USER# #USER# Come on man stop just saying “science” followed by whatever you make up. 

We shouldn’t be concerned about kids dying of covid because by and large they are not and the guidelines do not
say vaccinated people should wear masks ANYWHERE. #URL# ></document>
		<document> #USER# #USER# Damn life is short man. So sad. ></document>
		<document> #USER# #USER# #USER# The doctor who was on the show claimed the science community is well aware of the offer. It is weird how people seem to hate on these doctors because they went on Rogan. Perhaps the further a society drifts from truth the more it will hate those who speak it? ></document>
		<document> #USER# #USER# In other news David Coperfield wins the World Series of Poker. ></document>
		<document> #USER# I think you forgot Brandon was the strategic genius behind the humiliating end of the Afghanistan war. ></document>
		<document> #USER# #USER# #USER# #USER# I’m typically pro police, but with regards to civil asset forfeiture it’s often difficult to distinguish the police from the criminals! By the way, #USER# your celebratory language without alleging a crime is pretty telling as to what this is really about. Fail! #URL# ></document>
		<document> #USER# Please don’t get shot pulling a prank holdup.

Literally anyone driving by packing heat could’ve killed that dude. ></document>
		<document> #USER# Add Flopped as a contact along with a few other F words like Ducking, Ducked, etc. You’re welcome. ></document>
		<document> #USER# If I had the time to dive into this we’d never come to an agreement on which stories were “falsehoods”. Even if we could agree, issuing a retraction or new story on a deep link or page six when you’ve blasted it from above the fold for years isn’t adequate. ></document>
		<document> #USER# #USER# #USER# Come on #USER# was the moral superiority who said we shouldn’t play online poker. ></document>
		<document> #USER# #USER# My exact two recommendations too. Although I do try to go to El Dorado’s other locations 🤦‍♂️ ></document>
		<document> #USER# #USER# #USER# #USER# Obviously has work to do with defending, but I don’t know that I’ve ever seen someone with more heart. Perhaps with more than a couple weeks to prepare and a fight that is allowed to go the distance he’ll knock him out next time. ></document>
		<document> “#USER#: didn't even have my chip count posted on the updates #USER# #USER# ” &gt; they really only track noteable players man. ></document>
		<document> #USER# #USER# I’ll take Tiger over this clown any day. If you have to ask who’s tiger then you are uninformed. 😆 ></document>
		<document> #USER# #USER# One dude looks like he’s ready for MMA the other is linking one of his arms around his girlfriend. Not hard to predict what happens next. ></document>
		<document> #USER# #USER# #USER# I know the rule, but I’ve always thought it’s wrong: 1. I’ve seen floor turn over card after card until they “locate” the players hand. 2. The player should’ve protected their hand. To your point once the hand is mucked the last hand left is the best hand. ></document>
		<document> #USER# #USER# #USER# Sometimes the truth is difficult for people to deal with. ></document>
		<document> #USER# #USER# #USER# It’s already being used at big international events and I’m sure it is being used in other places as well. Only a matter of time.

#URL# ></document>
		<document> #USER# Watch the Lamborghini scene from wolf of Wall Street then decide. ></document>
		<document> #USER# #USER# #USER# there obviously hasn’t been research on viral transmission and masks until this year. First time Fauci has taken a look at it. Can’t believe you guys are poker players. You watch Fauci’s body language and verbal clues when he speaks? Guilty! ></document>
		<document> #USER# #USER# Mike had a crazy ability to tell a story and the entire room would stop. ></document>
		<document> #USER# #USER# #USER# #USER# #USER# That’s why it’s important for someone who knows their …. to discuss the facts.

Instead we have people signing letters saying the virus was naturally occurring only later to find they were paying for research in the area where the initial outbreak occurred. ></document>
		<document> #USER# #USER# He just blew the whistle about the state superintendent’s buddy potentially having an illegal contract. 

Shouldn’t whistleblowers be protected #USER#? ></document>
		<document> #USER# Not with two cards to come! My Dad cheered on the turn when I was all in #USER# main event one year. I gave him a 10 year ban! ></document>
		<document> #USER# But “cases” after a car accident are a grave indicator of the pandemic. ></document>
		<document> #USER# #USER# Wait what happened to the Donkey caravan? Did we win? I didn’t even look. ></document>
		<document> #USER# #USER# Was rooting for you to go all the way. Congratulations on the deep run. ></document>
		<document> #USER# #USER# #USER# I get your point, but 5 seconds is an eternity. How did the other events turn out and when were they?

Virtually every time I jumped in the pool to warm up my body hurt.  

Did I ever go 5 seconds slower than a few weeks before in a 200 no way. ></document>
		<document> #USER# This is the worst thing you’ve ever posted and no it’s not even pizza! Not sure why I’m so angry must be Twitter but man that should be illegal! ></document>
		<document> #USER# #USER# I’m calling it #USER# reverse jinx #USER# is going to take this one down. ></document>
		<document> #USER# #USER# Stop making an ass out of yourself.

I said nothing about any “group” only that people assume the worst from those they disagree with. 

In either case I will not bother to address you further you are banished from my feed. ></document>
		<document> #USER# If people who are vaccinated get less symptoms (coughing and sneezing) how on earth could they possibly have the same transmission? Makes no sense. ></document>
		<document> #USER# Embarrassing #USER# you seem like a good dude let’s get this fixed. ></document>
		<document> #USER# #USER# #USER# Honestly pretty dumb not to mention dangerous to be that drunk. ></document>
		<document> #USER# Not the same at all my friend:

1. Risk of ruin is way higher in poker tournament than having a bad snap somehow turn into a touchdown.

2. Raiders have a much better chance in second round with this decision. In a satellite winning the last hand does nothing for you. ></document>
		<document> #USER# #USER# #USER# And I’m sure you came from behind in the last 25 to win by two seconds. Also fastest to slowest in an entire season isn’t the metric. We’re talking a couple weeks. 5 seconds is an eternity. You’re right though this is totally fair to all the other competitors ></document>
		<document> #USER# If only #USER# wouldn’t have atolen the limelight just imagine how many 🐠 Varkonyi would have reeled in with that amazing personality. ></document>
		<document> #USER# #USER# None more wise than you Norm:

One year in the main facing a raise for most of my stack from #USER# I looked up #USER# and said “what would Norman do”? Next thing I knew all my chips were in the middle. ></document>
		<document> #USER# #USER# Right. Old people who tend to vote. ></document>
		<document> #USER# #USER# Sounds like another great trip to the Rio 🤦‍♂️ ></document>
		<document> #USER# Shipping oil across the globe is better for the environment ></document>
		<document> #USER# I don’t think I’ve ever seen a player who checks their shoulder more. ></document>
		<document> #USER# #USER# #USER# #USER# People just regurgitate media headlines about what was said on the podcast. 

The media skews the reporting to fit their narrative.

In the end, I don’t give a crap what Fox, CNN, or Joe Rogan think I want the scientists to tell me why the scientist on Rogan is wrong. ></document>
		<document> #USER# #USER# #USER# #USER# A friend of mine has a kid that has really bad vaccine reactions as a kid. As a result his doctor doesn’t want him vaccinated. His college denied his medical exemption even though it was signed by his doctor. That’s the type of thing I’m 100% against. ></document>
		<document> #USER# Kind of a sad comment on our media who runs with fake stuff like this all the time. Vast majority of people who oppose mask mandates don’t care and in fact would support your right to wear whatever you’d like. That’s their entire point. ></document>
		<document> #USER# #USER# #USER# How selfish of you to consult a doctor before undertaking a medical procedure ></document>
		<document> #USER# #USER# Do you think this is what retirement looks like for restauranteurs? ></document>
		<document> #USER# In short I would go with what you are comfortable with and solve problems as they come up. I’ve seen too many instances where people are so focused on what they might need tomorrow that they find it difficult to address the problems of today. ></document>
		<document> #USER# #USER# #USER# #USER# #USER# #USER# I definitely wasn’t happy with the changes I saw. Fortunately life happened and they were able to break free. ></document>
		<document> #USER# From the video it’s hard to come to either of your conclusions. 

That said, you definitely don’t have enough to call either of them a victim. ></document>
		<document> #USER# You aren’t a scum bag, and in the end this is on wsop. #USER# said something like bring on the AK. He was talking about CARDS not guns! Yet he’s banned for life. I really think you are a good guy, but if I made the call here I think a DQ from that event was appropriate. ></document>
		<document> #USER# #USER# with paddles and fins on how many world records could you a retired swimmer break right now?

Now take them off, but swim as a female.

Hormones do NOT shrink hands and feet. Take what you want, for however long, but it will ever create a level playing field ></document>
		<document> #USER# #USER# If you have symptoms get tested and stay home until you get the results and are symptom free.

Wearing a mask won’t stop you from spreading covid. 

Covid is spread way more effectively by people who are coughing than those without symptoms. ></document>
		<document> #USER# I think people will be pissed no matter what, but there’s also more work to do on this. Quite a bit missing on the mechanics of this. ></document>
		<document> #USER# #USER# #USER# #USER# It’s long past time #USER#TD What #USER# is alleged to have said is highly disputed, wasn’t heard by a Caesars employee, and no worse than what #USER# said. In the end neither of them should be banned and certainly Sam has paid the price. ></document>
		<document> #USER# #USER# #USER# #USER# Biggest problem is people who are sick won’t stay home. Like the guy below who apparently forged his travel documents to travel on an airplane while covid positive . #URL# ></document>
		<document> #USER# #USER# #USER# Hey I’m in, but only because I’m a lowlife donkey caravan loving fool. Good luck us! ></document>
		<document> #USER# My aunt and worked at the Bike back in the day. My aunt was dealing a mixed game and my uncle was the floor. When my aunt screwed up on one of the games my uncle sat in the box and got to hear the players bitching about his wife. ></document>
		<document> #USER# The vaccine seems to be safe for most. That said it’s important not to spread disinformation. 1. Vaccinated people can and do spread covid. 2. While making a fake vaccination card is criminal not being able to get the vaccine is more akin to a disability than being selfish. ></document>
		<document> #USER# I’m CEO of a software testing company we’d be a great fit and I’m willing to help.

My passion is our 6-12 grade tech programs. 

We do Microsoft Office Certifications (great for any career). I’ve been looking for something like this for kids headed into tech. Willing to help? ></document>
		<document> #USER# #USER# The conversation at this table would definitely be far above average. Just remember #USER# unscrew the lid to that Parmesan shaker and distribute the contents onto your plate. ></document>
		<document> #USER# If it was trails the whole way with no risk of falling I’d think about it for $5 mil otherwise I wouldn’t do it for any amount. ></document>
		<document> #USER# Dude I’m just going to be real here man. I know he wants to take ownership of this and yeah he had things that could’ve been done better, but man come on the O line needs to take some responsibility here too. How many times did he just get to stand in the pocket and throw? ></document>
		<document> #USER# #USER# #USER# #USER# In case you don’t know this is an enormous responsibility that shouldn’t be taken lightly. 

It’s clear from his statement that he knows nothing about #USER# ></document>
		<document> #USER# #USER# #USER# #USER# #USER# #USER# #USER# #USER# Call it what you want but the fact is  Sean took some big shots too. Kris landed 70 of them while taking all Sean had to give. 

I’m not saying Kris was favored, but delusional is thinking Sean couldn’t have lost that fight. ></document>
		<document> #USER# I can’t help but notice you were the one closest to the cash. Perhaps they should check your bag for the missing brick? ></document>
		<document> #USER# #USER# Imagine if these clowns got their way: “I’m sorry sir you slid your chips too quickly to the side.” Same clowns 🤡 that didn’t like Hevad Kahn celebrating. It’s good TV, if you can’t compose yourself while #USER# slides chips perhaps you shouldn’t be on day 5 of the ME. ></document>
		<document> #USER# How about Mark gets the stadium to stop serving prison food for top dollar. ></document>
		<document> #USER# #USER# I think my ears bleed every time her voice screeches. Wouldn’t shock me to hear she has some financial position  which effects these comments. ></document>
		<document> #USER# #USER# #USER# If that’s the case I don’t see any reason why they wouldn’t continue on with their season #HASHTAG# ></document>
	
</author><document> #USER# #USER# #USER# #USER# Nah too hard with people registering for events, computers and so on. Sorry, please, I had to ignore my Saturday morning Twitter angst. It's me, not you 😂 </document>
<document> #USER# #USER# #USER# #USER# #USER# #USER# It's crazy what the Chinese news network makes these people believe. Right #USER# </document>
<document> #USER# #USER# Do you understand that the profits of a s-corporation go to the owner as income? It doesn't seem like you do. >></document>
<document> #USER# #USER# #USER# #USER# Don't misunderstand my message, it's not that you shouldn't understand it. If you haven't gotten it yet, you should call your doctor YESTERDAY to discuss getting it (which they probably want you to), but you shouldn't let anyone on Twitter make your medical decisions. >></document>
<document> #USER# #USER# Also I guess for most people if they show up on time and do their job they have nothing to worry about. All employers should do this. It was called a trial period. >></document>
<document> #USER# I've heard estimates of $30-60 billion. He had friends at Christmas who were fired. He never reaped the benefits of the UI, but their money was frozen and the state wouldn't even give them any response for 30 days. Eventually they managed to fix it and decided to leave CA </document>
<document> #USER# #USER# #USER# #USER# #USER# is a great person. I just wanted to make sure you considered that aspect.

Looking through the #USER# Twitter feed I constantly find myself 🤦‍♂️ I don't think you're up to scratch here and that's okay. That said, I ban you. All the best my friend. >></document>
<document> #USER# #USER# Whatever the resolution, last night's game was one of the most enjoyable to watch. >></document>
<document> #USER# #USER# #USER# #USER# #USER# Praying God will open your eyes before it's too late. >></document>
<document> #USER# #USER# Should focus on recovering financial loss from the people who defamed him.

Loss of income, security costs, etc. they are astronomical.

Interviews do not help him in these efforts. >></document>
<document> #USER# #USER# Maybe he hired the accountant who ran Full Tilt in the past. >></document>
<document> #USER# Each member n.
Each vaccine No.
Surely many including Joe / Kamala regarding the Covid vaccine.

#URL# </document>
<document> #USER# #USER# Come on, what percentage of the seriously non-vaxed population is not vaxed because they are afraid of being microchipped? As a society, we really need to stop all the CNN/Fox bullshit and realize that in reality the vast majority of us are not that distant. >></document>
<document> #USER# #USER# #USER# #USER# but had 100% custody and blood clots. Are you saying that without seeing "the evidence" We are still waiting for the #USER# evidence that we haven't forgotten. Still nothing? Explain how you play many times above the standard deviation. >>document>
<document> #USER# #USER# #USER# Damn, only #USER# #USER# was brave enough to cancel his Twitter probation. >></document>
<document> #USER# Really #USER# #USER# declined and did you use it anyway? Interested to know why this was okay? >></document>
<document> #USER# #USER# #USER# I made a joke that I thought he might find funny and he must have thought I was an idiot. >></document>
<document> #USER# #USER# Total time was 4 minutes including loading dishes and carrying from the front door, to the kitchen and private dining room. >></document>
<document> #USER# #USER# #USER# #USER# #USER# I'm asking my friends who have been paying unemployment benefits for years only to get fired at Christmas because Newsom can't handle his… from a hole in the ground!

Or people like my daughter who missed her graduation while dining with lobbyists at the French Laundry! >></document>
<document> #USER# #USER# I haven't seen anything this crazy since Bill Fillmaff was disqualified for urinating on the table. >></document>
<document> #USER# To be clear I liked it even if the hashtag </document> is missing
<document> #USER# #USER# You are a hero who has nothing to be embarrassed about. #USER# is an embarrassment. Do something Gio. >></document>
<document> #USER# Startups have very limited resources. Companies that are scaling should generate revenue to support the scaling. If you need to scale, but can't support it, maybe your business model needs work. >></document>
<document> #USER# #USER# Thanks! Imagine the rules if people complaining about this were texting them... I'm sorry sir when you cut your chips the pace was too fast your hand is dead. These are the same people who want robots that shuffle the chips. Just compelling television. >></document>
<document> #USER# Making college and healthcare free will solve this problem, right? >></document>
<document> #USER# By the way, #USER# some of these images appear to be unique. I'm not a lawyer, so I'm not even saying that you don't have the right to make significant changes and sell derivative artwork from someone else's photos. That said, it doesn't seem legal or at least ethical. >></document>
<document> #USER# #USER# Talk about SMDH I told @ me in five years.

The average public are not doctors and nurses.

The message was always supposed to be one thing. If you're sick, stay home.

Instead people get sick, tie that bandana around their face and walk away anyway. >></document>
<document> #USER# #USER# Do you support biological males sleeping with our 5th grade daughters? This is wrong and sick! Also join #USER# on SCR5 to end #USER#'s "state of emergency". Tired of seeing you both clowns abdicate your duties. What an embarrassment! #URL# </document>
<document> #USER# #USER# Dude, it's not his fault you ran into five players with AK lol </document>
<document> #USER# #USER# My honest answer is no, but I promise I will. Especially if it has pictures. >></document>
<document> #USER# #USER# As a child of afather who owned many arcades and pizzerias I can confirm. >></document>
<document> #USER# You seem to be missing that. Oh, that's right, #USER# has it. >></document>
<document> #USER# #USER# #USER# Not to mention that businesses and wealthy taxpayers will keep moving. Who will pay then? >></document>
<document> #USER# Is there anyone funnier than #USER#? 😂 I miss your witty banter my friend. >></document>
<document> #USER# #USER# #USER# #USER#TD #USER#com Yes, that's right, but I thought after a while your funds ran out. >></document>
<document> #USER# Yes, then order The Case for Christ: A Journalist's Personal Investigation of the Evidence for Jesus (Case for ... Series) #URL# ></document>
<document> #USER# 100% agree. I can't believe they took him even though he had discs.

Another great example of why you should never consent to a search.

At best he should have said there was nothing illegal in the vehicle, but I'm sure he never imagined the police would rob him. >></document>
<document> #USER# I dispose of people HOA. Like leave me alone and keep the pool clean. >></document>
<document> #USER# 100%.

It reminds me of the kind of stuff they taught in #USER# volunteer training.

The best thing about the training was that they set standards that became red flags if people didn't comply. >></document>
<document> #USER# #USER# Setting up a clinic. Hearing his approach when he coached #USER# to the final table I couldn't believe the things he was seeing. Truly one of the best. >></document>
<document> #USER# #USER# #USER# #USER# #USER# #USER# #USER# "be managed" means that creators must identify the works you are "using" before they are removed or you keep their rights to everything in advance? >></document>
<document> #USER# Who's next! I'm going 😆 to all these guys badmouthing how awful #USER# was in old HSP programs. Bahahaha </document>
<document> #USER# Should be called much earlier and the clock should be much longer than 30 seconds. >></document>
<document> #USER# #USER# What needs to change more than anything else is the "those people" mentality. >></document>
<document> #USER# #USER# #USER# #USER# I guess no one ever gets robbed in the back lot of the Rio?

I personally almost never carry cash.

Come on #USER# this is a bad interpretation. I'm used to #USER# saying stupid things 😂 j/k my friends you are both very smart but this version is not. >></document>
<document> #USER# #USER# #USER# #USER# #USER# The holiday spirit has brought us a sense of understanding. Congratulations my friends. >></document>
<document> #USER# Don't worry, take care of yourself. I hope you are feeling well. >></document>
<document> #USER# #USER# #USER# Quite frankly "It depends on what your definition of gain-of-function research is." I'm sure the guy who has spent his entire life as an expert in this field has no idea what that means. >></document>
<document> #USER# #USER# should ttell me before I get out of my chair. Sometimes they are irritated but I always stay.

I've always thought that after they're done you should be able to ask anyone to touch your stack before coming back.

Lastly, as #USER# said, always take a picture and count. >></document>
<document> #USER# Hopefully, #USER# will give #USER# a verified account and block these similarly written accounts trying to scam people! >></document>
<document> #USER# #USER# #USER# I would prefer our media to do this, however they refuse because it doesn't align with the narrative you want to be true.

I have sent you the real words which are 180 complete from the Chinese News Network story and yet you still think they are telling the truth. Brain washing. >></document>
<document> #USER# Yes, let's keep them frozen until we can put them in a furnace! >></document>
<document> #USER# The movie idiocracy was a documentary #USER# People are okay with shutting down scientific debate and violating 1st amendment rights because it was done "on the other side" 🤯 I want to know who paid for the research . If they were part of this they should be in jail! >></document>
<document> #USER# #USER# ICM/GTO charts do not account for life changing money.

Money ALWAYS changes the game.

Also, whoever came up with the idea to end up with these kids with these little stacks on TV should be fired. >></document>
<document> #USER# #USER# Warren Buffet complains that he pays less taxes than his Secretary.

Never forget that he could easily fix this by sending an extra check to the treasury, but he doesn't.

Taxes for you but not for me. >></document>
<document> #USER# Three days for "unscheduled maintenance" 😂 end this clown show 🤡 and bring Isai back! >></document>
<document> #USER# #USER# #USER# #USER# Played the main event with Marc. He asked me how far to T&M arena. Everyone thought I was full of shit when I told them he left the MAIN EVENT to go to a Bucks game. When he came back I said you must be the biggest Bucks fan there is. He replied sheepishly: I own the team. >></document>
<document> #USER# #USER# #USER# I've never had someone tell me "why did you submit this in .docx, .xlsx, .pdf". I've also had customers complain of formatting errors when employees create files in a competing product and convert them to these formats. >></document>
<document> #USER# #USER# It's absurd how "professionals" act as if #USER# is a 🐠 when he repeatedly proves he's not a 🐠 but rather a 🐐 ></document>
<document> #USER# Good thing we have #USER# #USER# #USER# at the helm instead of someone like that! >></document>
<document> #USER# #USER# One hand at a time.
One level at a time. >></document>
<document> #USER# #USER# #USER# #USER# #USER# Served on A, B and C, but

1. Canadian courts do not review A.

2. D doesn't seem to be included in the order, but I understand how difficult it gets:

 - D can't lie about the source
 - Banks will not accept transfers from A
 - The money wasnot given to D

Bitcoin FTW </document>
<document> #USER# I didn't know who he was until I gave him shit in a post and instead of trolling back I deserved, he responded with kindness and humility. >></document>
<document> #USER# #USER# #USER# #USER# Those who follow their doctor's medical advice or make the decisions they think are best for themselves are "selfish and idiots".

Talk about "selfish and idiotic". >></document>
<document> #USER# #USER# #USER# If the epidemic was caused by people committing fraud, it would have brought specific non-scapegoats. With a highly infectious disease running rampant in the Rio, does everyone find out about their disease after failing? Reality: People are sick on day 2+ and are too SELFISH to give up IV</document>
<document> #USER# 18K is going to give you an extra 100K without you even having to think about it. >></document>
<document> #USER# #USER# And I'm sure vaccinated players will do the honorable thing and stay home when they have symptoms entering day 3 of main.

Do we know anyone who has done this voluntarily without a forced test? >></document>
<document> #USER# #USER# #USER# #USER# The government doesn't pay for anything that taxpayers do.

The technology was created by American companies that passed the highest levels of DOD safety requirements.

As for spacex (I don't know much about the others) they are infinitely more efficient. >></document>
<document> #USER# #USER# #USER# #USER# No need to consult your doctor. A guy on the internet #USER# says everyone who doesn't get this is stupid. >></document>
<document> #USER# If you don't want to lose a game by one call, don't get down to the last line. >></document>
<document> #USER# From the time my kids were little I taught them that this was the equivalent of slot machines. We call it "the game of losers". >></document>
<document> #USER# #USER# #USER# "Everyone left ready room holding hands"

I've never seen that happen.

I wish #USER# who doesn't have much to lose was clear about the injustice.

Pretty sure he understands that hormones probably don't shrink hands, feet, bones... </document>
<document> #USER# #USER# #USER# #USER# #USER# #USER# And #USER# is the best poker I've ever played. >></document>
<document> #USER# Are you out? They caught you with Ace King (sorry my legal department made me specify). >></document>
<document> #USER# Why should they care who's winning? The only thing I can think of is if anyone inside doesn't like the competition. Lots of reasoning possibilities for this from trivial to nefarious. >></document>
<document> #USER# #USER# #USER# I saw the image before your tweet. I was going to ask #USER# why you looked so serious 😆 </document>
<document> #USER# By subsidizing education, the school has no incentive to provide value. >></document>
<document> #USER# So brutal. The only time I'll hear your bad beat story is day 4+ of the main. >></document>
<document> #USER# But I'm sure at 28 you looked much younger than that guy 😂 </document>
<document> #USER# #USER# #USER# It's weird because it looks like you can't. See that funny looking symbol at the end of the sentence? >></document>
<document> #USER# Green = Empowerment: Nothing says weakness like high healing. >></document>
<document> #USER# The business climate is so good here that I'm sure none of the companies will notice when they take that money from the companies to repay unemployment loans. >></document>
<document> #USER# #USER# #USER# #USER# I'm not sure why it's surprising that someone questions something more that is against what they believe more than something that is aligned with what they you think. >></document>
<document> #USER# #USER# Jeff Bezos paid nearly a billion in taxes? I thought these guys didn't pay taxes? >></document>
<document> #USER# #USER# Trump has ZERO to do with my comment. Require ID and no mass mail in ballots. >></document>
<document> #USER# The patriotic and green thing to do is drill here and stop shipping oil all over the world. >></document>
<document> #USER# #USER# #USER# Do you know if this was the rule at the time? I assume that's what they mean, but to me there seems to be a lot to pin down. Writing this is very hard work by the way, so I'm not throwing shade at anyone, but I think they need to work a little harder on this. >></document>
<document> #USER# #USER# #USER# #USER# #USER# #USER# So the small group of friends won't even have to attend the actual WSOP to win POY. >></document>
<document> #USER# 1. DW Bistro (The bread basket with fresh jam is amazing)

Distant 2nd: Echo &amp; Rig </document>
<document> #USER# #USER# exactly my reasoning for hating the rules giving the slippery slope to this misapplication of the rules. >></document>
<document> #USER# #USER# Far from an armchair quarterback this is a matter of competence. >></document>
<document> #USER# #USER# Can mostly be cured by adjusting TV coverage: more buffers and allowing for a slight modification of longer tanks, ie "take action on turn".

Provide players with things to make breaks a little faster in cases where the TV calls for it. Especially the final 27.

1/2 </document>
<document> #USER# #USER# Be prepared for many power outages unless you are prepared. >></document>
<document> #USER# #USER# #USER# Deleted Guess they reconsidered their level of meanness 😂 ></document>
<document> #USER# #USER# #USER# I want my five minutes back. From what I've read, the article is about masks being worn during the Spanish flu. He also talks about people being killed for not wearing a mask, but apparently getting for not wearing a mask was the only negative health effect. >></document>
<document> #USER# #USER# #USER# It seems that to pay $30 an hour they would already have to take quite a lot from the prize pool. #USER# what is your opinion on tips for #USER# </document>
<document> #USER# #USER# #USER# #USER# #USER# By the way, Fox does the same thing and that's why I want to hear from the experts. When I saw the evidence that supposedly shows that we have "funded gain-of-function research." Fauci's response shouldn't be simply "that guy is crazy." >></document>
<document> #USER# #USER# I always wondered why they didn't just open it as long as you licensed your footage to ESPN. Imagine if ESPN had footage of 500 people from day one on using their footage on social media.

I've always thought they should have rooms set up for people to come in and use. >></document>
<document> #USER# #USER# #USER# I know this is all a game to you, but REAL PEOPLE have had their lives ruined by his failed leadership.

The quality of life for Californians is declining.

The BIG bodies along with their jobs are gone because of his policies.

Time to be a #USER# leader Hold Newsom accountable! >></document>
<document> #USER# #USER# #USER# May cause #USER# crashes.

I couldn't see the wipers turning on too slowly.

I think I said "wiper max speed" didn't work

I said "wiper acceleration" repeated slowly "wiper speed increased by 1"

When it rains, the wiper speed should always be on the screen + the "maximum wiper speed" should go to max. >></document>
<document> #USER# #USER# #USER# God forbid the top public health official has to answer for inconsistencies.

QAnon Conspiracies Like Virus From Lab?

They haven't been honest from the start.

With so much at stake, if our media won't ask questions, then I welcome anyone with an iPhone. >></document>
<document> #USER# Iconic. If you own the rights you should definitely do an NFT. >></document>
<document> #USER# Yes, I received the same text from a bunch of people and then started looking.

I'm sure they still need prayer in both Iraq and Israel. Afghanistan. >></document>
<document> #USER# #USER# #USER# #USER# You know I think you're a great #USER#, but #USER# and #USER# are booth GOATS.

I'd like to see Tuck mixed up a bit for the main, although it's kind of hard to elaborate and comment. Now deep racing is something Norman knows nothing about. >></document>
<document> #USER# It's not that hard to understand #USER#

Your doctor should not recommend any medical procedure without considering your specific medical history.

For example, should a 13 year old with severe vaccine allergies who recently had covid get the covid vaccine? >></document>
<document> #USER# #USER# #USER# The men have assured me that he has never cheated. It was all just a big misunderstanding.

I called. >></document>
<document> #USER# I've seen this before. I just tried to read it to someone...he got me. >></document>
<document> #USER# #USER# #USER# people wouldn't invent something that absurd. I get the point, but the presenter's description should be integrated into the visually impaired person's client. >></document>
<document> #USER# #USER# Of course he's right. You didn't think his percentages came from nosurpassing sanity percentages did you do? >></document>
<document> #USER# #USER# I forgot I'm not sure how the forfeiture of assets wasn't declared unconstitutional! >></document>
<document> #USER# #USER# Come on #USER# can't be that bad, it's not like we rejected it before. >></document>
<document> #USER# #USER# Great that our government took that away from us I once played $5.50/R. I spent a total of $15.50 and won a seat to a double shootout where I won my first WSOP main event package. >></document>
<document> #USER# #USER# Sorry man, I have first hand experience with this 🤦‍♂️ </document>
<document> #USER# #USER# This is the problem with mask emphasis. When you are sick, stay home. Thanks for making it right #USER# and for staying home. Hope you have a speedy recovery. My question: what will #USER# do on day 5 of main when someone shows up clearly sick? >></document>
<document> #USER# #USER# #USER# #USER# They are not removing anything they are issuing new corporate taxes. >></document>
<document> #USER# It could go either way, but if nothing else is defined, such as a text message tailoring the bet to specific players, then I'd lean towards saying that all includes EVERYONE. >></document>
<document> #USER# #USER# #USER# #USER# #USER# just released a documentary about how colleges are ruining young people. I highly recommend checking it out. >></document>
<document> #USER# #USER# #USER# #USER# #USER# Unless I know someone well, I always have them come with me for the purchase and only give them the cash after the cashier registers me. >></document>
<document> #USER# #USER# I think the rules of Twitter are that you have to argue until someone changes their mind </document>
<document> #USER# #USER# The doctor who was on his podcast said that one of the scientists offered 2 million to any reputable scientist willing to discuss and so far no one has accepted. I think Fauci qualifies as respectable. >></document>
<document> #USER# #USER# Come on #USER# all you have to do is look at the picture those guys look just like their accomplices </document>
<document> #USER# #USER# Pairing the mask with the umbrella is next level stuff. >></document>
<document> #USER# The people who comment have not been instructed by you and are not potential customers.

You don't need to justify yourself to them.

All that matters is that your customers feel like they got what they promised. >></document>
<document> #USER# #USER# #USER# #USER# That's really amazing #USER#

I'm pretty sure the bracelet total will be 0 and still keep #USER# from dying with 0, but it would be fun to see him win 2 bracelets. >></document>
<document> #USER# Well, in all fairness, none of these Twitter docs for poker players aren't even that great.

Here is an idea how about you find a good doctor and ask them? >></document>
<document> #USER# I hadn't driven during Covid so I didn't realize my tags had expired. I went to Home Depot to get some stuff, came out and the sheriff waI am loading my car. Sure it was less than an hour, but would be interested to see if he broke the law. >></document>
<document> #USER# #USER# #USER# #USER# #USER# #USER# Quite disappointing that you turn to personal attacks simply because I found a credible argument and wished the industry experts would argue why it is not credible.

You are officially banned. Go away trolls. >></document>
<document> #USER# So absurd. I want to see them bet at the full table. I can't even build anything with that. Whoever Chip Scrooge is needs a new line of work. >></document>
<document> #USER# Is fixed if they stop allowing chess players to register on day 2. </document>
<document> #USER# #USER# #USER# I don't think I've ever read a conservative position on #USER# that they didn't call false or misleading. >></document>
<document> #USER# #USER# #USER# #USER# Come on man, stop just saying "science" followed by whatever you made up.

We shouldn't worry about kids dying from covid because in general they aren't and the guidelines don't
say vaccinated people should wear masks EVERYWHERE. #URL# </document>
<document> #USER# #USER# Damn, life is short. So sad. >></document>
<document> #USER# #USER# #USER# The doctor who was on the show said that the scientific community is well aware of the offer. It's funny how people seem to hate these doctors because they chose Rogan. Perhaps the more a society moves away from the truth, the more it will hate those who speak it? >></document>
<document> #USER# #USER# In other news David Coperfield wins the World Series of Poker. >></document>
<document> #USER# I think you forgot that Brandon was the strategic genius behind the humiliating end of the war in Afghanistan. >></document>
<document> #USER# #USER# #USER# #USER# I'm usually pro-police, but when it comes to forfeiture of civilian assets it's often hard to tell the police from the criminals! By the way, #USER# your language celebrating without reporting a crime is pretty indicative of what it's really about. To fail! #URL# </document>
<document> #USER# Please don't get shot while pranking.

Literally anyone driving around packing could have killed that guy. >></document>
<document> #USER# Add Flopped as a contact along with some other F words like Ducking, Ducked, etc. Please. >></document>
<document> #USER# If I had taken the time to delve into this topic we would never have come to an agreement on which stories were "falsehoods". Even if we could agree, posting a retraction or new story on a deep link or page six when you've been blasting it from the top for years isn't adequate. >></document>
<document> #USER# #USER# #USER# Come on #USER# was the moral highlander who said we shouldn't play poker online. >></document>
<document> #USER# #USER# My two recommendations are also correct. Though I try to go to the other places in El Dorado 🤦‍♂️ </document>
<document> #USER# #USER# #USER# #USER# Of course it has to do with defense, but I don't knoww I have never seen someone with more heart. Maybe with more than a couple weeks to prepare and a fight that's allowed to go the distance, he'll knock him out next time. >></document>
<document> “#USER#: I hadn't even posted my chip count on #USER# updates #USER# ” &gt; they actually only track notable players. >></document>
<document> #USER# #USER# I'll take Tiger over this clown any day. If you have to ask who the tiger is, then you are not informed. 😆 >></document>
<document> #USER# #USER# One guy looks ready for MMA, the other is hugging his girlfriend. It's not hard to predict what will happen next. >></document>
<document> #USER# #USER# #USER# I know the rule, but I always thought it was wrong: 1. I've seen the floor turn one card after another until they "spot" the player's hand. 2. The player should have protected his hand. In your opinion, once the hand has been mucked, the last hand remaining is the best hand. >></document>
<document> #USER# #USER# #USER# Sometimes the truth is hard for people to face. >></document>
<document> #USER# #USER# #USER# It's already being used at major international events and I'm sure it will be used in other places as well. Just a matter of time.

#URL# </document>
<document> #USER# Watch the Lamborghini scene from the Wolf of Wall Street and then decide. >></document>
<document> #USER# #USER# #USER# obviously there hasn't been any research into viral transmission and masks until this year. First time Fauci got a look at it. I can't believe you guys are poker players. Do you look at Fauci's body language and verbal cues when he speaks? Guilty! >></document>
<document> #USER# #USER# Mike had an insane ability to tell a story and the whole room just stopped. >></document>
<document> #USER# #USER# #USER# #USER# #USER# That's why it's important for someone to know their …. to discuss the facts.

Instead we have people signing letters saying the virus was naturally occurring only to later find out they were paying for research in the area where the initial outbreak occurred. >></document>
<document> #USER# #USER# He just whistled that the state superintendent's friend may have an illegal contract.

Shouldn't whistleblowers be #USER# protected? >></document>
<document> #USER# Not with two cards coming! My dad cheered the turn when I was in the #USER# main event one year. I gave him a 10 year ban! >></document>
<document> #USER# But the "cases" after a road accident are a serious indicator of the pandemic. >></document>
<document> #USER# #USER# Wait what happened to Donkey's caravan? We won? I didn't even look. >></document>
<document> #USER# #USER# He was rooting for you to go through with it. Congratulations on the deep ride. >></document>
<document> #USER# #USER# #USER# I get it, but 5 seconds is an eternity. How did the other events take place and when did they take place?

Basically every time I jumped into the pool to warm up my body ached.

Have I ever gone 5 seconds slower than an fa few weeks earlier in a 200 no way. >></document>
<document> #USER# This is the worst thing you've ever posted and no, it's not even pizza! I'm not sure why I'm so mad, it must be Twitter, but man, it should be illegal! >></document>
<document> #USER# #USER# I'm calling it #USER# the reverse jinx #USER# is going to drop this. >></document>
<document> #USER# #USER# Stop playing the fool.

I didn't say anything about any 'group', just that people assume the worst of those they disagree with.

Either way I won't bother addressing you further, you are banned from my feed. >></document>
<document> #USER# If vaccinated people have fewer symptoms (coughing and sneezing) how the hell could they get the same transmission? It does not make sense. >></document>
<document> #USER# Embarrassing #USER# you look like a nice guy, let's fix it. >></document>
<document> #USER# #USER# #USER# Honestly pretty stupid not to mention dangerous to be that drunk. >></document>
<document> #USER# Not at all the same my friend:

1. The risk of ruin is much higher in tournament poker than when a bad snap somehow turns into a touchdown.

2. Marauders have a much better chance in the second round with this decision. In a satellite, winning the last hand does nothing for you. >></document>
<document> #USER# #USER# #USER# And I'm sure you came from behind in the last 25 minutes to win by two seconds. Fastest to slowest in an entire season is also not the metric. We are talking about a couple of weeks. 5 seconds is an eternity. You are correct although this is entirely fair to all other competitors </document>
<document> #USER# If only #USER# hadn't grabbed the limelight, imagine how many 🐠 Varkonyi would have come into play with that extraordinary personality. >></document>
<document> #USER# #USER# No one wiser than you Norma:

One year in main facing a raise for most of my stack from #USER# I looked up #USER# and said "what would Norman do"? Next thing I knew all my chips were in the middle. >></document>
<document> #USER# #USER# Exactly. Seniors who tend to vote. >></document>
<document> #USER# #USER# Looks like another great trip to the Rio 🤦‍♂️ </document>
<document> #USER# Shipping oil around the world is better for the environment</document>
<document> #USER# I don't think I've ever seen a player with more shoulder control. >></document>
<document> #USER# #USER# #USER# #USER# People just regurgitate media headlines about what was said in the podcast.

The media twist reports to fit their narrative.

In the end, I don't give a damn what Fox or CNN or Joe Rogan think, I want the scientists to tell me why the scientist on Rogan is wrong. >></document>
<document> #USER# #USER# #USER# #USER# A friend of mine has a son who had very bad reactions to the vaccine as a child. As a result, your doctor does not want you to be vaccinated. Her college denied her medical exemption even though it was signed by her doctor. This is the kind of thing I'm 100% against. </documentt>
<document> #USER# A somewhat sad comment about our media always running around with fake stuff like this. The vast majority of people who oppose mask mandates don't care and would in fact support your right to wear whatever you want. That's their whole point. >></document>
<document> #USER# #USER# #USER# How selfish of you to consult a doctor before undertaking a medical procedure </document>
<document> #USER# #USER# Think this is what pensioners look like for restaurateurs? >></document>
<document> #USER# In short, I'd go with what feels comfortable to you and fix problems as they arise. I've seen too many cases where people are so focused on what they might need tomorrow that they find it difficult to deal with today's problems. >></document>
<document> #USER# #USER# #USER# #USER# #USER# #USER# I definitely wasn't happy with the changes I saw. Luckily life happened and they managed to free themselves. >></document>
<document> #USER# From the video it is difficult to come to any of your conclusions.

That said, you definitely don't have enough to call either a victim. >></document>
<document> #USER# You're not a bunch of scum, and finally this is about wsop. #USER# said something like bring the AK. He was talking about CARDS not guns! Yet it is banned for life. I really think you're a great guy but if I called here I think a disqualification from that event was appropriate. >></document>
<document> #USER# #USER# with paddles and fins how many world records could a retired swimmer break right now?

Now take them off, but swim like a girl.

Hormones DO NOT shrink hands and feet. Take what you want, for how long, but it will always create a level playing field </document>
<document> #USER# #USER# If you have symptoms get tested and stay home until you get the results and are symptom free.

Wearing a mask will not stop you from spreading covid.

Covid is spread much more effectively by people who cough than by those without symptoms. >></document>
<document> #USER# I think people will be pissed off anyway, but there's still a lot of work to be done on this. There's quite a bit missing on the mechanics of this one. >></document>
<document> #USER# #USER# #USER# #USER# It's been a long time #USER#TD What #USER# is alleged to have said is highly disputed, has not been heard by a Caesars employee, and is no worse than what #USER# said. Ultimately neither should be banned and Sam certainly paid the price. >></document>
<document> #USER# #USER# #USER# #USER# The biggest problem is that sick people don't stay at home. Like the guy below who apparently forged his travel documents to ride on a plane while testing positive for covid. #URL# </document>
<document> #USER# #USER# #USER# Hey, I'm in, but only because I'm a petty donkey-caravan lover. Good luck to us! >></document>
<document> #USER# My aunt and aunt used to work at Bike in the past. My aunt was in charge of a mixed game and my uncle was the floor. When my aunt messed with an oAt games my uncle would sit in the box and hear players complaining about his wife. >></document>
<document> #USER# The vaccine appears to be safe for the most part. That said, it's important not to spread misinformation. 1. Vaccinated people can and do spread covid. 2. While making a fake vaccination card is criminal, not being able to get your vaccine is more like a disability than being selfish. >></document>
<document> #USER# I'm the CEO of a software testing company, we'd be perfect, and I'm willing to help.

My passion is our 6-12 grade technical programs.

We do Microsoft Office Certifications (great for any career). I've been looking for something similar for kids headed towards technology. Willing to help? >></document>
<document> #USER# #USER# The conversation at this table would be well above average. Just remember that #USER# unscrew the lid of the Parmesan shaker and distribute the contents in the dish. >></document>
<document> #USER# If it was all the way without the risk of falling, I'd think about it for $5 million, otherwise I wouldn't do it for any amount. >></document>
<document> #USER# Dude, I'll be honest here dude. I know he wants to take responsibility for this and yes he had things that could have been done better but the man who arrived on the O line has to take responsibility here as well. How many times did he manage to fit in his pocket and throw? >></document>
<document> #USER# #USER# #USER# #USER# In case you don't know, this is a huge responsibility that shouldn't be taken lightly.

It's clear from his statement that he knows nothing about #USER# ></document>
<document> #USER# #USER# #USER# #USER# #USER# #USER# #USER# #USER# Call it what you want, but the fact is that Sean has made some big shots too. Kris took 70 while taking everything Sean had to give.

I'm not saying Kris was the favorite, but it's delusional to think that Sean couldn't have lost that fight. >></document>
<document> #USER# I can't help but notice that you were the one closest to the money. Maybe they should check your bag for the missing brick? >></document>
<document> #USER# #USER# Imagine if these clowns made their way: "Sorry sir, you swiped your chips too fast to the side." The same clowns 🤡 who didn't like Hevad Kahn partying. It's good TV, if you can't compose yourself while #USER# is swiping chips maybe you shouldn't be on day 5 of the ME. >></document>
<document> #USER# How about Mark convincing the stadium to stop serving prison food for a dollar? >></document>
<document> #USER# #USER# I think my ears are bleeding every time his voice screeches. It wouldn't surprise me to know that he has a financial position that affects these comments. >></document>
<document> #USER# #USER# #USER# If so, I see no reason why they shouldn't continue their season #HASHTAG# </document>

</author>