
	
		<document> obviously the correct answer when choosing to have to be racist or transphobic in front of libs is to be transphobic. “being racist” still means something the normies the way “being transphobic” simply doesn’t. ></document>
		<document> #USER# wow full circle. it’s like his own personal “is it your money” moment. #URL# ></document>
		<document> i simply do not give a fuck about anything that may or may not have happened to any ethnic or religious community anywhere in the world for any reason if it’s the reason you’re trying to police the discourse in 2021. ></document>
		<document> #USER# okay well i’m referring to sam river gian and their orbiters. do with that information what you will. 🤷🏻‍♂️ ></document>
		<document> leave it to radical feminists to live in 2022, see the all out assault the left is waging on normal people, and pearl clutch over the funny jokes of people who agree with you about the left and are explicitly not feminists. ></document>
		<document> #USER# yeah but i’d feel bad cause i know she’s just a mentally ill psy-op victim. jordan peterson talks about this in his talk with paglia ></document>
		<document> if no one bought any merch, i’d buy my ticket to afghanistan myself and i’d be able to do it without asking my upper middle class nigerian parents (thanks for the melanin!) or sucking methheads off in the florida panhandle to do it. 

get a fucking job 🙄 ></document>
		<document> if pressed on this, like the GOP leftist he is, he’ll say some shit like “*trans*men can, but *trans*men are *trans*men” instead of saying. transwomen are men.  and transmen are women. it’s the GOP leftists mystification technique. see #USER# do it here: #URL# #URL# ></document>
		<document> #USER# obviously not because it’s a disgusting and repugnant take on it’s face. my question is why people like you think you’re saying something relevant by dismissing the clip for its age. ></document>
		<document> the left: trans people are working class!

reality: #URL# ></document>
		<document> #USER# if someone claims to have a “gender identity” they are signaling that they are an anarchoradlib utopian socialist aligned with the democratic party and the woke bonapartist faction of capital (tech pharma defense finance) &amp; the deep state. saves a lot of time ></document>
		<document> #USER# look at my libertarian editor bro, we’re gonna end up in a bio-security state 😔 ></document>
		<document> #USER# #USER# #USER# you see. it’s called living in material reality. the thoughts in my head and what i consider myself are not what make me a man. if you guys we’re idealist anti-marxist utopian socialists. you’d know this. see #USER# at 28:00 #URL# ></document>
		<document> “these take-sellers and cryptoleftists don’t even interact with him, why is he still critiquing their politics and the role they play in the discourse”

-literally the first person to accuse you of being “parasocial” with media people #URL# ></document>
		<document> ur tax dollars r being spent to indulge the regressive sexist delusions of criminal lumpen in prisons - who at any moment can be placed in womens prisons to threaten their safety at their most vulnerable. leftists when presented with these facts will tell u ur doing culture war #URL# ></document>
		<document> i’ll never forget back in august when the Afghan puppet regime’s “National Army” was posting shit like this right before it dissolved into thin air. #URL# ></document>
		<document> that twinkrev orbiter who loves mel gibson is the biggest two faced fence sitting 🚬🐐 i’ve ever seen in my life. will like every negative tweet about me then when in a voice chat together “oh i listened to barebactrian it was good ☺️” ></document>
		<document> hey. this guys 100% new to twitter. never seen him before, but i think you should all follow #URL# ></document>
		<document> why does he look like a white joanne the scammer #URL# #URL# ></document>
		<document> #USER# LOL i wish! the left are anti-marxist utopian socialists with anarchist tendencies. they’re transhumanist scum. please don’t compare them to the chinese. the CCP have *built* the anglosphere left can only *destroy* ></document>
		<document> calls for representation are just disguised requests for a category in pornhub so that you can leverage an implanted fetish to your sexual benefit ></document>
		<document> the mall downtown is a ghost-town, and after seeing it packed during the holidays, it’s kind of a black-pill, these bug men don’t want to return to normal. ></document>
		<document> i think more people should watch this season of drag race. it feels like the absolute cutting edge of the progressive project: from gender to covid ></document>
		<document> catch up on episode one here and help support my trip to The Islamic Emirate of Afghanistan by buying some overpriced merch at #URL# #URL# ></document>
		<document> leftists are always trying to convince non-leftists to be leftist-lite 

“listen i don’t need you to agree with transing EVERY 8 year old, but we do have to agree that some men give birth if we’re gonna get everywhere” #URL# ></document>
		<document> #USER# which is y its such a ball of wax that is impossible to make make sense. the amorphousness is its strength. that way the lefts friends can spew the most regressive nonsense but ppl outside the left can be unpersoned for stating biological facts that werent controversial 5 yrs ago ></document>
		<document> #USER# trust the science™ : the science that says masks and lockdowns work. that the jab is safe and effective. that the world is ending in 12 years from climate change. that there are six sexes and that caitlyn jenner is a woman. ></document>
		<document> fellas. this big fat transphobe shows up to your new years party with a huge tray of shrimp, you letting him in? #URL# ></document>
		<document> the left coalition is animated by a worldview that hates nature, the human body, &amp; the material world itself. its no wonder so many of their projects: from abortion to girlbossery to gender ideology prey on women bc they are the singular manifestation of all the things they hate ></document>
		<document> there is the left bonapartist faction in power currently and and their PMC-lumpen footsoldiers. it is the left and the anti-left. the most far right wignat boogeymen that cryptolibs point to as representative of the masses to mystify for the left are not an organized force ></document>
		<document> “call me fragile one more time mf” #URL# ></document>
		<document> mine is fully addressed and therefore my politics are perfect #URL# ></document>
		<document> you cant bully someone who is bullied by mirrors and reality itself. ></document>
		<document> someone doing the work for the left (consciously or as a useful idiot), will tell you this man isn’t a conservative..but then again theyll also tell you some men are women and that passing laws to put them in women’s prisons is “culture war” #URL# ></document>
		<document> knowing and being vocal about knowing what a man and woman is isn’t the same as explaining it’s connection the the leftist project and presenting it as a litmus test to weed out the post leftist leftists months before they exposed themselves ></document>
		<document> the “in the pants” line is really cute coming from NAMBLA leftists. but fine idc what’s “in your pants” what was written on your birth certificate under “sex” #URL# ></document>
		<document> these people are gonna pretend people weren’t telling them at the time that this is what the lockdowns and the CARES Act were for. even worse they’re gonna pretend they were on the other side of the issue. #URL# ></document>
		<document> #USER# im just informing you. im literally not asking/telling you to do anything. my point being i’m not trying to be coy/cute about who/what i’m referring to. ></document>
		<document> idc how petty it is, i like to be told what’s said about me behind my back. ></document>
		<document> #USER# in this acute moment of crisis beginning in march 2020, it’s the left and everyone else. #URL# ></document>
		<document> #USER# a democrat will always accuse their enemies of exactly what they’re guilty of ></document>
		<document> so why was MSNBC re-airing it between segments in the fall in the context of the VA gubernatorial race? #URL# ></document>
		<document> something tells me it won’t be a male juvenile facility. but according to leftists this is okay because we haven’t spent public fund building a separate special wing for the “LGBTQ” lumpen #URL# #URL# ></document>
		<document> “omg why are they doing X? “Trans people” dont even want X! No “real trans person is asking for X”nnsweetie i hate to break it to u. its ideology. its useful. it serves a material purpose &amp; benefits the left. it has nothing to do with ppl diagnosed with so-called gender dysphoria #URL# ></document>
		<document> not that being offended matters for shit but also as a man it’s offensive cause this roided out chick and think she can talk to me like a man but if civility breaks down and i was to lay him out like an actual pipsqueek man i would be in the wrong for hitting a woman #URL# ></document>
		<document> this mf a mf’ing court jester #URL# ></document>
		<document> River: “me and my cool trans friend are totally not leftists doing the work for the left. basil is just autistically obsessed for no reason. pay no attention to the man behind the curtain with the bolt on tits” #URL# #URL# ></document>
		<document> also i’m gonna delete the tweet cause i know they’re gonna report it and they already have the screen shots. you’re not gonna get me again bitch #URL# ></document>
		<document> this is y u shouldnt argue w pple who claim to have a gender identity or that men can be women. its not abt truth or the mentally ill ppl it claims to benefit. its abt advancing the left’s interests thru institutional capture. reject it wholesale &amp;dont get mired in their bullshit #URL# ></document>
		<document> if they get away with it, the next psy-op leads to the camps for real not this little australian dry run. #URL# ></document>
		<document> also who cares when something goes viral, did this bitch not say it, and was it not a dem party line in fall 2020? it’s a distraction technique. ></document>
		<document> also, what the fuck do i keep telling you people (this is not that far off) #URL# ></document>
		<document> #USER# #USER# “$5.99 to see me work through my ‘darker aspects’ 🤫😉” ></document>
		<document> #USER# isnt western civilization a small price to pay so that black male junkies selling bussy in a wig can feel affirmed ></document>
		<document> i don’t know any of the three of you from anyone and i don’t know your cool trans friend. i dont owe you or him anything and don’t come out here and fucking peal clutch over some f and t words. give me a break it’s such theater #URL# ></document>
		<document> if the GOP wasn’t crawling with leftists they’d tweet this clip with the caption “The Dems Getting A SCOTUS Confirmation Vote Before The Midterms:” #URL# ></document>
		<document> #USER# “siri, show me someone who pays for sex”

siri: #URL# ></document>
		<document> gay leftists will make their whole schtick being gay south of the mason-dixon line and still want to talk abt fashion like some yaaas gawd mawma brooklyn fashion 🚬 ></document>
		<document> gender is not an identity. its not something u *have* or *are*. its a set of stereotypes imposed by society on either of the 2 sexes &amp; is unique from culture 2 culture &amp; w/in cultures thru time. “gender identity” is a pseudoreligious concept that marks u as a dem footsoldier #URL# ></document>
		<document> push back even for a second and these people’s whole world falls apart. but at the same time they’re groping at pseudo-academic tumblr bullshit, they’re also 100% certain that we need to pass the Equality Act and DO MORE for “trans rights” #URL# ></document>
		<document> you’re a literal fucking NPC doing a fucking “does not compute” cause your little lib brain - so much more enlightened than the chud masses who were right all along - cannot handle the truth in front of your eyes. may God strike you and your ilk blind! #URL# #URL# ></document>
		<document> put leftists on the defensive. if they want to upend what you and i and our ancestors since time immemorial have known, if they want us to deny the reality in front of our eyes, the burden is on them.nnsewer side statistics and judith butler and appeals to kindness are NOT enough #URL# ></document>
		<document> saying u believe that ANY man (even ur bestie) can be a woman is like keeping a membership card to an org u claim to not be a part of, if some1 claims to be anti-left but squirms when presented w the 🌿💊 its bc they dont want to be untethered from the left - just *look* like it #URL# #URL# ></document>
		<document> smart reasonable people avoid me because their dumb unreasonable crypto-leftists have done nothing but slander me for months to distract from the fact that they think men who say they’re women should be housed in women’s prisons. it’s tragic. #URL# ></document>
		<document> the amount of times in the past couple months i’ve googled something and then had to switch over to duckduckgo because it’s literally suppressed by the alphabet algo is insane. i hate hearing about muh china from anti-leftists. ></document>
		<document> #USER# someone calling you transphobic means you’re right 95% of the time ></document>
		<document> #USER# homosexual?! no sir - i don’t essentialuze my sins as some innate part of my character like some western modernist. im simply a failed man arrested in my phase as a sodomite. ></document>
		<document> #USER# the “covid litmus test” pill has long been in production by #USER# industries. for best results take in conjunction the basil pill. #URL# ></document>
		<document> GOP leftists, man smh. we’ve gotta lot of work to do. #URL# ></document>
		<document> i cant believe people listen to this. and these people think they’re anything other than regime footsoldiers #URL# ></document>
		<document> there’s a dr. umar clip when he’s talking about black men who marry white women and says something like “you can be in the organization…but you can’t be in leadership!”nni cant find it anywhere. help! ></document>
		<document> #USER# “listen sweaty, here’s how it’s gonna go down. okurrrr, mawma?” ></document>
		<document> the left is explicit about this. see this melissa harris perry MSNBC promo/Terry McAuliffe gubernatorial ad: #URL# #URL# ></document>
		<document> now that i have dropped the second episode of #USER# (#URL#) i will be searching the word “podcast(er)” and assuming every negative tweet is about me. ></document>
		<document> #USER# those people are my ethical superiors and i’ll be the first to admit it ></document>
		<document> pray for the pureblooded PMCs who are in/re-entering a covid-tarded job market (me). ></document>
		<document> also please note the first thing out of this dumb bitches mouth when asked for a reason she doesn’t like trump. what do i keep telling you people #URL# ></document>
		<document> #USER# #USER# #USER# #USER# a whole fucking poltical project based on a misreading of de beauvoir ></document>
		<document> the left is a funnel into an ever-shrinking insane asylum filled w babbling r-words. outside of that is a expansive sun-soaked pasture filled w interesting ppl thinking, laughing, discovering novel &amp; forgotten truths. its truly night &amp; day &amp; i cant imagine preferring the former ></document>
		<document> this person just won best actress in a tv drama at the golden globes #URL# ></document>
		<document> leftist take-sellers whose “whole thing” is being a 🚬🐐 south of the mason dixon after they choke on the basil pill: “he’s a one trick pony, his whole thing is hating stunning brave beautiful trans girliessss 💅”

meanwhile in reality: #URL# ></document>
		<document> not hard to comprehend. just not true. nnleftists confuse rejection of their nonsense for not understanding it. nneduction to them is ideological browbeating #URL# #URL# ></document>
		<document> wait. so you’re telling me if one person in a group chat blocks you, you get booted from the chat? is that how that works? can someone confirm? ></document>
		<document> i wanna QT and be like “God bless your blind mother” #URL# ></document>
		<document> #USER# i say just saying let’s give the xianjang method a try before we write them off completely ></document>
		<document> #USER# yeah i listened to the latest episode last night and couldn’t help but roll my eyes at the trans related banter. it’s like wtf are you afraid of? ></document>
		<document> The Lion of Damascus has said all there is to say on the Foreskin Question #URL# ></document>
		<document> they know what they’re doing. it’s party discipline. it’s a way for the good leftists to affirm their allégeance and the dumb souls stupid enough to try to debate them out of their material coalition with tech and pharma is how they get sussed out #URL# ></document>
		<document> #USER# oh love this guy. was super nice and civil with me then out of no where accuses me of perverting islam and compared me to abusive catholic priests and posted about wanting to k-word me everytime he sees a post of mine 🥴 ></document>
		<document> leftists think the world started in the 1960s. in their anarchoradlib cosmology the founding of The Center For Cultural Freedom was the Big Bang. the leftist in 2021 really believes that the post-hormonal birth control society we find ourselves in is the norm. ></document>
		<document> “An ambient threat of violence that is so well known to women and POC.” #URL# #URL# ></document>
		<document> #USER# 😂😂😂 omg those spaces are either the best or worst there’s no in between ></document>
		<document> the guy on the left is a democrat the guy on the right is a post-left/left dissident/communist/anarchist/ML

both their party lines are that some men are women #URL# ></document>
		<document> leftists: i can’t reject gender ideology wholesale because i have a really cool trans friend™ who really just wants to be left alone™ she just wants to pee™ nnthe cool trans friend™: #URL# ></document>
		<document> #USER# lmfao soros funded and all. like why do you think he was on CNN? the peal clutching from river was always so fake and gay. it’s so obvious what they’re doing. they just don’t want it pointed out. #URL# ></document>
		<document> #USER# that whole first sentence is a crime!! and i think you’re probably right. ></document>
		<document> guy sees my trump 2024 sticker slapped over my bernie 2020 sticker: “you’re not like a republican are you?”

me:
 #URL# ></document>
		<document> #USER# many such cases. they love to tell you about the mythical working class gender goblin but they never seem to work - just gofundme, onlyfans, or selling bussy on the street - sometimes the occasional tech industry pervert but those people are class traitors anyway ></document>
		<document> people who will tell you they think this is a woman love telling you about the plight of “muh women and girls” in afghanistan #URL# #URL# ></document>
		<document> #USER# ..anger? okay.  well are you gonna and we the question..or? ></document>
		<document> i always think about being in con law &amp; having my prof tell us that despite never being overturned, the govt would never rely on Korematsu to intern americans in the 21st cen&amp; then the govt citing it during the travel ban. theyre gonna put us in camps the sec they get the chance ></document>
		<document> we’re coming up on a year of basils inquisition in a couple months. it’s really this simple.

when it comes to laws, government IDs, and public school curricula, sex &amp; “gender identity” cannot be confused and anyone trying to distract you from this simple truth is a f-word r-word #URL# ></document>
		<document> #USER# amazing photo and provenance here’s mine with my grandfather in the middle #URL# ></document>
		<document> leftist will say its cause reddit when we all know it’s cause trans #URL# ></document>
		<document> so glad i got to drop my latinx gem in the space #URL# #URL# ></document>
		<document> people like this are too dumb to realize that this hurts them and helps their enemies. they’re critiquing the excesses to reify the premises. #URL# ></document>
		<document> #USER# imagine of all things larping as a log cabin republican. lmao it’s only a hair less embarrassing than larping as a maoist, barely even that much less tbh. ></document>
		<document> gotta love when the edgy marxists are even later on covid than bari weiss ></document>
		<document> #USER# still ill is about immigration, globalization, and brexit. no one can tell me otherwise. ></document>
		<document> you don’t give them an inch.  you don’t play their games. you don’t say “gender goblin” or the t word and you stick to reality. #URL# ></document>
		<document> #USER# right wingers are literally ANTI racist. they’re the ones fighting against the institutional reification of race in the 21st century.

also: #URL# ></document>
		<document> afghans talk in pashto in their spaces specifically to exclude me cause i’m transphobic. #URL# ></document>
		<document> #USER# #USER# im not familiar with your work. the tweet came up on my tl and highlighted a point about the connection between these two concepts. i take it you don’t think men can be women. so you could just say that instead of pulling a “do you know who i am??” ></document>
		<document> “me and my girlies at the gay bar call drag performers she and her so that’s why i think you’re autistic for saying men can’t be women” 

🥴

anyway, reminder: #URL# ></document>
		<document> there’s is no right wing. there’s is only the left. it’s coward enablers and the anti-left. ></document>
		<document> #USER# im not confused about this im referring to having a preference among the dozens and hundreds on uninteresting duplicitous homosexuals ive had to come across being in this corner of twitter ></document>
		<document> #USER# exactly. the system is reified not through the ballot box but through the cable box.  not by politicians but by black girl magic HR bosses. they want it to be culture war because it advances the interests of the left #URL# ></document>
		<document> #USER# yeah she had some weird hbo special that i saw which confirmed for me that she’s some kind of albanian mafia op along with every other albanian popstar ></document>
		<document> “LOL at these non-binary furry freaks!”

“haha did you see RuPaul has a song with the t-word in it?!”

“muh m&amp;m’s”

“basil is autistically obsessed with trans girls” #URL# ></document>
		<document> really comes down to nations being free to chart their own course in a way that reflects the character and interests of the populace governed. liberals fetishize the form of western liberal democracy and forget its essence. #URL# ></document>
		<document> gets blocked by basil, immediately positively QTs contrapoints #URL# ></document>
		<document> “TERF”
it’s the single thing that unquestionably marks you as outside the left coalition, this should make you wonder when someone who claims to oppose the left cannot bring themselves to reject gender ideology #URL# #URL# ></document>
		<document> coming on this app and being reminded of how thoroughly psy-op’d people are is so depressing ></document>
		<document> they, like all people outside the left coalition are suffering under their cultural revolution which began during obama’s second term when the left made it explicit that they were going to capture every institution through DEI and Gender ideology ></document>
		<document> two more of them aren’t worth naming cause they closed up shop when it became to difficult to straddle the line between being a leftist and not being *one of those leftists* after they expended anti-left cred elevating a hulking [t-word] for his sex-work take ></document>
		<document> imagine the taliban FULLY cooperating with the US on its withdrawal and still bungling it that badly. truly the work of the sharpest mind in politics: Joseph Robinette Biden Jr. #URL# ></document>
		<document> my shit is all on the timeline, you all can clearly see who i like who i don’t who i think is doing the dirty work for the left etcnnthe leftists that I expose will publicly call me deranged and obsessed while privately they slander and lie on my name in various GCs ></document>
		<document> #USER# JUST Egg: the egg-substitute of raceplay fetishists everywhere™ ></document>
		<document> #USER# #USER# i dont like being nice to, civil with, mutuals with people that are kiki’ing at my expense. especially if the critique isn’t a poltical one but “basil’s so cringe and autistic and annoying amirite??” ></document>
		<document> #USER# 1 conservative that wants to conserve liberty and reality and not Israel and defense and pharma profits is better than 10000 leftists ></document>
		<document> this is what it looks like to be straight up with a man whose spiritually a woman/f-word #URL# ></document>
		<document> men pretending to be women: top jeopardy earner, best actress nominee, top paid CEOs, demolishing women athletes, coercing “lesbians” to sleep with them

women pretending to be men: free-bleeding for attention 😂

 #URL# ></document>
		<document> #USER# i’ve been trying to tell people this for almost a year but they sure do love their edgy left-dissident leftists. especially the ones that are super edgy™ in the DMs ></document>
		<document> gay leftist: *makes a bog standard dirtbag tweet that blows up*

“i hope i don’t end up in a black site 😂” #URL# ></document>
		<document> #USER# 100% i cant believe someone whose been knee deep in some of this shit. knows what’s happening can still say the things she does. just mealy mouthed both sides shit. and she claims to not be a leftist 😂 ></document>
		<document> when i ask someone, “can a man be a woman?”

and i get back: “uhm..well..you know…” #URL# #URL# ></document>
		<document> first of all fake. 

even if it wasn’t. wake me up when they can burn down the city and beat up innocent people who don’t agree with them with impunity with the full backing of tech, pharma, defense, finance, the deepstate, and the regime media. #URL# ></document>
		<document> #USER# the former is a person who has essentialized their attraction to the same sex to be an immutable part of who they are - the modern/western “LGBT/homosexual” - who became dissolutioned with the left around 2019/2020. the latter is me. ></document>
		<document> #USER# the only ones i’ve seen are vindictive scheming lying leftist 🚬🐐s. some, im sure, are good people #URL# ></document>
		<document> the amount of times i avoided cracking jokes on that fucking defensive lineman with bolt-on tits cause i didn’t wanna legitimize the twinks lies about me..no more. ></document>
		<document> #USER# duly noted. it’ll probably be less than 4 weeks so it sounds like the end of april might be the best time? ></document>
		<document> “abolish medical hate keeping”

pharma execs: #URL# #URL# ></document>
		<document> #USER# #USER# i agree our they/them army would likely get its ass handed to it but less bc the institution has been ideology captured by the left (a defining feature of which is gender ideology) but bc of the more practical considerations of supply lines &amp;such. but iA i doubt itll come to that ></document>
		<document> #USER# im more of a public caning or other corporal punishment so she can reform herself and be a mother to her kids but i get what you mean. she just needs deradicalization ></document>
		<document> this is lazy hamfisted grafting of western critical race theory onto the afghan context where pashtuns take the place of white people and every other ethnic minority takes the place of BIPOC #URL# ></document>
		<document> lol at my favorite pornstar being in this space. he probably hate me now 😔 ></document>
		<document> im a generous king so ill do it for $50 a pop. #URL# ></document>
		<document> i just cant even begin to think of the extent of what they’ve stolen from so many people. it’s enough to make you cry, it’s enough to make you scream. ></document>
		<document> it’s actually illegal to notice and remember things from more than a week ago. i’m sorry, but you’re under arrest. #URL# #URL# ></document>
		<document> please dont say anything about this. the [f-word] former twinkrev orbiters really dont like it when u say mean things about [t-words] bc they also apply to their totally cool, normal, chill trans friends. so please just politely do &amp; say nothing as this captures every institution #URL# ></document>
		<document> may Allah strike down every woke/liberal “muslim” #URL# #URL# ></document>
		<document> my biggest haters are like 5  degenerate homosexuals, an FTM, a blue bearded he/they, a scheming nigerian, a literal meth head, the left’s resident hip hop blasian, &amp; a bunch of unhinged radfems. nnwhy would u want to count urself among the basil-haters. verily they r the losers ></document>
		<document> #USER# i have some family in kabul &amp;mazar. but tbh i’ve relied a lot on the content creators &amp; journalists &amp; just reg afg i’ve come across on twitter to fill in the gaps for me. i’d suggest following ppl like #USER# #USER# #USER# #USER# #USER# #USER# ></document>
		<document> how many fake illnesses can you realistically expect people to care about #URL# ></document>
		<document> im sure boofing crack gave you the same feeling. you two faced junkie ></document>
		<document> it’s because the interconnected nodes of the bonapartist left project require u to simultaneously reify race (to divide workers, push their loyalists through instituons, discipline workers police discourse, and destroy social bonds) while also dismantling gender for same ends ></document>
		<document> social workers and NGO bugmen are the secret police of the bio-security state. #URL# ></document>
		<document> #USER# not an affliction. just a sin and a weak will. thank you for the offer. i love the prophet Issa, but i’m gonna stick to the one final unaltered revelation from the God of Abraham. let’s us work together against our common enemy. the anglo-american financial empire #URL# ></document>
		<document> #USER# #USER# so why were they replaying it between segments online this fall leading up to the McAuliffe race? 🤔🤔 ></document>
		<document> forget sports, is it not weird to u how women who pretend to be men aren’t clamoring to get into mens prison.

this is what i mean when i say even gendergoblins know the truth about men and women. it’s just the extent to which they’ll lie to ur face to push the agenda forward ></document>
		<document> march 2020 triggered an acute crisis that is going to last at least through the end of the decade. the left crossed the rubicon when they locked you in the house over the flu and put the class-war-as-culture-war into overdrive. it is not politics as usual. ></document>
		<document> #USER# #USER# that’s the minority that the left uses as a human shield. most people who claim that they and by extension everyone have “gender identities” (a lie) are just annoying theater kid leftists see top tweet from this: #URL# ></document>
		<document> “changing the stereotype” by knowing of these two concurrent manifestations of gender ideology. these people have fully internalized the hillary clinton line about “vast right wing conspiracies” #URL# ></document>
		<document> when the nigerian let her mask slip, who were the two agreeing with her? #URL# ></document>
		<document> libera imperialist can never just mind their own business #URL# ></document>
		<document> #USER# PhD ..”candidate” is my favorite
like bitch, i *too* do not have a PhD 😂 ></document>
		<document> #USER# went from mutuals for months and stuff like this to two months after this comparing me to abusive carbolic priests for “perverting” the institution of islam by being mildly horny on the TL from time to time #URL# ></document>
		<document> the left will destroy every institution you let them and the way they’ll do it is through CRT/anti-racist neoracism and through gender ideology. the gender ideology is the easier to reject wholesale #URL# #URL# ></document>
		<document> EVERYONE SHUH! a pureblood is asking a question: #USER# #URL# ></document>
		<document> #USER# #USER# cant have your cake (cock) and eat it (enter women’s spaces) too ></document>
		<document> its very easy to imagine an ally support a policy thatll financial benefit them 

the REAL easiest litmus test is: do they think men can become women &amp; do they think that men who say theyre women should be housed in womens prisons 

anyone who cant immediately say NO is  ur enemy #URL# ></document>
		<document> you can begin to say it on MSNBC/CNN, but don’t you dare lay it out succinctly on twitter dot com. #URL# ></document>
		<document> seeing “💉💉💉” in a leftist’s bio and not being sure if it means they’re triple jabbed or on HRT ></document>
		<document> claiming to have a gender identity is the pledge of allegence to the left coalition. friends are rewarded. until the age of 44 this person was the lefts enemy. she slapped some pronouns on her bio like a brown shirt slaps on his red band and BOOM she’s one of them #URL# ></document>
		<document> #USER# Inna lillahi wa inna ilayhi raji'un 

"Verily we belong to God and verily to him do we return."

my condolences for your loss. may God give you and your your friend’s family and friends patience during this difficult time and may paradise be your friend’s resting place. ></document>
		<document> me when i start talking about based sodomites vs cringe homosexuals and being a failed man arrested in his phase as a passive sodomite, yet-unreformed: #URL# ></document>
		<document> the left is a mental asylum filled w mentally ill freaks in straight jackets smearing their shit on the wall trying to read the streaks like tealeaves while blue checks come around like nurse ratcheds to administer doses of accountability™ when a patient step too far out of line #URL# ></document>
		<document> being a leftist means constantly bickering with other leftists to prove your not like those other leftists like gian’s doing rn ></document>
		<document> this is what i mean by a “GOP leftist” along with the likes of romney crenshaw chaney mcconnell etc. they advance the interest of the woke bonapartist faction of capital from the other bourgeois party  and they must be purged #URL# ></document>
		<document> #USER# the most duplicitous will at the same time tell you that they fear the backlash to openly rejecting gender ideology while denying its material importance and handwaving it away as culture war ></document>
		<document> #USER# #USER# i dont believe in your democrat religion. go whip votes for dems and funnel profits for pharma and empower tech censorship and mutilate working peoples children somewhere else. your nonsense has no power outside your DSA meetups ></document>
		<document> #USER# where only the best and brightest anti-leftists cut their teeth ></document>
		<document> i have no enemies to my right bc “the right” is a bourgeois illusion. the left &amp; right r 2 wings of the same corporate uniparty. there are “leftists” (ppl alligned w the bonapartist faction currently in power) on both sides. its the left, their cryptolib enablers, &amp; everyone else ></document>
		<document> the fight for “trans rights” boils down to:

1) freedom from offense
2) the freedom to get the left’s enemies unpersoned
3)unfettered access to women’s single sex spaces
4) the right to groom ur kids
5) state sponsored tit jobs, jaw shavings, and cosmetic double mastectomies #URL# ></document>
		<document> im less of a take-seller and more of a gofundme gender goblin cyber-beggar. that being said check out #URL# ></document>
		<document> #USER# #USER# he lives rent free under libs skin AND I LOVE IT ></document>
		<document> #USER# #USER# #USER# #USER# #USER# #USER# #USER# 😂 just introducing him to a corner of afghan twitter that i think is filled with smart interesting honest people who love their country and people. ></document>
		<document> #USER# “yeah no i never hated the poors or wanted to exterminate the blacks like the right wingers - like keith woods and other representative figures of the american right - wanted to. those people were so cringe and obsessed with culture war and hating gorgeous trans women” ></document>
		<document> it was NOT like this on the timeline in march 2021 wrt the gender question. it was a humungous elephant in the room that no one would touch. wonder what changed? #URL# ></document>
		<document> “yeah this dumb theater kid mutilating/sterilizing herself is insane..but men who say they’re women should definitely be housed in women’s prisons” 🥴 #URL# ></document>
		<document> #USER# #USER# no yeah i get that. it’s fine. it just makes me feel weird to talk like that myself. so i just don’t want anything to do with it. ></document>
		<document> throwback to the space that got my account nuked #URL# #URL# ></document>
		<document> #USER# it’s been like this since the summer basically just with different songs rotating near the top #URL# ></document>
		<document> #USER# #USER# shes a leftist who has spent the last year&amp; a half pretending not to be. she has recently decided that her brand can no longer accommodate her rubbing elbows w the “bad reactionary rw’ers” so shes returning to the safety of the left to join crk &amp;river as they replace the dirtbags ></document>
		<document> #USER# #USER# mentally ill pervert leftists. when you’ve met one you’ve met them all #URL# ></document>
		<document> gotta love that the NEW YORK times can only mildly critique this by pointing a finger at an official state enemy while all their readers were calling themselves cuomosexuals as he single handedly orchestrated a genocide of the elderly #URL# ></document>
		<document> just like u see one of the twinks silently, w/out comment, retweeting jermey loffredo’s bangers from august, ur gonna see them start to poke at gender ideology probably around the end of 2022 after the midterms ...&amp; do u think theyll apologize to ole basil? i wont hold my breath ></document>
		<document> #USER# how much you wanna bet he thinks “transwomen are women” 😂 ></document>
		<document> #USER# #USER# you presume correctly. i wouldn’t meet up with someone who isn’t fully inoculated with the basil pill on the TQ. cant risk catching leftism. the newest variants are especially dangerous. ></document>
		<document> ask the left-dissident gay men in your orbit how they feel about it and watch them reveal themselves to be edgy democrats. #URL# ></document>
	
</author><document> obviously the correct answer when choosing whether to be racist or transphobic in front of libertarians is to be transphobic. “Being racist” still means something to norms, while “being transphobic” just doesn't. >></document>
<document> #USER# wow closed circle. it's like his personal "it's your money" moment. #URL# </document>
<document> I just don't give a damn what may or may not have happened to any ethnic or religious community anywhere in the world for whatever reason, if that's why you're trying to control the discourse in 2021. </ document>
<document> #USER# ok well I'm referring to sam river gian and their orbiters. do with that information what you want. 🤷🏻‍♂️ >></document>
<document> let radical feminists live in 2022, see the all-out assault the left is making on regular people, and grab the pearls on funny jokes from people who agree with you on the left and are explicitly not feminists. >></document>
<document> #USER# yes, but I would feel bad because I know that he is just a mentally ill victim of a psychological operation. jordan peterson talks about it in his talk with straw </document>
<document> if no one bought merchandise, I'd buy my own ticket to Afghanistan and could do it without asking my upper-class Nigerian parents (thanks for the melanin!) or sucking meth in Florida begging to do it.

find a fucking job 🙄 </document>
<document> if pressed on this, like the GOP leftist he is, he'll say some bullshit like "*trans*men can, but *trans*men are *trans*men" instead of saying. transwomen are men. and transsexuals are women. it's the GOP left's mystification technique. see #USER# do it here: #URL# #URL# ></document>
<document> #USER# obviously not because it's a disgusting and repulsive version of his face. my question is why do people like you think you are saying something relevant by ignoring the clip for its age. >></document>
<document> the left: trans people are working class!

reality: #URL# ></document>
<document> #USER# if someone claims to have a "gender identity" they are reporting that they are anarchoradlib utopian socialist aligned with the democratic party and the awakened bonapartist faction of capital (tech pharma defense finance) &amp; the deep state. saves a lot of time </document>
<document> #USER# look at my libertarian editor brother, we will end up in a state of biosecurity 😔 </document>
<document> #USER# #USER# #USER# see. it is called living in material reality. the thoughts in my head and what I consider myself are not what make me a man. if you guys are idealist anti-marxist utopian socialists. you would know. see #USER# at 28:00 #URL# ></document>
<document> "these vendors and crypto-leftists don't even interact with him, because he is still criticizing their politics and the role they play in the discourse"

-literally the first person to accuse you of being "shareholder" with the media #URL# ></document>
<document> your fee dr-dollars are spent on pandering to the regressive sexist delusions of criminals imprisoned in prisons - who at any time may be locked up in women's prisons to threaten their safety at their most vulnerable moment. leftists when presented with these facts will tell you that you are waging a #URL# ></document> culture war
<document> I'll never forget August when the Afghan puppet regime's "National Army" published such bullshit just before it dissolved into thin air. #URL# </document>
<document> that twinkrev orbiter that Mel Gibson loves is the biggest sitting two-sided fence 🚬🐐 I've ever seen in my life. i will like every negative tweet about me then when in a voice chat together "oh i listened barebactrian that was cool ☺️" </document>
<document> hello. these guys are 100% new to twitter. I've never seen this before, but I think you should all follow #URL#></document>
<document> because she looks like a Joanne the white con artist #URL# #URL# </document>
<document> #USER# LOL I wish! the left are anti-Marxist utopian socialists with anarchist leanings. I'm transhumanist scum. please don't compare them with Chinese. the CCP *built* the left Anglosphere can only *destroy* </document>
<document>representation requests are just disguised requests for a category in pornhub so that you can exploit an implanted fetish to your sexual advantage</document>
<document> the downtown mall is a ghost town, and after seeing it full during the holidays, it's a kind of black pill, these bug men don't want to go back to normal. >></document>
<document> I think more people should watch this drag racing season. seems to be the absolute spearhead of the progressive project: from gender to covid </document>
<document> Catch up on the first episode here and help me support my trip to the Islamic Emirate of Afghanistan by purchasing overpriced merchandise at #URL# #URL# </document>
<document> the left always tries to convince non-leftists to be leftists

"listen, I don't need you to agree to transing EVERY 8 year old, but we have to agree that some men give birth if we're going to get anywhere" #URL# ></document>
<document> #USER# which is y is such a ball of wax that it is impossible to make sense. the amorphous is its strength. that way friends on the left can spew the most regressive nonsense, but people outside the left can be disembodied to state biological facts that weren't controversial 5 years ago </document>
<document> #USER# trust the science™: the science that bezels and locks work. that the shot is safe and effective. that the world will end in 12 years from climate change. that there are six genders and that Caitlyn Jenner is female. >></document>
<document> guys. this big fat transphob shows up at your new years eve party with a huge platter of prawns, do you let him in? #URL# </document>
<document> the left-wing coalition is driven by a worldview that hates nature, the human body, &amp; the material world itself. no wonder so manyof their projects: from abortion to girlbossery to the prey of gender ideology on women bc they are the singular manifestation of all the things they hate </document>
<document> there is currently the left-wing Bonapartist faction and their foot soldiers PMC-lumpen in power. it is the left and the anti-left. the black men of the extreme right that the cryptolibs indicate as representatives of the masses to mystify for the left are not an organized force </document>
<document> "call me fragile again mf" #URL# ></document>
<document> mine is fully addressed and so my policy is perfect #URL# ></document>
<document> you cannot bully someone who is being bullied by mirrors and reality itself. >></document>
<document> someone who does work for the left (knowingly or as a useful idiot), will tell you this man is not a conservative... but then again they will also tell you that some men are women and that they pass laws for insert them women's prisons are "culture war" #URL# ></document>
<document> knowing and being explicit about knowing what a man and a woman are is not the same as explaining its connection to the leftist project and presenting it as a litmus test for weeding out leftist posts months before they occur expose </document>
<document> the "in the pants" line is really nice, coming from the left of NAMBLA. but okay idc what's "in your pants" what was written on your birth certificate under "gender" #URL# </document>
<document> these people will pretend that people weren't telling them at the time that this is the purpose of the lockdowns and the CARES Act. Worse yet, they will pretend they are on the other side of the matter. #URL# </document>
<document> #USER# just letting you know. I'm literally not asking/telling you to do anything. the point is, i'm not trying to be shy/nice about who/what i'm referring to. >></document>
<document> idc how petty, I like being told what is being said about me behind my back. >></document>
<document> #USER# in this acute moment of crisis starting in March 2020, it is the left and everyone else. #URL# </document>
<document> #USER# a democrat will always accuse his enemies of exactly what he is guilty of</document>
<document> so why did MSNBC air it between segments in the fall in the context of the VA gubernatorial race? #URL# </document>
<document> something tells me it won't be a male youth facility. but according to the left this is fine because we didn't spend public funds to build a separate special wing for "LGBTQ" lumpens #URL# #URL# ></document>
<document> “oh god why are they doing X? "Trans people" don't even want X! No “true trans person is asking for X”n sweetness, I hate to break it to you. his ideology. is useful. serves a material purpose &amp; benefits the left. it has nothing to do with people diagnosed with so-called gender dysphoria #URL# </document>
<document> not that being offended counts for shit but also as a man it's offensive because this one rodeout chick and i think he can talk to me like a man but if civilization breaks down and i had to put him out like a real pipsqueek man i'd be in the wrong for hitting a woman #URL# </document>
<document> this is a court fool mf'ing #URL# ></document>
<document> River: “My cute trans friend and I are definitely not leftist and we do work for the left. basil is simply obsessed with autism for no reason. pay no attention to the man behind the curtain with bolted boobs” #URL# #URL# </document>
<document> I will also delete the tweet because I know they will report it and they already have the screenshots. you won't take me bitch anymore #URL# ></document>
<document> this is that you shouldn't argue with anyone who claims they have a gender identity or that men can be women. it's not about truth or mentally ill people claiming to benefit from it. it is not promoting the interests of the left through institutional capture. reject it wholesale and don't get bogged down in their #URL#></document> bullshit
<document> if they get away with it, the next psych operation will indeed lead to the camps, not this little Aussie trial. #URL# </document>
<document> also who cares when something goes viral, this bitch didn't say, and wasn't that a dem party line in fall 2020? it is a distraction technique. >></document>
<document> also what the fuck I keep telling you folks (it's not that far off) #URL# </document>
<document> #USER# #USER# "$5.99 to watch me work on my 'darker aspects' 🤫😉" ></document>
<document> #USER# Western civilization is not a small price to pay so that black addicts who sell bussy in wigs can feel affirmed </document>
<document> I don't know any of you three from anyone and I don't know your cute trans friend. I don't owe you or him anything and don't come here fucking strumming some F and T words. give me a break it's such a theater #URL# ></document>
<document> if the GOP weren't teeming with leftists, it would be tweeting this clip with the caption "Democrats get SCOTUS confirmation vote before midterm:" #URL# ></document>
<document> #USER# "siri, show me someone who pays for sex"

siri: #URL# ></document>
<document> gay leftists will do all their schtick being gay south of the mason-dixon line and still want to talk fashion like some yaaas gawd mawma brooklyn fashion 🚬 ></document>
<document> gender is not an identity. it's not something you *have* or *are*. is a set of stereotypes imposed by society on one of the 2 sexes &amp; is unique from culture 2 culture &amp; with cultures over time. "gender identity" is a pseudo-religious concept that identifies you as a footman dem #URL# </document>
Reject <document> for even a second and these people's whole world collapses. but at the same time they're groping on pseudo-academic tumblr bullshit, they're also 100% sure we need to pass the Equality Act and DO MORE for "trans rights" #URL# ></document>
<document> you are literally a fuckng NPC doing a fucking "don't calculate" because your little free brain - much more enlightened than the chud masses who were always right - can't handle the truth before your eyes. may God strike you and your blind people! #URL# #URL# </document>
<document> put the left on the defensive. if they want to overturn what you and I and our ancestors have known since time immemorial, if they want us to deny the reality before our eyes, the onus is on them. just #URL# ></document>
<document> saying you believe that ANY man (even your best friend) can be a woman is like holding a membership card to an organization you say you are not a member of, if someone1 claims they are anti-leftist but squirms when presented to them 🌿💊 it's bc they don't want to be untied from the left - just *looks* like it's #URL# #URL# ></document>
<document> intelligent and reasonable people avoid me because their unreasonable dumb crypto-leftists have been slandering me for months to distract from the fact that they think men who say they are women should be locked up in women's prisons. it's tragic. #URL# </document>
<document> the number of times in the last couple of months that I've googled something and then had to switch to duckduckgo because it's literally suppressed by the alphabet algorithm is insane. I hate hearing about muh china from anti-leftists. >></document>
<document> #USER# someone calling you transphobic means you are right 95% of the time </document>
<document> #USER# homosexual?! no sir, i don't consider my sins essential as an innate part of my character as a western modernist. I'm just a failed man arrested in my buggery phase. >></document>
<document> #USER# the "covid litmus test" pill has long been in production in #USER# industries. for best results, take the basil pill together. #URL# </document>
<document> Left GOP, man smh. we have a lot of work to do. #URL# </document>
<document> I can't believe people are listening to this. and these people think they are something other than foot soldiers of the #URL# </document> regime
<document> there is a dr. umar clip when he talks about black men marrying white women and says something like “you can be in the organization…but you can't be in charge!” I can't find it anywhere. help! >></document>
<document> #USER# "listen sweaty, this is how this is going to end. okurrrr, mawma? >></document>
<document> the left is explicit about this. see this MSNBC promo by melissa harris perry/government announcement by Terry McAuliffe: #URL# #URL# </document>
<document> now that I've left the second episode of #USER# (#URL#) I'll search for the word "podcast(er)" and assume that every negative tweet is about me. >></document>
<document> #USER# those people are my ethical superiors and I will be the first to admit it </document>
<document> pray for full-blooded PMCs entering/re-entering a covid-delayed job market (me). >></document>
<document> alsor please note the first thing that comes out of this stupid bitch's mouth when asked why she doesn't like Trump. what do I keep telling you folks #URL# </document>
<document> #USER# #USER# #USER# #USER# a fucking political project based on a misreading of de beauvoir </document>
<document> the left is a funnel in a shrinking asylum filled with stuttering r-words. outside of this is a vast sun-drenched pasture full of interesting people thinking, laughing, discovering novels and stories. forgotten truths. is it really night &amp; day &amp; I can't imagine preferring the former </document>
<document> this person just won the Best Actress in a Drama Award at the Golden Globes #URL# </document>
<document> leftist salesmen whose "whole thing" is being a 🚬🐐 south of mason dixon after they choke on basil pill: "he's a pony one trick, his whole thing is hating beautiful girls brave trans 💅"

meanwhile actually: #URL# </document>
<document> not difficult to understand. it's just not true. Leftists confuse rejecting their nonsense with not understanding it. Nduction for them is ideological intimidation #URL# #URL# </document>
<document> wait. so are you telling me that if a person in a group chat blocks you, you are booted from the chat? is this how it works? can anyone confirm? >></document>
<document> I want to QT and say "God bless your blind mother" #URL# ></document>
<document> #USER# I just say try the xianjang method before deleting them completely </document>
<document> #USER# yeah, I listened to the latest episode last night and couldn't help but roll my eyes at the tranny jokes. it's like what are you afraid of? >></document>
<document> The Lion of Damascus said all there was to say on the foreskin issue #URL# </document>
<document> know what they are doing. it is party discipline. it's a way for good leftists to assert their allegiance and dumb souls dumb enough to try to argue it out of their material coalition with tech and pharma is how they get caught #URL# ></document>
<document> #USER# oh I love this guy. he was very nice and civil to me, then out of nowhere he accused me of perverting islam and compared me to abusive catholic priests and posted about wanting to say k-words to me every time he sees my post 🥴 ></ document>
<document> the left thinks the world started in the 1960s. in their anarcoradlib cosmology the foundation of the Center for Cultural Freedom was the Big Bang. the leftist in 2021 truly believes that the post-hormonal birth control society we find ourselves in is the norm. >></document>
<document> "An environmental threat of violence that is so well known to women and POCs." #URL# #URL# </document>
<document> #USER# 😂😂😂 omg those spaces are the best or the worst there is no in between </document>
<document> the guy on the left is a democrat the guy on the right is a post-left/left-wing dissident/communist/anarchist/ML

be their pthe artistic lines are that some men are women #URL# ></document>
<document> leftists: I can't reject wholesale gender ideology because I have a really awesome trans friend™ who really just wants to be left alone™ just wants to pee™ nnthe awesome trans friend™: #URL # ></document >
<document> #USER# lmfao soros funded and all. like why do you think it was on CNN? the tolling of the river was always so fake and cheerful. it is so obvious what they are doing. they just don't want it to be emphasized. #URL# </document>
<document> #USER# the whole first sentence is a crime!! and I think you're probably right. >></document>
<document> guy sees my Trump 2024 sticker slapped on top of my Bernie 2020 sticker: "You're not like a Republican, are you?"

Myself:
 #URL# </document>
<document> #USER# many such cases. they love to tell you about the mythical working class genre goblin but they never seem to work - just gofundme, just fans or sell bussy on the street - sometimes the occasional tech industry pervert but those people are class traitors anyway</document >
<document> people who will tell you they think this is a woman love to tell you about the plight of "muh women and girls" in afghanistan #URL# #URL# </document>
<document> #USER# ..anger? All right. well, you and us the question..or? >></document>
<document> I always think I'm in scam &amp; making my prof tell us that despite never being overturned, the government would never rely on Korematsu to intern Americans in the 21st century. then the government suing him during the travel ban. they'll put us in the fields as soon as they get the chance </document>
<document> in a couple of months we'll get to a year of basils inquisition. it really is that simple.

when it comes to laws, government IDs and public school programs, sex &amp; "gender identity" cannot be confused and anyone trying to distract you from this simple truth is a word-f-r-word #URL# ></document>
<document> #USER# beautiful photo and origin here is mine with my grandfather in the center #URL# </document>
<document> leftist will say it's because reddit when we all know it's because trans #URL# </document>
<document> I'm so glad I dropped my latinx gem in the space #URL# #URL# </document>
<document> such people are too stupid to realize that this hurts them and helps their enemies. they are criticizing the excesses to reify the premises. #URL# </document>
<document> #USER# imagine all the stuff playing like a log cabin republican. lmao is just a hair less embarrassing than larp as a maoist, hardly even much less tbh. >></document>
<document> gotta love when edgy marxists are even more covid than bari weiss </document>
<document> #USER# still sick talks about immigration, globalization and brexit. no one can tell me otherwise. >></document>
<document> you don't give it an inch. you don't play their games. you don't say "gender goblin" or the t-word and stick to reality. #URL# </document>
<documentnt> Right-wing #USER# are literally ANTI-racists. they are the ones fighting against the institutional reification of race in the 21st century.

also: #URL# ></document>
<document> Afghans speak Pashto in their spaces specifically to exclude me because I am transphobic. #URL# </document>
<document> #USER# #USER# I'm not familiar with your work. the tweet appeared on my tl and highlighted a point about the connection between these two concepts. I assume you don't think men can be women. so you could just say that instead of pulling a "do you know who I am??" >></document>
<document> "me and my girls at the gay bar call her and her drag performers so thats why i think youre autistic for saying men cant be women"

🥴

however, reminder: #URL# ></document>
<document> there is no right wing. there is only the left. they are the enabler cowards and the anti-leftist. >></document>
<document> #USER# I'm not confused about this, I'm referring to having a preference among the dozens and hundreds of duplicitous and uninteresting homosexuals I've had to meet while in this corner of Twitter </document>
<document> #USER# exactly. the system is reified not through the ballot box but through the telephone booth. not from politicians but from black girl wizarding HR bosses. they want it to be a culture war because it advances leftist interests #URL# ></document>
<document> #USER# yeah, she had a weird HBO special I saw that confirmed to me that she's some kind of Albanian mob along with all the other Albanian popstars</document>
<document> "LOL to these furry non-binary geeks!"

"haha did you see that RuPaul has a song with the t-word in it?!"

"muh m&m's"

"basil is autistically obsessed with trans girls" #URL#></document>
<document> really boils down to nations being free to chart their own course in a way that reflects the character and interests of the governed population. liberals fetishize the form of Western liberal democracy and forget its essence. #URL# </document>
<document> is blocked by basil, immediately positive QT counterpoints #URL# ></document>
<document> “TERF”
is the one thing that indisputably marks you as outside the coalition of the left, this should give you pause when someone claiming to oppose the left fails to dismiss gender ideology #URL# #URL# ></document>
<document> walking into this app and being reminded how completely psychopathic people are is so depressing </document>
<document> they, like all people outside the left coalition, are suffering from their own cultural revolution that started during Obama's second term, when the left made it explicit that they would capture every institution through DEI and l 'gender ideology </document>
<document> two more of them don't deserve a name because they closed up shop when it became too difficult to straddle the line between being a leftist and not being *a leftist* after they expended anti-leftist credibility to elevate a huge [t-word] for his sex work </document>
<document> imagine the Taliban FULLY cooperating with the US on its withdrawal and continue bungling so badly. truly the work of the sharpest mind in politics: Joseph Robinette Biden Jr. #URL# ></document>
<document> my shit is all on the timeline, you all can clearly see who i like who i dislike who i think is doing the dirty work for the left etc. slander and lie about my name in various GC></document>
<document> #USER# JUST Egg: The replacement egg for raceplay fetishists everywhere™ </document>
<document> #USER# #USER# I don't like being nice, civil with, mutual with people who make kiki at my expense. especially if the criticism is not political but "basil is so creepy and autistic and annoying amirite??" >></document>
<document> #USER# 1 conservative who wants to keep freedom and reality and not Israel and defense and pharmaceutical profits is better than 10000 leftists </document>
<document> this is what it looks like to be honest with a man whose spirituality is a woman/f-word #URL# </document>
<document> men pretending to be women: most at risk, nominated for best actress, highest paid CEOs, demolishing female athletes, forcing "lesbians" to sleep with them

women pretending to be men: free blood for attention 😂

 #URL# </document>
<document> #USER# I've been trying to tell people for almost a year, but they sure love their edgy leftist dissidents. especially the ones that are super edgy™ in DMs </document>
<document> gay leftist: *makes standard exploding swamp tweet*

"I hope I don't end up on a black site 😂" #URL# ></document>
<document> #USER# 100% can't believe anyone who's been knee deep in this shit. he knows whats going on he can still say the things he does. just floury mouth both sides shit. and claims not to be leftist 😂 </document>
<document> when I ask someone "can a man be a woman?"

and I reply: "uhm..well..you know..." #URL# #URL# ></document>
<document> first of all false.

even if it wasn't. wake me up when they can burn down the city and beat up innocent people who disagree with them with impunity with the full support of tech, pharmaceutical, defense, finance, deep state and regime media. #URL# </document>
<document> #USER# the former is a person who has essentialized their same-sex attraction to be an immutable part of who they are - the modern/Western "LGBT/gay" - who has dissolved with the left around the 2019/2020 . the latter is me. >></document>
<document> #USER# the only ones I've seen are 🚬🐐 leftist vindictive liars. some, I'm sure, are good people #URL# </document>
<document> the number of times I've avoided making jokes about that fucking defensive lineman with bolted boobs because I didn't want to legitimize guys lies about me… not anymore. >></document>
<document> #USER# regularly ngerman. it will probably be less than 4 weeks so it seems like the end of april might be the best time? >></document>
<document> "abolish maintenance of medical hate"

pharmaceutical executives: #URL# #URL# ></document>
<document> #USER# #USER# I agree that our military they/they would probably kick their ass, but not because the establishment has been captured by the ideology of the left (a defining feature of which is the ideology gender) but because the more practical considerations about supply lines and the like. but I doubt it will come to this </document>
<document> #USER# are more of a public flogging or other corporal punishment so she can reform and be a mother to her children, but I see what you mean. it just needs deradicalization </document>
<document> this is a lazy and clumsy graft of western critical race theory into the Afghan context where Pashtuns take the place of whites and every other ethnic minority takes the place of BIPOC #URL# ></document>
<document> lol to my favorite pornstar that is in this space. he probably hates me now 😔 </document>
<document> i'm a generous king so bad i do it for $50 a pop. #URL# </document>
<document> I can't even think about the extent of what they have stolen from so many people. it's enough to make you cry, it's enough to make you scream. >></document>
<document> is actually illegal to notice and remember things more than a week ago. I'm sorry, but you're under arrest. #URL# #URL# </document>
<document> please don't say anything about it. ex orbiters of twinkrev [f-word] really don't like it when you say mean things about [t-words] bc they also apply to their absolutely cool, normal, chill trans friends. so please do politely &amp; say nothing as this catches every #URL# ></document> institution
<document> may Allah bring down every awakened/liberal "Muslim" #URL# #URL# </document>
<document> my biggest haters are like 5 degenerate homosexuals, an FTM, a blue bearded he/them, a scheming Nigerian, a literal meth boss, leftist resident hip hop blasin, &amp; a bunch of wanton radfems. nnwhy you should count yourself among the basil haters. in truth they are the losers </document>
<document> #USER# I have family in Kabul and Mazar. but either way I relied heavily on content creators &amp; journalists &amp; just reg afg i stumbled on twitter to fill in the gaps for me. i would suggest following ppl like #USER# #USER# #USER# #USER# #USER# #USER# </document>
<document> how many fake diseases can you realistically expect people to care about #URL# </document>
<document> I'm sure boofing crack gave you the same feeling. junkie with two faces </document>
<document> is because the interlocking nodes of the Bonapartist leftist project require you to simultaneously reify race (to divide workers, push their loyalists through institutions, discipline workers' police discourse, and destroy social ties) and at the same time to dismantle the genre for the same ends ></document>
<document> social workers and NGOsbugmen are secret police of biosecurity state. #URL# </document>
<document> #USER# is not an affliction. just a sin and a weak will. thanks for the offer. I love the prophet Issa, but I will stick to the one final unaltered revelation of the God of Abraham. we work together against our common enemy. the Anglo-American financial empire #URL# ></document>
<document> #USER# #USER# So why were they playing it between online segments this fall before the McAuliffe race? 🤔🤔 >></document>
<document> forget sports, isn't it strange to you how women who pretend to be men don't clamor to enter the men's prison.

this is what I mean when I say that gendergoblins also know the truth about men and women. it's just the extent to which they will lie to your face to advance the agenda</document>
<document> March 2020 triggered an acute crisis that will last at least until the end of the decade. the left crossed the rubicon when they locked you in the house with the flu and set in motion the class war as a culture war. it's not politics as usual. >></document>
<document> #USER# #USER# this is the minority that the left uses as a human shield. most people who claim they and by extension everyone have "gender identity" (a lie) are just annoying leftist theater kids, see top tweet from this: #URL# ></document>
<document> “changing the stereotype” by knowing these two competing manifestations of gender ideology. these people have completely internalized Hillary Clinton's line about "vast right-wing conspiracies" #URL# </document>
<document> when the Nigerian let the mask slip, who were the two who agreed with her? #URL# </document>
<document> The liberal imperialist can never mind his own business #URL# </document>
<document> #USER# PhD .."candidate" is my favorite
like the bitch, I *also* don't have a PhD 😂 </document>
<document> #USER# went mutual for months and stuff two months later comparing me to abusive carbolic priests for "perverting" the institution of islam being mildly excited occasionally on the TL #URL# > </document>
<document> the left will destroy every institution you leave them and the way they will do it is through CRT/anti-racist neoracism and through gender ideology. gender ideology is the easiest to dismiss wholesale #URL# #URL# ></document>
<document> SHUT UP! a thoroughbred is asking a question: #USER# #URL# ></document>
<document> #USER# #USER# I can't have your cake (fuck) and eat it too (enter women's spaces) </document>
<document> it is very easy to imagine that an ally supports a policy that will bring him financial benefits

the simplest REAL litmus test is: do they think men can become women &amp; they think men who say they are women should be locked up in women's prisons

anyone who can't immediately say NO is your enemy #URL# ></document>
<doc> you can start saying it on MSNBC/CNN, but don't you dare say it succinctly on Twitter dot com. #URL# ></document>
<document>seeing "💉💉💉" in a leftist's bio and not sure if that means he was triple jabbed or is on HRT> </document>
<document> claiming to have a gender identity is the pledge of allegiance to the left coalition. friends are rewarded. up to the age of 44 this person was the enemy of the left. she slapped a few pronouns on her bio like a brown shirt slaps her red headband and BOOM she's one of them #URL# </document>
<document> #USER# Inna lillahi wa inna ilayhi raji'un

"Verily we belong to God and verily to him we return."

my condolences on your loss. may God give patience to you and your friend's family and friends during this difficult time and may heaven be your friend's resting place. >></document>
<document> me when I start talking about sodomites based against shivering homosexuals and being a failed man arrested in his passive but not reformed sodomite phase: #URL# ></document>
<document> the left is an asylum full of mentally ill monsters in straitjackets who smear their shit on the wall trying to read the streaks like tea leaves while the blue checkers pop up like nurses to administer doses of responsibility when a patient fails one step too far out of line #URL# ></document>
<document> being on the left means constantly arguing with others on the left to prove that you are not like the others on the left like Gian does </document>
<document> this is what I mean by "left of the GOP" along with characters like Romney Crenshaw, Chaney McConnell, etc., promote the interest of the awakened Bonapartist faction of capital from the other bourgeois party and must be purged #URL# > </document>
<document> #USER# the most hypocritical will at the same time tell you that they fear the backlash for outright rejecting gender ideology by denying its material importance and dismissing it as culture warfare </document>
<document> #USER# #USER# I don't believe in your democratic religion. go and collect votes for the dem and funnel the profits to the pharmaceutical sector and boost tech censorship and maim workers' children somewhere else. your nonsense has no power outside of your DSA meetings</document>
<document> #USER# where only the best and brightest anti-lefts cut their teeth </document>
<document> I have no enemies on my right because "the right" is a bourgeois illusion. left &amp; right r 2 wings of the same corporate uniparty. there are “leftists” (aligned with the currently ruling Bonapartist faction) on both sides. is the left, their cryptolib activators, &amp; all others </document>
<document> the fight for "trans rights" boils down to:

1) freedom from crime
2) the freedom to depersonalize the enemies of the left
3) unlimited access to women's single-sex spaces
4) the right to look after your children
5) State Sponsored Boob Jobs, Jaw Chips & Cosmetic Double Mastectomies #URL# </document>
<document> I'm less of a money seller and more of a gofundme goblin cyber beggar. that said check #URL# ></document>
<document> #USER# #USER# lives for free under the skin of libs AND I LOVE IT </document>
<document> #USER# #USER# #USER# #USER# #USER# #USER# #USER# 😂 I'm just introducing this to a corner of Afghan Twitter that I think is full of smart, interesting, honest people who love their country and their people. >></document>
<document> #USER# “yeah no I never hated the poor or wanted to exterminate black people like right-wingers wanted - like keith woods and other representative figures of the american right. those people were so cringey and obsessed with the culture war and hated beautiful trans women” </document>
<document> This was NOT the case on the March 2021 timeline with respect to the gender issue. it was a giant elephant in the room that no one would touch. who knows what has changed? #URL# </document>
<document> "yes, this stupid mutilation/sterilizing theater girl is crazy..but men who say they are women should definitely be locked up in women's prisons" 🥴 #URL# ></document>
<document> #USER# #USER# no yes I understand. All right. it just makes me feel weird talking to myself like that. so I want nothing to do with it. >></document>
<document> return to the space that blocked my account #URL# #URL# </document>
<document> #USER# has been like this since summer basically alone with several songs spinning near the top #URL# </document>
<document> #USER# #USER# is a leftist who spent the last year &amp; one half pretending not to be. he recently decided his brand can no longer accommodate his elbows rubbing against "bad reactionary rw'ers" so he's returning to the safety of the left to join crk and river as they replace dirtbags</document>
<document> #USER# #USER# mentally ill leftist perverts. when you meet one, you meet them all #URL# ></document>
<document> Gotta love that the NEW YORK times can only lightly criticize this fact by pointing the finger at an official enemy of the state while all their readers called themselves cuomosexuals while he single-handedly orchestrated a genocide of the elderly #URL# >< /document>
<document> just as you see one of the guys silently, without comment, retweeting jermey loffredo's bigwigs from august, you'll see them start bashing gender ideology probably late 2022 after the midterm…&amp; Do you think they'll apologize to ole basil? I can't hold my breath </document>
<document> #USER# how much would you bet he thinks "trans are women" 😂 ></document>
<document> #USER# #USER# you assume correctly. I would not meet someone who is not fully inoculated with the basil pill on the TQ. I can't risk catching the left. the newer variants are especially dangerous. >></document>
<document> ask the dissident gay leftists in your orbit how they feel about it, and watch them turn out to be hard-edged democrats. #URL# </document>

</author>