
	
		<document> #USER# #USER# #USER# In other words, typical "selective" Feminist. ></document>
		<document> #USER# #USER# If you stopped drinking Cow Pee thinking it to be Mother's Milk, you'd be considered part of the Human race,too, unlike the animal faeces-for-brains illegitimate progeny of a 4-legged bovine that you are currently. ></document>
		<document> #USER# It still won't stop today's "empowered woman" from filing FALSE cases of rape-after-breakup. 

#URL# ></document>
		<document> #USER# Remember Will Smith? 

Oh, boy!! #URL# ></document>
		<document> #USER# There's this 👇 too

"Entire family committed suicide because of harrassment by Daughter-in-law &amp; her family" 

#URL# ></document>
		<document> #USER# #USER# Before last year, the ONLY time I remember "violence" in BLR was way back in 2000 when Dr Rajkumar was kidnapped. ></document>
		<document> #USER# #USER# #USER# #USER# Flood, Emrazz, even Tekla have such low scores. 
Now I'm confident this website's algorithms are skewed to hell. #URL# ></document>
		<document> #USER# Now, Bhakts will have a "valid" reason to say,.... 

"___________ Naam Mita Do Babur Ka" 
😂🤣😂🤣😂🤣

#URL# ></document>
		<document> #USER# #USER# #USER# Why else do you think everyone a$$-kisses Bill Gates, the self-declared virologist &amp; "climate scientist"? 
😉 ></document>
		<document> #USER# Isn't there an old WWII joke,..... 

An Allied General met another in post-war Paris. "By the way, who won the air war?" ></document>
		<document> #USER# Why don't "we" ban some UK apps instead? 
There's precedent for it. 
😂 ></document>
		<document> #USER# #USER# 2/2
How are YOU any different when preaching that ONLY vegetarians are so-called "true" Hindus! 
You believe in certain dietary practices which may or may not be "religious",.. That doesn't give you any moral authority to claim anyone against your practices isn't truly religious. ></document>
		<document> #USER# #USER# Unpopular opinion :- I don't like Rogan Josh, no matter where I've had it. It's just okay-okay. 
😬
My no.1 favourite is "Tabakh Maaz". Then, there's "Goshtaba" &amp; "Rista". ></document>
		<document> #USER# #USER# Look where "The Future Is Female" has gotten us. 
🙄 ></document>
		<document> #USER# THIS 👇 happens too

#URL# ></document>
		<document> #USER# #USER# This is absolutely correct. nAfter all, the women there were "forced" to go by the "evil patriarchy". Of course, IF any woman claims she went there on her own, it's because she "wanted to live". Just ask #USER# 😜nn#HASHTAG# ></document>
		<document> #USER# #USER# B*tch, PUHLEEZ! 

She's herself publicly said she's undergoing training for the military,..... Instagram posts doesn't make 1 a battle-hardened soldier. 

Btw, seen ANY woman actually fighting? ></document>
		<document> #USER# Because Indian women are always ONLY "abla naari" while men are perpetrators, despite all evidences to the contrary. nn#HASHTAG# ></document>
		<document> #USER# Why ?? nAsk ANY Feminist, they'll say this is #HASHTAG# n"She wanted to be with someone &amp; her child was holding her back, hence she killed the child." nIsn't this "smashing patriarchy"? n#HASHTAG# nnFor ALL morons out there,.... #HASHTAG# ></document>
		<document> #USER# #USER# #USER# If it was India, she wouldn't even have been arrested or taken to court. 
Instead, State-supported women's rights organisations would have praised her for being an outstanding example of #HASHTAG# 

Of course, the man would've lost everything but that's "absolutely fine". ></document>
		<document> #USER# #USER# #USER# #USER# #USER# #USER# #USER# Hindutva is NOT Hinduism,..... That's the misconception being deliberately spread by the PeeJP, defining the entire religion as is practised in the Cowbelt BIMARU states. ></document>
		<document> #USER# #USER# Our Desi Voldemort cannot tolerate anybody else stealing his limelight. 
😉 ></document>
		<document> #USER# I read an "opinion" piece in 1 of the newspaper handles I follow (forgot which 1) that basically said something like MoSha (EC) should ensure bypolls happen in WB ASAP as that'll keep Didi locked-in as CM. Otherwise, she'll come to Delhi &amp; try to forge Opposition Unity for '24. ></document>
		<document> #USER# "if you love me, you will bow down to my every whim". ></document>
		<document> #USER# Y'all ain't seen nothing yet.
😂🤣

#URL# ></document>
		<document> #USER# #USER# #USER# #USER# Max said it in Abu Dhabi, "Checo IS a legend!" #URL# ></document>
		<document> #USER# Typical clickbait headline, as expected from the TOI-let paper. ></document>
		<document> #USER# #USER# Really? 
Because YOU clearly "live in a different world" population:1 (yourself) 
If only you weren't so ignorant. 

#URL# ></document>
		<document> #USER# #USER# By that "logic", YOU would be leering/drooling for someone dressed like this 👇. Right? 

🤦

#URL# ></document>
		<document> #USER# If memory serves correct, Biden had always said he'd remove the #HASHTAG# changes made during Trump who had actually made it fairer. ></document>
		<document> #USER# #USER# #USER# Ayushi Bhatia from Gurgaon, #HASHTAG# from Lucknow, #HASHTAG# from Bangalore,.... 
No country for men? 

#URL# #URL# ></document>
		<document> #USER# #USER# #USER# #USER# Is that why there's a 3rd "booster" shot being made available from next month? 
🤔 ></document>
		<document> #USER# That's successful "marketing",..... Create a need for a product/service where none exists. ></document>
		<document> #USER# #USER# #USER# #USER# Travesty!! 
Blasphemy!! 

How can it be considered as Nihari unless you get massive indigestion/heartburn/acidity etc after hogging (like a pig) on all that oily,spicy deliciousness. 
😜 ></document>
		<document> #USER# #USER# What is he doing in Singapore, btw? OR Is he jealous that he can't afford "luxury cars" hence nobody else should have them either? 
Why do these uber-nationalists have bias against luxury cars SUVs etc?
Do they think a farmer is a charity?He should toil &amp; not get any benefits?
🤔 ></document>
		<document> #USER# #USER# Well, until they pass through the Magical Birth Canal,.... Children are 👇  
(all proaborties think so) #URL# ></document>
		<document> #USER# #USER# More than 40-years old,..... &amp; This is STILL the song everyone grooves to. 

👍
😍 ></document>
		<document> #USER# #USER# Me, after reading this. #URL# ></document>
		<document> #USER# Obviously, only men are to blame. nIt's the "evil patriarchy" that has always suppressed women. Otherwise, on their own, every woman wants to work outside the house &amp; earn for herself.n😜😜nn#HASHTAG# #URL# ></document>
		<document> #USER# What I wanna know is,..... 
Who actually sat &amp; counted those 137 "shellfish (mostly shrimp)"? ></document>
		<document> #USER# #USER# Your mind has "sat".

😜😜 ></document>
		<document> #USER# #USER# #USER# #USER# #USER# #USER# UN-frickin'-BELIEVABLE!! 

How do such morons become judges? Haven't they seen the latest #USER# data? Don't they know this is 2021 &amp; NOT 1821? 
Such a regressive law would only infantilize women further,.... Yet Feminists will call it #HASHTAG# ></document>
		<document> #USER# #USER# The link to the study is "embedded" in 👇

#HASHTAG# 

#URL# ></document>
		<document> #USER# #USER# ANY such sauces (ketchup, mayo, green chutney etc) in a roll IS blasphemy. 
It's the same concept as eating Biryani as-is WITHOUT the "sides" of raita &amp; salan. 

Unfortunately, ignorant folks don't seem to understand this nuance. 
🙄 ></document>
		<document> #USER# #USER# DANG! 
The banking reminded me of the old Monza track, as shown in the movie "Grand Prix" 

#URL# ></document>
		<document> #USER# To HeadChef of #USER# 
As per #USER# 's "unreliable sources", he is guilty of cooking ghaas-poos despite claiming to be a Punjabi. 

😜
😂🤣 ></document>
		<document> #USER# Hating men exists,.... but Misandry does not. 

Whatta "genius"! 
🙄 #URL# ></document>
		<document> #USER# While all the $#|π stains have been howling about how Shamber Turd was going to honour her pledge, spread over years. 
Their hypocrisy is astounding. 
(Well, not really. AH is a gold-digging narcissistic psychopath anyway) ></document>
		<document> #USER# #USER# #USER# Right now, the ONLY motive should be "BJPee Mukt Bharat",..... Though, given PGV's current Gender Politics tactic, I am a little hesitant TBH. ></document>
		<document> #USER# He's never heard of "facewash"?? #URL# ></document>
		<document> #USER# Then, MSM etc "whine" why folks don't trust their B.S. 

#URL# ></document>
		<document> #USER# Well, "people with common sense" would disqualify her. ></document>
		<document> #USER# #USER# #USER# #USER# #USER# I disagree,...... Women are perpetual victims who have been suppressed by the mythical patriarchy since the world began. (It's all the fault of #USER# 😈) Hence, respect is a birthright (ONLY for women, men still have to earn it). Ask any feminist. nn#HASHTAG# ></document>
		<document> #USER# NOT a single feminist will demand "equality" in this profession. 

#HASHTAG# ></document>
		<document> #USER# #USER# THIS was best.
😂🤣😂🤣

#URL# ></document>
		<document> #USER# Wait till U.P. election dates are announced,..... THEN watch it drop. ></document>
		<document> #USER# #USER# #USER# #USER# The IMF's current chief, Georgieva, allegedly "manipulated data" in favour of China while she was at the World Bank. ></document>
		<document> #USER# #USER# #USER# #USER# 😂🤣😂
We're Indians,..... Hypocrisy is in our blood! ></document>
		<document> #USER# #USER# Personally, I found the bit about OpIndia claiming "integrity of reportage" to be,.... 👇 #URL# ></document>
		<document> #USER# Everytime a pro-abortion (NO, I won't "dignify" them by calling 'em pro-choice/activist etc) says clump-of-cells,.... I'm reminded of this 👇 

😂🤣😂

#URL# ></document>
		<document> #USER# #USER# #USER# Ask a man whose entire family (including distant relatives) is behind bars due to False Allegations of Dowry+DV. 
Ask an old couple who killed themselves because of Harrassment by Daughter-in-law. 
I can go on,..... Yet NOBODY talks about this "flip side of the coin". ></document>
		<document> #USER# Latest is the South African variant,.... 
UK, Singapore have already started restricting flights inbound from that region. 
Soon, there'll be "boosters" for that 1,too. Then, another will be found &amp; another &amp; so on. 

This is NEVER going to stop! ></document>
		<document> #USER# "virgin environment",..... Hence met officials to discuss "how to screw it". 
😈 ></document>
		<document> #USER# #USER# Looks like Great Wall Of China in the foreground,.... Or is it just me? 
😉 ></document>
		<document> #USER# #USER# "women owe men &amp; children ?? How dare you say that, you incel misogynist. We women have been oppressed since Eve ate the Apple. Now it's our time. Just ask Cardi B" n"Down with the patriarchy" n"The future is female"nn(For all the morons out there,...#HASHTAG#) ></document>
		<document> #USER# #USER# She's NOT going to jail. 

#USER# will not do anything at all because elections are nearing &amp; this is about #HASHTAG# 

Isn't that right #USER# ? ></document>
		<document> #USER# #USER# Not just you,.. Tekla does it 2 #USER# #USER# #USER# #USER# &amp; probably many others. 
In this case,however, #USER# #USER# #USER# are LEAST BOTHERED that someone breaks their rules despite having been reported multiple times by various folks. ></document>
		<document> #USER# This is 2021,.... NOT 1521!  
STOP being a Dumba$$ on a public forum. ></document>
		<document> #USER# #USER# THIS is someone who claims to be a lawyer. 

Wanna try again, jacka$$? #URL# ></document>
		<document> #USER# What else can be expected from someone like 👇  
Atleast she's open about the fact she's a wannabe abuser herself. 

#HASHTAG# #URL# ></document>
		<document> #USER# #USER# Typical of a brain-dead "pronouns-in-bio" who knows diddly-squat !!! ></document>
		<document> #USER# I remember going to Shimla in early-00s for "family summer vacation" &amp; seeing a crowd of Bengali Kaku-Kakimas wearing shawls/monkey caps etc in May-June, searching for bhaat-maacher jhol. 
🤦 #URL# ></document>
		<document> #USER# This guy's seen way too many "Crime Patrol", "Savdhaan India" type shows on TV. #URL# ></document>
		<document> #USER# #USER# Market-2,.... There are a couple of grocery stores in the back. 
Maa gets it from there. ></document>
		<document> #USER# I DISAGREE 110% !! 

There is "natural immunity" (including of those people who have already recovered from Covid) 
Given that "immunity from vaccines" drop to ZERO w/in 12-months, get ready for lifelong "boosters" which may/may not help with variants.
Then, there's this 👇 too #URL# ></document>
		<document> #USER# #USER# #USER# Have you experienced the pain of a man imprisoned simply because his wife accused him of DV,during divorce? 
How about that of a man who killed himself because his wife (&amp; in-laws) publicly humiliated him for not taking her on a Foreign Trip? 
1/2 ></document>
		<document> #USER# Indeed,it is. 
I had posted a similar one some time ago,.... This time, the HelpLine is India-specific. Hence, closer to my heart! 
😬🙏 ></document>
		<document> #USER# #USER# #USER# #USER# #USER# #USER# IF He-Who-Must-Not-Be-Named really went there without "prior intimation",..... 
Who took the photos?? 🤔

These so-called "journalists" have all transplanted their brains with Cowdung. ></document>
		<document> #USER# Make it an Irish coffee,.... Problem solved! 
😉

*No need to thank me* #URL# ></document>
		<document> #USER# #USER# #USER# #USER# Last I checked, Frontline is published bi-monthly (every fortnight). 
For all you know, this article is right now available online &amp; would be printed in their next "paper" edition. ></document>
		<document> #USER# #USER# "Don't forget to live in pods &amp; eat bugs while we, the elite, fly around in our private jets &amp; lecture y'all about climate change" #URL# ></document>
		<document> #USER# BOTH #USER# within 6-months. 

😉 #URL# ></document>
		<document> #USER# #USER# #USER# #USER# Our Defense Forces,.... Fighting the "enemy", offline AND online. 
😬 #URL# ></document>
		<document> #USER# #USER# #USER# #USER# #USER# #USER# #USER# #USER# #USER# #USER# If you think it's only in the West,..... 
Allow me to invite you to India. 

(Not that it's a competition) 
😁 ></document>
		<document> #USER# Hidden replies, like a typical "brave" hammer-&amp;-sickle in bio. 
EVERY. SINGLE. TIME.

Surprisingly, she's apparently tweeting this from "Berlin, Germany". 
I don't think she knows the abortion law of that country. ></document>
		<document> #USER# #USER# #USER# I'm going to leave this here. 

#URL# ></document>
		<document> #USER# "Popular opinion" seems to favour the latter. 
😜 ></document>
		<document> #USER# #USER# There's 1 in B'lore too. 

I'm still trying to figure out a "good enough" reason to eat there. 
😉 ></document>
		<document> #USER# She had also famously said, "I don't need a man for anything but children" ></document>
		<document> #USER# The judge had based his decision on "correct" legal procedure,.... but all those outraging about it either didn't understand or didn't care. 

#URL# ></document>
		<document> #USER# #USER# #USER# What's the point in handing out "free gas connections" (Ujjwala) when you raise the price of LPG anyway? 

#URL# ></document>
		<document> #USER# #USER# Is it? 
I thought "that's Australia".

😜 ></document>
		<document> #USER# #USER# IF vaccination DOES give immunity, then there shouldn't be a need for "appropriate behaviour". 

Besides, ALL the data from everywhere across the world says there is no immunity. At the most, these so-called vaccines reduce the possibility of hospitalization &amp;/or death. ></document>
		<document> #USER# This is a bit outdated but still,..... #URL# ></document>
		<document> #USER# #USER# As usual, replies are turned off. 
Typical of these gutless brain-dead morons. 

#HASHTAG# 
#HASHTAG# ></document>
		<document> #USER# #USER# Abe is proud of you proving him correct. #URL# ></document>
		<document> #USER# #USER# Must be angling to get "Employee Of The Month" from Amit Malviya! 
😉 ></document>
		<document> #USER# #USER# Autocorrect decided not to "make your day"

😜 ></document>
		<document> #USER# #USER# #USER# #USER# #USER# #USER# Whoever was the target there must've quit Twitter for good. 
🤣🤣🤣 #URL# ></document>
		<document> #USER# "Eat bug, live in a pod" agenda. #URL# ></document>
		<document> #USER# #USER# Strangely, though, no self-respecting "Empowered woman" wants to join the Defence forces. 
That's why the situation is 👇, even with gender-specific reservation. #URL# ></document>
		<document> #USER# Now, there'll be the proverbial "pin-drop silence" from #USER# #USER# because, obviously, that's the right of every empowered woman in today's India. 

Am I right #USER# #USER# #USER# #USER# #USER# #USER# ? ></document>
		<document> #USER# #USER# #USER# #USER# #USER# #USER# #USER# "Insatiable urge for wealth and sex of a spouse would also amount to cruelty" 
#USER# &amp; Governor of Kerala recently talked about #HASHTAG# yet NOBODY mentions how women file false cases to extort money during divorce encouraged/supported by India's #HASHTAG# ></document>
		<document> #USER# 6?? 
I haven't even finished 1 yet,..... I had started it at the back of a Mobsters/Gangsters trip last year, after rewatching entire Sopranos, Boardwalk Empire &amp; Suburra back-to-back. Got bored &amp; quit after Ep5 (I think) ></document>
		<document> #USER# "Rules for thee, not for me" ></document>
		<document> #USER# #USER# #USER# #USER# #USER# #USER# #USER# #USER# #USER# #USER# #USER# #USER# #USER# #USER# #USER# #USER# #USER# #USER# #USER# ALL MPs of #USER# #USER# ENTIRE #HASHTAG# &amp; #HASHTAG# know #URL# DON'T CARE as "not 🇨🇦 law" Ethics/Integrity=MEANINGLESS for Corporates &amp; Bschools #HASHTAG# #USER#CA #HASHTAG# #USER# #HASHTAG# #USER# #USER# #USER# #USER# #URL# ></document>
		<document> #USER# #USER# #USER# Northern Ireland 
(Since the screenshot talks about United Kingdom) ></document>
		<document> #USER# #USER# Here ya go. 
😂😂 #URL# ></document>
		<document> #USER# Well, घुसके वापस भी चले गए है
So,.... "technically" He-Who-Must-Not-Be-Named ain't wrong 
😉 ></document>
		<document> #USER# #USER# In a country where prenups aren't legal &amp; where "Believe Women" is the default,.... What good would a so-called Consent Form do? 
In court, she will claim that it was signed "under duress" OR even that it's forged. Then what? 
🤦 ></document>
		<document> #USER# Desh Ka Yeh Haal Hai 👇,....
You should also "adjust".
🤣😂🤣

#URL# ></document>
		<document> #USER# What is this sudden obsession with "sexuality", including fictional characters', anyway? 
Is this a marketing pitch for Parody Porn etc?? 

I don't get it,..... I JUST DON'T!! 
 
Whatever happened to "what 2 (or more) people do in their bedrooms is their business"?? ></document>
		<document> #USER# #USER# #USER# #USER# #USER# #USER# #USER# #USER# #USER# #USER# #USER# #USER# #USER# #USER# #USER# #USER# #USER# #USER# #USER# #USER# #USER# #USER# #USER# #USER# #USER# #USER# #USER# #USER# #USER# #USER# #USER# #USER# #USER# #USER# #USER# #USER# “Tell the world, Johnny, tell them, 'Johnny Depp, I, a man, I'm a victim too of domestic violence'. And see how many people believe or side with you."

Also, the VA judge has clearly said that the UK trial was "not fair" &amp; didn't consider all the evidence

#URL# ></document>
		<document> #USER# Well, y'all did vote in #HASHTAG#.
😜

Then,..... There's this 👇. 

😂🤣😂🤣 #URL# ></document>
		<document> #USER# IMO, that depends more on how "strong" is defined vis-a-vis women. ></document>
		<document> #USER# #USER# Look at the spin,..... 
JD "granted permission" etc. 

That's unbiased journalism for ya! ></document>
		<document> #USER# #USER# Yet this 👇 idiot wants a "separate island" somewhere. 
Why won't he move to Kailasa? Uss mein bhi politics! 
😜 #URL# ></document>
		<document> #USER# Just "stay alive" #URL# ></document>
		<document> #USER# #USER# He is a living example of "empty vessels make the most noise". ></document>
		<document> #USER# Something has to compensate for the shortfall in Govt revenue once further reductions in fuel prices happen, closer we get to U.P. elections. #URL# ></document>
		<document> #USER# #USER# #USER# The alleged victim wants to quash the FIR because they're married now. 
This smacks of the typical rape-after-breakup pressure tactic. 
#USER# THIS is why #HASHTAG# NEED to be abolished. Their misuse has become a pandemic on its own. 

#HASHTAG# ></document>
		<document> #USER# Yeah, it's called the "Great Reset". 
Scheduled date is 2030. ></document>
		<document> #USER# #USER# Depends on "perspective", imo. 
(Since you mentioned you live in BLR) it'll make sense when I say I'm equally comfortable having biryani/rolls at Fanoos OR Chinese at Wanley, Indiranagar (total bill for 4=sub-2K) as well as Sunday brunch at Le Jardin, Oberoi. 😉 ></document>
		<document> #USER# #USER# #USER# Did you see that vid of an "activist-journalist" questioning BoJo what he's doing to protect the helpless women-&amp;-children,..... but NOT A SINGLE WORD about all men being forcefully conscripted? 

Talk about Male Disposability! ></document>
		<document> #USER# Oh, good! 
This always bothered me, especially when wide awake at 3am. 

🤭 ></document>
		<document> #USER# #USER# Listen to Snape,.... He's wise!! 
😈 #URL# ></document>
		<document> #USER# "one of"?? 
Isn't it THE most ? 
😜 ></document>
		<document> #USER# This could be another reason. 

#URL# ></document>
		<document> #USER# 👍
Only when you hit rock-bottom can you climb back up,.... This time with more determination to go higher than before. ></document>
		<document> #USER# #USER# #USER# #USER# #USER# #USER# #USER# #USER# #USER# #USER# #USER# #USER# #USER# #USER# #USER# #USER# #USER# #USER# #USER# #USER# #USER# #USER# #USER# #USER# #USER# #USER# #USER# #USER# #USER# #USER# #USER# #USER# #USER# You brain-dead moron!! 
IF crimes against men are "equally wrong", how come activists like Yogita Bhayana have ALWAYS opposed making laws gender-neutral? 

#URL# ></document>
		<document> #USER# #USER# ABSOLUTELY !! 
#HASHTAG# 
#HASHTAG# 

#URL# ></document>
		<document> #USER# #USER# Quoting a known #HASHTAG# of PoopIndia to further prove your lack of intelligence ain't the W you think it is, MORON!! 

By the same "logic", clearly you believe you are the progeny of a 4-legged Bos Indicus. ></document>
		<document> #USER# #USER# #USER# #USER# #USER# #USER# #USER# #USER# #USER# #USER# #USER# #USER# #USER# #USER# #USER# #USER# "Oh, no! Men are supposed to go fight wars" #HASHTAG#  (Remember the White Feather Suffragettes of WW-1?) nEven though Hillary Clinton set the tone with "men die in combat, women most affected", feminists DON'T care about that in the slightest. ></document>
		<document> #USER# #USER# #USER# has become a cesspool of idiocy, just like any other SM site. 

🤦
😤
🙄 ></document>
		<document> #USER# I gave up trying to make "perfectly round roti" ages ago,..... Some things are just not meant to be. 

😋 ></document>
		<document> #USER# Look at the "headline", top of the screen. 

Whoever thought it up is auditioning to be a scriptwriter for Z-grade B'wood movies. 

😂🤣 ></document>
		<document> #USER# #USER# It's on my "watchlist",..... Like soooo many others! 
Maybe someday, I'll get to it. 
😬 ></document>
		<document> #USER# Wait,..... We aren't already?? 
😱

😈
😜😜 ></document>
		<document> #USER# #USER# But, when a woman does this even in today's India,.... It's just "securing her future". 
Isn't that right #USER# ? #URL# ></document>
		<document> #USER# #USER# How can anybody openly declare it, knowing fully well "humanitarian" is a LIE. Just because ALL politicians are LIARS interested in ONLY 1 thing (power)n#HASHTAG# nThis is simply "appeasement" aimed at securing women's votes.nMen, especially in India, are ONLY supposed to be ATMs. ></document>
		<document> #USER# DAMN!! 
I was rooting for him/her. 
It would've been a slap in the face of all those who claim to be "fighting for equality" but want Safe Spaces. ></document>
		<document> #USER# She also said this 👇 
1 more proof of her total lack of intelligence (as if more is needed) 

#URL# ></document>
		<document> #USER# Insomnia,.... Overactive brain reminding me of all the bad decisions/choices I've ever made,.... 
Plus 👇

😈 #URL# ></document>
		<document> #USER# #USER# Funny how not a single so-called Empowered Woman has "raised her voice" against this 👇 disparity. 
Obviously, that too, is because of the Patriarchy. #URL# ></document>
		<document> #USER# #USER# #USER# #USER# #USER# Show me 1 SINGLE Feminist "duly fighting for more representation in military",.... 
I'll wait! ></document>
		<document> #USER# Promises made by politicians who flew there in pvt jets thereby spreading more pollution than if they had done a Zoom meeting. 
Alright, let's stop producing coal. Who needs electricity!  
Also, let's raze EVERY city/town to the ground (because "urbanization" increases temps.) ></document>
		<document> #USER# Remember this? 

#URL# ></document>
		<document> #USER# What "bone"? #URL# ></document>
		<document> #USER# Whoever's doing this is trying to discredit the Message by questioning the intent of the Messenger. 

"Ad Hominem"? 

Ignore 'em! ></document>
		<document> #USER# #USER# "It" is 👇

#URL# ></document>
		<document> #USER# #USER# Continue being an idiot!! 

#URL# ></document>
		<document> #USER# #USER# Mid-March is supposed to be Budget Session, Part-2. 
How much do you wanna bet that, IF Opposition asks questions, GoI will become "No-Data Gobarment" once again? ></document>
		<document> #USER# Tinna Sa'ab setting this douchebag on fire,..... 

I ♥️ bird app. 

👍
😂🤣😂🤣 #URL# ></document>
		<document> #USER# #USER# You can "pause" (disable) activity history

#URL# ></document>
		<document> #USER# #USER# Again, exhibiting your total ignorance while being holier-than-thou. ></document>
		<document> #USER# "Emrazz" is a shark in the cesspool that is Feminism, along with few others,.... Delusional, unhinged, disgusting! ></document>
		<document> #USER# Will #USER# make them ensure ALL female students sign similar declaration to NOT file False Cases of Dowry &amp; DV etc in case of divorce? 

#USER# #USER# #USER# #USER# #USER# #USER# #USER# #USER# #USER# ></document>
		<document> #USER# #USER# Here's more about "Event 201" &amp; the "Great Reset", well-written by #USER# of #USER# 

#URL# ></document>
		<document> #USER# While Shambhavi Anand knowingly broke 🇮🇳abortion law(20wks) TWICE (6 &amp; 7mnths-A Criminal Offense) aborted 7mnths alive girl then fled 2🇨🇦 #USER# #USER# 2 be "Future Business Leader" #USER# #USER# #USER#  #URL# #HASHTAG# ></document>
		<document> #USER# You mean "scientists/experts" like Mickey Mouse &amp; Albus Dumbledore? 

As far as "effects of climate change will be felt later" is concerned,..... "In the long run, we're all dead". 

#URL# ></document>
		<document> #USER# "yeh extra 2ab kahan se aaya?" 

He's worse in Math than I could ever be,.... 
😈😜 ></document>
		<document> #USER# Her husband is "renowned" for leaving a place 5-min before disaster strikes. 

Obviously, she wouldn't be celebrating with him. 
😜 #URL# ></document>
		<document> #USER# Why ONLY "her",btw? 
I have NO objection to this, so let's make it gender-neutral with a provision for "punishment of False Accusers". 

#URL# ></document>
		<document> #USER# The economy has been in the gutter since '16, thanks to "gobarmint'er kaaj". 
'19 e things improve koraar chance chhilo but the 39-40% who voted for him 🔩 100% of the country. 
Dekhun, '24 obdi kojon beche thaake. ></document>
		<document> #USER# #USER# I've heard of this 1,.... Never got around to watching it. 
👍 ></document>
		<document> #USER# I'm a fan insofar as I like his songs, that's about it. 
😬

I like Guns 'N Roses, too...... but can't tell you the names of the band members except for Axel Rose &amp; Slash. ></document>
		<document> #USER# 👇 is "justice" in today's India. 

#URL# ></document>
		<document> #USER# Well, it's academia after all. They've got a guaranteed line of funding,... &amp; since it's a govt project, presumably there'll be no deadlines or oversight etc. 
😜 ></document>
		<document> #USER# Uhh,.... What's a "male placenta"? ></document>
		<document> #USER# #USER# For everything, there's a "Parv", "Divas", "Utsav",..... 
Is he the Prime Minister OR an MC (Master of Ceremonies)? 

🤦 ></document>
		<document> #USER# #USER# ☝️ makes more sense. 

😜 ></document>
		<document> #USER# #USER# Stop giving ideas to "empowered women"n😜nn#HASHTAG# ></document>
		<document> #USER# #USER# #USER# Because that's the only thing they know. ></document>
		<document> #USER# Don't you want the judges to go on Morning Walks? ></document>
		<document> #USER# But,.....
But,.... 

"Teachers" earn/save more than him because, on a salary of Rs5L per month, he pays Rs2.75L tax.

I guess his CA also handles PM-CARES. 

#URL# ></document>
		<document> #USER# #USER# "Angry", "Upset",.... Who, me?😱
No, no,.... Perish the thought! 

Didn't I use emojis "correctly" to show I wasn't serious? 

Oh dear,..... I guess I'll never learn how to use this 🐦 app. 
😞 ></document>
		<document> #USER# #USER# That's why I ♥️ this latest feminist psycho-babble term,  "unpaid care". nn#HASHTAG# nnThe way things are going, soon "empowered" women will demand compensation for simply getting out of bed in the morning. ></document>
		<document> #USER# I've heard of this. 
I believe colour-blindness happens because of a gene that gets activated more commonly in men while women are merely the carriers. 
Of course, I might be wrong. ></document>
		<document> #USER# No wonder his Fake Chaiwala Daddy could advise folks to sell pakodas &amp; get away with it. 
🙄 ></document>
		<document> #USER# #USER# He'd be booed as a "sexist misogynist". 

Hell, depending on the country, he might even face Legal Action. ></document>
		<document> #USER# It's also the most expensive Kannada movie till date (I Think) 
#HASHTAG# 

😬 ></document>
		<document> #USER# Has anybody in the entire world seen even a tiny l'il bit of Shamber Turd's "voluminous evidence", btw? 
🤔

😂😂 ></document>
		<document> #USER# #USER# Yesterday was a perfect example of that weather description. 👍
Today, the sun's out albeit a tad hazy. ></document>
		<document> #USER# #USER# #USER# #USER# In that case,.... Let it be "his wallet, his choice" too. 
Strangely though, NO Feminist agrees with that. #URL# ></document>
		<document> #USER# #USER# #USER# #USER# #USER# #USER# #USER# #USER# #USER# #USER# #USER# #USER# ठीक ही तो हैं! nThis is "women-centric development" #USER# had boasted about #USER# nAfter all, end of the day, it's the Patriarchy's fault. nn#HASHTAG# ></document>
		<document> #USER# #USER# Count in Canada,.... As well as North Korea, Vietnam &amp; China. ></document>
		<document> #USER# How come pregnant women say "I'm expecting a baby"? 

I've NEVER heard anybody say "I'm expecting a foetus". 
🤔 ></document>
		<document> #USER# Now, sit back &amp; watch how SM erupts with these armchair-SJW &amp; their "be kind" justifying posts/uploads etc. nSurprised how #USER# #USER# hasn't taken suo moto cognizance yet &amp; demanded suspension of the cops for "forcing an empowered woman to kill herself" n#HASHTAG# ></document>
		<document> #USER# Bhaktoles are the same as mushrooms,...... They are fed $#|π &amp; kept in the dark. ></document>
		<document> #USER# #USER# How many "exceptions" is it going to take for it to become a rule? 100, 1000, 10000,... EXACTLY how big a number will suffice? 
Will you be equally glib &amp; say something on the lines of "this reduces over-population"? 
MAXIMUM Male suicides EVERY SINGLE YEAR state "Family problem" #URL# ></document>
		<document> #USER# Brings back memories of my childhood,.... SAME as yours. 

Of course, Maa gave up making it years ago because none of us would eat it. 
😁 ></document>
		<document> #USER# So? nNobody ever said it would be development of Men. nEven #USER# who's Minister #USER# boasted about "women-centric development" &amp; they've kept their promise. Of course, such "development" is ONLY for wife/GF &amp; NOT for mother's,sisters etc is irrelevant. nn#HASHTAG# ></document>
		<document> #USER# Don't worry,.... Taliban will soon form an "inclusive &amp; representative government" because #USER# wants it that way.  😉nn#HASHTAG# nn#URL# ></document>
		<document> #USER# On a burger, as a "side" with eggs, topping on my pizza, little bits mixed in a salad,.... I could go on. 
🥓 ></document>
		<document> #USER# It's called "securing her future" &amp; is a key factor in #HASHTAG# as defined by staunch Indian feminists. After all, women have been oppressed since Adam-&amp;-Eve by the mythical "evil" patriarchy &amp; this is "reparations" nn#HASHTAG# #URL# ></document>
		<document> #USER# #USER# OYE! 😤

Officially, it's Southwest Delhi,..... Emphasis on the "WEST". 
😜😜 ></document>
		<document> #USER# #USER# Who appointed them the mouthpiece for all Hindus?? 
Cowdung-for-brains Morons!! ></document>
		<document> #USER# #USER# #USER# I believe it's a Tibetan dish, originally. 
Not just NE, even Ladakhis eat momos. ></document>
		<document> #USER# They DO see it but won't accept it as hypocrisy/sexism. 
It's "empowerment". 
🤮 ></document>
		<document> #USER# #USER# aka Anjana Om Modi wants exactly that,.... A BJPee spokesperson claiming to be a "journalist". 
Though she'll face tough competition from yet another one like her #USER# ></document>
	
</author><document> #USER# #USER# #USER# In other words, typical "selective" feminist. >></document>
<document> #USER# #USER# If you stopped drinking Cow Pee thinking it was Mother's Milk, you would also be considered a part of the Human race, unlike the illegitimate offspring of a 4-legged bovine brain that you currently are. >></document>
<document> #USER# That still won't stop today's "liberated woman" from filing FAKE post-breakup rape cases.

#URL# </document>
<document> #USER# Do you remember Will Smith?

Oh boy!! #URL# </document>
<document> #USER# There is also this 👇

"The whole family committed suicide due to the harassment of the daughter-in-law and her family"

#URL# </document>
<document> #USER# #USER# Prior to last year, the ONLY time I remember "violence" in the BLR was way back in 2000 when Dr. Rajkumar was kidnapped. >></document>
<document> #USER# #USER# #USER# #USER# Flood, Emrazz, even Tekla have such low scores.
I am now confident that this website's algorithms are biased to hell. #URL# </document>
<document> #USER# Now, Bhakts will have a "valid" reason to say,....

"___________ Naam Mita Do Babur Ka"
😂🤣😂🤣😂🤣

#URL# </document>
<document> #USER# #USER# #USER# Why else do you think everyone is kissing Bill Gates, the self-proclaimed virologist &amp; "climate scientist"?
😉 </document>
<document> #USER# There isn't an old WWII joke,.....

One Allied general met another in postwar Paris. "By the way, who won the air war?" >></document>
<document> #USER# Why don't 'we' ban some UK apps instead?
There is a precedent for this.
😂 >></document>
<document> #USER# #USER# 2/2
How different are YOU when you preach that ONLY vegetarians are so called 'true' Hindus!
Do you believe in certain dietary practices which may or may not be "religious", .. This gives you no moral authority to vindicate someone against your practices who is not truly religious. >></document>
<document> #USER# #USER# Unpopular opinion :- I don't like Rogan Josh, no matter where I got him. It's okay, it's okay.
😬
My number 1 favorite is "Tabakh Maaz". Then there is "Goshtaba" &amp; "Rista". >></document>
<document> #USER# #USER# See where "The Future Is Female" has gotten us.
🙄 >></document>
<document> #USER# THIS happens too 👇

#URL# </document>
<document> #USER# #USER# This is absolutely correct. After all, women were "forced" to go by "evil patriarchy." Of course, IF a woman says she went there alone, it's because she "wanted to live." Just ask #USER# 😜nn#HASHTAG# ></document>
<document> #USER# #USER# Bitch, PUHLEEZ!

She herself has publicly stated that she is in training for the army,… Instagram posts don't make 1 a hardened soldier.

By the way, have you seen ANY women actually fight? >></document>
<document> #USER# Why Indian women are always ONLY "abla naari" while men are the perpetrators, despite all evidence to the contrary. nn#HASHTAG# </document>
<document> #USER# Why ?? nAsk ANY feminist, they'll say this #HASHTAG# n"She wanted to be with someone and her son held her back so she killed the baby." Isn't this "smashing patriarchy"? n#HASHTAG# nnFor ALL you idiots out there,.... #HASHTAG# ></document>
<document> #USER# #USER# #USER# If it was India, it wouldn't even have been arrested or taken to court.
Instead, state-backed women's rights organizations would praise her for being an outstanding example of #HASHTAG#

Sure, the man would have lost everything, but that's "absolutely fine." >></document>
<document> #USER# #USER# #USER# #USER# #USER# #USER# #USER# Hindutva is NOT Hinduism,..... This is the misconception that was deliberately spread by the PeeJP, calling l whole religion as it is practiced in the Cowbelt BIMARU states. >></document>
<document> #USER# #USER# Our Desi Voldemort cannot tolerate anyone else stealing the limelight from him.
😉 </document>
<document> #USER# I read an "opinion" piece in 1 of the journal handles I follow (forgot which 1) which basically said something like MoSha (EC) should ensure bypolls happen in WB ASAP in how much that will keep Didi stuck- like CM. Otherwise, he will come to Delhi &amp; try to forge opposition unity for '24. >></document>
<document> #USER# "if you love me, you will bow to my every whim". >></document>
<document> #USER# You haven't seen anything yet.
😂🤣

#URL# </document>
<document> #USER# #USER# #USER# #USER# Max said it in Abu Dhabi, "Checo IS a legend!" #URL# </document>
<document> #USER# Typical clickbait title, as per the TOI-let document. >></document>
<document> #USER# #USER# Really?
Because YOU clearly "live in a different world" population:1 (yourself)
If only I weren't so ignorant.

#URL# </document>
<document> #USER# #USER# With that "logic", YOU would be drooling over someone dressed like this 👇. Right?

🤦

#URL# </document>
<document> #USER# If my memory serves, Biden had always said he would remove the #HASHTAG# changes he made under Trump that actually made him fairer. >></document>
<document> #USER# #USER# #USER# Ayushi Bhatia from Gurgaon, #HASHTAG# from Lucknow, #HASHTAG# from Bangalore,....
No country for men?

#URL# #URL# </document>
<document> #USER# #USER# #USER# #USER# Is that why a third "booster" dose is available next month?
🤔 >></document>
<document> #USER# This is successful "marketing"..... It creates a need for a product/service where none exists. >></document>
<document> #USER# #USER# #USER# #USER# Farce!!
Blasphemy!!

How can this be counted as Nihari unless you have massive indigestion/heartburn/acidity etc. After hogging (like a pig) on ​​all that oily and spicy deliciousness.
😜 >></document>
<document> #USER# #USER# What are you doing in Singapore, by the way? Or Is he jealous that he can't afford "luxury cars" so no one else should have them?
Why are these super-nationalists prejudiced against luxury cars, SUVs, etc.?
Do they think a farmer is a charity? not Gand any advantages?
🤔 >></document>
<document> #USER# #USER# Well, until they pass through the Magical Birth Canal,.... Babies are 👇
(all pro-abortions think so) #URL# ></document>
<document> #USER# #USER# More than 40 years,..... &amp; This is STILL the song that everyone revels in.

👍
😍 >></document>
<document> #USER# #USER# Me, after reading this. #URL# </document>
<document> #USER# Of course, it's only the men who are to blame. norIs it the "evil patriarchy" that has always suppressed women. Otherwise, alone, every woman wants to work outside the home &amp; earns for itself.n😜😜nn#HASHTAG# #URL# ></document>
<document> #USER# What I want to know is,.....
Who actually sat &amp; did he count those 137 "shellfish (mostly shrimp)"? >></document>
<document> #USER# #USER# Your mind "sat down".

😜😜 >></document>
<document> #USER# #USER# #USER# #USER# #USER# #USER# AMAZING!!

How do these idiots become judges? Haven't seen the latest #USER# data? Little do they know this is 2021 &amp; NOT 1821?
Such a regressive law would only further infantilize women,... Yet feminists will call it #HASHTAG# </document>
<document> #USER# #USER# The link to the study is "embedded" in 👇

#HASHTAG#

#URL# </document>
<document> #USER# #USER# ANY such sauce (ketchup, mayonnaise, green chutney, etc.) in a sandwich IS blasphemous.
It's the same concept of eating Biryani as is WITHOUT the 'sides' of raita &amp; salan.

Unfortunately, ignorant people don't seem to understand this nuance.
🙄 >></document>
<document> #USER# #USER# DANGER!
The cant reminded me of the old Monza track, as seen in the movie "Gran Premio"

#URL# </document>
<document> #USER# To the Chief Chef of #USER#
According to #USER#'s "unreliable sources", he is guilty of cooking ghaas-poos despite claiming to be a Punjabi.

😜
😂🤣 </document>
<document> #USER# Hatred of men exists,... but Misandry does not.

What a "genius"!
🙄 #URL# ></document>
<document> #USER# While all the $#|π blobs howled about how Shamber Turd would honor his promise, spread over the years.
Their hypocrisy is astounding.
(Well, not really. AH is a narcissistic gold-digger psychopath anyway) </document>
<document> #USER# #USER# #USER# Right now, the ONLY reason should be "BJPee Mukt Bharat",..... However, given PGV's current Gender Politics tactic, I'm a bit hesitant TBH. >></document>
<document> #USER# Never heard of "facewash"?? #URL# </document>
<document> #USER# So, MSM etc "complain" that people don't trust their B.S.

#URL# </document>
<document> #USER# Well, "savvy people" would disqualify her. >></document>
<document> #USER# #USER# #USER# #USER# #USER# I disagree,...... Women are perpetual victims who have been suppressed by mythical patriarchy since the beginning of the world. (It's all #USER#'s fault 😈) So, respect is a birthright (for women ONLY, men have yet to earn it). Ask any feminist. nn#HASHTAG# </document>
<document> #USER# NOT a single feminist will claimd "equality" in this profession.

#HASHTAG# </document>
<document> #USER# #USER# THIS was the best.
😂🤣😂🤣

#URL# </document>
<document> #USER# Wait U.P. election dates are announced, ..... THEN watch it fall. >></document>
<document> #USER# #USER# #USER# #USER# The current head of the IMF, Georgieva, allegedly "manipulated data" in China's favor while at the World Bank. >></document>
<document> #USER# #USER# #USER# #USER# 😂🤣😂
We are Indians,..... Hypocrisy is in our blood! >></document>
<document> #USER# #USER# Personally, I found the piece on OpIndia stating "integrity of reporting" to be,.... 👇 #URL# ></document>
<document> #USER# Whenever a pro-abortion (NO, I don't "deserve" him by calling him pro-choice/activist etc.) says agglomeration of cells,.... this comes to mind 👇

😂🤣😂

#URL# </document>
<document> #USER# #USER# #USER# Ask a man whose entire family (including distant relatives) is behind bars due to false dowry charges + DV.
Ask an elderly couple who killed themselves as a result of their daughter-in-law's molestation.
I can go on,..... Yet NOBODY talks about this "downside". >></document>
<document> #USER# The latter is the South African variant,....
The UK and Singapore have already started restricting inbound flights from that region.
Soon there will be "boosters" for that 1 as well. Then, another &amp; another &amp; Soon.

This will NEVER end! >></document>
<document> #USER# "virgin environment",..... Then met with officials to discuss "how to screw it up".
😈 >></document>
<document> #USER# #USER# It looks like the Great Wall of China in the foreground... Or is it just me?
😉 </document>
<document> #USER# #USER# "women owe men and children?? How dare you say it, you incel misogynist. We women have been oppressed ever since Eve ate the apple. Now is our time. Ask Cardi B" n "Down with patriarchy" n"The future is female"nn(For all the idiots out there,...#HASHTAG#) </document>
<document> #USER# #USER# will NOT go to jail.

#USER# won't do anything because the elections are approaching &amp; it's #HASHTAG#

Isn't it #USER# ? >></document>
<document> #USER# #USER# Not only you,.. Tekla does 2 #USER# #USER# #USER# #USER# &amp; probably many others.
In this case, however, #USER# #USER# #USER# are LESS WORRIED about someone breaking their rules despite being flagged multiple times by various people. >></document>
<document> #USER# This is 2021,.... NOT 1521!
STOP being a Dumba$$ on a public forum. >></document>
<document> #USER# #USER# THIS is someone claiming to be a lawyer.

Want to try again, jacka$$? #URL# </document>
<document> #USER# What else can you expect from someone like 👇
At least she's open that she's a would-be abuser herself.

#HASHTAG# #URL# </document>
<document> #USER# #USER# Typical of a brain dead "pronoun-in-bio" that knows diddly-squat !!! >></document>
<document> #USER# I remember going to Shimla in the early 2000s for "family summer vacation" and seeing a crowd of Bengali kaku-kakima wearing shawls/monkey hats etc in May-June, looking for bhaat-maacher jhol.
🤦 #URL# </document>
<document> #USER# This guy has seen too many programs like "Crime Patrol", "Savdhaan India" on TV. #URL# </document>
<document> #USER# #USER# Market-2,.... There are a couple of grocery stores around the back.
Maa takes it from there. >></document>
<document> #USER# I DISAGREE 110% !!

There is "natural immunity" (even of those who have already recovered from Covid)
As "vaccine immunity" drops to ZERO within 12 months, be prepared for lifelong "boosters" that may/may not help with the variants.
Then there's this too 👇 #URL# ></document>
<document> #USER# #USER# #USER# Have you experienced the pain of a man imprisoned simply because his wife accused him of DV, during a divorce?
How about that of a man who committed suicide because his wife (and in-laws) publicly humiliated him for not taking her on an overseas trip?
1/2 </document>
<document> #USER# Indeed, it is.
I had posted a similar one some time ago,…. This time, the HelpLine is specifically for India. So, closer to my heart!
😬🙏</document>
<document> #USER# #USER# #USER# #USER# #USER# #USER# IF He-Who-Must-Not-Be-Named really went there without "prior notice",.....
Who took the photos?? 🤔

These so-called "journalists" all had their brains transplanted with Cowdung. >></document>
<document> #USER# Make an Irish coffee,.... Problem solved!
😉

*No need to thank me* #URL# ></document>
<document> #USER# #USER# #USER# #USER# Last I checked, Frontline is published bimonthly (fortnightly).
As far as you know, this article is now available online &amp; would be printed in their next "print" edition. >></document>
<document> #USER# #USER# "Don't forget to live in pods and eat bugs while we, the elite, fly around in our private jets and lecture you about climate change" #URL# </ document>
<document> #USER# BOTH #USER# within 6 months.

😉 #URL# ></document>
<document> #USER# #USER# #USER# #USER# Our Defense Forces,.... Fighting the "enemy", offline AND online.
😬 #URL# </document>
<document> #USER# #USER# #USER# #USER# #USER# #USER# #USER# #USER# #USER# #USER# If you think it's only in the West,.....
Let me invite you to India.

(Not that it's a competition)
😁 >></document>
<document> #USER# Hidden answers, like a typical "brave" hammer and sickle in biography.
EVERYTHING IS FINE. TO SEPARATE. TIME.

Surprisingly, he's apparently tweeting this from "Berlin, Germany."
I don't think he knows the abortion law of that country. >></document>
<document> #USER# #USER# #USER# I'll leave it here.

#URL# </document>
<document> #USER# "Popular opinion" seems to favor the latter.
😜 >></document>
<document> #USER# #USER# There is also 1 in B'lore.

I'm still trying to figure out a "good enough" reason to eat there.
😉 </document>
<document> #USER# He also famously said: "I ddon't need a man but for the children" </document>
<document> #USER# The judge based his decision on "proper" legal procedure,....but everyone who was outraged by this either didn't understand or didn't care.

#URL# </document>
<document> #USER# #USER# #USER# What's the point of distributing "free gas connections" (Ujjwala) when the price of LPG rises anyway?

#URL# </document>
<document> #USER# #USER# Right?
I thought "that's Australia".

😜 >></document>
<document> #USER# #USER# IF vaccination GIVES immunity, then there should be no need for "appropriate behavior".

Also, ALL the data from around the world says there is no immunity. At most, these so-called vaccines reduce the chance of hospitalization and/or death. >></document>
<document> #USER# This is a bit outdated but still,..... #URL# ></document>
<document> #USER# #USER# As usual, replies are disabled.
Typical of these dumb brainless idiots.

#HASHTAG#
#HASHTAG# </document>
<document> #USER# #USER# Abe is proud of you proving him right. #URL# </document>
<document> #USER# #USER# You must be eager to get "Employee of the Month" from Amit Malviya!
😉 </document>
<document> #USER# #USER# AutoCorrect has decided not to "make your day"

😜 >></document>
<document> #USER# #USER# #USER# #USER# #USER# #USER# Whoever was targeted must have left Twitter for good.
🤣🤣🤣 #URL# ></document>
<document> #USER# Agenda "Eat bug, live in a pod". #URL# </document>
<document> #USER# #USER# Oddly, though, no self-respecting "empowered woman" wants to join the Defense Forces.
This is why the situation is 👇, even with gender-specific booking. #URL# </document>
<document> #USER# Now, there will be the proverbial "complete silence" of #USER# #USER# because, of course, that is the right of every empowered woman in today's India.

Am I right #USER# #USER# #USER# #USER# #USER# #USER# ? >></document>
<document> #USER# #USER# #USER# #USER# #USER# #USER# #USER# "Even a spouse's insatiable desire for wealth and sex would amount to cruelty"
#USER# &amp; Governor of Kerala recently talked about #HASHTAG# but NOBODY mentions how women file fake complaints to extort money during divorce encouraged/supported by Indian #HASHTAG# ></document>
<document> #USER# 6??
I haven't finished 1 yet,..... I had started this off the back of a Mobsters/Gangsters journey last year, having re-watched entire Sopranos, Boardwalk Empire &amp; Suburra back to back. I'm bored &amp; exit after Ep5 (I think) </document>
<document> #USER# "Rules for you, not me" </document>
<document> #USER# #USER# #USER# #USER# #USER# #USER# #USER# #USER# #USER# #USER# #USER# #USER# #USER# #USER# #USER# #USER # #USER# #USER# #USER# ALL Members of #USER# #USER# FULL #HASHTAG# &amp; #HASHTAG# knows #URL# DO NOT CARE as "don't 🇨🇦 read" Ethics/Integrity=NO MEANING for Businesses and Businesses Bschools #HASHTAG# #USER#CA #HASHTAG# #USER# #HASHTAG# #USER# #USER# # USER# #USER# #URL# ></document>
<document> #USER# #USER# #USER# Northern Ireland
(Since the screenshot is from the UK) </document>
<document> #USER# #USER# Here you go.
😂😂 #URL# ></document>
<document> #USER# Well, घुसके वापस भी चले गए है
So,..."technically" He-Who-Must-Not-Be-Named is not wrong
😉 </document>
<document> #USER# #USER# In a country where prenuptial agreements are not legal &amp; where "Believe Women" is the default,... What would a so-called consent form do?
In court, he will claim that it was signed "under duress" Or even that it was forged. So what?
🤦 >></document>
<document> #USER# Desh Ka Yeh Haal Hai 👇,....
You should also "fit in".
🤣😂🤣

#URL# </document>
<document> #USER# What is this sudden obsession with "sexuality", including fictional characters, anyway?
Is this a marketing pitch for Parody Porn etc??

I don't understand,..... JUST NO!!
 
Whatever happened to "what 2 (or more) people do in their bedrooms is their business"?? >></document>
<document> #USER# #USER# #USER# #USER# #USER# #USER# #USER# #USER# #USER# #USER# #USER# #USER# #USER# #USER# #USER# #USER # #USER# #USER# #USER# #USER# #USER# #USER# #USER# #USER# #USER# #USER# #USER# #USER# #USER# #USER# #USER# #USER# # USER# #USER# #USER# #USER# “Tell the world, Johnny, tell them, 'Johnny Depp, I, a man, am also a victim of domestic violence.' And look at how many people believe or side with you."

Furthermore, the VA judge clearly stated that the trial in the UK was "not fair" and did not consider all the evidence

#URL# </document>
<document> #USER# Well, you all voted in #HASHTAG#.
😜

Then,..... There's this 👇.

😂🤣😂🤣 #URL# ></document>
<document> #USER# IMO, this depends more on how he is defined as "strong" towards women. >></document>
<document> #USER# #USER# Look at that rotation,.....
JD "permission granted" etc.

This is unbiased journalism for you! >></document>
<document> #USER# #USER# Yet this 👇 idiot wants a "separate island" somewhere.
Why doesn't he move to Kailasa? Uss mein bhi politics!
😜 #URL# </document>
<document> #USER# Just "stay alive" #URL# ></document>
<document> #USER# #USER# Is a living example of "empty jars make more noise". >></document>
<document> #USER# Something must offset declining government revenues once further fuel price cuts occur the closer we get to U.P. elections. #URL# </document>
<document> #USER# #USER# #USER# The alleged victim wants to cancel the FIR because they are now married.
This smacks of pressure tactics typical of post-breakup rape.
#USER# THIS is why #HASHTAG# MUST be abolished. Their misuse has become a pandemic in itself.

#HASHTAG# </document>
<document> #USER# Yes, it's called "Great Reset".
The expected date is 2030. </document>
<document> #USER# #USER# Depends on "perspective", imo.
(Since you said you live in BLR) it will make sense when I say I am equally comfortable with biryani/sandwiches at Fanoos OR Chinese at Wanley, Indiranagar (total bill for 4 = sub-2K) as wor as a Sunday brunch at Le Jardin, Oberoi. 😉 </document>
<document> #USER# #USER# #USER# Did you see that video of a "journalist-activist" asking BoJo what it's doing to protect defenseless women-and-children,.....but NOT A SINGLE WORD on all the men who are forcibly drafted?

Let's talk about Male Disposability! >></document>
<document> #USER# Oh good!
This has always bothered me, especially when I was wide awake at 3am.

🤭 >></document>
<document> #USER# #USER# Listen Snape,.... He's wise!!
😈 #URL# ></document>
<document> #USER# "one of"??
It's not the best?
😜 >></document>
<document> #USER# This could be another reason.

#URL# </document>
<document> #USER# 👍
Only when you hit rock bottom can you go back up,... This time with more determination to climb higher than before. >></document>
<document> #USER# #USER# #USER# #USER# #USER# #USER# #USER# #USER# #USER# #USER# #USER# #USER# #USER# #USER# #USER# #USER # #USER# #USER# #USER# #USER# #USER# #USER# #USER# #USER# #USER# #USER# #USER# #USER# #USER# #USER# #USER# #USER# # USER# Brainless imbecile!!
IF crimes against men are “equally wrong,” why have activists like Yogita Bhayana ALWAYS opposed making laws gender-neutral?

#URL# </document>
<document> #USER# #USER# ABSOLUTELY !!
#HASHTAG#
#HASHTAG#

#URL# </document>
<document> #USER# #USER# Quoting a well known #HASHTAG# from PoopIndia to further prove your lack of intelligence is not the W you think it is, MORON!!

By the same "logic", you clearly believe you are the offspring of a 4-legged Bos Indicus. >></document>
<document> #USER# #USER# #USER# #USER# #USER# #USER# #USER# #USER# #USER# #USER# #USER# #USER# #USER# #USER# #USER# #USER # “Oh, no! Men should go and fight wars” #HASHTAG# (Remember the White Feather Suffragettes of WW-1?) Even as Hillary Clinton set the tone with “men die in combat, women hit hardest ", feminists DON'T care in the slightest. >></document>
<document> #USER# #USER# #USER# has become a cesspool of idiocy, just like any other SM site.

🤦
😤
🙄 >></document>
<document> #USER# I gave up on making "perfectly round roti" ages ago,..... Some things just shouldn't be.

😋 >></document>
<document> #USER# Look at the "title", at the top of the screen.

Whoever came up with this is auditioning to be a Z-grade B-movie writer.

😂🤣 </document>
<document> #USER# #USER# It's in my "watchlist",..... Like many others!
Maybe one day I will get there.
😬 >></document>
<document> #USER# Wait,..... Aren't we already??
😱

😈
😜😜 >></document>
<document> #USER# #USER# But, when a woman does this even in today's India,.... She's just "securing her future".
Isn't it #USER# ? #URL# </document>
<document> #USER# #USER# How can anyone outright state this, knowing full well that "humanitarian" is a LIE. Just because ALL politicians are LIARS who are ONLY interested in 1 thing (power)n#HASHTAG# nThis is simply "appeasement" aimed at securing women's vote.nMen, especially in India, they should ONLY be ATMs. >></document>
<document> #USER# Damn!!
I was rooting for him/her.
It would have been a slap in the face to all those who claim to "fight for equality" but want safe spaces. >></document>
<document> #USER# He said that too 👇
1 further proof of his total lack of intelligence (as if more were needed)

#URL# </document>
<document> #USER# Insomnia,.... Overactive brain that reminds me of all the wrong decisions/choices I've ever made,....
Also 👇

😈 #URL# ></document>
<document> #USER# #USER# Strange how no so-called Empowered Woman has "speaked up" against this 👇 disparity.
Obviously, this is also due to the Patriarchate. #URL# </document>
<document> #USER# #USER# #USER# #USER# #USER# Show me 1 SINGLE Feminist "Duly Struggles for Greater Military Representation",....
I'll wait! >></document>
<document> #USER# Promises made by politicians who flew there on pvt jets thus spreading more pollution than if they had held a Zoom meeting.
All right, let's stop making coal. Who needs electricity!
Also, we raze EVERY city/town (because "urbanization" raises temperatures.) </document>
<document> #USER# Do you remember?

#URL# </document>
<document> #USER# Which "bone"? #URL# </document>
<document> #USER# Whoever is doing this is trying to discredit the Message by questioning the intent of the Messenger.

"Ad Hominem"?

Ignore them! >></document>
<document> #USER# #USER# "It" is 👇

#URL# </document>
<document> #USER# #USER# Keep playing the idiot!!

#URL# </document>
<document> #USER# #USER# Mid-March should be budget session, part 2.
How much of a bet that, IF the opposition asks questions, GoI will become "No-Data Gobarment" again? >></document>
<document> #USER# Tinna Sa'ab sets this asshole on fire,.....

I ♥️ bird apps.

👍
😂🤣😂🤣 #URL# ></document>
<document> #USER# #USER# You can "pause" (disable) activity history

#URL# </document>
<document> #USER# #USER# Again, exhibiting your total ignorance while being holier than you. >></document>
<document> #USER# "Emrazz" is a shark in the cesspool that is Feminism, along with a few others,.... Delusional, insane, disgusting! >></document>
<document> #USER# The #USER# will have ALL female students sign a similar statement NOT to file false dowry &amp; DVs etc. in case of divorce?

#USER# #USER# #USER# #USER# #USER# #USER# #USER# #USER# #USER# </document>
<document> #USER# #USER# Learn more about "Event 201" &amp; the "Great Reset", well written by #USER# of #USER#

#URL# </document>
<document> #USER# While Shambhavi Anand knowingly broke the 🇮🇳Abortion Law (20 weeks) TWICE (6 and 7 months-A criminal offence) she aborted 7 months of girl life then ran away 2🇨🇦 #USER # #USER# 2 becomes "Future Business Leader " #USER# #USER# #USER# #URL# #HASHTAG# </document>
<document> #USER# You mean "scientists/experts" like Mickey &amp; Albus silente?

As for the "effects of climateThis change will make itself felt later" he is worried,..... "In the long run, we are all dead".

#URL# </document>
<document> #USER# "yeh extra 2ab kahan se aaya?"

He's worse at math than I could ever be,....
😈😜 >></document>
<document> #USER# Your husband is "famous" for leaving a place 5 minutes before the disaster struck.

Of course, she wasn't going to celebrate with him.
😜 #URL# </document>
<document> #USER# Why ONLY "her", btw?
I have no objection to that, so let's make it gender-neutral with a provision for "punishment of false accusers."

#URL# </document>
<document> #USER# The economy has been in the mud since '16, thanks to "gobarmint'er kaaj".
'19 and things improve koraar chance chhilo but 39-40% who voted for him 🔩 100% of the country.
Dekhun, '24 obdi kojon beche thaake. >></document>
<document> #USER# #USER# I've heard of 1,.... I've never been able to watch it.
👍 >></document>
<document> #USER# I'm a fan to the extent that I like his songs, that's all.
😬

I also like Guns 'N Roses...... but I can't tell you the names of the band members except Axel Rose &amp; Bar. >></document>
<document> #USER# 👇 is "justice" in today's India.

#URL# </document>
<document> #USER# Well, it's academia after all. They have a secured line of finance,... &amp; since it's a government project, presumably there won't be any deadlines or oversights etc.
😜 >></document>
<document> #USER# Uhh,.... What is a "male placenta"? >></document>
<document> #USER# #USER# For everything, there is a "Parv", "Divas", "Utsav",.....
Is he the Prime Minister or an MC (master of ceremonies)?

🤦 >></document>
<document> #USER# #USER# ☝️ makes more sense.

😜 >></document>
<document> #USER# #USER# Stop giving ideas to "liberated women"n😜nn#HASHTAG# ></document>
<document> #USER# #USER# #USER# Because that's all they know. >></document>
<document> #USER# Don't want the judges to take their morning walks? >></document>
<document> #USER# But,.....
But,....

The "teachers" earn/save more than him because, on a salary of Rs5L per month, he pays Rs2.75L in taxes.

I assume your CA also manages PM-CARES.

#URL# </document>
<document> #USER# #USER# "Angry", "Upset",....Who, me?😱
No, no,... Let the thought perish!

Didn't I use the "correctly" emoji to show I wasn't serious?

Oh my,..... Guess I'll never learn how to use this 🐦 app.
😞 >></document>
<document> #USER# #USER# Here's why ♥️ this last feminist psycho-babble term, "unpaid care". nn#HASHTAG# nnAs things are going, "empowered" women will soon be demanding compensation for simply getting out of bed in the morning. >></document>
<document> #USER# I've heard of this.
I believe that color blindness occurs due to a gene that is most commonly turned on in men while women are just the carriers.
Sure, I could be wrong. >></document>
<document> #USER# No wonder his Fake Chaiwala Daddy can advise people to sell pakodas &amp; get away with it.
🙄 >></document>
<document> #USER# #USER# Hhe would be booed as a "sexist misogynist".

Hell, depending on the country, may even face legal action. >></document>
<document> #USER# It is also the most expensive Kannada movie to date (I think)
#HASHTAG#

😬 >></document>
<document> #USER# Has anyone in the world seen even a fraction of Shamber Turd's "bulky evidence", by the way?
🤔

😂😂 >></document>
<document> #USER# #USER# Yesterday was a perfect example of that weather description. 👍
Today there is the sun even if a little veiled. >></document>
<document> #USER# #USER# #USER# #USER# If so,.... Let it be "his wallet, his choice" too.
Strangely, NO Feminists agree with this. #URL# </document>
<document> #USER# #USER# #USER# #USER# #USER# #USER# #USER# #USER# #USER# #USER# #USER# #USER# ठीक ही तो हैं! nThis is "women-focused development" #USER# had bragged about #USER# nAfter all, at the end of the day, it's the Patriarchate's fault. nn#HASHTAG# </document>
<document> #USER# #USER# Counts in Canada,.... In addition to North Korea, Vietnam &amp; China. >></document>
<document> #USER# Why do pregnant women say "I'm expecting a baby"?

I have NEVER heard anyone say "I'm expecting a fetus".
🤔 >></document>
<document> #USER# Now, sit down &amp; see how SM explodes with these armchairs-SJW &amp; their "be nice" justifying posts/uploads etc. nSurprised how #USER# #USER# has not yet become aware of his moto &amp; called for the suspension of police officers for "forcing an authorized woman to kill herself" n#HASHTAG# </document>
<document> #USER# Bhaktoles are like mushrooms,...... They are fed with $#|π &amp; kept in the dark. >></document>
<document> #USER# #USER# How many "exceptions" will it take for it to become a rule? 100, 1000, 10000,... EXACTLY how much will a number be enough?
You'll be just as casual &amp; say something along the lines of "this reduces overpopulation"?
MAXIMUM Male Suicides EVERY SINGLE YEAR means "Family Problem" #URL# ></document>
<document> #USER# Brings back memories of my childhood,… LIKE yours.

Of course Maa gave up on making it years ago because none of us ate it.
😁 >></document>
<document> #USER# So? nNo one ever said it would be the development of men. nEven #USER# who is Minister #USER# boasted about "women centered development" &amp; they kept their promise. Of course, such "development" is ONLY for wife/GF &amp; NOT for the mother, sisters etc. it's irrelevant. nn#HASHTAG# </document>
<document> #USER# Don't worry,.... The Taliban will soon form an "inclusive and representative government" because #USER# wants it to be. 😉nn#HASHTAG# nn#URL# ></document>
<document> #USER# On a burger, as a "side" with eggs, on top of my pizza, bits mixed into a salad,... I could go on.
🥓 >></document>
<document> #USER# It's called "securing its future" &amp; is a key factor in #HASHTAG# as defined by staunch Indian feminists. After all, women have been oppressed since the time of Adam and Eve by the mythical "evil" patriarchy this is "repairactions" nn#HASHTAG# #URL# ></document>
<document> #USER# #USER# OYE! 😤

Officially, it is South West Delhi,..... Emphasis on "WEST".
😜😜 >></document>
<document> #USER# #USER# Who made them spokesmen for all Hindus??
Cow dung for brains Idiots!! >></document>
<document> #USER# #USER# #USER# I think it's a Tibetan dish, originally.
Not only NE, Ladakhis also eat momos. >></document>
<document> #USER# They see it but won't accept it as hypocrisy/sexism.
It's "empowerment".
🤮 >></document>
<document> #USER# #USER# aka Anjana Om Modi wants exactly that,.... A BJPee spokesperson claims he is a "journalist".
Even if it will face stiff competition from another like its #USER# </document>

</author>