
	
		<document> #USER# Beauty attracts men. If you are to be one, you should definitely be beautiful. ></document>
		<document> #USER# so now you are for energy independence and clean new reliable energy? You lied for years and here you go again FFS. It is like after a few months your memory is erased so you can continue to be the lying scum of the Earth. FU and F the pathetic sperm donor who created you - GFYA. ></document>
		<document> #USER# #USER# When following a road map - what's the next most important priority? Does your team have enough base reserves (funds- community- etc) to hit these milestones? ></document>
		<document> ...we do not pray to control the outcome... we pray for the batteries to last...and when everything fits into empty space, prepare another empty space... guard our hearts, and be sure the strainers are clean so that everything flows in it are pure... #URL# ></document>
		<document> #USER# #USER# Sir, isn't this the same former guy who shot campaign videos for Republicans and used Jerusalem as a backdrop? ></document>
		<document> #HASHTAG# #HASHTAG# says Trump was responsible for Jan 6 and that if he is the nominee in 2024 he will vote for him.  Can’t see not voting for the ticket. How screwed up is that?   Party loyalty over morality? ></document>
		<document> That’s why Rinne-han complied. If it were just about him, he’d have stayed calm and ignored it. Clenched his teeth and pushed through it—even if they threatened to destroy his own hometown. ></document>
		<document> “So what happens when they take us away?” Natasha asks.

Mum strokes her finger from the top of Natasha’s nose to the tip. “Pain only makes you stronger, Natasha.”

“Is that all there is? Pain?”

“No,” mum says. “There’s the two of you. Together, you’re stronger than anything.” ></document>
		<document> i love making my units the most random ass classes idk why felix is an archer he doesnt even have a bow. the outfit is cool ></document>
		<document> Two and a half weeks until i see Connor. Until then my soul is in PAIN ></document>
		<document> in this ohio bus stop, medicare for america is a dealbreaker. ></document>
		<document> #USER# #USER# Nice one bud...lovely spot

Have a good one ></document>
		<document> Grange Farm Hobbies Centre (#HASHTAG# #HASHTAG# #HASHTAG#).   eMail: gfcc.treasurer#USER#.com Visit: #URL# ></document>
		<document> #USER# #USER# The Iraqis must demand that the Clinton, Bush, Obama, Hillary and Biden administrations be investigated and held accountable for the devastation caused by false information, in which millions of Iraq were killed، and they also stole their money. #URL# ></document>
		<document> #USER# I don’t need a new car My car is a 2015 with 20K miles on it. I cannot afford a new EV. I don’t drive much so I would be charging my car every time I want to go out. Question: aside from high gas prices will this regime punish $ me in other ways for having a gas powered vehicle? ></document>
		<document> #USER# While you werent on i was starting the campaign with my titan. Its my hunter that im at the last level ></document>
		<document> #USER# " The Sky is Falling " - Some calm - playing the beautiful grand piano at ⁦#USER#⁩ Monday evening #HASHTAG# #HASHTAG# #HASHTAG# #HASHTAG# #URL#
Lol Hammond ></document>
		<document> #USER# I wouldn't mind having just enough to retire on. I just want more time to spend playing video games. Only reason I'd want to be a billionaire though is to give it all away and help other people who are struggling. ></document>
		<document> But now I go unto Jerusalem to minister unto the saints. ></document>
		<document> #USER# #USER# Allot of it is Biden dealing with the mess Trump left behind. Sure there is some incompetence on Bidens end but everytime shit like this goes down its usually because of the crap the last administration left behind so they can blame the current administration for it. ></document>
		<document> #USER# #USER# #USER# #USER# #USER# #USER# #USER# #USER# #USER# #USER# #USER# I'm still coming off the high of Revolution because holy crap that show was amazing ></document>
		<document> #USER# but then he shows up and says "everuone calm down big cock daddy in the house" #URL# ></document>
		<document> #USER# Trump told Germany to stop Russia's Gas at a NATO meeting then the UN where the German delegates laughed at him.
Laugh now is on the Germans. Merkei really left them up s**t creek without a paddle. 
How and when can Scholz wean himself off Russian gas supporting Putin's War? ></document>
		<document> Two police officers stabbed in Jerusalem's Old City #URL# ></document>
		<document> #USER# i suspect his time as leader is coming to a close not even because his entire country hates him, but also the billionaire oligarchs must be pissed, too. i don't think anyone is on his side at this point ></document>
		<document> #USER# #USER# #USER# Don't worry Tom, when you get to be a big boy that "beard" will grow in properly 👍🏻 ></document>
		<document> FREE virtual event AB Budget 2022 Post Mortem panel discussion/Q&amp;A. Mar 10, 12-1:30pm. Panel: Ken Kobly #USER#, #USER#, Jonathon Teghtmeyer #USER#, #USER#   
Co-sponsors ABPolEcon #USER#, #USER#  #USER#, #USER#  
#URL#
#HASHTAG# ></document>
		<document> Morality is a fiction used by inferior men so as to hold back we the few superior men. ></document>
		<document> Today a patient yanked my shirt which exposed my “free” tattoo. When they saw it, they said “free from what? Slavery?” I hate it here. ></document>
		<document> Bruh, the girl just suckin on a rubber dick like ooooooo big daddy this could be you! Like… bitch that is suctioned onto a wall and she prolly named it Paul 😭😭😭 #URL# ></document>
		<document> Louella Belle and Artistic are teaming up to give two lucky winners their very own Spring 2022 Collection.

Take a look at our Instagram to find out how to enter!

*Giveaway open to US &amp; UK residents only. Winners will be chosen at random on 14/03/22 #URL# ></document>
		<document> How to get rid of debt? Although there’s no magic wand to help make debt disappear, PPI’s easy-to-use Debt Consolidation Calculator can help your clients organize and manage their monthly budget and debts with ease. Share it with your clients today: #URL# 
#HASHTAG# #URL# ></document>
		<document> #USER# When did I say Ukraine is controlled by Nazis my man? Why do you keep on lying? I said the national guard of Ukraine is controlled by nazis, and I think people who share racist nazist propaganda with clear Nazi insignia and Ukrainian insignia, are nazis. ></document>
		<document> i should really say im a once im trying to recruit people to listen to twice ></document>
		<document> #USER# it’s weird af man and borderline (maybe even blatant) harassment honestly

I’m the biggest Kanye supporter in the world, but this ain’t it ></document>
		<document> CBN OPERATION BLESSINGS DISASTER RELIEF FUND 
(there crew is already on the ground in Ukraine delivering hygiene kits and food) Unkraine displaced people  need all of our help of support financially and physical items. Ukraine people/families needs baby ></document>
		<document> #USER# Blame game? What have you done for Florida? 

Lied and covered up for TFG
Stood up and silent for hate
Lies about Covid
Voted NO for Anything that benefits people “you serve” health care, Medicare, infrastructure

I only have so many characters to use. You? Zero character! ></document>
		<document> Check out this listing I just added to my #HASHTAG# closet: Sea Shell charm detailed in gold. #URL# #HASHTAG# #USER# ></document>
		<document> #USER# I have to rewatch it now simply because I love the hunter arc. ></document>
		<document> Just lied on the tl in hopes of getting Serbian nationalist likes ></document>
		<document> #USER# If it was true, we'd need a hard border between Ireland and the UK.

It's not true though. ></document>
		<document> #USER# You have a whole planet sitting around making your power for you? That’s slavery. 🤣🤣🤣 ></document>
		<document> #USER# Yeah, we're in the calm before the storm. A lot of issues that have been just 'below the radar' since 2020 are now about to all come together. The war in Ukraine is the catalyst for everything. ></document>
		<document> I love that #USER# is promoting #USER# pretty much every day. We are so lucky to have you 😻 ></document>
		<document> // 

☹️🥺 being treated badly in school is not something you forget easily and i am really proud of shinwon that he was able to power through, he is such a kind person and now he is doing so well in his career and found greater people in pentagon #URL# ></document>
		<document> #USER# #USER# today is not calm, but I'm fine . Thank you ❤️‍🔥 ></document>
		<document> #USER# Eh, Greg. They suck but the US do support worse. After crippling sanctions achieved little but pain to their people and the coup attempts failed... Not a bad move, IMO. Pragmatism with some and high horse morality with others is not the best of looks. ></document>
		<document> #USER# Ukraine in danger now exactly because of Russia made invasion into Ukraine. Russia shells and bombards all the cities of Ukraine. Also russian troops shell nuclear power plants. This can lead to terrible consequences not only for Ukraine, but for the entire world. The photos: #URL# ></document>
		<document> #USER# #USER# #USER# First wave produced a rash of House sales, mostly pensioner's homes, which produced tax revenue, insurance payouts, legal fees, funeral costs etc etc. And a rise in house prices. "Trapped" wealth, in bricks &amp; mortar, converted to spending. ></document>
		<document> #USER# #USER# #USER# #USER# "He cares about even the UKR" - oh, so that's why they're getting bombed, killed and displaced for New Jerusalem project, gotcha!

"Read his policies" - no, thank you. It's all BS. They're all in this together, smoke and mirrors are tiresome.

If you don't see, can't help. ></document>
		<document> healthcare is a right, not a privilege. fuck this country and fuck the people who run health insurance companies and get rich off of the suffering of the many ></document>
		<document> I know it's all my fault, made you put down your guard ></document>
		<document> SARS-CoV-2 vaccination responses in untreated, conventionally treated and anticytokine-treated patients with immune-mediated inflammatory diseases #URL# ></document>
		<document> #HASHTAG# strike a pose (brand new) by dRem tgi /#USER# |[#URL#] listen now {#URL#} #HASHTAG# #HASHTAG# ></document>
		<document> $rsp : $spy Today only $spy doing better than equal weight? #URL# ></document>
		<document> god bro how deranged do you have to be to be ugly and cut your entire hair at school ></document>
		<document> It's horrible and unfair that men have to make choices regarding mother and wife position in his life. 
As a mother, you should understand your role when your son takes a wife and the wife must acknowledge the significance role of her mother in-law in his life. ></document>
		<document> #USER# Yes!! I saw this guy and I couldn't stop screaming. My face started getting red, I was just being clumsy and loud. I don't even know what was going on, I just kept on laughing. For a sec, he thought I had gone mad. But after a while I was calm but jumpy.. Sadly, I lost my voice. ></document>
		<document> Looks like a painting of a plural to me. How many heads does this cave drawing have? We see 4 maybe 5. There are folk in the plural community who draw things like this. Not usually on a wall in a cave. Kudos to the original artist — tough medium. #URL# ></document>
		<document> "Understanding how the goals of care may change with a patient’s age or change in circumstances is central to diagnostic excellence for older adults." #HASHTAG# #HASHTAG# #HASHTAG# #USER#  #URL# ></document>
		<document> #USER# Play it if you NEED to, but be ready to be beaten upon. Otherwise, use Impact Tremors ></document>
		<document> What an interesting mixture... this is a translation of the Quran done by an Ahmadi, produced by the Agha Khan and then gifted by the prime minister of Pakistan to my great uncle Cecil and his wife Martha. #URL# ></document>
		<document> #USER# I have seen the bravado of the son of a mafia who is still in jail. He was speaking in public that he had asked Akhilesh not to transfer any officers till they settle their scores with them. It should be the  priority of Yogi Ji after his victory to eliminate 100 in first month. ></document>
		<document> Dep. Sec. David Turk is in Houston today to help kick off #USER# during a critical time for global energy security, where he will show the world’s energy leaders everything America is doing to build a clean, reliable and affordable energy future. #URL# ></document>
		<document> #USER# 정국앟... 사랑해 ❤️❤️❤️💜💜💜
#HASHTAG#
#HASHTAG#
#HASHTAG#
7/3/22
jungkookahh omg you guys came back
gods i missed you so much love
missed seeing you just sit and talk and laugh with each other
you guys' smile light up our entire day baby
i love you so much💜💜💜💜 #URL# ></document>
		<document> #USER# It's unclear what a "special regime of combat duty” means, it's not a term American intelligence thought was part of Russia's nuclear procedures. Sounds scary. ></document>
		<document> #USER# The lack of conformism in American universities is a symptom of the extent to which capitalism rules America. Smart people who feel they can't or won't partake in the extreme capitalism stay back in academia. Soon, they all look like each other - the stark opposite of Wall St. ></document>
		<document> Why would anyone fly a F*uck anyone or anything flag from anywhere?  It’s so not classy. 

(Except F*ck Cancer). ></document>
		<document> #USER# #USER# #USER# #USER# #USER# #USER# #USER# Buy and Hold #HASHTAG# 💎🤑 Don't wait for empty promises💎💯 join the newest Billionaire club🙌 We can be trusted💯 #USER# has some real potential 🎮Our P2E game with NFT marketplace will blow your mind🤯 #URL# 👉🏽Spookyshiba swap #HASHTAG# #HASHTAG# #URL# ></document>
		<document> #USER# My pure ass don’t even know what that really means 😭 ></document>
		<document> Check out this listing I just added to my #HASHTAG# closet: Color Street - Seoul Sister pedicure set, magenta. #URL# #HASHTAG# #USER# ></document>
		<document> The #USER# platform is waiting For Dubai Crypto Expo
The one stop shop for everything "Meme" in #HASHTAG#
Every payment on meme token will be made in #HASHTAG# and the proceeds burnt forever 🔥 

Everyone knows what that means right? 🚀🔥

Don't sleep on #HASHTAG# ></document>
		<document> #USER# No, I'm saying LeBron is the better all round basketball player and arguably best player ever. Michael was great, but LeBron could guard all 5 positions and no one could stop him from getting to the hoop. ></document>
		<document> #USER# #USER# #USER# #USER# #USER# Oh crap, I didn’t think it’d post on it’s own… 😂 I guess the secret is out lol ></document>
		<document> VIA #USER#: Traffic Update Traffic from Still calm along osolo way from 7 and 8 down to aswani junction both inward and outward. Traffic lights alternating. Inward Ajao gate from airport on the service lane is busy due to alternation. Jesus house, eleganza to Ajibade… ></document>
		<document> Victims vs. Vectors? The Ethics of Giving COVID-19 Vaccines to Children #URL# ></document>
		<document> NowPlaying Pain (ft. Kendrick Lamar) - 2Pac Listen #URL# hosted by DJ Greenguy and DJ King Assassin 17:17 ></document>
		<document> #USER# Denentralized insurance is needed as protection from all these scammers and rug pullers. I’ve got my 👀 on #USER# ></document>
		<document> #USER# I get why they're trying to push the idea of being civil but there's times where you gotta put your foot down and this is the time ></document>
		<document> #USER# He's not hated or being attack it's who u take as a musser of united fanbase cz every game i hear the crowd singing viva Ronaldo if u think social media or Twitter especially is the musser then it's ur prob mate ></document>
		<document> Check out my Gig on Fiverr: design logo for your website, company, business, or brand #URL# ></document>
		<document> #USER# #USER# #USER# #USER# #USER# #USER# #USER# #USER# #USER# #USER# #USER# #USER# #USER# #USER# #USER# #USER# #USER# #USER# #USER# Eternal bliss? Long gone for the Planet ... We can reverse it - but we must all protest so that everyone knows - precisely why this is covered-up - masses will shut it down. No one wants anyone else seeing and hearing all that they do. To our bziest streets - bringa meter... #URL# ></document>
		<document> What's an #HASHTAG# party without a big ol' #USER# Butt?🍑😉😁 #USER# was an absolute BLAST! So happy to have been a part of it🥰 #HASHTAG# #USER# #URL# ></document>
		<document> #USER#'s account has been withheld in Portugal, Finland, Sweden, Ireland, Slovenia, Czech Republic, Poland, Slovakia, Hungary, Italy, Malta, Germany, Greece, Romania, Netherlands, Bulgaria, Austria, Luxembourg, Latvia, Denmark, Lithuania, Croatia, Estonia, Cyprus, France, Spain, Belgium in response to a legal demand. Learn more. ></document>
		<document> Buttheads giving up twitter and might delete the app........ Dont forget this is me calm and sober and just curious about stuff. Imagine I was raging and wanted revenge lol the old me would have swallowed you up whole Joanne. ></document>
		<document> #USER# Ppl are frightened+horrified at the conflict - cutting out Russian gas+oil would kill millions of people directly+indirectly. #USER# screenshot on no #HASHTAG# for BC...disaster in HOURS. Sobering. Its winter in EU. We all need LOTS of O+G. Germany does NOT run on #HASHTAG# #URL# ></document>
		<document> #USER# She such a lovely girl. Pure pure soul wth no bad vibes ></document>
		<document> Really quite hilarious to witness 30 years of regime change effort in Venezuela + the isolation of Iran go down the drain in just 3 days in order to spite Russia.

Both Venezuela &amp; Iran will emerge out of the crisis as the very thing US wanted to prevent: flourishing petrostates. ></document>
		<document> Feeling daunted by a new week?  A little movement can give your creativity a giant boost!  This is really awesome: See how walking—and even moving while seated—may encourage new ideas.

 #URL# #URL# ></document>
		<document> #USER# Abstract Lord Buddha Canvas Painting signifies courage and offers protection from fear, delusion and anger. This Art is for people who are either looking for peace and calm in their lives, or for those who wish to improve meditation skills. Thank you♥️🎨☺ #URL# ></document>
		<document> I really got all my sisters location I checking to see where they be at just got to get phat and crack ones lol ></document>
		<document> Thanks to our friends #USER# for giving ICity 10 ICChibi NFTs WL, we will pick 10 lucky winners to get it🔥, Pls: 1.1️⃣ folow #USER# &amp; #USER# 2.❤ and RT 3.Tag your friends End within 24hrs. #URL# ></document>
		<document> #USER# ,🙏Help me get started. "A drop of blood from your heart" Give me a DM now. Please #HASHTAG# #HASHTAG# #HASHTAG# #HASHTAG#    #URL# #URL# #URL# ></document>
		<document> literally supported her through everything and she’s believing her shitty friends over me woww #URL# ></document>
		<document> not far from reality, streams help so does China sales which BP is #HASHTAG# in, they have MILLIONS of pure downloads in China and their streams are really huge. HYLT has 500M streams on QQ alone, that's +4M digital (=400K albums) so why not? #URL# ></document>
		<document> I miss the days where all I had to do was walk down the hall or cross the street and have some pussy in my face 
Good times 😵‍💫 ></document>
		<document> #USER# Cmon now. A calm 21 hits. Something tells me Chainz ain’t too high on your list lmfaooo. ></document>
		<document> #USER# #USER# #USER# And besides, I thought that we can only socialise in twos these days? And aren’t you hibernating in your man cave anyway?! ></document>
		<document> Clear road for the Man of people and the Man #USER#...

Stay calm! #HASHTAG# #URL# ></document>
		<document> Legal or illegal it’s worth it if it’s a clean flip ></document>
		<document> #USER# Do you know which leader used taxes to keep fuel prices artificially low? Venezuelan Dictator Hugo Chavez. Just sayin'. #HASHTAG# #HASHTAG# ></document>
		<document> #USER# Introducing #HASHTAG# ,The largest PlayToEarn Premier Gaming #HASHTAG# On Binance Smart Chain .. Coming Soon guys Anticipate!!! ></document>
		<document> .#USER# Director Dr Ahmed Al-Mandhari and #USER# met with the Iraqi Minister of Foreign Affairs #USER# and thanked His Excellency for the strong support and major role of the #USER# in facilitating #USER#'s operations, including #HASHTAG# response in #HASHTAG# 🇮🇶. #URL# ></document>
		<document> Check out this listing I just added to my #HASHTAG# closet: 💝 NWOT HOLLISTER SKINNY CROPS. #URL# #HASHTAG# #USER# ></document>
		<document> #USER# Centuries ago they were carbon neutral wind powered. ></document>
		<document> #USER# #USER# Look, more lies! Dominion machines in my county, one of the ones the traitor #USER# wanted to steal from us, were never connected to the internet. Blatant lies by the trump-cult crazies. ></document>
		<document> Artistic freedom no longer a thing? 
#HASHTAG# #USER# #HASHTAG# #HASHTAG# 
Fuck you SKETE
#HASHTAG# #HASHTAG# #USER# #USER# 
BULLSHIT CENSORSHIP 
#HASHTAG# #URL# ></document>
		<document> #USER# I do! And I use application guard in Edge uses, right? I use that one, too ></document>
		<document> #USER# I used to finish everything like maybe max of 8 papers in 1 sitting

Actually, ang powerful pero unhealthy and I think bumabalik ung hyperfixation ko

I honestly don't know If this is a good thing or not skl

Sana mas makapagconcentrate ka ngayon pero pls take a rest 🌻 ></document>
		<document> #USER# It’s what the GQP does. Doesn’t matter if TFG broke the law, attempted to overthrow a republic for a dictatorship, threatened people’s lives. For them, it is the party, not nation that’s supreme. Sounds a lot like the Nazi party and the Communist party. I say bring it! ></document>
		<document> Two Israeli police officers were stabbed by a Palestinian today in the old City of Jerusalem. 

It's the month of Ramadan which as history as taught us expect many of these horrific events until another inevitable war will start by the Palestinians that control Gaza. ></document>
		<document> This might sound weird, but I swear that Cafe music sometimes be hitting so hard, and not in a calm way ></document>
		<document> #USER# #USER# #USER# #USER# lod* u Putin tera baap hai 😂17 saal spy reh chuka hai.. tum twitter pe bakwaas karne walon ki tarah emotional nahi hote leaders. They want power and expansion. Thats all ></document>
		<document> Because it's a well funded white nationalist effort and if the media would stop sitting in a diner and instead ask WHO PAID FOR THE CONVOY, maybe we could avoid the demise of democracy.

Just sayin... #URL# ></document>
		<document> #USER# #USER# #USER# #USER# Nope. He was a tackle when he was at ND. Drafted as an undersized tackle with the intention of making him a guard BECAUSE.... he was undersized.  Search his scouting reports my man. ></document>
		<document> LOVELY CONTENT🔥
Promote it on our IG 5Million+ networks
Direct Message Us❤️
#URL# #URL# ></document>
		<document> 🥰🆘❤️🐈‍⬛❤️🆘📢#HASHTAG# #HASHTAG# #HASHTAG# #HASHTAG# #HASHTAG# #HASHTAG# #HASHTAG# #HASHTAG# #HASHTAG# #HASHTAG# ADOPT.FOSTER.DONATE.SHARE for felines needing loving homes. NOW more than ever THEY NEED US &amp; WE NEED THEM-UNCONDITIONAL LOYALTY &amp; LOVE 24/7-365!🥰🆘❤️🐈‍⬛❤️🆘📢😍 #URL# ></document>
		<document> #USER# Strategic empathy is when you justify a raper's actions because you "understand" their motivations. ></document>
		<document> 124D8C99Boo boo can run over here just don't lock him just being cautious about things like hot ???? PP #URL# ></document>
		<document> ??????? is it meant to be a month after every other location for the presale wtf #URL# ></document>
		<document> Check out this listing I just added to my #HASHTAG# closet: 💋💋 NEW HIGH WAIST BFRIEND JEANS. #URL# #HASHTAG# #USER# ></document>
		<document> #USER# #USER# Indeed you are right... That's why communism got the grip, still like in China ...!!! You don't understand russia isn't the enemy but China. West has put soo much pressure on Russia with their sanctions that it has to align with China otherwise they too don't like them!! ></document>
		<document> #USER# It's okay to ask for a session break if something catches you off guard! Take 10, think on it, then go back! Also water. And if your players just start rp-ing with one another to resolve a situation, let them! It allows you to sit back and see what they've absorbed so far. ></document>
		<document> Some Nutter thought the Creators Immune System was Flawed so Man interfered with it.🤡🤡🤡🤡🤡🤡🤡🤡🤡🤡

#HASHTAG# #HASHTAG# #HASHTAG#19 #HASHTAG# #HASHTAG# #URL# ></document>
		<document> #USER# Heya Gaby! How are you? Aw, Tysm! 😊 I tend to gouache on days I need peace lol. Yes, Go for it!:D I use jelly gouache. YT artists use it for anime art like st. ghibili bgs. Painting is one of my fav. Ways to relax. Glad it showed well here. Enk is a calm dude so it works out lol ></document>
		<document> Patient presented with white Deltoid requesting Nuc Med scan of Larynx ></document>
		<document> #USER# Literally happened to me for 4 years. A certain kind of nihilist anti-morality anarchists served the same purpose too for me too 😂😂 ></document>
		<document> #USER# Your party has given the Country a bad name!! And that you have the audacity to talk crap shows how arrogant and out of touch you are with the rest of the country. ></document>
		<document> Check out this listing I just added to my #HASHTAG# closet: 1901 Lugano Black Pebbled Leather Loafer Mens 10.5 Slip On Casual. #URL# #HASHTAG# #USER# ></document>
		<document> Dress up and be your own flower Confuse your mirror by getting yourself a beautiful outfit from #USER# #HASHTAG# #URL# ></document>
		<document> #USER# And also how hard it is for them, the ‘empath’ to constantly be taking on others’ pain ></document>
		<document> #USER# Dr. Prasad, have you heard of Far UV? 

#URL#

Strong evidence for effective engineering controls to minimize and potentially prevent indoor viral transmission in a number of settings.

Rumor has it this tech has been installed in the Pentagon. ></document>
		<document> Lucky Charms, Captain Crunch, Cinnamon Toast Crunch y Trix. #URL# ></document>
		<document> #USER# I’m not. But I readily and easily, in love, accept your position and call you my brother in Christ. Isn’t it cool that we can do this? I’m not mad at you in the least. I’m not worried for you (or me, for that matter) because Holy Spirit testifies with us both that we are His. ></document>
		<document> As Equity members return to work, it is important to contact a business rep if you have any concerns around COVID safety or workplace discrimination/harassment so staff can address these issues promptly.

Find your rep here - #URL# #URL# ></document>
		<document> I’m shocked. Shocked I say. 🙄

I don’t agree with everything Congresswoman Herrera-Beutler says but she has served SW Washington well. She isn’t a white nationalist, and she isn’t a Trumper. It’s a low bar but those are wins. #URL# ></document>
		<document> Check out this listing I just added to my #HASHTAG# closet: 7FAMK sz 29 The Relaxed Skinny Jean Crop Length. #URL# #HASHTAG# #USER# ></document>
		<document> and theyll take everything out of context, thats another one.

also you'll see someone say some purposefully ignorant/disrespectful take and instead of people ignoring them (the best to do, since those want attention) they'll be like "look im the thing youre against stay mad" ></document>
		<document> #USER# Talk about the brainwashing that has gone on now for 2 years.

Yes, cult level stuff. No science. Brainwashing kids. Adults in manipulative power. How do you reverse that damage psychologically? ></document>
		<document> Mr. Sinister's team of Hellions are dead! Oh, the pain! Oh, the injustice! Oh, the - wait a minute - what's Sinister really up to? Reserve the graphic novel to collect from your local library for free #URL# #HASHTAG# #USER# #URL# ></document>
		<document> #USER# I genuinely am neutral towards her because I think she's talented musically but other than that I feel pretty much 🤷🤷 about her. ></document>
		<document> #USER# #USER# It would be like hearing a Billionaire go, "OMG, I have to sell my 3rd house because of the economy."

I rarely take a vacation because it has ALWAYS been expensive.
I visited family less simply from the pandemic.
My kids joined 1 sport each instead of 3 each.
Life happens. ></document>
		<document> 🇺🇸Democrat Stock Purchase🇺🇸 Capitol Trade: Representative Kathy Manning Buying SERVICENOW INC Shares (18 Feb 2022 / Reporting Delay = 14 Days) $NOW #HASHTAG# #HASHTAG# #USER# View Trade: #URL# View Politician: #URL# #URL# ></document>
		<document> LIVE ON #HASHTAG# : africa by Seun Anikulapo Kuti / We Entertain. Empower. Educate .Engage with us on 0208 090 2121 hello#USER#.co.uk #HASHTAG#. Do click here to Listen #URL# #HASHTAG#
 Buy song #URL# #URL# ></document>
		<document> Some scars you made them yourself, because the pain was so overwhelming.
The pain was so real.
And valid.
Don't forget that. ></document>
		<document> Infinite pivoted his ligaments approximately 180 degrees to position his arm at an obtuse angle. As a flaring crimson hue shined like my ass crack and the- #URL# ></document>
		<document> #USER# He is a gentle soul, very calm and patient. He is the balancing act in my life🤣 ></document>
		<document> #USER# #USER# Bro that big ass Batman blanket lol and you waking up early asf on a Saturday 😂 i used to come out to cool it wit you just to fall asleep in the living room. ></document>
		<document> WHAT I SO TO ZACH HE REALLY LIKE SEHAM NO MATTER HOW THEY SAID NEGATIVE TO HER HE DON'T CARE AS LONG HE IS HAPPY WHEN YOU LOVE OR LIKE A PERSON YOU MUST LOVE HER/HIS TOTALITY JUST HOPING WAG KA MASATAN ANAK SAME WITH SEHAM GUARD YOUR HEART IF YOU HURT NOT ONLY YOU, WE AND ZACH ></document>
		<document> #USER# #USER# #USER# Typically, investors buy tokens that are likely to increase in price in the future. I saw that, total supply of the token is huge. So, do you have any plan for burning tokens in the future to reduce the supply of the token and increase its investment attractiveness? ></document>
		<document> I spy some .#USER#  BSE Students! Good looking lab and crew there. #URL# ></document>
		<document> #USER# #USER# But why is it so innocent, this photo is very genuine so pure, that happiness in his eyes making a claw with his hand as mirrored with an actual claw, it’s poetic. ></document>
		<document> #USER# Pakistan is a sh1thole! The abuse of animals and people is frankly appalling. Boycott anything from Pakistan, I am ></document>
		<document> Here's your daily horoscope, Leo. The galaxy express you're feeling calm. There is a certain beauty to your character. You have hardships in your fate. Act with values. #URL# ></document>
		<document> #USER# #USER# cute but again another stupid meme.  Do you have any thoughts of your own?  Anyone who points out that someone is racist, it always the racist one.  move on idiot. ></document>
		<document> #USER# "Congratulations, the operation was a success, but we lost the patient." ></document>
		<document> #USER# I still remember our conversation on space when I was emphasizing on the similar issue. It's a high time to tackle this challenge else it will be a huge disaster ></document>
		<document> Self-care tip:

Remain calm in every situation. ></document>
		<document> Sry I haven’t streamed in a wile. Was tired all week so maybe tonight I will do a Elden Ring Meme run. ></document>
		<document> #USER# Ya, that's pretty demented stuff. At least it seems that it's something parents have to opt in their child to go and not under the radar pedo grooming in the schools. Let the Alphabet Mafia send their kids, they're screwed anyway with parents that would allow that. ></document>
		<document> Operation Ganga.... just use name of a River.... never clean the real thing ..... Kudos ></document>
		<document> As an aside..

Being a SLAVE to the CRAVE Allows the CRAY to Sway all DAY in their CLAY bye WAY of their Past PLAYS witch were NOTHING but Satanic STUFFING Filled with Devil PUFFING for the HUFFING..🤪

Now..

Where does that leave THEM outside of their Serpent DEN of Has-BEEN??? #URL# ></document>
		<document> Check out this listing I just added to my #HASHTAG# closet: New York &amp; Company Sequin Acrylic 3/4 Sleeve Button Front Cardigan Sweater. #URL# #HASHTAG# #USER# ></document>
		<document> #USER# #USER# #USER# It’s not exactly unprecedented. all the tories could manage after 13 years of labour government, a financial crisis, the iraq war, national identity card backlash, and two deeply unpopular prime minister in quick succession was a hung parliament. ></document>
		<document> #USER# #USER# #USER# The snarky tweets are a challenge. Again you don’t like that you have shitty opinions too fucking bad lol ></document>
		<document> #HASHTAG# a $25 Amazon gift card thanks to The Billionaire's Auction by @ BriBlackwood2 #HASHTAG# #URL# #URL# ></document>
		<document> #USER# Ask yourself why you don’t believe these natural treatments help humans combat common viruses. Because bureaucrats haven’t declared it so? Unfortunately, our “health agencies” have been bought.  Did you know the FDA is 45% funded by the drugs it approves? #URL# ></document>
		<document> That sad part is the ones who refer to you as a sheeple literally do not care if you had have infected anyone else. There is no empathy for anyone else in their view. Thank you from someone with an elderly sick father. #URL# ></document>
		<document> Prime your environment to make the next action easy."

~#USER# ></document>
		<document> #USER# #USER# #USER# Yeah. I care too much and need to calm down lol. It would be so interesting though. A real shonen deconstruction instead of just playing it straight. ></document>
		<document> #USER# "Girl calm down i aint callin for you, put your power armor on the phone!" ></document>
		<document> #USER# On a serious note why do they build these things if they do not budget for up keep &amp; maintenance ? ></document>
		<document> 🎉Lovely Content🎉
DM your pictures for shout-out on Instagram.
We help you to grow your OnlyFans at instagram over 12millions+ network 📩 most visit
#URL# content!!! #URL# ></document>
		<document> My iphone 12 pro Mac keep goinig in and out and they say i need to buy a whole new phone #USER# wtf so right after i finish paying off my phone now... Now yall start messing my phone off This is sad how #USER# treat their customers ></document>
		<document> Yet people in punditry news shows still acting like they can't see the war crimes. It is disgusting and immoral journalism. Say it #HASHTAG# 

#USER# 
#USER# 
#USER#
#USER# 
#USER# #URL# ></document>
		<document> #USER# #USER# What are you even talking about?

Only an EVM-compatible chain can be used to port EVM dapps to the IBC ecosystem, which is the niche this chain fills. ></document>
		<document> The DC convoy may have looked like a joke on TV, but I guarantee you it was one of the most successful white nationalist recruitment drives in years. #URL# ></document>
		<document> If you want to help Charity, you can take a look at #USER# 👉💸👈
🔥🔥🔥🔥🔥
#HASHTAG# #HASHTAG# #HASHTAG#☄ #URL# #URL# ></document>
		<document> "The peak incidence does not correspond to a time of rapid growth."

This means that if the pain gets more at a time that you're growing fast, it's NOT 'growing pains' (in spite of the name). ></document>
		<document> Anything coulda happened with this situation and she brought police into it as if the kids really be in ANY type of danger wit me….and said i was kidnapping my daughter though! niggas get killed like that! thank got i walked away instead of continuing to argue smh pathetic ></document>
		<document> #USER# And it's not just their looks but their personalities too. They such lovely beautiful people. ></document>
		<document> $BBBY this is the first pump and dump I’ve ever seen in action 😂😂😂😂😂 $SPY 👍 ></document>
		<document> As a king's guard, Reeya has forsaken worldly goods for the shelter of a tent, family for the company of soldiers, and attachment for the favor of her king.

Wounded en route, she is taken into the care of a holy man who has taken similar vows.

forbidden ❤️/ shared tent #URL# ></document>
		<document> #USER# MATE THAT REG ON THE S2 🤣 Faaaaantastic! I'd definitely take the S2000 to be fair. The way they rev is just phenomenal. ></document>
		<document> Pentagon briefing with a senior defense official just started. 

Updates: 
- "Nearly 100%" of pre-positioned combat power committed in Ukraine
- 625+ missiles launched since start of invasion
- Air space remains contested 
- ~500 US troops ordered to deploy to Europe over weekend ></document>
		<document> My neighbor N. says I should wait with buying apartment. He knows the price. He says, prices have gone inposibly high. So I wait to prices get little bit, to situation calm down. ></document>
		<document> If you suffer from severe period pain, please refer to the nearest gynae. Find doctors who listen. ❤️ ></document>
		<document> Check out this listing I just added to my #HASHTAG# closet: KAPPA Navy Blue size large Zip Up Jacket. #URL# #HASHTAG# #USER# ></document>
		<document> #USER# #USER# Is there any visual difference in your fingers? Being more red or swollen than usual? Sounds like it could be either raynauds or an allergic reaction to me. If no physical difference perhaps nerve pain? That can often be a burning sensation ></document>
		<document> #USER# They sure are a pain, but this was a good thing to see waking up~ ></document>
		<document> Shares of retailer Bed Bath &amp; Beyond more than doubled in early trading Monday after investor Ryan Cohen disclosed a roughly 9.8% stake in the firm. #URL# ></document>
		<document> Y’all rise up,sing out is so bomb Sarai loves it she’s so calm watching it ☺️ ></document>
		<document> #USER# Can’t the oligarchs seized money and assets be used for all the Ukrainian people who need help??? ></document>
		<document> 5 Natural Ways to Boost Your Immune System #URL# via groovygreenlivi #URL# ></document>
		<document> Sorry but this is not an MVP argument. You literally can’t guard Jokic like this because he’ll tear you up with passes and have 25 assists #URL# ></document>
		<document> Fucking fools who believe the incessant stream of lies from billionaire racist Rupert Murdoch's Fox News and Putin-sucking traitor Trump. #URL# ></document>
		<document> #USER# You have no honor or backbone. Today the wind blows from the west and you tweet. When the wind changes, so will your tweet. You have no integrity and no morality. ></document>
		<document> Billionaire-Backed Group Enlists Trump-Supporting Citizens to Hunt for Voter Fraud Using Discredited Techniques #URL# ></document>
		<document> HAN JISUNG YOU NEED TO CALM DOWN AND CHILL #URL# ></document>
		<document> #USER# #USER# #USER# #HASHTAG#, #HASHTAG# and #HASHTAG# share a lot of common features, goals and tools, "ethics" &amp; methods to reach their goals. There are MUCH more similarities than differences. ></document>
	
</author><document> #USER# Beauty attracts men. If you want to be, you absolutely have to be beautiful. >></document>
<document> #USER# so now you are for energy independence and a new clean and reliable energy? You lied for years and here you are again SBB. It's as if after a few months your memory is erased so you can continue to be the lying scum of the Earth. FU and F the pathetic sperm donor who made you - GFYA. >></document>
<document> #USER# #USER# When following a road map, what is the next most important priority? Does your team have sufficient core reserves (funds - community - etc.) to achieve these goals? >></document>
<document> ...we don't pray to check the result...we pray for the batteries to last...and when everything fits into the gap, prepare another gap...guard our hearts and make sure the filters are clean so that everything flowing into them is pure... #URL# ></document>
<document> #USER# #USER# Sir, isn't that the same ex-boyfriend who shot Republican campaign videos and used Jerusalem as a backdrop? >></document>
<document> #HASHTAG# #HASHTAG# says that Trump was responsible for January 6 and that if he is the candidate in 2024, he will vote for him. I look forward to not voting for the ticket. How messed up is that? Party allegiance over morality? >></document>
<document> That's why Rinne-han agreed. If it was just him, he would have remained calm and ignored it. He grit his teeth and pushed on, even as they threatened to destroy his own hometown. >></document>
<document> "So what happens when they take us away?" asks Natasha.

Mom strokes her finger from the tip of Natasha's nose to the tip. "Pain only makes you stronger, Natasha."

"Is that all? Pain?"

"No," says mom. “Here you two. Together, you are stronger than anything." >></document>
<document> I love making my units the more random classes, I don't know why Felix is ​​an archer and doesn't even have a bow. the outfit is fantastic </document>
<document> Two and a half weeks before seeing Connor. Until then my soul is in PAIN </document>
<document> at this Ohio bus stop, healthcare for America is a puzzle. >></document>
<document> #USER# #USER# Nice bud...nice place

Have fun </document>
<document> Grange Farm Hobbies Center (#HASHTAG# #HASHTAG# #HASHTAG#). eMail: gfcc.treasurer#USER#.com Visit: #URL# ></document>
<document> #USER# #USER# Iraqis must demand that the Clinton, Bush, Obama, Hillary and Biden administrations be investigated and held accountable for the devastation caused by false information, in which millions of Iraqis have been killed, and they have also stolen their money. #URL# </document>
<document> #USER# I don't need a new car My car is a 2015 with 20,000 miles. I can't afford a new electric vehicle. I don't drive much so I charge the car every time I want to go out. Question: Aside from high gas prices, will this regime punish me in other ways for having a gas powered vehicle? >></document>
<document> #USER# Whileand you weren't there I was starting the campaign with my titan. It is my hunter that I am at the last level </document>
<document> #USER# "The Sky is Falling" - A little calm - playing the beautiful grand piano at #USER# on Monday night #HASHTAG# #HASHTAG# #HASHTAG# #HASHTAG# #URL#
Lol Hammond </document>
<document> #USER# I wouldn't mind having enough to retire. I just want more time to play video games. The only reason I would want to be a billionaire though is to give it all away and help other people who are struggling. >></document>
<document> But now I'm going to Jerusalem to minister to the saints. >></document>
<document> #USER# #USER# Much of it is Biden who takes care of the mess Trump left behind. Sure there is some incompetence on Biden's part, but whenever shit like this goes down it's usually because of the shit the last administration left behind so they can blame the current administration for it. >></document>
<document> #USER# #USER# #USER# #USER# #USER# #USER# #USER# #USER# #USER# #USER# #USER# I'm still coming off the prime of Revolution cuz shit that show is been great </document>
<document> #USER# but then shows up and says "everybody calm down the big dick daddy in the house" #URL# </document>
<document> #USER# Trump told Germany to stop Russian gas during a meeting of NATO and then the United Nations, where German delegates mocked him.
The laughter is now on the Germans. Merkei really left them on a creek of shit without a paddle.
How and when can Scholz free himself from Russian gas by supporting Putin's war? >></document>
<document> Two policemen stabbed in Old City of Jerusalem #URL# </document>
<document> #USER# I suspect his time as a leader is coming to an end not even because his entire country hates him, but the billionaire oligarchs must be pissed too. I don't think anyone is on his side at this point </document>
<document> #USER# #USER# #USER# Don't worry Tom, when you're a kid that "beard" will grow properly 👍🏻 ></document>
<document> FREE virtual event AB Budget 2022 Post mortem roundtable/Questions and answers. March 10, 12-13:30. Panel: Ken Kobly #USER#, #USER#, Jonathon Teghtmeyer #USER#, #USER#
Cosponsor ABPolEcon #USER#, #USER# #USER#, #USER#
#URL#
#HASHTAG# </document>
<document> Morality is a fiction used by lesser men to keep us the few superior men. >></document>
<document> Today a patient ripped off my shirt that showed off my "free" tattoo. When they saw it, they said “free from what? Slavery?” I hate it here. >></document>
<document> Bruh, girl just sucked a rubber dick like ooooooooo daddy, this could be you! Like... bitch getting sucked up a wall and she probably called her Paul 😭😭😭 #URL# </document>
<document> Louella Belle and Artistic team up to give two lucky winners their Spring 2022 Collection.

Check out our Instagram to find out how to participate!

*Giveaway open to US &amp; UK residents only. Winners will be randomly selected on 3/14/22 #URL# ></document>
<document> How to get rid of debt? While there is no magic wand to help make debt disappear, PPI's debt consolidation calculator can help your clients easily organize and manage their monthly budget and debts. Share it with your customers today: #URL#
#HASHTAG# #URL# </document>
<document> #USER# When did I say that Ukraine is controlled by the Nazis my friend? Why do you keep lying? I said that the National Guard of Ukraine is controlled by the Nazis, and I think people who share racist Nazi propaganda with clear Nazi insignia and Ukrainian insignia are Nazis. >></document>
<document> should I really say once I'm trying to recruit people who listen twice</document>
<document> #USER# is weird for male and borderline (maybe even blatant) harassment honestly

I'm the biggest Kanye supporter in the world, but that's not it </document>
<document> OPERATION CBN DISASTER RELIEF FUND BLESSINGS
(there the crew is already in the field in Ukraine to deliver hygiene kits and food) Ukrainian displaced people need all our help for financial and physical support. Ukrainian people/families need a child </document>
<document> #USER# Blame the game? What did you do for Florida?

Lied and covered for TFG
Up and silent out of hate
Lies about Covid
Voted NO to anything that benefits the people "you serve" health care, Medicare, infrastructure

I only have so many fonts to use. You? Zero character! >></document>
<document> Check out this listing I just added to my #HASHTAG# closet: Seashell Charm with Gold Details. #URL# #HASHTAG# #USER# ></document>
<document> #USER# I have to watch it now simply because I love the Hunter story arc. >></document>
<document> I just lied about the tl in the hope of gaining Serbian nationalist sympathies </document>
<document> #USER# If true, we would need a physical border between Ireland and the UK.

That's not true though. >></document>
<document> #USER# Do you have an entire planet sitting around creating its power for you? This is slavery. 🤣🤣🤣</document>
<document> #USER# Yes, we are in the calm before the storm. Many issues that have been just "under the radar" since 2020 are now about to all come together. The war in Ukraine is the catalyst for everything. >></document>
<document> I love that #USER# promotes #USER# pretty much every day. We are so lucky to have you 😻 </document>
<document> //

☹️🥺being treated badly in school is not something that is easily forgotten and I am really proud of Shinwon that he was able to overcome, he is such a nice person and now he is doing so well in his career and he has found better people in the pentagon # URL# ></document>
<document> #USER# #USER# It's not quiet today, but I'm fine . Thank you ❤️‍🔥 </document>
<document> #USER# Heh, Greg. They suck, but the US claims worse. After crippling sanctions achieved little but pain for their people and coup attempts failed… Not a bad move, IMO. Pragmatism with some and high horse morality with others arenot the best of looks. >></document>
<document> #USER# Ukraine in danger now due to the Russian invasion of Ukraine. Russia shells and bombards all cities of Ukraine. Russian troops are also bombing nuclear power plants. This can lead to terrible consequences not only for Ukraine, but for the whole world. Photos: #URL# ></document>
<document> #USER# #USER# #USER# The first wave produced a wave of home sales, mostly retiree homes, which resulted in tax revenues, insurance payments, legal fees, funeral expenses, etc. And an increase in house prices. "Trapped" Wealth, Bricked &amp; mortar, converted to the expense. >></document>
<document> #USER# #USER# #USER# #USER# "They care about the UKR too" - oh, that's why they are bombed, killed and displaced for the New Jerusalem project, got it!

"Read its policies" - no thanks. They are all bullshit. They are all together in this, smoke and mirrors are boring.

If you don't see, you can't help. >></document>
<document> Healthcare is a right, not a privilege. fuck this country and fuck the people who run health insurance companies and get rich off the suffering of many </document>
<document> I know it's all my fault, I let your guard down </document>
<document> Responses to SARS-CoV-2 vaccination in untreated, conventionally treated, and anticytokine-treated patients with immune-mediated inflammatory diseases #URL# </document>
<document> #HASHTAG# strike a pose (brand new) by dRem tgi /#USER# |[#URL#] listen now {#URL#} #HASHTAG# #HASHTAG# ></document>
<document> $rsp : $spy Today only $spy fares equal weight better? #URL# </document>
<document> god brother how deranged you must be to be ugly and cut all your hair at school </document>
<document> It is horrific and unfair that men have to make choices about the position of mother and wife in his life.
As a mother, you should understand your role when your son marries, and the wife must acknowledge her mother-in-law's significant role in his life. >></document>
<document> #USER# Yes!! I saw this guy and I couldn't stop screaming. My face started to turn red, I was just awkward and loud. I don't even know what was going on, I kept laughing. For a second, she thought I was crazy. But after a while I was calm but nervous... Unfortunately, I lost my voice. >></document>
<document> It seems to me a painting of a plural. How many heads does this cave drawing have? Let's see 4 maybe 5. There are people in the plural community who draw things like this. Not usually on a wall in a cave. Kudos to the Original Artist: Half Hard. #URL# </document>
<document> "Understanding how goals of care may change with a patient's age or changing circumstances is critical to diagnostic excellence for older adults." #HASHTAG# #HASHTAG# #HASHTAG# #USER# #URL# </document>
<document> #USER# Play if you NEED to, but be prepared to get beat. Otherwise, use Impact Tremors </document>
<document> What interests young blend… this is a translation of the Quran done by an Ahmadi, produced by the Agha Khan and then given by the prime minister of Pakistan to my great-uncle Cecil and his wife Martha. #URL# </document>
<document> #USER# I saw the bravado of the son of the mafia who is still in jail. He was saying publicly that he had asked Akhilesh not to transfer any officers until he settled the score with them. It should be Yogi Ji's priority after his win knock out 100 in the first month. >></document>
<document> Dep. Sect. David Turk is in Houston today to kick off #USER# during a critical time for global energy security, where he will show the world's energy leaders everything America is doing to build a clean, reliable and affordable energy future. #URL# </document>
<document> #USER# 정국앟... 사랑해 ❤️❤️❤️💜💜💜
#HASHTAG#
#HASHTAG#
#HASHTAG#
7/3/22
jungkookahh omg you guys are back
god i missed you so much love
I missed seeing you all sitting, talking and laughing with each other
smile from you guys light up our whole day baby
i love you so much💜💜💜💜 #URL# </document>
<document> #USER# It is unclear what "special combat duty regime" means, it is not a term that US intelligence thought was part of Russian nuclear procedures. It looks scary. </document>
<document> #USER# The lack of conformity in American universities is a symptom of the extent to which capitalism rules America. Smart people who feel they can't or won't participate in extreme capitalism stay in academia. Soon they all look alike, the exact opposite of Wall St. </document>
<document> Why would anyone wave a flag F*ck anyone or anything from anywhere? It's not that elegant.

(Except F*ck Cancer). >></document>
<document> #USER# #USER# #USER# #USER# #USER# #USER# #USER# Buy and keep #HASHTAG# 💎🤑 Don't wait for empty promises💎💯 join the newest billionaires club🙌 We can be trusted💯 # USER# has real potential 🎮Our P2E game with NFT marketplace will blow your mind🤯 #URL# 👉🏽Spookyshiba swap #HASHTAG# #HASHTAG# #URL# ></document>
<document> #USER# My pure ass doesn't even know what it really means 😭 </document>
<document> Check out this listing I just added to my #HASHTAG# closet: Color Street - Seoul Sister Pedicure Set, Magenta. #URL# #HASHTAG# #USER# ></document>
<document> The #USER# platform awaits Dubai Crypto Expo
The one stop shop for all "Memes" in #HASHTAG#
Every meme token payment will be made in #HASHTAG# and the proceeds burned forever 🔥

Everyone knows what that means, right? 🚀🔥

Don't sleep on #HASHTAG# </document>
<document> #USER# No, I'm saying that LeBron is the best all-around basketball player and probably the best player ever. Michael was great, but LeBron could defend all 5 positions and no one could stop him from getting to the basket. >></document>
<document> #USER# #USER# #USER# #USER# #USER# Oh shit I didn't think it would post itself... 😂 Guess the secret is out lol ></document>
<document> VIA #USER#: Betweenffic update Traffic from Still calm along the Osolo road from 7 and 8 to the aswani junction both inwards and outwards. Alternate traffic lights. The Ajao gate entering the airport on the service lane is busy due to alternation. House of Jesus, elegance in Ajibade…</document>
<document> Victims versus Vectors? The Ethics of Giving Children COVID-19 Vaccines #URL# ></document>
<document> NowPlaying Pain (with Kendrick Lamar) - 2Pac Listen #URL# hosted by DJ Greenguy & DJ King Assassin 17:17 </document>
<document> #USER# Decentralized insurance is needed as protection from all these scammers and minions. I have my 👀 on #USER# ></document>
<document> #USER# I understand why they are trying to promote the idea of ​​being civil, but there are times when you have to put your foot down and this is the moment </document>
<document> #USER# It's not hated or attacked, it's who you take as musser of the united fanbase cz every game I hear the crowd sing viva Ronaldo if you think social media or twitter in particular is the musser, then he's your probable friend > </document>
<document> Check out my gig on Fiverr - design logo for your website, business, company or brand #URL# </document>
<document> #USER# #USER# #USER# #USER# #USER# #USER# #USER# #USER# #USER# #USER# #USER# #USER# #USER# #USER# #USER# #USER # #USER# #USER# #USER# Eternal bliss? Long gone for the Planet… We can reverse it – but we must all protest so that everyone knows – exactly because this is hidden – the masses will shut it down. No one wants anyone else to see and hear everything they do. On our most beautiful streets - bring a meter... #URL# ></document>
<document> What's a #HASHTAG# party without a big ass #USER#?🍑😉😁 #USER# was a blast! So glad I was a part of it🥰 #HASHTAG# #USER# #URL# ></document>
<document> #USER#'s account has been held in Portugal, Finland, Sweden, Ireland, Slovenia, Czech Republic, Poland, Slovakia, Hungary, Italy, Malta, Germany, Greece, Romania, Netherlands, Bulgaria, Austria, Luxembourg, Latvia, Denmark, Lithuania, Croatia, Estonia, Cyprus, France, Spain, Belgium in response to a legal request. Learn more. >></document>
<document> Assholes who are giving up Twitter and might take the app down........ Don't forget that I'm calm and sober and just curious about things. Imagine you were enraged and wanted revenge lol the old me would have swallowed you whole Joanne. >></document>
<document> #USER# People are scared+horrified by the conflict - cutting off Russian gas+oil would kill millions directly+indirectly. #USER# screenshot without #HASHTAG# for BC...disaster in HOURS. Which makes you think. It's winter in the EU. We all need LOTS of O+G's. Germany does NOT work on #HASHTAG# #URL#></document>
<document> #USER# She's such a lovely girl. Pure pure soul without bad vibes </document>
<document> Really quite hilarious to watch 30 years of regime change attempts in Venezuela + Iran's isolation go down the drain in just 3 days to spite Russia.

Both Venezuela &amp; Iran will emerge from the crisis as exactly what the United States wanted to prevent: thriving petrostates. >></document>
<document> Feeling daunted by a new week? A little movement can give your creativity a huge boost! This is really cool: see how walking, and even moving around while sitting, can encourage new ideas.

 #URL# #URL# </document>
<document> #USER# Abstract Lord Buddha Canvas Painting means courage and offers protection from fear, delusion and anger. This art is for people who are looking for peace and calm in their life or for those who want to improve their meditation skills. Thanks♥️🎨☺ #URL# ></document>
<document>I actually got the location of all my sisters, I checked to see where they are, only to take the fat ones and bust them lol</document>
<document> Thanks to our #USER# friends for giving ICity 10 ICChibi NFTs WL, we will pick 10 lucky winners to get it🔥, Pls: 1.1️⃣ follow #USER# &amp; #USER# 2.❤ and RT 3. Tag your friends Finish within 24 hours. #URL# </document>
<document> #USER# ,🙏Help me get started. "A drop of blood from your heart" DM me now. Please #HASHTAG# #HASHTAG# #HASHTAG# #HASHTAG# #URL# #URL# #URL# </document>
<document> literally supported her in everything and she's trusting her shitty friends over me woww #URL# </document>
<document> not far from reality, streams also help sales in China where BP is #HASHTAG#, they have MILLIONS of pure downloads in China and their streams are really huge. HYLT has 500 million streams on QQ alone, that's +4 million digital (=400,000 albums), so why not? #URL# </document>
<document> I miss the days when all I had to do was walk down the aisle or cross the street and get some pussy on my face
Good times 😵‍💫></document>
<document> #USER# Let's go now. A calm 21 shot. Something tells me Chainz isn't too high on your list lmfaooo. >></document>
<document> #USER# #USER# #USER# And then, I thought that nowadays we can only socialize in two? And aren't you hibernating in your man cave anyway?! >></document>
<document> Open road for the Man of the peoples and the #USER#...

Keep calm! #HASHTAG# #URL# </document>
<document>Legal or illegal it's worth it if it's a clean flip</document>
<document> #USER# Do you know which leader has used taxes to keep fuel prices artificially low? Venezuelan dictator Hugo Chavez. I'm just saying. #HASHTAG# #HASHTAG# ></document>
<document> #USER# Introducing #HASHTAG#, the biggest #HASHTAG# PlayToEarn Premier Gaming on Binance Smart Chain .. Coming soon guys Anticipate!!! >></document>
<document> .#USER# Director Dr Ahmed Al-Mandhari and #USER# met with Iraqi Minister of Foreign Affairs #USER# and thanked His Excellency for strong support and important role of #USER# in facilitating #USER #'s, including the #HASHTAG# response in #HASHTAG# 🇮🇶. #URL# </document>
<document> Check out this list I just added to my #HASHTAG# closet: 💝 NWOT HOLLISTER SKINNY CROPS. #URL# #HASHTAG# #USER# ></document>
<document> #USER# Ccenturies ago they were powered by wind with zero emissions. >></document>
<document> #USER# #USER# Look, more lies! The domain machines in my county, one of which the traitorous #USER# wanted to steal from us, were never connected to the Internet. Blatant lies of the Trump Cult crazies. >></document>
<document> Does artistic freedom no longer exist?
#HASHTAG# #USER# #HASHTAG# #HASHTAG#
Fuck you SKETE
#HASHTAG# #HASHTAG# #USER# #USER#
BULLSHOT CENSORED
#HASHTAG# #URL# </document>
<document> #USER# Yes! And I use Application Guard in Edge uses, right? I use that too </document>
<document> #USER# I used to finish everything like maybe up to 8 documents in 1 sitting

Actually, ang powerful but unhealthy and I think bumabalik ung ko hyperfixation

I honestly don't know if this is a good thing or not skl

Sana mas makapagconcentrate ka ngayon but pls rest 🌻 </document>
<document> #USER# That's what the GQP does. It doesn't matter if the TFG has broken the law, attempted to overthrow a republic for a dictatorship, threatened people's lives. For them, it is the party, not the nation that is supreme. It looks a lot like the Nazi Party and the Communist Party. I say bring it! >></document>
<document> Two Israeli policemen were stabbed today by a Palestinian in the Old City of Jerusalem.

It is the month of Ramadan which, as history has taught us, predicts many such horrific events until another inevitable war begins by the Palestinians who control Gaza. >></document>
<document> It might sound strange, but I swear coffee house music sometimes hits so hard and not in a calm way</document>
<document> #USER# #USER# #USER# #USER# lod* u Putin tera baap hai 😂17 saal spy reh chuka hai.. tum twitter pe bakwaas karne walon ki tarah emotional nahi hote leader. They want power and expansion. That's all </document>
<document> Because it's a well-funded white nationalist effort, and if the media stopped sitting in a diner and instead asked WHO PAID FOR THE CONVOYAGE, maybe we could avert the end of democracy.

Just say... #URL# ></document>
<document> #USER# #USER# #USER# #USER# No. He was a tackle when he was ND. Drafted as an undersized tackle with the intention of making him a guard BECAUSE....he was undersized. Search his survey reports, my friend. >></document>
<document> LOVELY CONTENT🔥
Promote it on our 5Million+ IG Networks
Send us a direct message❤️
#URL# #URL# </document>
<document> 🥰🆘❤️🐈‍⬛❤️🆘📢#HASHTAG# #HASHTAG# #HASHTAG# #HASHTAG# #HASHTAG# #HASHTAG# #HASHTAG# #HASHTAG# #HASHTAG# #HASHTAG# ADOPT.FOSTER.DONATE.SHARE for felines that need loving homes. NOW more than ever THEY NEED US &amp; WE NEED THEM - UNCONDITIONAL LOYALTY &amp; LOVE 24/7-365!🥰🆘❤️🐈‍⬛❤️🆘📢😍 #URL# </document>
<document> #USER# Strategic empathy is when you justify an abuser's actions because you "understand" their motives. >></document>
<document> 124D8C99Boo boo can run here just don't lock it just be cautious about things like heat ???? PP #URL# </document>
<document> ??????? it is meant to be one month after any other place for presale wtf #URL#></document>
<document> Check out this list I just added to my #HASHTAG# closet: 💋💋 NEW HIGH LIFE BFRIEND JEANS. #URL# #HASHTAG# #USER# ></document>
<document> #USER# #USER# Indeed you are right... That's why communism has taken over, again like in China...!!! You don't understand that the enemy is not Russia but China. The West has put so much pressure on Russia with its sanctions that it has to align itself with China, otherwise they don't like them either!! >></document>
<document> #USER# It's okay to ask for a session termination if something catches you off guard! Take 10, think about it, then come back! Also water. And if your players start RPing each other to resolve a situation, let them! It allows you to sit back and see what they've imbibed so far. >></document>
<document> Some madman thought that the creators immune system was faulty, so man interfered with it.🤡🤡🤡🤡🤡🤡🤡🤡🤡🤡

#HASHTAG# #HASHTAG# #HASHTAG#19 #HASHTAG# #HASHTAG# #URL# </document>
<document> #USER# Heya Gaby! How are you? Oh Tysm! 😊 I tend to gouache on days when I need peace lol. Yes, try it! :D I use gouache gelatin. YT artists use it for anime art like st. ghibili bgs. Painting is one of my favourites. Ways to relax. I'm glad it showed well here. Enk is a calm guy so it works lol </document>
<document>Patient presented with white deltoid requiring Nuc Med scan of larynx</document>
<document> #USER# This literally happened to me for 4 years. A certain type of anti-morality nihilistic anarchists served the same purpose for me too 😂😂 </document>
<document> #USER# Your party has given the country a bad name!! And the fact that you have the audacity to talk bullshit shows how arrogant and out of touch with the rest of the country you are. >></document>
<document> Check out this listing I just added to my closet #HASHTAG#: 1901 Lugano Mens 10.5 Slip On Casual Black Grained Leather Loafer. #URL# #HASHTAG# #USER# ></document>
<document> Dress up and be your own flower Confuse your mirror by getting yourself a nice dress from #USER# #HASHTAG# #URL# </document>
<document> #USER# And also how difficult it is for them, the "empath" to constantly take on the pain of others </document>
<document> #USER# Dr. Prasad, have you heard of Far UV?

#URL#

Strong evidence of effective engineering controls to minimize and potentially prevent indoor viral transmission in a range of settings.

This technology is said to have been installed in the Pentagon. >></document>
<document> Lucky Charms, Captain Crunch, Cinnamon Toast Crunch and Trix. #URL# </document>
<document> #USER# I'm not. But I readily and easily, in love, accept your position and call you my brother in Christ. Isn't it cool that we can do this? I'm not mad at you at all. I'm not worried about you (or me, for that matter) because the Holy Spirit testifies with us both that we are His. >></document>
<document> When Equity members return to work, itIt is important to contact a company representative if you have concerns about COVID safety or workplace discrimination/harassment so that staff can promptly address these issues.

Find your representative here - #URL# #URL# ></document>
<document> I am shocked. Shocked I say. 🙄

I disagree with everything Congresswoman Herrera-Beutler says, but she has served SW Washington well. She is not a white nationalist and she is not a Trumper. It's a low level but those are victories. #URL# </document>
<document> Check out this listing I just added to my closet #HASHTAG#: 7FAMK sz 29 The length of the relaxed skinny Jean cut. #URL# #HASHTAG# #USER# ></document>
<document> and they'll take everything out of context, that's another one.

also you'll see someone say an intentionally ignorant/disrespectful version and instead of ignoring them (the best thing to do, since they want attention) they'll say "look I'm the thing you're against, stay mad" </document>
<document> #USER# Talk about brainwashing that has been going on for 2 years now.

Yep, cult-level stuff. No science. Brainwashed children. Adults in manipulative power. How do you reverse that damage psychologically? >></document>
<document> Mr. Sinister's Hellion Squad is dead! Ah, the pain! Oh, the injustice! Oh, the – wait a minute – what is Sinister really up to? Pre-order the graphic novel for free to pick up at your local library #URL# #HASHTAG# #USER# #URL# </document>
<document> #USER# I'm honestly neutral towards her because I think she's talented musically, but other than that I feel pretty 🤷🤷 for her. >></document>
<document> #USER# #USER# It would be like hearing a billionaire say, "OMG, I have to sell my third house because of the economy."

I rarely take a vacation because it has ALWAYS been expensive.
I have visited family less simply due to the pandemic.
My kids signed up for 1 sport each instead of 3 each.
Things happen. >></document>
<document> 🇺🇸Democrat Stock Purchase🇺🇸 Capitol Trade: Representative Kathy Manning Buying SERVICENOW INC Stock (February 18, 2022 / Report Delay = 14 Days) $NOW #HASHTAG# #HASHTAG# #USER# View Trade: #URL# View politician : #URL# #URL# ></document>
<document> LIVE ON #HASHTAG# : africa by Seun Anikulapo Kuti / We Entertain. Boost up. Educate . Interact with us on 0208 090 2121 hello#USER#.co.uk #HASHTAG#. Click here to listen #URL# #HASHTAG#
 Buy the song #URL# #URL# </document>
<document> Some of the scars you made yourself, because the pain was so overwhelming.
The pain was so real.
It is valid.
Do not forget. >></document>
<document> Infinite rotated his ligaments approximately 180 degrees to place his arm at an obtuse angle. While a bright crimson hue glowed like my busted ass and the- #URL# </document>
<document> #USER# He is a kind soul, very calm and patient. It's the balancing act in my life🤣 </document>
<document> #USER# #USER# Bro, that big ass Batman blanket lol and you wake up early on Saturday 😂 I used to go out to freshen up with you just to fall asleep in thestay. >></document>
<document> WHAT I OWE ZACH SEHAM HE REALLY LIKES IT IT DOESN'T MATTER HOW THEY SAY NEGATIVE THEY DON'T CARE UNTIL HE IS HAPPY WHEN YOU LOVE OR LIKE A PERSON YOU MUST LOVE HIS/HER WHOLE JUST HOPING WAG KA MASATAN ANAK THE SAME WITH SEHAM LOOK AT YOUR HEART IF YOU DID NOT JUST YOU, US AND ZACH </document>
<document> #USER# #USER# #USER# Typically, investors buy tokens that are likely to rise in price in the future. I saw that the total token supply is huge. So, do you have any plans to burn tokens in the future to reduce the supply of the token and increase its investment attractiveness? >></document>
<document> I'm spying on some .#USER# BSE students! Nice lab and crew there. #URL# </document>
<document> #USER# #USER# But because he is so innocent, this photo is very genuine so pure, that happiness in his eyes that makes a claw with his hand as it is mirrored in a real claw, it is poetic. >></document>
<document> #USER# Pakistan is shit! The abuse of animals and people is frankly appalling. Boycott anything from Pakistan, they are </document>
<document> Here is your daily horoscope, Leo. The galaxy expresses that you feel calm. There's a certain beauty to your character. You have difficulties in your destiny. Act with values. #URL# </document>
<document> #USER# #USER# cute but yet another silly meme. Do you have your own thoughts? Anyone who points out that someone is racist is always the racist. go ahead idiot. >></document>
<document> #USER# "Congratulations, the operation was a success, but we lost the patient." >></document>
<document> #USER# I still remember our conversation about space when I was pointing out the similar issue. The time has come to face this challenge, otherwise it will be a huge disaster </document>
<document> Self-care tip:

Stay calm in any situation. >></document>
<document> Sry, I haven't streamed in a while. I've been tired all week, so maybe I'll take a run on the Elden Ring Meme tonight. >></document>
<document> #USER# Yeah, that's pretty zany stuff. At least it seems like it's something parents have to choose that their kids go to and not under the radar of child molester care in schools. Let the Alphabet Mafia send their kids, they're screwed anyway with parents who would allow it. >></document>
<document> Operation Ganga....just use the name of a river....never clean up the real thing..... Congratulations</document>
<document> Incidentally...

Being a SLAVE to the CRAVE allows the CRAY to sway all DAY in their CLAY hello MODE of their GAMES past the witches were NOTHING but STUFFED Satanic Full of evil Puffs to the PUFF..🤪

Now..

Where does he leave them out of their Has-BEEN Serpent DEN??? #URL# </document>
<document> Check out this listing I just added to my #HASHTAG# closet: New York &amp; Sequined Acrylic 3/4 Sleeve Button Front Cardigan Sweater. #URL# #HASHTAG# #USER# ></document>
<document> #USER# #USER# #USER# It's not exactly unprecedented. all tories coWhat he would get away with after 13 years of Labor rule, a financial crisis, the war in Iraq, the National ID card backlash and two deeply unpopular prime ministers in quick succession was a hung parliament. >></document>
<document> #USER# #USER# #USER# Irreverent tweets are a challenge. Again you don't like that you have too fucking bad shit opinions lol</document>
<document> #HASHTAG# a $25 Amazon gift card thanks to The Billionaire's Auction by @BriBlackwood2 #HASHTAG# #URL# #URL# </document>
<document> #USER# Ask yourself why you don't believe these natural treatments help humans fight common viruses. Why didn't the bureaucrats declare it so? Unfortunately our "health agencies" have been bought. Did you know that the FDA is funded 45% by the drugs it approves? #URL# </document>
<document> That sad part is that those who refer to you as a sheep literally don't care if you've infected anyone else. There is no empathy for anyone else in their view. Thank you from someone with an elderly sick father. #URL# </document>
<document> Prepare your environment to make the next action easy."

~#USER# ></document>
<document> #USER# #USER# #USER# Yeah. I care too much and need to calm down lol. That would be so interesting though. A real shonen deconstruction instead of playing directly. >></document>
<document> #USER# "Girl calm down I'm not calling you, put your power armor on the phone!" >></document>
<document> #USER# On a serious note why do they build these things if they don't have a budget to maintain and expand; maintenance ? >></document>
<document> 🎉Lovely content🎉
DM your photos to shout out on Instagram.
We help you grow your OnlyFans on Instagram over 12 million networks 📩 most visited
#URL# content!!! #URL# </document>
<document> My iphone 12 pro mac keeps going in and out and they say i need to buy a whole new phone #USER# wtf so right after i finish pay for my phone now… Now start screwing up my phone This is sad how #USER# treats its customers </document>
<document> Yet the people on the punctual news still act as if they can't see the war crimes. It is disgusting and immoral journalism. Say it #HASHTAG#

#USER#
#USER#
#USER#
#USER#
#USER# #URL# ></document>
<document> #USER# #USER# What are you talking about?

Only an EVM compatible chain can be used to bring EVM dapps into the IBC ecosystem, which is the niche this chain fills. >></document>
<document> The DC Convoy might sound like a joke on TV, but I guarantee you it was one of the most successful white nationalist recruiting campaigns in years. #URL# </document>
<document> If you want to help Charity, you can check out #USER# 👉💸👈
🔥🔥🔥🔥🔥
#HASHTAG# #HASHTAG# #HASHTAG#☄ #URL# #URL# </document>
<document> "The peak incidence does not correspond to a period of rapid growth."

This means that if the pain increases at a time when you are growing fast, it is NOT "growing pains" (despite the name). >></document>
<document> Anything couldit happened with this situation and she involved the police like the kids were really in ANY kind of danger with me…and she said i was kidnapping my daughter though! niggas get killed like that! thanks i left instead of continuing to argue pathetically </document>
<document> #USER# And it's not just their looks but also their personality. They are so lovely and beautiful people. >></document>
<document> $BBBY this is the first pump and drain I've ever seen in action 😂😂😂😂😂 $SPY 👍 </document>
<document> As a king's guard, Reeya forsook worldly possessions for the shelter of a tent, family for the company of soldiers, and attachment to her king's favor.

Wounded on the way, she is placed in the care of a holy man who has taken similar vows.

forbidden ❤️/ shared tent #URL# ></document>
<document> #USER# MATE RULING S2 🤣 Aaaaaaastic! I would definitely take the S2000 to be honest. The way they spin is just phenomenal. >></document>
<document> The Pentagon briefing with a senior defense official has just begun.

Updates:
- "Nearly 100%" of pre-positioned combat power committed to Ukraine
- Over 625 missiles fired since the start of the invasion
- Airspace remains contested
- ~500 US soldiers ordered to deploy to Europe over the weekend </document>
<document> My neighbor N. says I should wait with the apartment purchase. Know the price. He says the prices have gotten incredibly high. So I wait for the prices to rise a bit, for the situation to calm down. >></document>
<document> If you suffer from severe menstrual pain, contact the nearest gynecologist. Find doctors who listen. ❤️ </document>
<document> Check out this listing I just added to my closet #HASHTAG#: KAPPA Navy Blue Size Large Zip Up Jacket. #URL# #HASHTAG# #USER# ></document>
<document> #USER# #USER# Is there any visual difference between your fingers? Being redder or swollen than usual? Looks like it could be Raynaud's or my allergic reaction. If no physical difference maybe nerve pain? It can often be a burning sensation </document>
<document> #USER# Sure they're a nuisance, but it was nice to see them wake up~ </document>
<document> Bed Bath &amp; It more than doubled in early trading on Monday after investor Ryan Cohen revealed a roughly 9.8% stake in the company. #URL# </document>
<document> Everyone stand up, sing loud it's so explosive Sarai loves it, she's so calm looking at it ☺️ </document>
<document> #USER# Can't the oligarchs seized money and assets be used for all the people of Ukraine who need help??? >></document>
<document> 5 Natural Ways to Boost Your Immune System #URL# via groovygreenlivi #URL# </document>
<document> Sorry but this is not an MVP topic. You literally can't protect Jokic like this because he'll tear you apart with passes and have 25 assists #URL# </document>
<document> Fucking fools who believe Fox News' ceaseless stream of lies about racist billionaire Rupert Murdoch and Putin-sucking traitor Trump. #URL# </document>
<documentent> #USER# You have neither honor nor backbone. Today the wind blows from the west and you tweet. When the wind changes, your tweet will change too. You have no integrity and morality. >></document>
<document>Billionaire-backed group enlists Trump-supporting citizens to hunt down voter fraud using discredited techniques #URL# </document>
<document> HAN JISUNG YOU NEED TO CALM DOWN AND RELAX #URL# </document>
<document> #USER# #USER# #USER# #HASHTAG#, #HASHTAG# and #HASHTAG# share many common characteristics, goals and tools, "ethics" &amp; methods to achieve their goals. There are a LOT more similarities than differences. >></document>

</author>