
	
		<document> Women’s Long Jump 

🥇Jaelyn Tucker, 17-7 (5.36m)
🥈 Bria Allen, 17-3.50 (5.27m)

#HASHTAG# ></document>
		<document> We all need Citizen Brick Zelensky. Please make some more #USER#  #URL# #HASHTAG# ></document>
		<document> #USER# My tolerance for them is next to nothing I have nothing against you Blaire White, live your life keep everyone out of but These " trans" are taking away woman's achievements in sports.

I Won't hold my tongue, feminist are to blame for supporting this. ></document>
		<document> The Democrats Are Trying to Hide a Very Dirty Secret About Electric Cars  #URL# ></document>
		<document> Mature ppl expose other's belief's w #HASHTAG#.nPpl w #HASHTAG# issues, like #HASHTAG#, use #HASHTAG#.n nPpl like you.n#HASHTAG# #HASHTAG# ></document>
		<document> #USER# Sure. I'll "jump". #HASHTAG#! nnlol...nn#HASHTAG# #HASHTAG# ></document>
		<document> #USER# #USER# #USER# Ooo, you forgot "healthy". "Healthy people who wish to compete in women's sport".  I don't associate this kind of obfuscatory horseshit with the New Yorker, but it wouldn't be the first publication to fall under the wokewheels. (See SciAm and increasingly The Atlantic) ></document>
		<document> Women regard brave CHAD war heroes as sexually attractive.

Ftfy #URL# ></document>
		<document> #USER# #USER# #USER# #USER# White people stop attacking black women for just existing challenge ></document>
		<document> #USER# Seeing this &amp; massive errors being spread as "gospel." I think we must stand firm for orthodoxy at this time. Just seems like Christians are seeking "peace" within community at the expense of orthodoxy. Am I missing this or misconstruing? ></document>
		<document> #USER# You should move to that one country that's run and maintained by women. Oh yeah, it was over run by men ></document>
		<document> #USER# And a men won a women race that's say it all!!!! ></document>
		<document> #USER# #USER# Leave women of color out of this particularly black women we are not going to sit up here and act like I was born with male genitalia I wasn't there's nothing male about me I wasn't born a male you guys beat up enough women and take over their sports for me not to care about you ></document>
		<document> #USER# Are you gay ? 🤔

Now that I have your attention.. 🤦‍♂️

#USER# offers various organic growth services and help NFT clients fill their discord, get mints and much more.

Dm the word « glitch » on #USER# to sell out your NFT project! ></document>
		<document> “I Tried the $100 Million Dollar Vegan Chicken and Here’s What I Thought” #URL# #USER# #USER# ></document>
		<document> #USER# The bullying of Christine Holgate and other powerful women failed to gain traction for you but the bullying from within the LNP should not be ignored either. ></document>
		<document> #USER# Finally, a machine to measure how often white women are in movies ></document>
		<document> This is incredibly disappointing. So incredibly disappointing. 

He sexually assaulted women. Let’s be real. Imagine if one of those women was a woman you cared about. Would your reaction be the same?

You’re better than this, Myles. #URL# ></document>
		<document> #USER# i’m not even gay i’m just trying to give the office fans gay rep ></document>
		<document> Bra if a nigga is not giving you the attention you’re seeking it don’t mean he gay 😑 ></document>
		<document> Who we are supporting: 
#USER# is a local non-profit org that provides connection, healing, recovery, &amp; housing for the Kentuckiana Veteran Community. Proceeds from our event will aid #HASHTAG# in need of financial assistance to pay bills, rent, utilities, etc. ></document>
		<document> #USER# If you can’t control vandalism on the metro system how can you be confident that anyone will use the metro as the first choice for getting anywhere? “Welcome refugees from a war zone. Unfortunately one of our trains is out of service because of vandalism” ???????? ></document>
		<document> #USER# when someone said “nice ssick reference” and he was like “i’m sorry i didn’t mean to offend the lgbt community” and stays in the comments are like no it’s a song by skz ></document>
		<document> #USER# My trans identified friends and I talk about it openly. They all know their biological sex, don’t deny, don’t repeat mantras like TWAW and don’t support males in any of women’s sports categories. In other words the trans identified ppl how are based in reality knows this is wrong ></document>
		<document> No such creature as a 'Bangladeshi Londoner' either Khan!

Another false term like 'British Muslim'.

We do not segregate in England only your ppl do this...we do not do it here...we, your hosts, do not accept this vile apartheid.

Either accept British Values or leave. #URL# ></document>
		<document> I know someone - a “childhood friend” - who happily works under the lawmaker that sponsored the infamous “don’t say gay” bill in florida. I am disgusted. ></document>
		<document> #USER# #USER# #USER# A neo-nazi militia that are part of the Ukrainian military:
#URL# ></document>
		<document> #USER# I'm shocked these WOMEN don't just step up to the block and then when the gun fires to start the race, turn around and walk back to the locker room. The fact that they aren't just proves their grace in the face of insane diversity. ></document>
		<document> #USER# The military industrial complex is running out of places to ship its goods. We need a much stronger and liberal interpretation of the 2nd amendment to open up the civilian market. ></document>
		<document> the whole making a trans dude wrestle girls thing is so fucking bizarre because terfs are like "we need to protect women by forcing this man to throw women to the ground competitively" it's like just be honest &amp; say you're stupid &amp; your hatred of trans people makes you act insane ></document>
		<document> #USER# Seems Abbott identified the biggest sources of illegal immigrants, these ranches.  The feds should initiate seizure proceedings to stop the crime going on there. ></document>
		<document> kms bro third partied a win with an smh it's so gay remove it fuck ></document>
		<document> #USER# #USER# #USER# #USER# #USER# Do you think it’s fair for the NCAA to allow a person born as a male and currently has male body parts  to compete against people born with female body parts and currently had female body parts and characteristics? I’ll hang up and listen. ></document>
		<document> #USER# does this include chocolate milk or are trans people only allowed to drink plain milk ></document>
		<document> #USER# Going on 6 yrs Catholic ... Macaroni salad for bfst.   😂 ></document>
		<document> #USER# #USER# She is a TERF, which is a Trans Erasing Radical Feminist, someone who is extremely transpobic and hides behind the guise of "protecting women's rights" in order to get away with it. She believes that all trans women are rapists, and are inherently a threat. Fuck JK Rowling. ></document>
		<document> #USER# The Democratic administration asking for volunteers to help stop the surge of illegal immigrants on the southern border ???!!! 
🤬 NOW THEY WANT THE PEOPLE TO FIX THE PROBLEM !!??? #URL# ></document>
		<document> #USER# So Hillary has been defending rapists her whole life then. Shocker. ></document>
		<document> #USER# #USER# Communist don't belong in America but the Right, GOP &amp; Christianity hasn't let that stop them
- God gave creation free will
- God does abortion int the church with the priest
- God calls the Bible a false idol.
- God calls all Christians Sinners for false prophecy &amp; blasphemy

x #URL# ></document>
		<document> #USER# #USER# #USER# And I don’t force anyone to answer to me, so I don’t see why I should be the one to stop. ></document>
		<document> If DeSantis came out in support of a law that confirms Floridian's right to say the word gay, leftys would shriek about how he is racist, anti-trans, bigoted, fatphobic, etc...&amp; yes...homophobic.

A reminder that trying to convince ppl who are in bad faith is a waste of time. ></document>
		<document> there was basically never a time in history when women didnt like slutting it up #URL# ></document>
		<document> #USER# Is that why he went through 40 messures? 22 women who’s allegations are being ignored. ></document>
		<document> DeadlineWH: "You have to ask yourself... what team are you a part of? Are you going to side with people who are becoming operational assets... they're on evening news in Russia during a time when an adversary is slaughtering innocent women and children" … #URL# ></document>
		<document> #USER# #USER# i’m a 19 yo gay boy who wants to do makeup, send me or bestie please 🫶🫶🫰 ></document>
		<document> Mark Ruffalo tweets article penned by Palestinian writer slamming Western liberals' hypocrisy on Palestine #URL# ></document>
		<document> Everything is stupid, including the continued use of “don’t say gay” by people who have never read the bill. The #HASHTAG# have been drafted and are charging into the breach. #URL# ></document>
		<document> “No one sees w/ greater pleasure than myself the progress of reason in...rational Christianity.”n-TJefferson, 1821n#HASHTAG# #HASHTAG# #HASHTAG# ></document>
		<document> "Homeless camped at location; on both sides of taraval and 31st Ave" (Central Sunset, D4) #URL# ></document>
		<document> Special event coming up? This dress is VERY flattering. I absolutely love it. St. Patrick's Day 17% off ends tonight! #URL# ></document>
		<document> Ethiopian &amp; Eritrean troops along with Amhara militias, have weaponized rape against 120,000+ Tigrayan women + girls. These victims have no access to medical care due to the siege. Please #HASHTAG#. #HASHTAG# #USER# #USER# #URL# ></document>
		<document> IMHO we live in #HASHTAG#. Our natural perception abilities create our #HASHTAG#.nn#HASHTAG#: #HASHTAG# are wrong, but LESS wrong than #HASHTAG# ></document>
		<document> #USER# #USER# #USER# #USER# Yes. There is power in civil disobedience. It would force the universities hand if women stood up for themselves. This is a lesson women need to learn. ></document>
		<document> #USER# #USER# #USER# #USER# #USER# #USER# #USER# I don’t have a problem supporting veterans.  I get testy when people act like it’s no big deal to throw senior citizens under the bus.  They contributed in their own way, too. ></document>
		<document> K guapo k es k guapo k es el fucking gay ass este I love him sm sm sm sm ></document>
		<document> Adidas Women HYPERON W Running Shoes #URL# ></document>
		<document> black women are the main victims in this cause how is how they style their hair considered “unprofessional” in circumstances. it’s HAIR #URL# ></document>
		<document> Sometimes.  Idgaf if I offend men, who place women in a  pool of availables...
or standbys.  Like. 
... Who tf does that? ></document>
		<document> Forever Love Set Of 3 Stackable Diamond Rings 
#URL#

Forever Love Set Of 3 Stackable Diamond Rings
$149.99 Forever Love Women's Diamond Stacking Ring Set Featuring Infinity-Shaped Curved Bands With 18K Gold-Plated Accents - The infinite beauty of love ad... #URL# ></document>
		<document> #USER# Everytime I speak against this I am booed to oblivion, becuase you just can't point out, that some women are exploiting ASMR. That's a big nono. ></document>
		<document> #USER# #USER# Using “she” just had a big quake in the hearts of white men everywhere. ></document>
		<document> #USER# There are actual alive women (and men) who have been subject to bullying by the current LNP government.  Why the crickets? Have you all been gagged? ></document>
		<document> #USER# r u trying to say that all those women were raped by illegal immigrants? And there fore you think we r letting rapists into our country? ></document>
		<document> #USER# getting hate for doing one decent thing that has liberals heads exploding 🤣 ></document>
		<document> #USER# I am tempted to ask. Is that why women have so much shit in their hand bags but I won’t. ></document>
		<document> I won't get it all the time but when I go vegan I'm going to sometimes get Not Milk. Just to have a plant-based milk that tastes like cow's milk. ></document>
		<document> #USER# Hey, Puke News. Why do you hate women having their own spaces? ></document>
		<document> #USER# #USER# Same here! The whole world suffers because of dirty politicians that trade with terrorists and then don't even have the guts to lock them up. ></document>
		<document> Of course, the #HASHTAG# of the entire soul of tireless women. 🇻🇪🇮🇹 #USER# &amp; Camilla ♀️💜

#HASHTAG# congratulations!! #URL# ></document>
		<document> #USER# You claim to have been at a military base that was hit with cruise missiles with reported casualties of 35 people and over 100 wounded, yet as a medic you couldn't find anything to do to help? ></document>
		<document> #USER# #USER# #USER# #USER# #USER# The hard thing is. He wasn’t found innocent or guilty. There just wasn’t enough evidence to take him to trial, which often happens in sexual assault/rape accusations as there’s no witnesses. The system really doesn’t protect women. ></document>
		<document> #USER# DOES PUTIN MAKE HIS OWN TEA? of course TFG raped those women ></document>
		<document> Rachel Scudamore or J Lo 🤔 

Imagine saying that 10 years ago 😳 

She is something special.

A special talent 👍

A special women 👏 ></document>
		<document> Nall if you cheat the only reason she staying with you is to cheat back. Lmao. Women not letting you one up them. ></document>
		<document> Well 99% of atheists have a false confidence that is beyond unreasonable.  Who has that much confidence with no beliefs, lol.  It's just not possible unless you're delusional. So pick.  Are atheists delusional or just have a false sense of confidence based on beliefs? #URL# ></document>
		<document> #USER# #USER# “Herstory Festival is a two-day celebration of women's lives and experiences”  (And men’s apparently) ></document>
		<document> #USER# Politicians are causing these problems and continue to act like a cancer. ></document>
		<document> I had them with the upset in my women’s bracket ….they finished with 21 points in 4 quarters 😑 #URL# ></document>
		<document> Activewear Seamless Tops + Legging Women Sportswear Shapewear Fitness Yoga Suit #HASHTAG#🇺🇸 #HASHTAG# #HASHTAG# #URL# ></document>
		<document> #USER# Well, blokes aren’t gonna be accepted as who they are if they take prizes from women athletes and get their cocks out in the ladies changing room 🤷‍♀️ ></document>
		<document> Fighting and killing children and babies doesn't make Putin a military 'genius'. ></document>
		<document> At the barber shop and the nigga in the chair bitch sneezed I said bless you and she said thank you women ain’t shit ></document>
		<document> #USER# Definitely my favorite, I've turned into ass man throughout my life and really appreciate and love the booty's of beautiful black women. ></document>
		<document> #USER# #USER# #USER# To swim “competitively”, you swim fairly. Not indulge in narcissistic impulses to dominate &amp; humiliate women ></document>
		<document> #USER# #USER# #USER# He snitch, 
I’m going tomorrow go tell on me.
Do you get special privileges for belonging to the Stasi?

You would have turned in Jews. ></document>
		<document> #USER# #USER# Digest this Clay. Silly incompetent politicians. Do you guys have any critical thinking skills? I doubt it. 

#URL# ></document>
		<document> A bunch of girls made fun of me for being Jewish in middle school despite the fact I am not Jewish ></document>
		<document> #USER# Anyway, the Focus was calling out #HASHTAG# who believe they know #HASHTAG#, just as religs believe the #HASHTAG#. n#HASHTAG# #HASHTAG# ></document>
		<document> #USER# Bit patronising Niall. Many, many women are screaming. I can only add my voice to theirs. ></document>
		<document> #USER# lol you know what I just had a funny thought what if you were in traffic with Cops and they looked over and saw you both like that lol ></document>
		<document> #USER# RETWEET IF YOU AGREE
The Democrats Party Can't be Trusted with oil production Freedom &amp; Future! #HASHTAG# is compromised by #HASHTAG# &amp; Deals, #HASHTAG# is a Criminal inflation is here &amp; on the rise  #HASHTAG# #HASHTAG# #HASHTAG# #HASHTAG# #URL# ></document>
		<document> #USER# I’m reading my first body of work of hers now. 🫣

It’s the “Selected Works of Audre Lorde” edited by the LEGENDARY Roxane Gay (#USER#)

I’m in the beginning still and I’m floored. Clearly. ></document>
		<document> Avon Legwear Silky Sheer Control Top Pantyhose Light Beige Size B 2 Pairs NEW #HASHTAG#🇺🇸 #HASHTAG# #HASHTAG# #HASHTAG# #URL# ></document>
		<document> We must make sure the Repulican Party comes to its senses and writes an actual platform saying what they stand for! For the most part Democrats have done this. Everyone knows what they stand for, it's the rule of law, demoracy, freedom for everyone to vote. It's clear. ></document>
		<document> #USER# Have we found any other conservatives calling out Dave like this?

I've seen a lot of conservatives that are highly supportive of him. And then there's Mark.

Is there one other? Just one? ></document>
		<document> killing homeless addicts is petty crime ></document>
		<document> #USER# gay, im pretty sure it is, but gay ></document>
		<document> The way anonymous, nameless men on social media violently antagonize women and call them liars because the person they identify as their assaulter is good at sports is vile and wrong, and is exactly why women rarely feel safe coming forward. ></document>
		<document> Monsignor Donovan Catholic vs John Hancock Academy | Georgia High School Baseball 2022 Live Stream | Click Here Watch Live HD ==&gt; #URL# ></document>
		<document> #USER# #USER# #USER# #USER# I do because trans women are women and trans men are men ></document>
		<document> US Military Aircraft With 4 Onboard Crashes In Norway During NATO Military Exercise #URL# ></document>
		<document> #USER# #USER# I was under the impression that we libs where smarter then conservatives. “Lets go Glenn Youngkin” instead of Lets Go Brandon ></document>
		<document> The absolute irony from this criminal. How many kids and women did he burned down to ashes in the Middle east? Smh #URL# ></document>
		<document> Russian military sector needs some power outages, parts shortages, graphite dust contamination, cyberattacks, sleep issues, strange sounds, vibration, harmonics and spilled milk right now

#HASHTAG# 
#HASHTAG# ></document>
		<document> Issues of gender are fundamental to the experience of genocide. Over 120,000 women + girls have been raped, mutilated, &amp; forced into slavery. Int'l leaders must persecute those committing these crimes. #HASHTAG# #USER# #USER# #URL# ></document>
		<document> #USER# #USER# #USER# It always goes this way when foreigners try to preach about how 330,000,000 Americans should live. So yeah, move along. Stay in your sh*thole. ></document>
		<document> #USER# #USER# NOOOOO!!!  We can change that 🥺 or not 😂 sooooo what you like?🤔 (I am a gamer, super nerd, annoying gay nerd 😂😂😂😂 that screams every second during games) ></document>
		<document> Russia warns anyone transporting weapons to Ukraine is a legitimate military target
#URL# ></document>
		<document> #USER# #USER# And real women have been trying to get the same pay in jobs as men #URL# they are letting men in their bathrooms and playing in their sports.this country is fuc—d up. ></document>
		<document> The Naboo Royal Handmaidens, or simply handmaidens, were a group of young women chosen as aides to the Queen of the planet Naboo. ></document>
		<document> .#USER# has globally blocked Russian state-funded media, yet the platform has been instrumental in propagating Ethiopian propaganda against Tigrayans. This is hypocrisy. Do black lives not matter? #HASHTAG# #USER# #USER# #USER# #URL# ></document>
		<document> #USER# #USER# No worries, she's cis female, she just has a short haircut. (She really doesn't care she's to tired to care about being misgendered 🤣🤣🤣) ></document>
		<document> Valdez does his best, I guess, and the women of this play are all quite vociferous in challenging traditional gender roles and taking on their own place in the world- but they’re secondary. ></document>
		<document> #USER# #USER# nothing to see here.  Just another male violating boundaries and stealing women's resources, and a ridiculous piece of writing completely ignoring the obvious. ></document>
		<document> Hi - have just registered on the UK govt scheme to host Ukrainian refugees. We  are in Yorkshire &amp; have 2 spare rooms with their own bathroom so could welcome a small family. DMs are open if you know anyone that would be interested.
#USER# #USER# #HASHTAG# ></document>
		<document> In a room surrounded by conservatives girl help ></document>
		<document> Disney’s “Don’t Say Gay” stance wasn’t the first time it betrayed its LGBTQ fans #HASHTAG# #URL# ></document>
		<document> latina women: *exists*
everybody: alexa demie??????????????? ></document>
		<document> Here's yet another one in a snit over my comment about men not having to serve in the draft. Now, turn that energy toward lawmakers who have not a clue about women's health and passing laws affecting them. #URL# ></document>
		<document> White Men are so Gifted... I love making new white friends 🥰 #URL# ></document>
		<document> #USER# #USER# #USER# #USER# #USER# #USER# #USER# #USER# Totally agree I’m a Liberal so bias but #USER# is the worst choice for the Conservatives #USER# character with #USER# policy would be an ideal #USER# candidate and a welcome change! ></document>
		<document> Ahmadi friend: some influential Ahmadi close to Huzoor converted to Sunnism

Me: So he became Muslim? ;) ></document>
		<document> “New research by the British Computer Society (BCS) has found girls are outnumbered six to one by boys in computer science classes across the UK.

However, once young women choose computing, on average they outperform their male counterparts.”

#URL# ></document>
		<document> #USER# Far right terrorists? Where, never see them. Nazis? Where never see them. I do see BLM and Antifa rioting, murdering and looting though. More far left bollocks. Safely ignored. ></document>
		<document> the memes aren't for you, they're for gay people, you're not allowed to enjoy them actually #URL# ></document>
		<document> Been reminded by very smart ppl tht 93% scientists = atheists. T/fore, NukeBmbs, ChemAgts, GermWfare, WMDs designed by 93% #HASHTAG#. #HASHTAG# ></document>
		<document> Seeing successful, brilliant Black Women win at life will ALWAYS be my favorite chart-topping genre. No doubt. I love this for her! 😍 #URL# ></document>
		<document> #USER# #USER# if ur also cis maybe dont comment on these posts and if u do then untag me ></document>
		<document> #USER# #USER# No, men from any political group who don’t accept women saying ‘no’. ></document>
		<document> why can i only draw women i want to draw dave miller ></document>
		<document> seeing old women with tommyinnit haircut is always so funny to me ></document>
		<document> #USER# kinda gay for women to speak their opinions ></document>
		<document> #USER# Combat Hapkido was designed by an Italian Special Forces agent, and is taught to Marines, the Korean Military, Military Police, and Green Berets. #URL# ></document>
		<document> I am not saying that you need to only consume queer culture, I definitely do not only consume queer culture, it's just that "being really into a cishet diva" or "squeeing over the two frames of gay representation in the corporate saga by a transphobic author" is not queer ></document>
		<document> #USER# #USER# #USER# #USER# #USER# #USER# It proved not supporting m4all isn't something politicians are punished for, it proved SP was at least comparably popular with Democrats. A conclusion impossible to draw from polls you pretended supported you that didn't ask about SP, but that was demonstrated by what I shared ></document>
		<document> at this point, i think people know that i’m gay or something but i still wanna hide it but i don’t think i can 💀😭 ></document>
		<document> #USER# #USER# #USER# #USER# That starts with not reinforcing beliefs homophobic people push. They’re always saying “the cartoons have gay propaganda they’re turning our kids gay.” ></document>
		<document> RECAP | Women’s Rowing Finishes Day One of Back-To-Back Races

#HASHTAG# x #HASHTAG# #URL# ></document>
		<document> This is for the women. Can you confirm your life not going to shit until some man entered it? Like, being alone actually is the most peace a woman will ever have in life. ></document>
		<document> Men today is way more emotional than women and not in a good way😭😭😭😭🤦🏽‍♀️ ></document>
		<document> #USER# #USER# Yes, but younger parents weren't doing anything about it either until two years ago. Now students are the ones joining antifa and organizing protests against their own freedom not to wear masks. There's blame for everyone, but especially for everyone not trying to fix it now. ></document>
		<document> #USER# "not a serious conventional threat to NATO"
Nothing new. NATO has 10x more military budget than RUS. So RUS has never been a threat to NATO. But Russia can &amp; will defend itself against reckless NATO expansion.
In reality it is RUS who is the underdog vs. the allmighty NATO empire ></document>
		<document> #USER# Hahahaha... These "women" make a joke of real female athletes. :D ></document>
		<document> I’m really bout to be in fxckin Portugal with black people across the diaspora likkeeee ></document>
		<document> #USER# #USER# #USER# #USER# #USER# Because it happens more often to black women. Especially ones who wear their natural hair. ></document>
		<document> I’m curious to know what Niggas in this country think Ohio women look like? Because we Really Got Fine ass women here. ></document>
		<document> #USER# #USER# #USER# Why do you guys always blame voters for the failure of corrupt politicians? Do you think that makes you *more* popular with voters? ></document>
		<document> #USER# Adam your coverage of Watson has been despicable.  You need to apologize to all women affected by this clown. Money doesn’t make it alright. ></document>
		<document> #USER# If all of them are women tho and not a man then it can’t be gay lol. ></document>
		<document> I'm A Soldier - Military Tribute (2021) #URL# via #USER# ></document>
		<document> How many women can actually walk🚶🏾‍♀️outside without namebrand clothes on &amp; still be cute? 🤔 ></document>
		<document> 🔴Liveᴴᴰ➠ Elk County Catholic Vs. Bishop Canevin - National Top Teams High School Basketball 🎟️🎥: Go Live Now 👉🔥 #URL# 🔥◀ 📅 ➠ Friday, 18 March 2022 ⏰ ➠ 7:30 PM ></document>
		<document> Compassion is being selectively demonstrated by corporations. Major companies across industries have rightfully and rapidly pulled out of Russia, but have forgotten about Tigray's plight. #HASHTAG# #USER# #USER# #USER# #USER# #USER# #URL# ></document>
		<document> #USER# I hate when people call me a terf. As if I would ever consider myself a feminist…. ></document>
		<document> Canada has a robust military, we have competent diplomats.
Yet the foreign affairs minister for #USER# wants us to be nothing more than a scheduler for meetings.
Read &amp; Rt #HASHTAG# #HASHTAG# 
#URL# ></document>
		<document> #USER# Oh yeah, we have some wild and sometimes alarming/unfortunate badges for these groups in the military. #URL# ></document>
		<document> “Keep walking or we will kill you and your other son as well,” was the response of #HASHTAG# forces to a mother asking for the body of her child after they brutally killed him. These mothers are starving to death now. #USER#
#HASHTAG#
#URL# ></document>
		<document> #USER# But they have no issues accepting teachings that target LGBT people ></document>
		<document> #USER# Why didn't we drop the nukes on military bases? That's always been my biggest hang up with the morality of the thing ></document>
		<document> These are some of the tallest men in the country and yet it was 5 and change foot cheerleader that had to get them their ball back. 

Women &gt;&gt;&gt;&gt; #URL# ></document>
		<document> #USER# #USER# ALL businesses in Seattle should form an alliance and quite paying taxes and/or go on strike against these scum democrat politicians. ></document>
		<document> Given most #HASHTAG# don't understand the science behind, say, BBtheory, their #HASHTAG# is in the Scientific Priesthood. #HASHTAG#. #HASHTAG# ></document>
		<document> #USER# Correct.. Never should have been allowed into the women's division. It's ridiculous. ></document>
		<document> #USER# You can look at West Indies Island such as Martinique (it's part of France) and it's way coooler that metropolitan France !
This postal card shows women with Madras dresses. #URL# ></document>
		<document> #USER# If you suck in men's sports, liberals will let you compete in women's. ></document>
		<document> #USER# #USER# #USER# #USER# #USER# Are you asking for my opinion on a totally different subject or are you still trying to conflate the two issue together? And white women is still a female, whereas a white trans women is a male, invalid comparison ></document>
		<document> #USER# David, we've already got a family member out in Poland in his camper van having delivered a van full of aid and is now sorting visas to bring some refugees back with him, we are sorting homes, keep up and he does it without publicity 🙄 ></document>
		<document> she/it/he pronoun users who are polyam gay acespecs are amazing ></document>
		<document> #URL#

The article was maybe not really accurate, nat socialists are 34% to Democrats 32%, Other 33% in Maricopa, both had lg voter turn out, but the demographics are going in the Dems favor, and Independents are the fastest growing political gp. ></document>
		<document> Inside the transfer of foreign military equipment to Ukrainian soldiers - The Washington Post #URL# ></document>
		<document> #USER# #USER# #USER# The vast majority of citizens are not to be held accountable for the actions of the ruling class, and even those complicit or supportive that aren’t military are not legal targets in war. There is no justification for the use of atomic bombs or fire bombing entire cities. ></document>
		<document> Possibly causing a woman to take her own life? And neither of these women have done anything even getting close to being worth that? ></document>
		<document> #USER# Will be very difficult to rescue the nation from political and power corruption.  The current generation of politicians is the byproduct of years of positioning the worst individuals.  They are only interested in getting rich, and others are just obscene like MTG. ></document>
		<document> What is a North American conservative?

My latest for #USER# with reference to Michael Oakeshott, Samuel Huntington, Friedrich Hayek, #USER#, #USER#, Edmund Burke, Alexander Hamilton, Sir John A. Macdonald, #USER#, and Peter Thiel. #URL# ></document>
		<document> #USER# #USER# Fantastic article. It's unconscionable that VA agency officials will take away the lifeline and care from thousands of ill &amp; injured #HASHTAG#. Those suffering from from debilitating invisible injuries matter &amp; need just as much care. ></document>
		<document> #USER# #USER# #USER# #USER# #USER# #USER# One possible solution would be to establish a trans scholarship “true up” fund that allows for additional monies to cover any awards to trans woman, allowing for bio women to suffer no negative impacts should a trans woman win in their category. ></document>
		<document> #USER# #USER# You arent fighting to protect unborn. Its about fearful/frail ego'd men so threatened by women having power/control over their lives b/c we are surpassing them in education/competing, succeeding in job market/have financial security, that you want to destroy our opportunities. ></document>
		<document> #USER# I know repression makes for learned helplessness, but I find myself dumbstruck at Russian liberals rushing for self-exile. Does 🇺🇦 not inspire them to stay and fight? 

Police easily pick off 1, 10, 1000 protesters. Where is the mass coordination? Still have phones and email, no? ></document>
		<document> that shit is not right. African students make up to 25 percent of Ukraine's foreign student population &amp;&amp; contribute an estimated $500M to the Ukrainian economy every year and yet, as we saw over the last few weeks, Ukrainians literally left Black and Brown foreigners to die. ></document>
		<document> Remembering when my college friend said “I’m not sure you should meet my parents when they visit they’re not accepting” 

My other friend (from back home) said  “you don’t have to worry her parents raised her catholic, they won’t even know she’s gay unless she wants them too.”💀 ></document>
		<document> Covington Catholic Vs Lyon County | Lyon County Vs. Covington Catholic (Quarterfinals)|Tap here for Watch 🏀🖥 #URL#| Lyon County Vs. Covington Catholic (Quarterfinals) Covington Catholic High School Vs Lyon County High School Mar 18, 2022 | 6:00 PM EDT ></document>
		<document> According to a briefing by the Russian military on Thursday, the Pentagon-funded labs were working on “biological weapons components,” and may have been connected to suspicious outbreaks of dirofilariasis, tuberculosis and avian flu over the past several years. ></document>
		<document> #USER# #USER# No argument he’s the NHL player with the most blood of innocent women and children on his hands - that will be his forever. Have you taken the time to ask how the real great 8 is doing fighting ovi’s  henchmen? That story would pay tribute to a great man. #HASHTAG# #URL# ></document>
		<document> #USER# #USER# I understand. We will all have to wait and see what happens. The NFL’s track record on this is not great. It usually goes in favor of the player and not the women. ></document>
		<document> Religs mocked #HASHTAG# by calling it the #HASHTAG#.n#HASHTAG# mock "lack of evidence" of God as #HASHTAG#.n nOh, the #HASHTAG# ;)n#HASHTAG# ></document>
		<document> Bitches talk shit about each other all day but soon as a nigga say some he the captain of the he man women haters club 😂😂😂 ></document>
		<document> #USER# Yeah I never cared. I was never a space marine either so not much of a reach to play as a women. ></document>
		<document> #USER# #USER# #USER# #USER# #USER# I don’t think so. The mountain has no other significance than being monastery. There are no special physical or spiritual benefits that women cannot access wherever they can pray. ></document>
		<document> any other millennials have body issues stemming from being 115 lbs and wearing jeans so low rise we thought we had “love handles”?? lmao I wore a hollister size zero and thought I was fat 🥲 truly horrifying shit ></document>
		<document> #USER# #USER# #USER# Pedophiles are too lightly sentences as it is. Partisanship should not play a role in this. Defending this is abhorrent. ></document>
		<document> Farmers in SA will keep dying, and they should leave us all out of it. They should go march outside of our borders where most of their workers/ murderers come from.
#HASHTAG# 
#HASHTAG# ></document>
		<document> #USER# Yep, and that's one way to know theses politicians don't care about their constituents. ></document>
		<document> #USER# #USER# ACTUAL foreign interference and yet *crickets from the #USER# Liberals. By their own rules they ought to be reprimanding Hollywood.

RT #USER#: RT #USER#: Hollywood stars sign joint letter demanding RBC defund Coastal GasLink pipeline
#URL# ></document>
		<document> #USER# GOP number one for triggering liberals 🏆 #URL# ></document>
		<document> #USER# #USER# #USER# #USER# please dont speak for us LGBT people with your bullshit, 

there is no reason this scene should have been cut, end. of. story. ></document>
		<document> #USER# It was the AFGHANS that abandoned that equipment we gave them after Fat Hitler surrendered to the Taliban, ma’am.  Fat Hitler dies in a cage for his crimes against America next. ></document>
		<document> What evidence do most #HASHTAG# have that earth is not center of universe? U have FAITH in what u READ. #HASHTAG#! Ur no better than #HASHTAG#! ></document>
		<document> #USER# No they won't the GOP has less testosterone  and testicular fortitude than the new Women's NCAA swimming champ ></document>
		<document> These women spoke observed truths like respective scientists. They stood up for our environment in all our respective spaces. #URL# ></document>
		<document> It's very telling when liberals say "the perfect is the enemy of the good" about literal nazis in ukraine ></document>
	
</author><document> Women's long jump

🥇Jaelyn Tucker, 17-7 (5.36m)
🥈 Bria Allen, 17-3.50 (5.27m)

#HASHTAG# </document>
<document> We all need Citizen Brick Zelensky. Please create more #USER# #URL# #HASHTAG# ></document>
<document> #USER# My tolerance for them is next to zero I have nothing against you Blaire White live your life keep everyone out but these "trans" are taking away women's achievements in sports.

I won't hold my tongue, feminists are to blame for advocating this. >></document>
<document> Democrats are trying to hide a dirty secret about electric cars #URL# </document>
<document> Mature people expound the beliefs of others w #HASHTAG#.nPpl w #HASHTAG# problems, like #HASHTAG#, use #HASHTAG#.n nPpl like you.n#HASHTAG# #HASHTAG# ></document>
<document> #USER# Sure. "Jump". #HASHTAG#! nnlol...nn#HASHTAG# #HASHTAG# ></document>
<document> #USER# #USER# #USER# Ooo, you forgot "healthy". "Healthy people who want to compete in women's sport." I don't associate this kind of tarnishing bullshit with the New Yorker, but it wouldn't be the first publication to fall under the wheels of the wokewheel. (See SciAm and increasingly The Atlantic) </document>
<document> Women consider CHAD's brave war heroes to be sexually attractive.

Ftfy #URL# </document>
<document> #USER# #USER# #USER# #USER# White people stop attacking black women just because of an existing challenge </document>
<document> #USER# Seeing this &amp; huge errors are spread as "gospel". I think right now we have to defend orthodoxy. It really seems that Christians are looking for "peace" within the community at the expense of orthodoxy. Am I missing this or have I misunderstood? >></document>
<document> #USER# You should move to that country run and maintained by women. Oh yeah, it was run by men </document>
<document> #USER# And a man won a women's race that's saying it!!!! >></document>
<document> #USER# #USER# Leave black women out of these particularly black women we are not going to stand here acting like I was born with male genitalia I was not there is nothing male about me I was not born a boy you guys beat up enough women and take over their sports for me not to care about you</document>
<document> #USER# Are you gay? 🤔

Now that I have your attention.. 🤦‍♂️

#USER# offers various organic growth services and helps NFT clients fill their discord, get ticks and much more.

Type the word "glitch" on #USER# to sell your NFT project! >></document>
<document> "I Tried the $100 Million Vegan Chicken and Here's What I Thought" #URL# #USER# #USER# </document>
<document> #USER# The bullying of Christine Holgate and other powerful women failed to take hold of you, but bullying within the LNP shouldn't be ignored either. >></document>
<document> #USER# Finally, a machine to measure how often white women are in movies</document>
<document> This is incredibly disappointing. So incredibly disappointing.

He sexually assaultsand women. Let's be real. Imagine if one of those women was a woman you care about. Would your reaction be the same?

You're better than that, Myles. #URL# </document>
<document> #USER# i'm not even gay i'm just trying to give office fans a gay rep</document>
<document> Bra if a black guy isn't giving you the attention you're looking for doesn't mean he's gay 😑 </document>
<document> Who we are supporting:
#USER# is a local non-profit organization that provides connection, healing, recovery &amp; housing for the Kentuckian Veteran Community. Proceeds from our event will help #HASHTAG# who need financial assistance to pay bills, rent, utilities, etc. </document>
<document> #USER# If you can't control vandalism on the subway system, how can you be sure that someone will use the subway as their first choice of getting anywhere? “You take in refugees from a war zone. Unfortunately one of our trains is out of service due to vandalism” ???????? >></document>
<document> #USER# when someone said "nice ssick reference" and he said "sorry didn't mean to offend the lgbt community" and it stays in the comments he's like no it's a song by skz </document>
<document> #USER# My trans identified friends and I talk about it openly. Everyone knows their biological gender, they don't deny it, they don't repeat mantras like TWAW and they don't support males in any of the women's sports categories. In other words, reality-based trans-identified people know this is wrong </document>
<document> No creature like a "Bangladesh Londoner" not even Khan!

Another bogus term like "British Muslim".

We do not segregate in England, only your people do… we do not segregate here… we, your hosts, do not accept this vile apartheid.

Accept British values ​​or walk away. #URL# </document>
<document> I know someone - a "childhood friend" - who happily works under the legislature who sponsored the infamous "don't say gay" bill in Florida. I am disgusted. >></document>
<document> #USER# #USER# #USER# A neo-Nazi militia that is part of the Ukrainian military:
#URL# </document>
<document> #USER# I'm shocked that these WOMEN don't just walk up to the block and then, when the gun fires to start the race, turn around and walk back to the locker room. The fact that they aren't just demonstrates their grace in the face of insane diversity. >></document>
<document> #USER# The military industrial complex is running out of places to ship its goods. We need a much stronger and more liberal interpretation of the 2nd amendment to open up the civilian market. >></document>
<document> the whole thing about a trans dude wrestling with girls is so fucking bizarre because terfs are like "we need to protect women by forcing this man to competitively knock women down" is like being honest &amp; say you're stupid &amp; your hatred of trans people makes you act crazy </document>
<document> #USER# Abbott appears to have identified the major sources of illegal immigrants, these ranches. The feds should startseizure proceedings to stop the crime going on there. >></document>
<document> kms bro third party a win with a smh it's so gay remove it fuck </document>
<document> #USER# #USER# #USER# #USER# #USER# Do you think it is fair that the NCAA allows a person born male and currently with male body parts to compete against persons born with female body parts and currently did he have female body parts and characteristics? I hang up and listen. >></document>
<document> #USER# this includes chocolate milk or trans people can only drink regular milk </document>
<document> #USER# Cattolica for 6 years ... Macaroni salad for breakfast. 😂 >></document>
<document> #USER# #USER# She is a TERF, aka Trans Erasing Radical Feminist, someone who is extremely transpobic and hides behind the mask of "protecting women's rights" to get away with it. She believes all trans women are rapists and are inherently a threat. Fuck JK Rowling. >></document>
<document> #USER# Democratic administration calls for volunteers to help stop wave of illegal immigrants on southern border ???!!!
🤬 NOW THEY WANT PEOPLE TO FIX THE PROBLEM!!??? #URL# </document>
<document> #USER# So Hillary has been advocating for rapists her entire life. Shocking. >></document>
<document> #USER# #USER# Communists don't belong in America but the right, GOP &amp; Christianity hasn't let that stop them
- God gave creation free will
- God aborts in church with the priest
- God calls the Bible a false idol.
- God calls all Christians sinners for false prophecy &amp; blasphemy

x #URL# </document>
<document> #USER# #USER# #USER# And I don't force anyone to answer me, so I don't see why I should be the one to stop. >></document>
<document> If DeSantis came out in support of a law confirming Floridian's right to say the word gay, lefties would be screaming about how racist, anti-trans, bigoted, fatphobic, etc... &amp; yes... homophobes.

A reminder that trying to convince people they are disingenuous is a waste of time. >></document>
<document> there has practically never been a time in history where women didn't like to be a slut #URL# </document>
<document> #USER# Is that why he faced 40 messes? 22 women whose allegations are ignored. >></document>
<document> DeadlineWH: “You have to ask yourself… which team are you on? innocent" … #URL# ></document>
<document> #USER# #USER# I'm a 19 year old gay boy who wants to do makeup send me beast please 🫶🫶🫰 ></document>
<document> Mark Ruffalo tweets an article written by a Palestinian writer criticizing the hypocrisy of Western liberals on Palestine #URL# </document>
<document> Everything is stupid, including the continued use of "don't say gay" by people who have never read the bill. #HASHTAG# have beenen redacted and they are charging for the violation. #URL# </document>
<document> “No one sees with greater pleasure than I the progress of reason in ... rational Christianity.”n-TJefferson, 1821n#HASHTAG# #HASHTAG# #HASHTAG# </document>
<document> "Homeless people camped out on site; on both sides of taraval and 31st Ave" (Central Sunset, D4) #URL# ></document>
<document> Special event coming up? This dress is VERY flattering. I absolutely love it. 17% off St. Patrick's Day ends tonight! #URL# </document>
<document> Ethiopian &amp; Eritrean troops along with Amhara militias have weaponized rape against over 120,000 Tigrinya women and girls. These victims have no access to medical care due to the siege. Please #HASHTAG#. #HASHTAG# #USER# #USER# #URL# ></document>
<document> IMHO we live in #HASHTAG#. Our natural perceptive abilities create our #HASHTAG#.nn#HASHTAG#: #HASHTAG# is wrong, but LESS than #HASHTAG# ></document>
<document> #USER# #USER# #USER# #USER# Yes. There is power in civil disobedience. It would force the hand of universities if women defended themselves. This is a lesson that women need to learn. >></document>
<document> #USER# #USER# #USER# #USER# #USER# #USER# #USER# I have no problem supporting veterans. I get cranky when people act like it's no big deal to throw the elderly under the bus. They too have contributed in their own way. >></document>
<document> K guapo k es k guapo k es el fottuto culo gay este lo amo sm sm sm sm </document>
<document> Adidas Women HYPERON W Running Shoes #URL# </document>
<document> black women are the main victims of this lawsuit, the way they style their hair is considered "unprofessional" under circumstances. they are HAIR #URL# </document>
<document> Sometimes. Idgaf if I offend men, who put women in a pool of available...
or standby. As.
... Who do it? >></document>
<document> Forever Love Set of 3 stackable diamond rings
#URL#

Forever Love Set of 3 Stackable Diamond Rings
$149.99 Forever Love Women's Diamond Stacking Ring Set with Curved Infinity Shaped Accents 18K Gold Plated Bands - The Infinite Beauty of Love and... #URL# ></document>
<document> #USER# Every time I speak out against this, I get booed into oblivion, because you can't point out that some women are exploiting ASMR. This is a big ninth. >></document>
<document> #USER# #USER# Using "she" just made the hearts of white men around the world flutter. >></document>
<document> #USER# There are women (and men) alive who have been bullied by the current LNP government. Why crickets? Have you all been gagged? >></document>
<document> #USER# are you trying to say that all those women were raped by illegal immigrants? So you think we're letting rapists into our country? >></document>
<document> #USER# gets hate for doing a decent thing that blew liberal heads 🤣 </document>
<document> #USER# I'm tempted to ask. That's why women have so much shit insidetheir hand bags but I won't. >></document>
<document> I won't take it all the time, but when I go vegan I will sometimes take Not Milk. Just to have a plant milk that tastes like cow's milk. >></document>
<document> #USER# Hey, News Votes. Why do you hate women who have their own spaces? >></document>
<document> #USER# #USER# Same here! The whole world suffers from dirty politicians who trade with terrorists and then don't even dare to lock them up. >></document>
<document> Sure, the #HASHTAG# of the whole soul of tireless women. 🇻🇪🇮🇹 #USER# &amp; Camilla 💜 ♀️

#HASHTAG# congratulations!! #URL# </document>
<document> #USER# You claim you have been on a military base that was hit by cruise missiles with reported fatalities of 35 people and over 100 injured, but as a medic you couldn't find anything you could do to help? >></document>
<document> #USER# #USER# #USER# #USER# #USER# The hard thing is. He has not been declared innocent or guilty. There simply wasn't enough evidence to bring him to trial, which often happens in sexual assault/rape allegations as there are no witnesses. The system doesn't actually protect women. >></document>
<document> #USER# PUTIN MAKES HIS TEA? obviously the TFG raped those women</document>
<document> Rachel Scudamore or J Lo 🤔

Imagine saying that 10 years ago 😳

She is something special.

A special talent 👍

A special woman 👏</document>
<document> Nall if you cheat the only reason he stays with you is to reciprocate. Lmao. Women won't let you get up. >></document>
<document> Well, 99% of atheists have false confidence beyond unreasonable. Who has so much faith with no beliefs, lol. It's not possible unless you're delusional. So choose. Are atheists delusional or do they just have a false sense of belief-based trust? #URL# </document>
<document> #USER# #USER# "The Herstory Festival is a two-day celebration of the lives and experiences of women" (and apparently men) </document>
<document> #USER# Politicians are causing these problems and continue to act like a cancer. >></document>
<document> I had them flip in my women's group....they finished with 21 points in 4 quarters 😑 #URL# ></document>
<document> Activewear Seamless Top + Leggings Women Sportswear Shapewear Fitness Yoga Suit #HASHTAG#🇺🇸 #HASHTAG# #HASHTAG# #URL# ><</document>
<document> #USER# Well, guys won't be accepted for who they are if they take prizes from female athletes and stick their dicks out in the women's locker room 🤷‍♀️ </document>
<document> Fighting and killing babies and infants does not make Putin a military "genius". >></document>
<document> At the barbershop and the nigger in the chair, bitch sneezed, I said God bless you and she said thank you, women ain't shit</document>
<document> #USER# Definitely my favorite, I've become an ass man all my life and really appreciate and love the butt of beautiful black women. >></document>
<document> #USER##USER# #USER# To swim "competitively", swim correctly. Do not indulge in narcissistic impulses to dominate &amp; humiliating women</document>
<document> #USER# #USER# #USER# He snitched,
Tomorrow I'm going to talk about it.
Do you get special privileges for Stasi membership?

You would have denounced the Jews. >></document>
<document> #USER# #USER# Digest this Clay. Stupid and incompetent politicians. Do you guys have critical thinking skills? I doubt it.

#URL# </document>
<document> A group of girls made fun of me for being Jewish in middle school even though I wasn't Jewish </document>
<document> #USER# Anyway, the Focus was calling #HASHTAG# who believed they knew #HASHTAG#, just like religs believe #HASHTAG#. n#HASHTAG# #HASHTAG# ></document>
<document> #USER# A bit patronizing for Niall. Many, many women are screaming. I can only add my voice to theirs. >></document>
<document> #USER# lol you know what I just had a weird idea if you were in traffic with the cops and they turned around and saw you both like that lol </document>
<document> #USER# RETWEET IF YOU AGREE
The Democratic Party cannot be trusted for oil production Freedom &amp; Future! #HASHTAG# is compromised by #HASHTAG# &amp; Offers, #HASHTAG# is criminal inflation is here &amp; rising #HASHTAG# #HASHTAG# #HASHTAG# #HASHTAG# #URL# </document>
<document> #USER# Reading my first body of work right now. 🫣

It's "Selected Works of Audre Lorde" by LEGENDARY Roxane Gay (#USER#)

I'm still at the beginning and I'm speechless. Clearly. >></document>
<document> Avon Legwear Silky Sheer Control Top Tights Light Beige Size B 2 pairs NEW #HASHTAG#🇺🇸 #HASHTAG# #HASHTAG# #HASHTAG# #URL# ></document>
<document> We need to make sure the Republican Party comes to its senses and writes a real platform that says what it stands for! For the most part Democrats have. Everyone knows what they stand for, it's the rule of law, democracy, freedom to vote for all. It's clear. >></document>
<document> #USER# Have we found any other conservatives calling Dave that?

I've seen a lot of conservatives who are very supportive of that. And then there's Mark.

Is there another? Only one? >></document>
<document>killing homeless drug addicts is a petty crime</document>
<document> #USER# gay, I'm pretty sure it is, but gay </document>
<document> The way anonymous and unnamed men on social media violently antagonize women and call them liars because the person they identify as their abuser is good at sports is vile and wrong, which is exactly why women women rarely feel safe coming forward. >></document>
<document> Monsignor Donovan Catholic vs John Hancock Academy | Georgia High School Baseball 2022 Live Stream | Click Here Watch Live HD ==&gt; #URL# </document>
<document> #USER# #USER# #USER# #USER# I do it because trans women are women and trans men are men </document>
<document> US military aircraft with 4 accidents on board in Norway duringNATO military exercise #URL# </document>
<document> #USER# #USER# I had the impression that we booksellers were smarter than conservators. "Let's go Glenn Youngkin" instead of Let's go Brandon </document>
<document> The absolute irony of this criminal. How many children and women has he reduced to ashes in the Middle East? Smh #URL# </document>
<document> The Russian Military Needs Some Power Outages, Missing Parts, Graphite Dust Contamination, Cyber ​​Attacks, Sleep Problems, Strange Sounds, Vibrations, Harmonics, and Spilled Milk Right Now

#HASHTAG#
#HASHTAG# </document>
<document> Gender issues are central to the experience of genocide. Over 120,000 women and girls have been raped, maimed, &amp; forced into slavery. International leaders must persecute those who commit these crimes. #HASHTAG# #USER# #USER# #URL# ></document>
<document> #USER# #USER# #USER# It's always like this when foreigners try to preach about how 330,000,000 Americans should live. So yeah, go ahead. Stay in your shit. >></document>
<document> #USER# #USER# NOOOOO!!! We can change it 🥺 or not 😂 so what do you like?🤔 (I'm a gamer, super nerdy, annoying gay nerd 😂😂😂😂 who screams every second during games) ></document>
<document> Russia warns that anyone transporting weapons to Ukraine is a legitimate military target
#URL# </document>
<document> #USER# #USER# And real women tried to get the same pay as men #URL# by letting men go into their toilets and play their sports. This country is fucked. >></document>
<document> The Naboo Royal Handmaidens, or simply handmaidens, were a group of young women chosen as helpers to the Queen of the planet Naboo. >></document>
<document> .#USER# has blocked Russian state-funded media globally, yet the platform has been instrumental in spreading Ethiopian propaganda against the Tigrayans. This is hypocrisy. Black lives don't matter? #HASHTAG# #USER# #USER# #USER# #URL# ></document>
<document> #USER# #USER# Don't worry, she's a cis woman, she just has a short haircut. (She really doesn't care, she's too tired to care about being misgender 🤣🤣🤣) </document>
<document> Valdez does her best, I guess, and the women in this comedy are all pretty loud about challenging traditional gender roles and assuming their place in the world, but they're secondary. >></document>
<document> #USER# #USER# nothing to see here. Just another male who violates boundaries and steals women's resources, and a ridiculous piece of writing that completely ignores the obvious. >></document>
<document> Hi, I have just registered for the UK government program to host Ukrainian refugees. We are in Yorkshire &amp; it has 2 free rooms with their own bathroom, so it could accommodate a small family. DMs are open if you know someone who might be interested.
#USER# #USER# #HASHTAG# ></document>
<document> In a room surrounded by conservatories help a girl</document>
<document> Disney's "Don't Say Gay" stance was not the first timebetrayed his LGBTQ fans #HASHTAG# #URL# ></document>
<document> Latin women: *exists*
everyone: alexa demie??????????????? >></document>
<document> Here's another one in a joke on my comment about men who shouldn't serve in the draft. Now, turn that energy to lawmakers who don't have a clue about women's health and are passing laws that affect them. #URL# </document>
<document> White men are so gifted... I love making new white friends 🥰 #URL# </document>
<document> #USER# #USER# #USER# #USER# #USER# #USER# #USER# #USER# I totally agree I'm a biased liberal but #USER# is the worst choice for conservatives # USER# a character with the #USER# policy would be an ideal candidate for #USER# and a welcome change! >></document>
<document> Ahmadi friend: Some influential Ahmadis close to Huzoor have converted to Sunnism

Me: So he became a Muslim? ;) </document>
<document> “New research from the British Computer Society (BCS) has found that girls are outnumbered six to one by boys in computer science classes across the UK.

However, once young women choose computer science, they outperform their male counterparts on average."

#URL# </document>
<document> #USER# Far-right terrorists? Where, never see them. Nazis? Where you never see them. Still, I see BLM and Antifa rioting, killings and looting. More far-left bullshit. Safe ignored. >></document>
<document> memes are not for you, they are for gay people, actually you are not allowed to enjoy them #URL# </document>
<document> I was reminded by very smart people to be 93% scientists = atheists. T/fore, NukeBmbs, ChemAgts, GermWfare, WMD designed by 93% #HASHTAG#. #HASHTAG# </document>
<document> Seeing successful and brilliant black women win in life will ALWAYS be my favorite genre topping the charts. No doubt. I love it for her! 😍 #URL# </document>
<document> #USER# #USER# if you are there too maybe don't comment on these posts and if you do then untag me </document>
<document> #USER# #USER# No, men of any political group who don't accept women saying "no". >></document>
<document> because i can only draw women i want to draw dave miller </document>
<document>seeing older women with tommyinnit haircuts is always so much fun for me</document>
<document> #USER# is a little gay for women to express their opinions </document>
<document> #USER# Combat Hapkido was designed by an Italian Special Forces agent, and is taught to the Marines, Korean Army, Military Police and Green Berets. #URL# </document>
<document> I'm not saying you have to consume only queer culture, I definitely don't consume only queer culture, it's just that "getting really into a cishet diva" or "squeezing the two frames of gay representation into the corporate saga by a transphobic author" doesn't is queer </document>
<document> #USER# #USER# #USER# #USER# #USER# #USER# Showed that not supporting m4all is not something politicians are punished for, showed that SP was at least relatively popular among Democrats. A conclusion impossible to draw from Frolls that you pretended to support you that they didn't ask about SP, but that was proved by what I shared </document>
<document> At this point, I think people know I'm gay or something, but I still want to hide it but I don't think I can 💀😭 ></document>
<document> #USER# #USER# #USER# #USER# This starts with not reinforcing the beliefs that homophobic people push. They always say "the cartoons have gay propaganda that they are making our kids gay." >></document>
<document> SUMMARY | Women's rowing ends the first day of consecutive competitions

#HASHTAG# x #HASHTAG# #URL# ></document>
<document> This is for women. Can you confirm that your life isn't going to hell until a man gets in it? For example, being alone is actually the greatest peace a woman will ever have in life. >></document>
<document> Men today are much more emotional than women and not in a good way😭😭😭😭🤦🏽‍♀️ </document>
<document> #USER# #USER# Yes, but even the youngest parents were doing nothing until two years ago. Now it is students who are joining antifa and organizing protests against their own freedom not to wear masks. There is guilt for everyone, but especially for everyone who doesn't try to fix it now. >></document>
<document> #USER# "not a serious conventional threat to NATO"
Nothing new. NATO has 10 times more military budget than RUS. So RUS has never been a threat to NATO. But Russia can &amp; it will defend itself against reckless NATO expansion.
In reality, Russia is the loser against the almighty empire of NATO </document>
<document> #USER# Hahahaha... These "women" make fun of real athletes. :D </document>
<document> I really am about to be in fxckin Portugal with people of color throughout the diaspora likkeeeee </document>
<document> #USER# #USER# #USER# #USER# #USER# Because it happens more often to black women. Especially those who wear their hair natural. >></document>
<document> I'm curious what Negroes look like in this country in this country? Because we have really nice asses here. >></document>
<document> #USER# #USER# #USER# Why do you guys always blame the voters for the failure of corrupt politicians? Do you think that makes you *more* popular with voters? >></document>
<document> #USER# Adam, your coverage of Watson has been despicable. You must apologize to all the women affected by this clown. Money is not good. >></document>
<document> #USER# If they are all women and not a man then he can't be gay lol. >></document>
<document> I'm A Soldier - Military Tribute (2021) #URL# via #USER# </document>
<document> How many women can actually walk🚶🏾‍♀️outdoors without designer clothes on &amp; still be cute? 🤔 >></document>
<document> 🔴Liveᴴᴰ➠ Elk Catholic County vs. Bishop Canevin - National Top Teams High School Basketball 🎟️🎥: Go Live Now 👉🔥 #URL# 🔥◀ 📅 ➠ Friday March 18, 2022 ⏰ ➠ 19:30 </document>
<document> Compassion is selectively demonstrated by corporations. Major companies from all sectors have rightly and quicklythey withdrew from Russia, but forgot about the plight of Tigray. #HASHTAG# #USER# #USER# #USER# #USER# #USER# #URL# </document>
<document> #USER# I hate it when people call me terf. As if I could ever consider myself a feminist…. >></document>
<document> Canada has a strong military, we have competent diplomats.
Yet the Foreign Secretary for #USER# wants us to be nothing more than a meeting planner.
Read &amp; Rt #HASHTAG# #HASHTAG#
#URL# </document>
<document> #USER# Oh yeah, we have some crazy and sometimes alarming/unfortunate badges for these groups in the military. #URL# </document>
<document> "Keep walking or we will kill you and your other son too", was the response of the #HASHTAG# forces to a mother who demanded her son's body after brutally killing him. These mothers are now starving. #USER#
#HASHTAG#
#URL# </document>
<document> #USER# But they have no problem accepting teachings aimed at LGBT people </document>
<document> #USER# Why haven't we dropped nuclear weapons on military bases? This has always been my biggest problem with the morality of the thing</document>
<document> These are some of the tallest men in the country yet it was the cheerleaders of 5 and change foot who had to get the ball back.

Woman &gt;&gt;&gt;&gt; #URL# </document>
<document> #USER# #USER# ALL companies in Seattle should form an alliance and pay enough taxes and/or go on strike against these scum of democratic politicians. >></document>
<document> Since most #HASHTAG#s don't understand the science behind, say, BBtheory, their #HASHTAG# is in the Scientific Priesthood. #HASHTAG#. #HASHTAG# </document>
<document> #USER# That's right.. She should never have been allowed into the women's division. It's ridiculous. >></document>
<document> #USER# You can look at the West Indies island as Martinique (it is part of France) and it is much more beautiful than metropolitan France!
This post card shows women in Madras dresses. #URL# </document>
<document> #USER# If you suck at men's sports, the liberals will let you compete in women's. >></document>
<document> #USER# #USER# #USER# #USER# #USER# Are you asking me for my opinion on an entirely different topic, or are you still trying to confuse the two together? And white women are still a female, while a white trans woman is a male, invalid comparison </document>
<document> #USER# David we already have a family member in Poland in his RV who has delivered a van full of aid and is now sorting visas to take some refugees with him we are sorting houses keep it up and it does without ads 🙄 </document>
<document> pronoun users who are acespec gay polyam are great</document>
<document> #URL#

The article maybe wasn't very accurate, nat socialists are 34% vs Democrats 32%, the other 33% in Maricopa, both got lg voters, but the demographics are going in favor of Democrats and Independents they are the fastest growing political GP. ></document>
<document>Inside Transfer of Foreign Military Equipment to Ukrainian Soldiers - The Washington Post #URL# </document>
<document> #USER# #USER# #USER# The vast majority of citizens should not be held accountable for the actions of the ruling class, and even non-military accomplices or supporters are not legal targets in warfare. There is no justification for using atomic bombs or bombing entire cities. >></document>
<document> Is it possible for a woman to take her own life? And did none of these women do anything even close to being worth it? >></document>
<document> #USER# It will be very difficult to save the nation from political and power corruption. The current generation of politicians is the byproduct of years of positioning the worst individuals. They are only interested in getting rich and others are just plain obscene like MTG. >></document>
<document> What is a North American Conservative?

My latest for #USER# with references to Michael Oakeshott, Samuel Huntington, Friedrich Hayek, #USER#, #USER#, Edmund Burke, Alexander Hamilton, Sir John A. Macdonald, #USER# and Peter Thiel. #URL# </document>
<document> #USER# #USER# Great article. It is inconceivable that VA agency officials would take away the lifeline and treatment of thousands of sick and sick people. hurt #HASHTAG#. Those suffering from debilitating invisible injuries count &amp; need just as much care. >></document>
<document> #USER# #USER# #USER# #USER# #USER# #USER# One possible solution would be to set up a "true up" fund for trans scholarships that allows for additional amounts to cover any awards to trans women , allowing bio women to not be negatively impacted if a trans woman were to win in their category. >></document>
<document> #USER# #USER# You are not fighting to protect the unborn. These are men with fearful/fragile egos so threatened by women who have power/control over their lives because we are outstripping them in education/competition, success in the job market/financial security, that you want to destroy our opportunities. >></document>
<document> #USER# I know repression leads to learned helplessness, but I find myself stunned by Russian liberals rushing into self-exile. 🇺🇦 doesn't it inspire them to stay and fight?

The police easily eliminate 1, 10, 1000 protesters. Where is the mass coordination? You still have phones and emails, don't you? >></document>
<document> that shit is no good. African students account for up to 25 percent of Ukraine's foreign student population. they contribute about $500 million to the Ukrainian economy annually and yet, as we have seen in recent weeks, Ukrainians have literally let black and brown foreigners die. >></document>
<document> Recalling when my college friend said "I'm not sure you should meet my parents when they come to visit they don't accept"

My other friend (from home) said "you don't have to worry her parents raised her catholic, they won't even know she's gay unless she wants theme too."💀 ></document>
<document> Catholic of Covington Vs County of Lyon | County of Lyon vs. Covington Catholic (Quarter Finals)|Tap here to watch 🏀🖥 #URL#| County of Lyon vs. Covington Catholic (Quarterfinals) Covington Catholic High School Vs Lyon County High School March 18, 2022 | 6:00 PM EDT >></document>
<document> According to a Russian military briefing on Thursday, Pentagon-funded laboratories were working on "biological weapons components" and may have been linked to suspected outbreaks of heartworm disease, tuberculosis and bird flu in recent years. >></document>
<document> #USER# #USER# There is no doubt that he is the NHL player with the most blood of innocent women and children on his hands - that will be his forever. Did you take the time to ask how the real big 8 fares fighting ovi's henchmen? That story would pay homage to a great man. #HASHTAG# #URL# </document>
<document> #USER# #USER# I understand. We'll all have to wait and see what happens. The NFL's track record on this isn't great. It usually goes in favor of the player and not the women. >></document>
<document> Religs mocked the #HASHTAG# as #HASHTAG#.n#HASHTAG# God's mock "lack of proof" as #HASHTAG#.n nOh, the #HASHTAG# ;)n#HASHTAG# ></ document >
<document> Bitches talk bad about each other all day but as soon as a nigga says he's the captain of the women's and men's haters club 😂😂😂 </document>
<document> #USER# Yes, I never cared. I've never been a space marine either, so I don't have much scope to play a woman. >></document>
<document> #USER# #USER# #USER# #USER# #USER# I don't think so. The mountain has no other meaning than to be a monastery. There are no special physical or spiritual benefits that women cannot access wherever they can pray. >></document>
<document> do any other millennials have physical issues from being 115lbs and wearing jeans so low rise we thought we had “love handles”?? lmao i was wearing a size zero hollister and i thought i was fat 🥲 shit really awful </document>
<document> #USER# #USER# #USER# Pedophiles are too light a sentence as it is. Partisanship shouldn't play a role in this. Defending him is abominable. >></document>
<document> Farmers in SA will continue to die and should keep us all out. They should go marching outside our borders where most of their workers/killers come from.
#HASHTAG#
#HASHTAG# </document>
<document> #USER# Yes, and this is one way to know that these politicians don't care about their constituents. >></document>
<document> #USER# #USER# REAL foreign interference and more *crickets from the #USER# liberals. By their own rules, they should be scolding Hollywood.

RT #USER#: RT #USER#: Hollywood stars sign joint letter asking RBC to suspend Coastal GasLink pipeline
#URL# </document>
<document> #USER# GOP number one for unleashing the liberals 🏆 #URL# </document>
<document> #USER# #USER# #USER# #USER# please don't speak for us lgbt people with your bullshit,

there isno reason why this scene should have been cut, fine. From. history. >></document>
<document> #USER# It was the AFGHANS who abandoned the equipment we gave them after Hitler surrendered to the Taliban, ma'am. Fat Hitler then dies in a cage for his crimes against America. >></document>
<document> What evidence does most #HASHTAG#s have that the earth is not the center of the universe? You have FAITH in what you READ. #HASHTAG#! You are no better than #HASHTAG#! >></document>
<document> #USER# No, they won't the GOP has less testosterone and testicular fortitude than the new NCAA Women's Swim Champion </document>
<document> These women spoke of observed truths as their respective scientists. They defended our environment in all our respective spaces. #URL# </document>
<document> It is very eloquent when liberals say "the perfect is the enemy of the good" about literal nazis in ukraine</document>

</author>