
	
		<document> #USER# #USER# Indeed. Just don’t abuse the staff, they don’t deserve it. ></document>
		<document> #USER# #USER# #USER# #USER# Yes, misogyny. The Olympics has invested time and research into the science on this issue. The competitor must meet certain qualifications in order to ensure a fair playing field. We keyboard jockeys don’t have possession of all the facts. ></document>
		<document> *fiddles dials, signal becomes clearer* 
“New system, who dis?” #URL# ></document>
		<document> #USER# #USER# Are you suggesting that it’s ever illegal to stab oneself in the abdomen? It’s fantastically ill-advised and could only be super painful, but it’s not illegal. What point did you think you were making here? 🤨 ></document>
		<document> #USER# #USER# In my experience, it’s better to assume you’re definitely going to get pregnant or an STI and take precautions than roll the dice. The stakes are high and it only takes one “lucky” roll to win a life-changing jackpot. Better safe than sorry. ></document>
		<document> Being absolutely pathetic and incompetent does not make a criminal activity any less criminal. It’s past time to prosecute. #URL# ></document>
		<document> #USER# #USER# That should not matter. The only reason a woman should need to have for getting an abortion is they don’t want to be pregnant. That’s it. They shouldn’t have to defend or justify it to anyone else. If it’s not my pregnancy, it’s none of my business! End of discussion! ></document>
		<document> 1) It’s legal in California. 2) It’s Snoop Dogg, the man is **famous** for smoking weed. This is the most so-what headline I’ve ever seen 🙄 #URL# ></document>
		<document> “Brian. Buddy, where ya goin’? Brian. Hey, Brian, the pond’s that way, man. Yeah, dude, turn around. There ya go … he’s got it. Wow, did he get sauced this time!” #URL# ></document>
		<document> Thread #URL# ></document>
		<document> A message typed into a device and posted on the Internet, all made possible by the work of atheists. #HASHTAG# #URL# ></document>
		<document> Exciting stuff! #URL# ></document>
		<document> #USER# Higher pay and less abusive work conditions. People are awful to retail workers, knowing that management will never defend their staff. It’s unreasonable to ask anyone to take that abuse for less than a livable wage, no benefits, weird ass schedules, and zero life balance. ></document>
		<document> #USER# #USER# In fact, there’s a verse in Jeremiah specifically forbidding the devout from chopping down tree and bringing them into the house for worship, as the pagans do. This is a very old tradition, but it was co-opted by the Christians from older religions. As usual, Tuck is ignorant. 🙄 ></document>
		<document> #USER# Yup. I can’t believe he just peaced outta there with no concern over how she was getting home in her convalescent state. Didn’t get a friend of hers or a family member to take his place, just ran off and left her to deal with it. How are women with men like this?? ></document>
		<document> #USER# Both, though it’s the spiders that are the biggest nuisance. We just spray the undersides of the patio furniture pretty regularly. ></document>
		<document> #USER# I can’t whistle very well. I can purse my lips and make a weak whistle sound, but I can’t whistle a tune or do one of those loud piercing whistles that get everyone’s attention. ></document>
		<document> Wait... the T in LGBT doesn't stand for Tango? It goes Lesbian, Gay, Bongos, Tango, right? #HASHTAG#  #URL# ></document>
		<document> #USER# #USER# That’s nearly always true - theatres always want a full audience and some will resell seats if people don’t show up on the day. 😊 ></document>
		<document> #USER# #USER# I would vote for the bear if it did that! ></document>
		<document> #USER# #USER# #USER# To offer a vote of confidence, we flew in November and made sure to mask up, distance when possible, used hand sanitizer like it’s going out of style, and immediately showered upon arrival. Neither of us got Covid, so I think a vaxxed person also taking precautions should be ok. ></document>
		<document> #USER# #USER# #USER# #USER# Additionally, some long-haulers are experiencing cognitive impairment and memory loss, making office work unfeasible, too. So we’ll have a significant portion of the population unable to work at all. We will have to tax the top 3% and corporations to keep the economy afloat. ></document>
		<document> #USER# I just can’t with these fucking morons. #URL# ></document>
		<document> #USER# People said the exact same shit about “political correctness” during the Clinton years. It’s just good manners, and “wokeness” is just being considerate of others. There’s a word for people who hate good manners and being considerate and it rhymes with “massholes”. ></document>
		<document> #USER# #USER# #USER# Could be both 😊 I used to sing instructions to my kids when I had to repeat the same thing over and over - helped me to not lose my mind and they seemed to start listening when it became a song 😄 ></document>
		<document> #USER# #USER# #USER# #USER# #USER# Ironic that you used the figure 600,000 because that’s approximately the average number of ectopic pregnancies every year in the US. Without abortion, these result in the woman’s death every time. Maybe we ought to allow doctors to treat their patients as they see fit, hm? ></document>
		<document> #USER# I’ve never been with someone who was sterilized, but the relief for me when I got my tubes tied was immense. I got pregnant stupidly easy and it put a lot of stress on me. I imagine if my partner had gotten tied, the relief would have been the same. One less worry, yknow? ></document>
		<document> #USER# I daresay he's implying you're gay, darling. Because supporting LGBT rights means we're gay, of course. #HASHTAG##USER# ></document>
		<document> #USER# #USER# Comes of not having a get out of guilt card. If we hurt someone with bad actions, we have to face them, own our behavior, and try to make things right. It’s super uncomfortable, often painful, it’s something we want to avoid. We can’t just say sorry to Jesus and roll along. ></document>
		<document> #USER# #USER# My rule of thumb is be respectful and courteous and you’re more likely to get it in kind 😊 I rather think the people who think most fast food workers are rude are the people who introduce rudeness into the interaction and are shocked when it gets returned to them. ></document>
		<document> #USER# #USER# It’s one way propagandists take truth and warp it into weaponized doubt. If some Covid deaths aren’t being counted, how do we know if all of the “Covid deaths” are really cuz of Covid? Eh? Eh? WhAt ArE THEY™️ HiDiNg? 
*long irritated sigh* ></document>
		<document> Yes, Democrats should absolutely take advice from Breitbart. 🙄 #HASHTAG# #URL# ></document>
		<document> #USER# Well played, CIA social media guy. Well played. 😄 ></document>
		<document> #USER# Fair. *cocks shotgun, lowers sunglasses* Let’s go! ></document>
		<document> #USER# #USER# 100%. I agree with the sentiment that we shouldn’t be celebrating illness, but when someone has worked hard to endanger hundreds of thousands, if not millions, of people with lies and anti science policies, I can’t help feeling grimly satisfied at that stroke of karma. ></document>
		<document> #USER# I’m surprised they haven’t already, frankly! ></document>
		<document> #USER# He was damned if he did, damned if he didn’t. I think we all knew it would come to this eventually, unfortunately. History has shown that it’s just not possible to successfully hold Afghanistan as an occupying force. We prolly should have left after getting Bin Laden. ></document>
		<document> That woman needs to be arrested and have the book thrown at her. That’s never acceptable. #URL# ></document>
		<document> #USER# #USER# #USER# You are the only one here who’s scared. Your arguments are just variations of “I don’t understand it and I’m too stubborn to listen to the people who go understand it, so LALALALACAN’THEARYOU!” Sad scared little child, SMH. ></document>
		<document> Tediously predictable. #URL# ></document>
		<document> Because rules only apply to Dems. Don’t get me wrong, Cuomo should resign, but we need to keep loudly calling out these double standards and shining a light on the obvious bias and hypocrisy of the media. #URL# ></document>
		<document> #USER# #USER# Same here 😊 Some guys have no idea how incredibly sexy it is to have your partner put your comfort over aesthetics. It leads to fewer inhibitions, for one thing, and isn’t sex more fun when the partners can be as uninhibited as possible? 😁 ></document>
		<document> #USER# #USER# I think I’d be likely to start packing something to spray at them. Lemon juice, for example - nontoxic, but effective if someone got close enough to improve my aim towards their face. Or maybe fish sauce - that stuff smells like hell and would be an effective deterrent! ></document>
		<document> If men were actually as inherently superior as patriarchy claims, they wouldn’t need to bar women from the workplace, we’d all fail, all the time, no exceptions, this wouldn’t even be a conversation, it would be blindingly evident. ></document>
		<document> #USER# #USER# I wanted to teach them how to think, not what to think. 😊 I also believe that setting up anything as a taboo only makes it more tantalizing, so I tried to not make anything off-limits, I just used the problematic or dicey things as fodder for good discussions. ></document>
		<document> Honestly. This is the grasping meandering nonsense you get in later seasons of a sitcom that’s just gone so long they’ve run out of good material. #URL# #URL# ></document>
		<document> #USER# Yup, there are reasonable limits to every freedom. Usually where one’s personal liberty clashes with the interests or wellbeing of the community. ></document>
		<document> If he pull it off, I’d gladly call him the greatest leader of all time. But we all know that statement was grade A bullshit. #URL# ></document>
		<document> #USER# #USER# #USER# Republicans don’t do solutions, they’re far too busy ginning up fear and hatred amongst their base while they rob them blind. ></document>
		<document> Yes, we should definitely take moral advice from organizations that fight to protect pedophiles and rapists while doing everything possible to undermine medical advancement in order to keep women subjugated. #HASHTAG# #URL# ></document>
		<document> I’ve seen that film, those “cabbages” definitely contain face-huggers. You should run. #URL# ></document>
		<document> #USER# *nods* Hope can give you the fortitude to fight the good fight and keep working on your plans, but it’s not enough on its own. Without action, hope is just wishful thinking. ></document>
		<document> #USER# Absolutely. Not only are they demonstrating that they don’t understand the medical science they are supposed to be practicing, they’re actively endangering patients. ></document>
		<document> #USER# I’m with ya. I never socialized at those games or made soccer parent friendships. I live in the Deep South, these people be crazy .... and that was well before Trump and Q made things even crazier around here! 🤦‍♀️ ></document>
		<document> Which will hasten the already accelerating death of rural America. #URL# ></document>
		<document> #USER# #USER# #USER# #USER# #USER# Even if it was a car theft in progress, this is still murder. There is no excuse for a cop taking it upon themselves to decide which crimes deserve death and then act as an executioner right there on the street. It’s not legal, it’s unconstitutional, and it’s terrifying. ></document>
		<document> That’s what Republicans are hoping for: the death of public education. Next, the child labor laws will be amended to allow families how can’t afford private education to put their kids into menial jobs. You think I’m joking? They’ve been trying to do it for years. #URL# ></document>
		<document> Is this a challenge? #URL# ></document>
		<document> #USER# #USER# #USER# Yup. It didn’t teach me why I should have done XYZ, it just motivated me to not get caught. I wanted to teach my kids why they should make good choices and use natural consequences and positive reinforcement to drive the lessons home. It’s about teaching, not punishing. 😊 ></document>
		<document> #USER# #USER# Gee, think it has anything to do with all the Libertarians buying it up in panicked paranoia? #HASHTAG# ></document>
		<document> That is what we want to do with people who commit crimes. #URL# ></document>
		<document> #USER# I feel ya! I wish people wouldn’t be so noisy and rude 🤦‍♀️ ></document>
		<document> Not sure how productive the meeting was, but the team enjoyed it! #URL# ></document>
		<document> #USER# Good job!! #URL# ></document>
		<document> #USER# #USER# #USER# Ok. Not at all related to the point of my post, but thanks for sharing? ></document>
		<document> #USER# *nods* It takes a lot to own bad behavior and apologize for it 😊 ></document>
		<document> #USER# #USER# #USER# #USER# #USER# Not if one’s genes, or hormones, or life-sustaining medications make one’s body gain weight while simultaneously making it impossible to lose. I’ve known obese people like this, who eat careful diets and exercise rigorously but still can’t trim down. ></document>
		<document> #USER# #USER# We’re scheduled to get the booster now, too. And we’ll just keep on being careful, hoping to dodge the bullet for as long as we can! ></document>
		<document> Ya think? #URL# ></document>
		<document> If people would just follow simple protocols and stop being jackasses, this might not have been the case. 
That being said, getting another shot in a year is better than getting desperately ill. #URL# ></document>
		<document> They lie to everyone, including themselves. #URL# ></document>
		<document> You are working to make pregnant people more powerless and with less bodily autonomy than corpses under the law. This isn’t good work, this is using biology to oppress and terrorize women and you need to learn how to mind your own fucking business. #URL# ></document>
		<document> #USER# YES!! It’s ok to read for fun! Or listen to books for fun! 😊 ></document>
		<document> #USER# I try to be honest with them cuz that’s the only way they’ll have information to form an accurate diagnosis. But I can understand why people are motivated to avoid revealing embarrassing information, even if it would help them. ></document>
		<document> Yes, we’ll all face the same thing when we die: nothing. I’m much more concerned about how my actions affect others right now. Those are the consequences that matter. #URL# ></document>
		<document> Convicted fraud successfully identifies kindred spirit, news at eleven. #URL# ></document>
		<document> #USER# Or Samurai Lobster has arrived to avenge his people! 

I would watch that film. 😄 ></document>
		<document> This a pathological response and completely unforgivable in a public servant. #URL# ></document>
		<document> Behold, a thread of complete and utter bullshit: #URL# ></document>
		<document> #USER# #USER# My MIL said her dog climbed into bed with them the other morning, pushing her over and commandeering her pillow. No force on earth could have budged that dog an inch! Both humans had to squish into the other half of the bed and share the remaining pillow. 😄 ></document>
		<document> Let me get this straight, your position is that it’s wrong for people to advocate for making society fairer and better for everyone because we should be controlling and dictating people’s private decisions instead.

And you said this out loud like it’s a good thing.

Wow. #URL# ></document>
		<document> #USER# Synopsis? That was the entire story! ></document>
		<document> Puberty blockers don’t maim anyone, they don’t cause permanent conditions of harm. How about you shut up and let doctors decide what’s best for their patients. #URL# ></document>
		<document> Interestingly, science is never meant to be taken allegorically. It is always meant to be a serious and factual account of our most up-to-date understanding of the universe. When we learn new things, it gets added to and/or corrected. There is no guessing at what it means. #URL# ></document>
		<document> #USER# #USER# #USER# #USER# I don’t have to, they been exhaustively refuted by others before me. You recycle apologetics, I’ll recycle the refutations: #URL# ></document>
		<document> #USER# Trump campaign’s response: #URL# ></document>
		<document> *takes notes* .... go on ... #URL# ></document>
		<document> #USER# The hard-core ones are deeply selfish and don’t care if their beliefs are contradictory or harmful, so long as they can enjoy the benefits of society without having to contribute to it. Most Libertarians I’ve talked to are reasonable &amp; recognize that their ideals are impractical. ></document>
		<document> #USER# #USER# #USER# Nah, it was in the Monty Hall 😄

Fun fact, my daughter lived in a dorm for two years named Montgomery Hall and everyone referred to it as Monty. Took a Google search to explain to her why I thought that was funny 😄 ></document>
		<document> Look, we definitely need more women in leadership and all, but let’s not pretend that we women are fucking perfect. Misogynists set impossible standards we’re unfairly expected to meet, let’s not start setting our own impossible standards, k? #URL# ></document>
		<document> JRR Tolkien did not create Middle Earth, Middle Earth created JRR Tolkien. Cuz that totally makes sense 🙄 #URL# ></document>
		<document> And if you don’t behave, Santa won’t bring you presents this year! #URL# ></document>
		<document> #USER# Rubbish! People see numbers &amp; their eyes go all glossy.  Well, Atheists read those studies, but they aren't people! n#HASHTAG# ></document>
		<document> Yes, I'm sure that Texas high school principle and those campus cops were all atheists. #HASHTAG#  #URL# ></document>
		<document> #USER# #USER# #USER# They did, with all same stupid arguments about discrimination, second-class citizens, freedom freedom freedom oi! 🙄 The difference is that the media largely ignored them, no politicians hopped on the bandwagon for votes, and the CDC stuck to their scientific findings. ></document>
		<document> #USER# And it is so empowering to pre-verbal children. We did basic ASL with our kids from birth, using the signs for hungry, sleepy, please, thank you, more, etc. before they could walk and talk, they had a way to communicate with us. Prevents a lot of frustration for everyone! ></document>
		<document> #USER# I simply adore the ones complaining that the sign isn’t all-encompassing, or that’s it’s covered in trite tautologies - because if you post a yard sign, it should absolutely be a 3,000 word dissertation of your entire political philosophy or we can’t take you seriously 🙄 ></document>
		<document> #USER# Conservative: I disregard the rules and I don’t care if that negatively impacts you and your family!

Same conservative: You’re disregarding the rules and that negatively impacts me and my family!

Connect the dots, guy!! #URL# ></document>
		<document> #USER# I hope so. I need someone to give me a break 🤦‍♀️ ></document>
		<document> #USER# #USER# If your doctor told you that shit, you need to find a new doctor. The flu virus mutates rapidly and there are usually a half dozen strains going around, so getting sick from it doesn’t guarantee immunity into next week 🙄 ></document>
		<document> #USER# #USER# #USER# #USER# Additionally, sick people can’t work or shop, and productive labor + consumer spending are what drives our economy. Socialized healthcare benefits capitalism. ></document>
		<document> Genetics, age, needing (and let’s be honest, preferring) to work for a living, an enjoyment of eating good food accompanied with good wine, the fact that my man loves the way I look. For starters. Why would you want everyone to look the same anyway? #URL# ></document>
		<document> Wait till he hears about Trump, Gaetz, Jordan, Hastert, Moore, etc, etc. #URL# ></document>
		<document> I cannot imagine anything more fragile than getting upset over a company making the business decision to not gender a cookie 🙄 #URL# ></document>
		<document> #USER# Or, as we Atheists call it, Spring Break #HASHTAG# #HASHTAG# #USER# #USER# ></document>
		<document> #USER# #USER# Before we begin, please put on the festive paper hat and pick up the noisemaker that was on your seat when you arrived. Here are the rules of the game: On the board is a list of nonsequitur words which I will randomly sneak into my presentation at nonsensical points. ></document>
		<document> #USER# Honest to cod, this is the worst timeline. #URL# ></document>
		<document> They couldn’t make it as a country for more than ten years, but do tell us again how easily they could secede today. 🙄 #URL# ></document>
		<document> #USER# Changing your policy to keep up with an unfolding situation - what madness is this??
*read with Renaissance fair melodrama and dropping sarcasm ></document>
		<document> #USER# #USER# Tennessee 🤦‍♀️ ></document>
		<document> #USER# #USER# #USER# #USER# #USER# #USER# #USER# But guns are fine? Bonkers 🤦‍♀️ ></document>
		<document> Just love it when I forget to proof a tweet. I get so embarrassed to have sent gibberish out into world 🤦‍♀️ ></document>
		<document> #USER# Because a noisy pee often gets messy. ></document>
		<document> #USER# The second I got the text telling me I could, I made my appointment for the earliest slot. Ran out the next day and got to the place early, ready to get my jab! 😊 Couldn’t have been more pleased to get it! ></document>
		<document> #USER# #USER# #USER# #USER# In that case, I bet this guy’s daughter got a great life lesson in standing up to bloviating bullies and speaking truth to liars. I hope she was proud of him - I don’t even know him and I’m proud of him! 😄 ></document>
		<document> #USER# Everything in that exchange was problematic and horrifying. The anti-trans from the one account was toxic and ugly, but thus other account replying to that with a deeply racist epithet is just ... Damn. All of it is the worst. 🤦‍♀️ ></document>
		<document> But the school can force kids to wear certain clothes and do their hair a certain way. Masks actually serve a real purpose, the dress code does not. #URL# ></document>
		<document> I love the moment the bear gets halfway in and pauses because he’s clearly stuck. “Fuck. No. No, I can do this! I could put my leg - no. Hang on, maybe if I shift my weight like - ow! Shit. Oh, what if pull on … errrrr, ha! That worked! I’m in!!” #URL# ></document>
		<document> #USER# #USER# #USER# #USER# #USER# I never did get the hang of deboning a banana. Julia Child made it look so easy! ></document>
		<document> #USER# That’s putting it mildly. ></document>
		<document> #USER# #USER# “We were so preoccupied with whether we could create a safari park, we never stopped to ask if we should.” ></document>
		<document> #USER# He’s entered his minimalist period, I see! He joins artists like Agnes Martin: #URL# ></document>
		<document> #USER# #USER# I became an empty nester last year and it’s immensely freeing. I’m job hunting and suddenly I can happily agree to relocation and unlimited travel, no restrictions- it’s amazing! I love my kids dearly, but I don’t blame anyone for wanting to be childless. ></document>
		<document> ALL **FOURTEEN PAGES**??! How did you manage to do all that reading? It’s not even on Audible! #URL# ></document>
		<document> Finally. He’s been openly white supremacist for ages, about time someone at the network noticed 🙄 #URL# ></document>
		<document> #USER# #USER# #USER# Specifically, they can’t promote one religion over others. So, a class studying a variety of religions neutrally is acceptable. A school authority leading students in a prayer is not acceptable because it promotes a specific religion. ></document>
		<document> #USER# The blonde Mickey Mouse. ></document>
		<document> Thread #URL# ></document>
		<document> #USER# #USER# It’s the difference between taking sensible precautions and consuming paranoid fantasies. The former is recognizing real risks and mitigating against them, the latter is running in big circles with your arms flailing about your head and screaming wildly. ></document>
		<document> #USER# #USER# #USER# #USER# Nothing at all, if you braise them properly and cook them at a relatively low temperature. Gives the evil and fat time to render and reduce into a wickedly luscious sauce. And use lots of rosemary, of course! ></document>
		<document> #USER# #USER# Have you seen his so-called dissertation? It literally begins with “My name is Kent Hovind and I live in Pensacola, Florida.” Like a grade-school kid writing the first letter to their assigned pen pal 😆 It’s people like him who erode the value of advanced degrees. ></document>
		<document> #USER# #USER# #USER# #USER# Wow, the conversation under that is interesting. One guy said he enjoys the mental gymnastics, so he’ll carry on. SMH Truth should simply and easily align with reality. If we have to work hard to make it (almost) line up, we know it’s not true. How can we believe it does? 🤨 ></document>
		<document> #USER# Thomas Jefferson also rewrote the Bible, removing parts he objected to or found to be pure flights of fancy (ie, the miracles) so I’m guessing this person would be pretty surprised at the kind of service our famously deist founding father was conducting. ></document>
		<document> #USER# #USER# Florida Consolidated Clown College? ></document>
		<document> “Ok I've now decided most Atheists are retards."n nYeah, especially the ones making up 96% of the world's scientific community! #HASHTAG# ></document>
		<document> #USER# I can’t think of anything more amazing than helping an animal recoup and giving them a loving home! Well done, human!! 😊 ></document>
		<document> #USER# Too right! #URL# ></document>
		<document> #USER# I fully support this idea! 😄👍 ></document>
		<document> #USER# #USER# #USER# This isn’t a CU issue. Private companies can set terms and conditions on their services and deny service to folks who violate those terms. “No shirt, no shoes, no service” is a common example of this. As a private company, Twitter can decide who uses their platform. ></document>
		<document> #USER# #USER# #USER# #USER# Yep. The legislature can draw up any bills it likes, the governor can sign them into law and they stand until someone can get them challenged and stricken down. This one reason the ACLU and other advocacy groups exist, TL help folks with limited resources fight bad laws. ></document>
		<document> This is what we mean by systemic racism. #URL# ></document>
		<document> #USER# #USER# #USER# Ooooooo, a meme?! That’s me told! 🙄 ></document>
		<document> #USER# #USER# *nods* Specifically, the accomplishments made by women. Without the contributions of women, we wouldn’t have computers, cell phones, an understanding of DNA, the Covid vaccine, MRIs, radiation therapies, and more. Women are consistently erased from history, let’s change that! ></document>
		<document> #USER# #USER# I feel seen 😄 ></document>
		<document> #USER# #USER# Or being this aggressively wrong. A governor who doesn’t understand that seeking asylum is lawful entry, so refugees are definitionally NOT illegal immigrants. ></document>
		<document> #USER# You cannot maintain a relationship without trust and if the betrayal is truly unforgivable, trust is irrevocably shattered and it’s time to walk away. Love them from afar - the heart is stubborn like that - but you simply cannot have a relationship with someone you cannot trust. ></document>
		<document> #USER# I don’t, but I use hand sanitizer as soon as I return the cart to its place and walk back to my car. ></document>
		<document> #USER# #USER# I had my oldest at 19 and had to grow up fast, but I still didn’t feel like a Real Adult™️ for a long time. I was married, running my own household, raising 3 children by 23 and still didn’t feel as grown-up as I thought I should. I think it’s just a form of Imposter Syndrome. ></document>
		<document> #USER# #USER# Yup. There’s usually a big gap between preaching and practice. That’s why they’ve resorted to getting their twisted theology into law. The fear of god only extends so far and that’s when the power of the state is needed 😡 ></document>
		<document> #USER# Well, nobody really cares what Trump supporters think, either, yet we get a steady stream of these tedious articles. 🙄 ></document>
		<document> That being said, don’t fucking come around here with a narrative that characterizes any woman as a “home-wrecker” for becoming involved with a married man. That shifts the blame to her and absolves him of culpability. That’s bullshit. ></document>
		<document> #USER# #USER# He is really good at making it sound like those are words that mean things, if you have the right letters after your name 😄 ></document>
		<document> #USER# #USER# They’re also an expression of values. What does it say when a community invests time and public funds into erecting statues of traitors to the country? How can that be acceptable? ></document>
		<document> #USER# A translation of a Latin translation of Greek, Aramaic, &amp; Hebrew texts - how that possibly be inaccurate? #HASHTAG# #USER# ></document>
		<document> #USER# Don’t ask, they take it as a challenge 🤦‍♀️ ></document>
		<document> #USER# #USER# Yep. My department has has a bumper year in volume and productivity since we started working remotely. Turns out people are more productive when we’re comfortable and don’t have to settle in after commuting 😊 ></document>
		<document> Llamas in Fog was the name of my electronica polka jazz fusion concept album in college. Ironically, the album cover looked just like this. #URL# ></document>
		<document> “For crimes against kittidom, Santa Claus you are hereby condemned to be buried in the litter box of doom. May Bastet have mercy on your soul.” #URL# ></document>
		<document> And he sticks the landing! #URL# ></document>
		<document> #USER# Only on the outside. 😊 ></document>
		<document> #USER# #USER# #USER# If we acknowledge the uncomfortable truths of our past, white people might feel an obligation to do something to correct some of the lingering problems in our country. If we just deny it all, then white people can pretend nothing’s wrong and keep enjoying their privilege. ></document>
		<document> That’s just generally good advice, pandemic notwithstanding. #URL# ></document>
		<document> #USER# #USER# Me, too! I haven’t gotten a cold in almost three years cuz I always wear my mask in public and have been conscientious about using hand sanitizer after leaving every store. It’s really no trouble and I rather like not getting sick and feeling miserable 😊 I see no downside here. ></document>
		<document> #USER# Sorry, can people just up and quit the military like it’s an office job? I thought they signed on for a set number of years and have to get discharged. 🤨 ></document>
		<document> #USER# I wonder if fish have alien abduction stories. “We were having lunch in the lake and suddenly, this huge shadow passes over us. Roy, he spots a great worm and when he caught it, he knew something wasn’t right. He rose straight up towards that shadow and was never seen again!” ></document>
		<document> #USER# #USER# #USER# *nods* It’s projection. 😊 ></document>
		<document> How does an all-powerful being fear anything? In a universe of his own design, how does anything happen that he doesn’t want to happen? If god is unable to create a universe the excludes things he fears, how can we even call him a god? 🤨 #URL# ></document>
		<document> #USER# #USER# #USER# #USER# #USER# *nods* The opposite of humility is arrogance, declaring oneself to be the best without putting in the work; it’s entitlement. I only see confidence in these amazing women acknowledging the skills they put so much dedication into developing. We should celebrate confidence! 😊 ></document>
		<document> #USER# I’ve sKeats thought it’s so beautiful when a kid gets the space to figure things out on their own. It’s the purest kind of problem-solving and each kid had their own unique approach 😊 ></document>
		<document> #USER# #USER# I couldn’t agree more. Having an intimate piercing could not possibly affect her ability to be a good mom. That’s just asinine! ></document>
		<document> #USER# Well, cats arriving to earth on interstellar burritos with banana escorts does explain a lot. ></document>
		<document> Come here, human puppy. No more playing in the water until you learn to doggy paddle properly! #URL# ></document>
		<document> #USER# #USER# #USER# #USER# #USER# And then, when corrected on it, double down HARD. There’s nothing wrong with making mistakes, we all do it and sure, it’s embarrassing, but own it, correct yourself, and move forward like an adult, FFS. It’s ok to say “I stand corrected and I learned a thing today. Thanks!” ></document>
		<document> #USER# #USER# No comment, but I am winking very suggestively. 😄 ></document>
		<document> #USER# The AIDS vaccine that is scheduled to go into human trials in the next 5-10 years? Is it expected to have a time-traveling component giving it retroactive efficacy?? 🤨 ></document>
		<document> #USER# #USER# And how systemic and implicit racism persists today. We must stop lying to ourselves about how perfect America is. America is flawed, it is not exceptional - but it can be improved and it can become exceptional! Only if we see it through clear eyes and invest in making it better. ></document>
		<document> #USER# #USER# Now THAT is a profitable business model! 😆 ></document>
		<document> Thread #URL# ></document>
		<document> #USER# #USER# #USER# Correction, I can’t friggin read today and only thought I was already following you 🙄 I fixed that! 😄 ></document>
		<document> #USER# Yeah. We’ve been very sad all evening. It was just so sudden, no warning at all. ></document>
		<document> #USER# The irony is that he’s looking at capitalism at its purest. “There’s a demographic who don’t eat our product? Let’s come up with something to sell them so we can make more money!” As more people become vegetarian, offering options that appeal to them is just smart business. ></document>
		<document> #USER# #USER# #USER# My point was that no matter how many atrocities the church permits and covers up, they are never held accountable because no politician dares to be seen doing anything than be construed as attacking the church. This is how they get away with murder, rapes, torture, etc. ></document>
		<document> #USER# #USER# #USER# And that was arguably due to diet. A nursing mother needs to make sure she’s consuming enough vitamins, fats, etc. to support quality milk production. Diet is still not fully understood, but people knew nothing about nutrition when wet nurses were common. ></document>
		<document> #USER# #USER# #USER# #USER# Only a person invested in their ignorance could fear learning. ></document>
		<document> Just proving what bullies and tyrants the Republican Party has become. Let them do what they want or there will be retribution. #URL# ></document>
		<document> I am so fucking sick of belligerent angry white assholes. I really am. #URL# ></document>
		<document> #USER# #USER# #USER# I felt this way when they kept explaining what Trump really meant with his world salads. These are people in high-stakes professional jobs and the ability to coherently articulate a point without needing a translator ought to be one of the basic skills they possess. ></document>
		<document> #USER# If she had a physical problem that caused her to drop out, this wouldn’t even be a question. Mental health and wellness is just as important. It sucks that she had to drop out after coming so far, but I fully support her prioritizing her health over sport. She’s still the GOAT 😊 ></document>
		<document> She was in Chicago urging people to get vaccinated so we can end this fucking pandemic. I rather think returning the country to normal as quickly as possible is a much bigger priority than pretending there’s a crisis at the border. #URL# ></document>
		<document> #USER# No, but I’m pretty sure you win a prize for that remarkable achievement 😄 ></document>
		<document> #USER# #USER# Vaccines have always been mandated for military service in this country, going all way back to George Washington issuing the first mandate for the Continental Army. And if you serve in the military, you follow orders or you get dishonorably discharged. That’s how it is! ></document>
		<document> #USER# An abundance of unearned confidence untempered by education or self-awareness, mixed with cult-like tribal politics that spent decades convincing members to blindly follow the party in all things cuz everyone else is always lying, no matter what the facts say. Et viola! ></document>
		<document> #USER# #USER# #USER# #USER# #USER# #USER# Comedy is best when it speaks truth to power. Bashing on marginalized groups is the very opposite of that. Worse, it legitimizes prejudices that are used to persecute and oppress those groups, further robbing them of what little power they may have. It’s abusive in every way. ></document>
		<document> #USER# #USER# #USER# Oh, I plan to make a huge scene if someone tries that nonsense with me! If anything, weaving a tapestry of invective and profanity is more likely to keep the asshole there while we wait for the cops, cuz I plan to press all the charges! ></document>
		<document> A Catholic preaching sexual responsibility while their church plays a global game of Find The Pedo Priest? #HASHTAG# #URL# ></document>
		<document> #USER# #USER# That’s what we did with our kids. Math is ultimately problem-solving and there are so many different ways to solve problems. IMO, learning different approaches puts a variety of tools in their mental toolbox to choose from 😊 ></document>
		<document> #USER# Yep, the method was named for the rugby scrum 😊 ></document>
		<document> #USER# #USER# #USER# And goodness knows, there’s a LOT of competition for that title! (I agree, she wins by a clear margin) ></document>
		<document> #USER# #USER# #USER# Thank ye kindly! 😊 #URL# ></document>
		<document> #USER# That is a really great point! 😆 “Yeah, great-grandad worked 80 hours a week and wrestled bears for fun, cocaine tends to have that effect!” ></document>
	
</author><document> #USER# #USER# Exactly. Just don't abuse the staff, they don't deserve it. >></document>
<document> #USER# #USER# #USER# #USER# Yes, misogyny. The Olympiad has invested time and research into science on this issue. The competitor must meet certain qualifications in order to ensure a level playing field. We keyboard players don't have all the facts. >></document>
<document> *fiddles with dials, signal becomes clearer*
"New system, who is it?" #URL# </document>
<document> #USER# #USER# Are you implying that it is ever illegal to stab yourself in the abdomen? It's incredibly inconsiderate and might just be super painful, but it's not illegal. What point were you thinking of making here? 🤨 >></document>
<document> #USER# #USER# In my experience, it's best to assume you will definitely get pregnant or have an STI and take precautions rather than roll the dice. The stakes are high and it only takes one "lucky" roll to win a life-changing jackpot. Prevention is better than cure. >></document>
<document> Being utterly pathetic and incompetent doesn't make a criminal activity any less criminal. Time to pursue is past. #URL# </document>
<document> #USER# #USER# Shouldn't matter. The only reason a woman would need an abortion is that she doesn't want to be pregnant. That's all. They shouldn't have to defend or justify it to anyone else. If it's not my pregnancy, it's none of my business! End of discussion! >></document>
<document> 1) It is legal in California. 2) It's Snoop Dogg, the man is **famous** for smoking weed. This is the craziest title I've ever seen 🙄 #URL# ></document>
<document> “Brian. Dude, where are you going? Brian. Hey, Brian, the pond's over there, man. Yes, man, turn around. Here...he has it. Wow, it was salty this time! #URL# </document>
<document> Thread #URL# </document>
<document> A message typed on a device and posted on the Internet, all made possible by the work of atheists. #HASHTAG# #URL# </document>
<document> Exciting stuff! #URL# </document>
<document> #USER# Higher pay and less abusive working conditions. People are terrible with retail workers, knowing management will never stand up for their staff. It is unreasonable to ask someone to accept that abuse for less than a livable wage, no benefits, weird schedules, and zero life balance. >></document>
<document> #USER# #USER# In fact, there is a verse in Jeremiah that specifically forbids devotees from cutting down trees and bringing them into the house for worship, as pagans do. This is a very old tradition, but it has been adopted by Christians of the most ancient religions. As usual, Tuck is ignorant. 🙄 >></document>
<document> #USER# Yes. I can't believe he just got out of there not worrying about how he was getting home in his convalescent state. She didn't get a friend or family member to take her place, she just ran off and let her handle it. How are women with men like this?? ></document>
<document> #USER# Both, although spiders are the biggest annoyance. We simply spray the underside of the patio furniture fairly regularly. >></document>
<document> #USER# I can't whistle very well. I can pucker my lips and let out a faint whistle, but I can't whistle a tune or make one of those piercing whistles that get everyone's attention. >></document>
<document> Wait... isn't the T in LGBT for Tango? It goes lesbian, gay, bongos, tango, right? #HASHTAG# #URL# </document>
<document> #USER# #USER# It's almost always true: theaters always want full audiences, and some will resell seats if people don't show up that day. 😊 >></document>
<document> #USER# #USER# I'd vote for the bear if it did! >></document>
<document> #USER# #USER# #USER# As a vote of confidence, we flew in November and made sure to dress up, get away when possible, use hand sanitizer as if it were out of fashion, and shower immediately upon arrival. None of us have Covid so I think even a vaccinated person taking precautions should be fine. >></document>
<document> #USER# #USER# #USER# #USER# In addition, some long haulers are experiencing cognitive impairment and memory loss, making even office work impractical. Then we will have a significant part of the population completely unable to work. We will have to tax the top 3% and corporations to keep the economy afloat. >></document>
<document> #USER# I just can't with these fucking idiots. #URL# </document>
<document> #USER# People said the exact same crap about "political correctness" during the Clinton years. It's just good manners and "wokeness" is just being respectful of others. There is a word for people who hate manners and being considerate and it rhymes with "massholes". >></document>
<document> #USER# #USER# #USER# It could be both 😊 I used to sing instructions to my kids when I had to repeat the same thing over and over again - it helped me not lose my mind and they seemed to start listening when it's become a song 😄 </document>
<document> #USER# #USER# #USER# #USER# #USER# It's ironic that you use the figure 600,000 because that's roughly the average number of ectopic pregnancies each year in the United States. Without abortion, these cause the death of the woman every time. Maybe we should let doctors treat their patients as they see fit, hm? >></document>
<document> #USER# I've never been with someone who was spayed, but the relief for me when I tied my tubes was immense. I got pregnant stupidly easy and it put a lot of stress on me. I imagine if my partner had been tied up, the relief would have been the same. One less worry, you know? >></document>
<document> #USER# I dare say he's insinuating that you're gay, honey. Because supporting LGBT rights means we're gay, of course. #HASHTAG##USER# </document>
<document> #USER# #USER# It comes from not having a card out of guilt. If we hurt someone with bad deeds, we need to face them, acknowledge our behavior, and tryto fix things. It's super uncomfortable, often painful, it's something we want to avoid. We can't just apologize to Jesus and move on. >></document>
<document> #USER# #USER# My rule of thumb is to be respectful and courteous and you are more likely to understand that in kind 😊 I rather think the people who think most fast food workers are rude are people who introduce rudeness into the interaction and are shocked when it is returned to them. >></document>
<document> #USER# #USER# It's a way propagandists take the truth and twist it into weaponized doubt. If some Covid deaths are not counted, how do we know if all the "Covid deaths" are really due to Covid? Huh? Huh? WHAT ARE THEY HIDING™️?
*long irritated sigh* </document>
<document> Yes, Democrats should definitely take Breitbart's advice. 🙄 #HASHTAG# #URL# ></document>
<document> #USER# Well played, CIA social media guy. Well done. 😄 >></document>
<document> #USER# Fair. *arms shotgun, lowers sunglasses* Let's go! >></document>
<document> #USER# #USER# 100%. I agree with the sentiment that we shouldn't celebrate disease, but when someone has worked hard to endanger hundreds of thousands, if not millions, of people with lies and anti-science policies, I can't help but feel grimly satisfied at that blow of karma. >></document>
<document> #USER# I'm surprised they haven't already, frankly! >></document>
<document> #USER# He was damned if he did, damned if he didn't. I think we all knew it would eventually come to this, unfortunately. History has shown that it is not possible to successfully hold Afghanistan as an occupying force. We probably should have left after we got Bin Laden. >></document>
<document> That woman must be arrested and the book will be thrown at her. It's never acceptable. #URL# </document>
<document> #USER# #USER# #USER# You're the only one here who's scared. Your arguments are just variations of "I don't get it and I'm too stubborn to listen to people who get it, so LALALALACAN'THEARYOU!" Sad scared child, SMH. >></document>
<document> Tediously predictable. #URL# </document>
<document> Because the rules only apply to Dems. Don't get me wrong, Cuomo should step down, but we need to keep calling out these double standards and shining a light on the blatant media bias and hypocrisy. #URL# </document>
<document> #USER# #USER# Same here 😊 Some guys have no idea how incredibly sexy it is to have your partner put your comfort over looks. Does it lead to less inhibitions, for one thing, and isn't sex more fun when partners can be as uninhibited as possible? 😁 >></document>
<document> #USER# #USER# I think I'd probably start preparing something to spray at them. Lemon juice, for example: non-toxic, but effective if someone got close enough to improve my aim at their face. Or maybe fish sauce – that stuff smells like hell and would be an effective deterrent! >></document>
<document> If menwere actually inherently superior as patriarchy claims, they wouldn't need to lock women out of the workplace, we would all fail, all the time, no exceptions, this wouldn't even be a conversation, that would be blatant. >></document>
<document> #USER# #USER# I wanted to teach them how to think, not what to think. 😊 I also believe that setting anything taboo only makes it more appealing, so I tried not to make anything off-limits, I just used the problematic or risky stuff as fodder for good discussion. >></document>
<document> Honestly. That's the mean twisted nonsense you get in later seasons of a sitcom that's just gone so long that they've run out of good material. #URL# #URL# </document>
<document> #USER# Yes, there are reasonable limits to any freedom. Usually where one's personal freedom collides with the interests or welfare of the community. >></document>
<document> If he pulls it off, I'd gladly call him the greatest leader of all time. But we all know that statement was A-list bullshit. #URL# ></document>
<document> #USER# #USER# #USER# The Republicans find no solutions, they are too busy sowing fear and hatred in their base as they blindly rob them. >></document>
<document> Yes, we should definitely get moral advice from organizations fighting to protect pedophiles and rapists while doing everything they can to undermine medical progress in order to keep women subjugated. #HASHTAG# #URL# </document>
<document> I saw that movie, those "cabbage" definitely contain facial hugs. You should run. #URL# </document>
<document> #USER# *nods* Hope can give you the fortitude to fight the good fight and keep working on your plans, but it alone isn't enough. Without action, hope is just wishful thinking. >></document>
<document> #USER# Absolutely. Not only are they demonstrating that they don't understand the medical science they are supposed to be practicing, but they are actively endangering patients. >></document>
<document> #USER# I'm with you. I never socialized at those games or made friends with soccer parents. I live in the Deep South, these people are crazy....and that was well before Trump and Q made things even crazier around here! 🤦‍♀️</document>
<document> Which will hasten the already accelerated death of rural America. #URL# </document>
<document> #USER# #USER# #USER# #USER# #USER# Even if this was a carjacking in progress, this is still a homicide. There is no excuse for a policeman to take it upon himself to decide which crimes deserve death and then act like an executioner right there on the street. It's not legal, it's unconstitutional, and it's terrifying. >></document>
<document> That's what Republicans are hoping for: the death of public education. Subsequently, child labor laws will be changed to allow families who cannot afford private education to place their children in menial jobs. Do you think I'm joking? They've been trying for years. #URL# </document>
<document> iit's a challenge? #URL# </document>
<document> #USER# #USER# #USER# Yeah. It didn't teach me why I should do XYZ, it just motivated me not to get caught. I wanted to teach my kids why they should make good choices and use natural consequences and positive reinforcement to drive home the lessons. It is about teaching, not punishing. 😊 >></document>
<document> #USER# #USER# Damn, do you think it has something to do with all the libertarians panic buying it? #HASHTAG# </document>
<document> This is what we want to do with people who commit crimes. #URL# </document>
<document> #USER# I hear you! I wish people weren't so loud and rude 🤦‍♀️</document>
<document> Not sure how productive the meeting was, but the team had fun! #URL# </document>
<document> #USER# Great job!! #URL# </document>
<document> #USER# #USER# #USER# Ok. Not at all related to the point of my post, but thanks for sharing? >></document>
<document> #USER# *nods* It takes a lot to admit bad behavior and apologize for it 😊 </document>
<document> #USER# #USER# #USER# #USER# #USER# Not if your genes, or hormones, or life-sustaining drugs make your body fat while making it impossible to lose weight. I've known obese people like this, who diet carefully and exercise rigorously but still can't cut back. >></document>
<document> #USER# #USER# We plan to get the booster now as well. And we will continue to be careful, hoping to dodge the bullet as long as possible! >></document>
<document> Do you think? #URL# </document>
<document> If people followed simple protocols and stopped being idiots, maybe that wouldn't be the case.
That said, getting another dose in a year is better than getting seriously ill. #URL# </document>
<document> They lie to everyone, including themselves. #URL# </document>
<document> You are working to make pregnant people more impotent and with less bodily autonomy than cadavers under the law. This is not a good job, this is using biology to oppress and terrorize women and you have to learn to mind your own business. #URL# </document>
<document> #USER# YES!! It's okay to read for fun! Or listen to books for fun! 😊 >></document>
<document> #USER# I try to be honest with them because it's the only way they will have information to make an accurate diagnosis. But I can understand why people are motivated to avoid revealing embarrassing information, even if it would help them. >></document>
<document> Yes, when we die we will all face the same thing: nothing. I'm much more concerned with how my actions affect others right now. These are the consequences that matter. #URL# </document>
<document> Convicted fraud successfully identifies kindred spirit, news at eleven. #URL# </document>
<document> #USER# Or the samurai lobster has come to avenge his people!

I would watch that movie. 😄 >></document>
<document> This is a pathological response and completely inexcusablecapable in a civil servant. #URL# </document>
<document> Here, a complete and utter bullshit thread: #URL# </document>
<document> #USER# #USER# My MIL said her dog climbed into bed with them the other morning, shoving her and commandeering her pillow. No force in the world could have moved that dog an inch! Both humans had to squeeze into the other half of the bed and share the remaining pillow. 😄 >></document>
<document> Let me get this straight, your position is that it is wrong for people to claim to make society more just and better for everyone because we should instead be controlling and dictating people's private decisions.

And you said it out loud like it was a good thing.

Oh. #URL# </document>
<document> #USER# Synopsis? That was the whole story! >></document>
<document> Puberty blockers do not maim anyone, they do not cause permanent conditions of harm. How about we shut up and let doctors decide what's best for their patients. #URL# </document>
<document> Interestingly, science should never be taken allegorically. It is always meant to be a serious and factual account of our most up-to-date understanding of the universe. When we learn new things, they are added and/or corrected. You can't guess what that means. #URL# </document>
<document> #USER# #USER# #USER# #USER# I don't have to, they have been exhaustively refuted by others before me. You recycle the apologies, I recycle the rebuttals: #URL# ></document>
<document> #USER# Trump campaign response: #URL# ></document>
<document> *makes notes* .... continued... #URL# ></document>
<document> #USER# Hard-core people are deeply selfish and don't care if their beliefs are contradictory or harmful, as long as they can enjoy the benefits of society without having to contribute to it. Most of the libertarians I've talked to are reasonable and approachable. they recognize that their ideals are unworkable. >></document>
<document> #USER# #USER# #USER# Nah, it was in Monty Hall 😄

Curiosity, my daughter lived for two years in a dormitory called Montgomery Hall and everyone called him Monty. I did a google search to explain why I thought it was funny 😄 ></document>
<document> Look, we definitely need more women in leadership and all that, but let's not pretend that we women are fucking perfect. Misogynists set impossible standards that we unfairly expect to meet, let's not start by setting our own impossible standards, k? #URL# </document>
<document> JRR Tolkien did not create Middle-earth, Middle-earth created JRR Tolkien. Because it makes perfect sense 🙄 #URL# ></document>
<document> And if you don't behave yourself, Santa Claus won't bring you presents this year! #URL# </document>
<document> #USER# Trash! People see numbers &amp; their eyes become all watery. Well, atheists read those studies, but they are not people! n#HASHTAG# </document>
<document> Yes, I'm sure the Texas high school principal and those campus cops were all atheists. #HASHTAG# #URL# </document>
<document> #USER# #USER# #USER# They made, with all the same stupid discrimination arguments, second class citizens, freedom freedom freedom oi! 🙄 The difference is that the media largely ignored them, no politicians got on the bandwagon, and the CDC stuck to their scientific findings. >></document>
<document> #USER# And it's so powerful for pre-verbal kids. We have done basic ASL with our babies since birth, using the signs for hungry, sleepy, please, thank you, more, etc. Before they could walk and talk, they had a way to communicate with us. It prevents a lot of frustration for everyone! >></document>
<document> #USER# I just love those who complain that the sign isn't all-encompassing, or that it's covered in corny tautologies - because if you're posting a lawn sign, it absolutely should be a 3000-word dissertation of all your political philosophy or we can't take you seriously 🙄 </document>
<document> #USER# Conservative: I don't play by the rules and I don't care if this will have a negative impact on you and your family!

Conservative himself - you are ignoring the rules and this is negatively impacting me and my family!

Connect the dots, boy!! #URL# </document>
<document> #USER# I hope so. I need someone to give me a break 🤦‍♀️ </document>
<document> #USER# #USER# If your doctor told you that shit, you need to find a new one. The flu virus mutates quickly and there are usually half a dozen strains in circulation, so getting sick doesn't guarantee immunity until next week 🙄 </document>
<document> #USER# #USER# #USER# #USER# Also, sick people cannot work or shop, and productive work + consumer spending is what drives our economy. Socialized health care benefits capitalism. >></document>
<document> Genetics, age, the need (and let's be honest, prefer) to work for a living, the pleasure of eating good food accompanied by good wine, the fact that my man loves my looks. For starters. Why would you want everyone to look the same anyway? #URL# </document>
<document> Wait till I hear about Trump, Gaetz, Jordan, Hastert, Moore, etc. etc. #URL# </document>
<document> I can't imagine anything more fragile than getting upset about a company making the business decision not to generate a cookie 🙄 #URL# </document>
<document> #USER# Or, as we atheists call it, Spring Break #HASHTAG# #HASHTAG# #USER# #USER# ></document>
<document> #USER# #USER# Before you begin, please put on your festive paper hat and collect the muffler that was on your seat when you arrived. Here are the rules of the game: On the board is a list of non sequitur words that I will randomly insert into my presentation at the nonsense points. >></document>
<document> #USER# Honestly, this is the worst history. #URL# </document>
<document> They have failed to make it as a nation for more than ten years, but tell us again how easily they could fall apart today. 🙄 #URL# ></document>
<document> #USER# Changing your policy to keep up with an unfolsituation ding - what madness is this??
*read with fine Renaissance melodrama and saggy sarcasm</document>
<document> #USER# #USER# Tennessee 🤦‍♀️ </document>
<document> #USER# #USER# #USER# #USER# #USER# #USER# #USER# Are guns okay? Bonkers 🤦‍♀️ </document>
<document> I love it when I forget to correct a tweet. I am so ashamed that I sent gibberish into the world 🤦‍♀️</document>
<document> #USER# Because a loud pee often gets messy. >></document>
<document> #USER# The moment I received the message telling me I could, I made an appointment for the first slot. I escaped the next day and arrived on site early, ready to receive my jab! 😊 I couldn't have been happier to have this! >></document>
<document> #USER# #USER# #USER# #USER# If so, I bet this guy's daughter had a great life lesson in standing up to bullies and telling the truth to liars. I hope she was proud of him - I don't even know him and I'm proud of him! 😄 >></document>
<document> #USER# Everything about that exchange was problematic and terrifying. One account's anti-trans was toxic and ugly, but then another account responding to this with a deeply racist epithet is just… Damn. All of this is the worst. 🤦‍♀️</document>
<document> But school can force children to wear certain clothes and do their hair a certain way. The masks actually serve a real purpose, the dress code doesn't. #URL# </document>
<document> I love the moment when the bear gets halfway and stops because it's clearly stuck. "Fuck it. No. No, I can do it! I could put my leg on - no. Wait, maybe if I shift my weight like - ow! Shit. Oh, what if I pulled up... errrr, ha! It worked! I'm in !!" #URL# </document>
<document> #USER# #USER# #USER# #USER# #USER# I've never been able to debone a banana. Julia Child made it look so easy! >></document>
<document> #USER# This is an understatement. >></document>
<document> #USER# #USER# "We were so worried about creating a safari park, we never stopped to ask ourselves if we should." >></document>
<document> #USER# He's entered his minimalist period, I see! Joins artists like Agnes Martin: #URL# ></document>
<document> #USER# #USER# I became an empty nester last year and it's immensely liberating. I'm looking for a job and suddenly I can happily accept relocation and unlimited travel, no restrictions - it's great! I love my children dearly, but I don't blame anyone for wanting to be childless. >></document>
<document> ALL **FOURTEEN PAGES**??! How did you read all this? It's not even on Audible! #URL# </document>
<document> Finally. He's been openly white supremacist for years, it's about time someone on the net noticed 🙄 #URL# ></document>
<document> #USER# #USER# #USER# Specifically, they cannot promote one religion over others. Thus, a class that neutrally studies a variety of religions is acceptable. A school authority who leads students in a prayer is not acceptable because they promote a specific religion. </documentent>
<document> #USER# The blond Mickey Mouse. >></document>
<document> Thread #URL# </document>
<document> #USER# #USER# It's the difference between taking sensible precautions and consuming paranoid fantasies. The former is acknowledging real risks and mitigating them, the latter is running in great circles with arms flapping around their heads and screaming wildly. >></document>
<document> #USER# #USER# #USER# #USER# Nothing at all, if you braise them well and cook them at a relatively low temperature. It gives the bad and the fat time to render and reduce into a wickedly succulent sauce. And use lots of rosemary, of course! >></document>
<document> #USER# #USER# Have you seen his so-called dissertation? It literally begins with "My name is Kent Hovind and I live in Pensacola, Florida." Like an elementary school kid writing his first letter to his assigned pen pal 😆 It's people like him that erode the value of advanced degrees. >></document>
<document> #USER# #USER# #USER# #USER# Wow, the following conversation is interesting. One boy said he likes mental gymnastics, so he will continue. SMH Truth should simply and easily align with reality. If we have to struggle to get it (almost) deployed, we know it's not true. How can we believe that it does? 🤨 >></document>
<document> #USER# Thomas Jefferson also rewrote the Bible, removing parts he objected to or believed to be pure flights of fancy (for example, miracles), so I imagine this person would be quite surprised by the kind of service the our famous deist founding father directed. >></document>
<document> #USER# #USER# Florida Consolidated Clown College? >></document>
<document> "Okay, now I've decided that most atheists are retards."n nYes, especially those who make up 96% of the world's scientific community! #HASHTAG# </document>
<document> #USER# I can't think of anything more amazing than helping an animal recover and giving it a loving home! Well done, human!! 😊 >></document>
<document> #USER# Too right! #URL# </document>
<document> #USER# I fully support this idea! 😄👍></document>
<document> #USER# #USER# #USER# This is not a CU problem. Private companies can set terms and conditions on their services and deny service to people who violate those terms. "No shirt, no shoes, no service" is a common example. As a private company, Twitter gets to decide who uses its platform. >></document>
<document> #USER# #USER# #USER# #USER# Yeah. The legislature can draft any bills they want, the governor can sign them into law, and they stand until someone can get them challenged and brought down. This is one of the reasons the ACLU and other advocacy groups exist, TL helps people with limited resources fight bad laws. >></document>
<document> This is what we mean by systemic racism. #URL# </document>
<document> #USER# #USER# #USER# Ooooooo, a meme?! This I was told! 🙄 >></document>
<document> #USER# #USER# *nods* Specifically, the achievements of women. Without the contributions of women, we wouldn't have computers, cell phones, an understanding of DNA, the Covid vaccine, MRIs, radiation therapies, and more. Women are constantly being erased from history, let's change it! >></document>
<document> #USER# #USER# I feel seen 😄 ></document>
<document> #USER# #USER# Or be so aggressively wrong. A governor who doesn't understand that seeking asylum is legal entry, so refugees are NOT by definition illegal immigrants. >></document>
<document> #USER# You can't maintain a relationship without trust, and if the cheating is truly unforgivable, the trust is irrevocably broken and it's time to walk away. Love them from afar - the heart is so stubborn - but you simply can't be in a relationship with someone you can't trust. >></document>
<document> #USER# I don't know, but I use hand sanitizer as soon as I put the cart back in its place and get back to the car. >></document>
<document> #USER# #USER# I had my firstborn at 19 and had to grow up fast, but I still haven't felt like a True Adult™️ for a long time. I was married, running my own household, raising 3 kids at 23 and still didn't feel like an adult like I thought I should. I think it's just a form of imposter syndrome. >></document>
<document> #USER# #USER# Yes. Usually there is a big gap between preaching and practicing. That is why they have resorted to turning their twisted theology into law. The fear of God only extends so far and that's when the power of the state is needed 😡 </document>
<document> #USER# Well, nobody really cares what Trump supporters think, yet we get a constant stream of these boring articles. 🙄 >></document>
<document> That said, don't come here with a narrative that characterizes any woman as a "home wrecker" for getting involved with a married man. This shifts the blame onto her and absolves him of guilt. This is bullshit. >></document>
<document> #USER# #USER# He's really good at making those look like words that mean things, if you have the right letters after your name 😄 ></document>
<document> #USER# #USER# They are also expressions of values. What does it say when a community invests time and public funds to erect statues of traitors to the homeland? How can this be acceptable? >></document>
<document> #USER# A translation of a Latin translation of Greek, Aramaic, &amp; Hebrew texts - how could that be inaccurate? #HASHTAG# #USER# ></document>
<document> #USER# Don't ask, they take it as a challenge 🤦‍♀️ </document>
<document> #USER# #USER# Yes. My department has had a banner year in terms of volume and productivity since we started working remotely. It turns out that people are more productive when we are comfortable and don't have to settle down after the commute 😊 </document>
<document> Llamas in Fog was the name of my electronica polka jazz fusion concept album in college. Ironically, the album cover looked just like that. #URL# </document>
<document> “For crimes against kittens, Santa is youdoomed to be buried in the litter of fate. May Bastet have mercy on your soul. #URL# </document>
<document> And attack the landing! #URL# </document>
<document> #USER# External only. 😊 >></document>
<document> #USER# #USER# #USER# If we acknowledge the inconvenient truths of our past, white people may feel compelled to do something to correct some of the lingering problems in our country. If we deny everything, then white people can pretend nothing is wrong and still enjoy their privilege. >></document>
<document> This is just good advice, despite the pandemic. #URL# </document>
<document> #USER# #USER# Me too! I haven't caught a cold in almost three years as I always wear a mask in public and have been conscientious about using hand sanitizer after leaving each shop. Not really a problem and I prefer not to get sick and feel miserable 😊 I don't see any negatives here. >></document>
<document> #USER# Sorry, can people leave the military like it's a desk job? I thought they had signed on for a set number of years and should be resigned. 🤨 >></document>
<document> #USER# I wonder if fish have a history of alien abduction. “We were having lunch in the lake and suddenly this huge shadow passes over us. Roy spotted a large worm and when he caught it he knew something was wrong. He stood straight up at that shadow and was never seen again! >></document>
<document> #USER# #USER# #USER# *nods* It's a projection. 😊 >></document>
<document> How does an omnipotent being fear anything? In a universe of his own design, how can something happen that he doesn't want to happen? If god is unable to create a universe that excludes the things he fears, how can we even call him a god? 🤨 #URL# </document>
<document> #USER# #USER# #USER# #USER# #USER# *nods* The opposite of humility is arrogance, declaring yourself the best without committing yourself; it is right. I only see confidence in these amazing women recognizing the skills they put so much effort into developing. We should celebrate trust! 😊 >></document>
<document> #USER# I thought of sKeats which is so cool when a child has the space to figure things out on their own. It's the purest kind of problem solving and every kid had their own unique approach 😊 >></document>
<document> #USER# #USER# I couldn't agree more. Having an intimate piercing couldn't affect her ability to be a good mom. It's just stupid! >></document>
<document> #USER# Well, cats arriving on earth on interstellar burritos with banana chaperons explains a lot. >></document>
<document> Come here, human cub. No more playing in the water until you learn to doggy paddle properly! #URL# </document>
<document> #USER# #USER# #USER# #USER# #USER# And then, once fixed, double HARD. There's nothing wrong with making mistakes, we all do it and sure, it's embarrassing, but acknowledge it, correct yourself and move on fforward as an adult, SBB. It's okay to say, "I'm correct and I learned one thing today. Thank you!" >></document>
<document> #USER# #USER# No comment, but I'm winking very suggestively. 😄 >></document>
<document> #USER# Which AIDS vaccine should be tested on humans in the next 5-10 years? Is it expected to have a time travel component that gives it retroactive effect? 🤨 >></document>
<document> #USER# #USER# And how systemic and implicit racism persists today. We need to stop lying to ourselves about how perfect America is. America is flawed, it's not great, but it can be improved and it can become great! Only if we see it with clear eyes and invest to make it better. >></document>
<document> #USER# #USER# This is a profitable business model! 😆 >></document>
<document> Thread #URL# </document>
<document> #USER# #USER# #USER# Correction, I can't read today and just thought I was already following you 🙄 Solved! 😄 >></document>
<document> #USER# Yeah. We were very sad all evening. It was so sudden, no warning. >></document>
<document> #USER# The irony is that he is looking at pure capitalism. “Is there a demographic that doesn't eat our product? Let's find something to sell them so we can make more money! As more and more people become vegetarians, offering options that appeal to them is just smart business. >></document>
<document> #USER# #USER# #USER# My point was that no matter how many atrocities the church allows and hides, they are never held accountable because no politician dares to be seen doing anything other than be interpreted as an attack on the church. This is how they get away with murder, rape, torture, etc. </document>
<document> #USER# #USER# #USER# It was probably due to diet. A nursing mother must ensure that she consumes enough vitamins, fats, etc. to support quality milk production. Diet is still not fully understood, but people knew nothing about nutrition when wet nurses were common. >></document>
<document> #USER# #USER# #USER# #USER# Only a person invested in his ignorance can fear learning. >></document>
<document> I'm just showing what bullies and tyrants the Republican Party has become. Let them do whatever they want or there will be punishment. #URL# </document>
<document> I'm so fucking sick of belligerent angry white assholes. I really am. #URL# </document>
<document> #USER# #USER# #USER# That's how I felt when they went on to explain what Trump really meant by his world salads. These are people in high-stakes professional jobs, and the ability to coherently articulate a point without needing a translator should be one of the core skills they possess. >></document>
<document> #USER# If she had a physical problem that forced her to quit, this wouldn't even be a question. Mental health and well-being are just as important. It sucks that she had to drop out after getting this far, but I fully support her in prioritizing her healthr sports. It's still the GOAT 😊 </document>
<document> He was in Chicago urging people to get vaccinated so we can end this fucking pandemic. I rather think getting the country back to normal as quickly as possible is a much bigger priority than pretending there is a crisis at the border. #URL# </document>
<document> #USER# No, but I'm pretty sure you will win an award for this amazing achievement 😄 </document>
<document> #USER# #USER# Vaccines have always been mandatory for military service in this country, ever since George Washington issued the first warrant for the Continental Army. And if you do military service, follow orders or be dishonorably discharged. That's how! >></document>
<document> #USER# An abundance of undeserved trust not tempered by education or self-awareness, mixed with a cult-like tribal politics that has taken decades to get members to blindly follow the party in all things because everyone others always lie, no matter what the facts say. And purple! >></document>
<document> #USER# #USER# #USER# #USER# #USER# #USER# Comedy is best when it speaks truth to power. Targeting marginalized groups is just the opposite of this. Worse, it legitimizes the biases used to persecute and oppress those groups, further depriving them of what little power they may have. It's offensive in every way. >></document>
<document> #USER# #USER# #USER# Oh, I'm going to make a huge scene if anyone tries this nonsense on me! If anything, weaving a tapestry of rants and profanity is more likely to keep the asshole there while we wait for the police, because I'm going to press charges! >></document>
<document> A Catholic preaching sexual responsibility while his church plays a global game of Find The Pedo Priest? #HASHTAG# #URL# </document>
<document> #USER# #USER# This is what we did with our children. Math ultimately solves problems, and there are so many different ways to solve problems. IMO, learning different approaches puts a variety of tools in their mental toolbox to choose from 😊 </document>
<document> #USER# Yes, the method is named after the rugby scrum 😊 </document>
<document> #USER# #USER# #USER# And god knows, there's a LOT of competition for that title! (I agree, it wins by a clear margin) </document>
<document> #USER# #USER# #USER# Thank you very much! 😊 #URL# </document>
<document> #USER# This is a really good point! 😆 “Yes, great grandfather worked 80 hours a week and wrestled bears for fun, cocaine tends to have that effect!” >></document>

</author>