
	
		<document> I'm raising money for Help bring the wife home to her husband.. Click to Donate #URL# ></document>
		<document> Oh indubitably, you think teens on stan Twitter go for days?????? Wait until you see the middle aged men fighting over who’s loyal to billionaire companies skskskskskskkss #URL# ></document>
		<document> #USER# #USER# I mean, that's kinda on brand given your twitter handle..... ></document>
		<document> #USER# Good shit, if the pad is very rough clean it. The pad is a doomsday pad, Shit lasts mad long. ></document>
		<document> Check out this listing I just added to my #HASHTAG# closet: Mahalo for conscientiously shopping small businesses 🙏. #URL# #HASHTAG# #USER# ></document>
		<document> #USER# This war is the forging of an independent Ukraine for the next 200 years+ if they win. To cement that they need NATO membership. The longer this goes on the worse it will be for Russia. So nationalist Zalensky will accept 100k extra civilian deaths to secure Ukraine for good. ></document>
		<document> #USER# ALL I COULD DO WAS AWKWARDLY LAUGH HE GAVE SO MUCH DETAIL FOR WHY ></document>
		<document> #USER# #USER# OUR SOLACE V CHRISTMAS TREE

#HASHTAG# Listen to #HASHTAG#  
by #HASHTAG# is my trending song choice. #USER# ></document>
		<document> Check out this listing I just added to my #HASHTAG# closet: 🌺Matching Vintage Pearl Necklace &amp; Bracelet. #URL# #HASHTAG# #USER# ></document>
		<document> #USER# #USER# Because Dike to West Brom was a permanent transfer which cost £7m, which we wouldn’t pay as it’s not in our budget and we don’t spend what we can’t afford 👍🏻 ></document>
		<document> “Be on guard for yourselves and for all the flock, 
among which the Holy Spirit has made you overseers, 
to shepherd the church of God 
which He purchased with His own blood.”

Acts 20:28 ></document>
		<document> #USER# #USER# #USER# #USER# 😂😂😂
It was just wonderful I thought Boris was amazing aswell as the other two leaders.
 It was a very interesting calm civilised Briefing 👍
Not  like the usual 
#HASHTAG# And their Gotcha moments.
#HASHTAG# 💙🇬🇧💙 ></document>
		<document> #USER# If the cookie needs a break, then this old timer can definitely help her out! How about a massage? To help soothe those parts of her body that need to be calm and full of seme- ahem relaxed. ></document>
		<document> #USER# Your destination in life is not determined by hoping or wishing. It's determined by action in a focused direction and purpose. ></document>
		<document> #USER# #USER# #USER# #USER# Private Oil/Gas entities (OPEC) set prices according to the psychological environment at the time. They know people THINK that inflation &amp; war affect prices. 

Those Private entities take advantage of people NOT KNOWING that they maximize for PROFIT at all times. ></document>
		<document> I had to unblock Lauren Hough to figure out wtf was going on, and now that I've done that... #URL# ></document>
		<document> #USER# #USER# #USER# There is, but it’s often drowned out by hot shit bad takes from the extreme left and even worse crap from the right. They’re branded as far left by the right, and rightist by the left. 

I personally think it’s objectionable to *unfairly* criticize Taiwan. ></document>
		<document> #USER# Or “to the people calling this company a scam!” let’s calm down nobody’s saying that. we can lower our weapons.🤦🏼‍♂️ ></document>
		<document> #USER# #USER# Dude stopped with you bs nobody is listening... liberal everything I don't agree with is fascist, white nationalist and racist.... people are sick of it and see it for what it is ></document>
		<document> Time for a little Devil may cry 5 #USER# #URL# ></document>
		<document> #HASHTAG# • [up] please help rt

「 wts lfb ph 」

🏷 enhypen jake heeseung photocard pc charybdis d:d dimension dillema b:c border carnival up lenticular pst powerstation ld lucky draw pusa #URL# ></document>
		<document> Wore a real bra for ONE day and immediately was reminded of why I don’t do that anymore 😭 don’t mind me shoving ice under my boob, I’m just trying to calm the swelling 😭😭 ></document>
		<document> Igbo people are the enemies and want to take your oil, Nnamdi Kanu will soon come and clean the environment #URL# ></document>
		<document> #USER# Respected sir /madam ,
         Mere brother in law ne suicide kia but police wale postmortem report nhi de Rahe 1 week se uppar ho gya .plz help mummi ki age 62 hai uppar se heart patient plz help it's a humble request my num +91 88823 29039 ></document>
		<document> #USER# I been watching and observing and I know you ain’t,but I was disowned by family and friends of over 40 yrs so you’d be a distant memory! You got too much brain to be a trumper! Nice try tho! Hahahha! Carry on my brother from another mother! ></document>
		<document> "Senseless and barbaric..." Wait until you see what Russia is doing to #HASHTAG# right now #USER#! #HASHTAG#️ 🇺🇦 #URL# ></document>
		<document> Live 2d Outfit - Book Fair Practice #URL# ></document>
		<document> OH MY GOSH EVERYBODY CALM DOWN AND CALL AN AMBULANCE FOR ME BECAUSE I AM DYING #URL# ></document>
		<document> Another project that I'm looking forward to👀 I mean who doesn't like cats😺 and crack💊 😶‍🌫️😶‍🌫️😶‍🌫️ WHITELIST GIVEAWAY🎁 5x OG Spots (WL) for #USER# To enter: 1⃣ Follow #USER# and #USER# 2⃣ Like and RT Winners will be announced in 24 hours #URL# ></document>
		<document> BROKEN BY MY GRAMMY MUSIC WINNER BAND I AM BILLIONAIRE FOUNDER OF EVANES... #URL# via #USER# ></document>
		<document> #USER# #USER# YES YES YES IM SO HYPED ></document>
		<document> A Flow of Arms Becomes a Torrent To understand the warp-speed nature of the arms transfers underway now, consider this: A $60 million arms package to Ukraine that the U.S. announced last August was not completed until November, the Pentagon said. ></document>
		<document> AEW Revolution delivers the CM Punk we've waited for in brutal dog collar match #URL# #URL# ></document>
		<document> #USER# Putins wife and kids (ages unknown) are rumored to be in a country famous for neutrality, in a chalet. Are they in danger of becoming pawns? Or are we all more civilized than that? ></document>
		<document> When facing adversity and being unable to control the situation around us, remember to take a step back, stay calm, and ground yourself ></document>
		<document> #USER# The way I'm seeing it is that people are worried from how much influence persona is having over this game which is IMO understandable. Although I won't deny that some of the reactions are exaggerated and they gotta calm down a bit. ></document>
		<document> I would like to share the Fox i got for winning the #HASHTAG# contest #USER# . A real beauty, isn't it? . I own now 3 Foxes and proud to be a a part of this wonderful community #USER# . Thank you guys for everything, i am really enjoying the ride with you! $ftm #URL# ></document>
		<document> water breathing, eleventh form: dead calm. ></document>
		<document> #USER# #USER# All I said is that it wasn’t partisan. Do I agree with his application of a law intended to give Amnesty to Civil War Confederates? No. And I used lib because of Twitter’s letter count limit. Did you even look at my page? ></document>
		<document> #USER# #USER# The UFC is not a sports league or a certified global event, so the participation of russian athletes does not represent support to a totalitarian regime. However, open supporters of Putin as a president that do not condemn his actions publicly, should be banned from competition. ></document>
		<document> #USER# #USER# #USER# It's pure woo and we don't need to regulate woo just like we don't need to regulate sugar pills. ></document>
		<document> #USER# #USER# #USER# #USER# 🤣🤣🤣🤣😂😂😂 Baba no calm down read he just summersault into conclusion 😂😂😂😂😂😂 ></document>
		<document> #USER# #USER# MEME TWITTER REPLY MYTHICAL LEGEND RESPONDED 😱😱😱😱😱😱😱😱😱😱 ></document>
		<document> #USER# No one should vote for you .. IF .. you do not disclose your Conflicts of Interest per procedures you were provided by The Clerk at the House of Representatives
#URL# ></document>
		<document> #USER# Sign one of our CB’s and add a LT find cheap Guard and DRAFT MALIK WILLIS!!! ></document>
		<document> #USER# #USER# Nice idea, but impossible. Russia does not want a neutral Ukraine. Russia wants a Ukraine under its control. ></document>
		<document> Orton’s WrestleMania opponent is staring him right in the face (via #USER# #HASHTAG# #HASHTAG#)
#URL# ></document>
		<document> #USER# #USER# Oh yes!

Even modern infantry weapons &amp; tactics need serious training, rather than a Home Guard approach, commendable for morale though that is. ></document>
		<document> ic ph only

– Winwin SMCU AR Ticket
– 2 Winwin Tattoo 
– WAYV Lucky Card Set ( pooling prio : winwin )

— reply if interested, not yet 100%; may or may not push through 

t. [ for exposure ] wts lfb winwin smcu ar ticket winwin tattoo lucky card set #URL# #URL# ></document>
		<document> Happy National World🌍Languages Week! Challenge yourself to learn about something new- I add closed captioning to engage with new words and sounds. Free Spanish   #URL# and French videos #URL# #URL# ></document>
		<document> #HASHTAG#

Urgent | A senior Pentagon official: The additional forces in #HASHTAG# are a response to the security situation after the #HASHTAG# aggression on #HASHTAG#

Urgent | A senior Pentagon official: 
 6/ ></document>
		<document> #USER# ❝ It certainly is a... Colorful outfit, to say the least. Though I wonder if you're conscious of how much of your skin you are showing?

 Either way, I'm rather enjoying the show, darling~  ❞ ></document>
		<document> nobody hear me when I’m calm but I’m a crazy bitch when I tweak ? ></document>
		<document> its war on #HASHTAG#

Urgent | A senior Pentagon official: #HASHTAG# has fired 625 missiles so far at targets in #HASHTAG#

Urgent | A senior Pentagon official: President Putin has brought about 100% of 
 4/ ></document>
		<document> #USER# As a rule of thumb, I'd say a nationalist would invade another country and a patriot would defend their country. 

I didn't have a strong opinion on this but if that Moron Hannan says something I have to assume the opposite is true. ></document>
		<document> I’m guessing the hard found sleeping bags and blankets used to warm this bus shelter will end up in the landfill. Oh remember how someone froze to death in one of these 2.5 weeks ago!? Fuck capitalism. This sucks. ></document>
		<document> #USER# #USER# Biden's genius solution to spiking inflation, especially in fuel &amp; food prices, is to impose massive sanctions on a major fuel &amp; food supplier. Carter's gonna look like a managerial genius compared to Biden. ></document>
		<document> Therefore his disaster will come suddenly; Instantly he will be broken and there will be no healing.
Proverbs 6:15 - #URL# ></document>
		<document> Coma,💫thick skin, 💫body guard approved💫 ></document>
		<document> guard tournament willing dictionary confused listen painful relax

#HASHTAG# #HASHTAG# #USER# ></document>
		<document> #USER# he said that he was from the police, from the SOBR detachment (special rapid reaction detachment).  but here's the thing, SOBR in Russia was recently transferred from the police to the National Guard.  It is impossible for an officer to misname his agency. ></document>
		<document> Unless it's a premier guard like Ivey I honestly don't see the point or them even doing it. Looks like they want to win now with Beal and a rookie with a learning curve probably isn't ideal #URL# ></document>
		<document> My girlfriend threw a bottle of concentrated omega oil capsules at me. Lucky I only had super fish oil injuries ></document>
		<document> #USER# In-laws had a time share there. Lovely beach… ></document>
		<document> Grow your onlyfans and donate war casualties of ukraine on Instagram. We help you to grow your OnlyFans at instagram over 12millions+ network 📩 most visit #URL# #URL# ></document>
		<document> Asked a patient about an old scar on his face, apparently he got that scar while fighting during the Great War of  #HASHTAG# .
I guess Alcohol can make you immortal too 💁🏻‍♂️😅
#HASHTAG# ></document>
		<document> #USER# #USER# #USER# DeRozan made the All-Star team as a guard! When’s the last time he played guard Zach? Anyway come on the pod I wanna argue with you about this. ></document>
		<document> Also I’m so tired of acting like I’m ok or being tough, like I just wanna lower my guard, my walls and just breakdown while someone holds me telling me it’s ok. I wanna be comforted and held ></document>
		<document> #USER# #USER# #USER# #USER# #USER# I understood your statement very well bro. You were saying the udux Twitter handle was a fake account. It's not just verified. If not you no suppose delete the tweet 😅. Anyways make Una just stop all these hate. Oga oo ></document>
		<document> #USER# Smells like Primo starting at 2-guard ></document>
		<document> Imagine trying to forcefully insert yourself into a situation thinking you’re going to run into me. Be patient. You’ll see me when you see me. ></document>
		<document> #USER# #USER# bro get a life leave us alone ></document>
		<document> #USER# These all game and its played by USA 🇺🇸 and Russia 🇷🇺 jointly only for 🛢 oil .... Simple understanding 😌 if 🇺🇸 USA wants to end they never gave Provocation statement against Russia 🇷🇺 or against putin... Right ✅️ now USA 🇺🇸 and big countries Billionaire are enjoying their.. ></document>
		<document> #USER# #USER# Life Insurance Company Refuses to Pay Out Life Insurance Policy Because Death Was From Experimental COVID-19 Vaccine #URL# ></document>
		<document> Oligarchs control the world and its time they find themselves the prey not the predator #URL# ></document>
		<document> aye my uncle doesnt drunk today and just got back from his friend house what he do at kitchen lmfaok im hungry now ></document>
		<document> “She fell in love, it fell apart, aight, let go 
She met her match, I let her match 
She met her match, she let me smoke 
Ya, me mad petty, ya, me bogus 
Yeah, yeah, yeah, yeah, yeah,  me know 
She knew it too”
😮‍💨 ></document>
		<document> I Got Life Insurance Lmao Been Got That ></document>
		<document> #USER# Sad thing is, they cant organise the various 'credits' schemes they already have and it would therefore need another 20000 civil servants with their associated costs. ></document>
		<document> #USER# Is what is needed . Scientifically this strategy can not fail they have not realised that fact themselves yet … how is Moscow ? I hope you feel that security has improved for Britain and Russia . America I believe still need to find calm . ></document>
		<document> #HASHTAG# sees no signs that #HASHTAG# is preparing to send troops to #HASHTAG# in addition to those already involved in the war - spokesperson ></document>
		<document> Whoa! You weren't kidding when you said you bought a ton! What'd you do, clean them out? ></document>
		<document> last night was the first aew ppv to not have a title change since revolution 2021 which makes it only the 3rd aew ppv to not have a title change 

(im going off of all out 2019-present) ></document>
		<document> #USER# #USER# Bahahahaha!! The way I just laugh out loud in my office… ></document>
		<document> #USER# Isn’t their pain enough for sanctions? Aren’t those thousands and thousands of victims enough for the epl to have stop war on screen? Or Al Jazeera is simply enough? 👀👀👀 are the reactions different when they don’t have blue eyes? ></document>
		<document> My favorite thing Grandma does is hold the toys hostage when she’s annoyed with the dogs. They’re scared of her and won’t get too near her so she will go to where their toys are and sit right next to them so they calm down 😂 ></document>
		<document> I did something to calm myself, but it triggers every last calm vein in me out, and now I'm a human burning arounddddd ></document>
		<document> #USER# Be patient? He's 27... Thats 10 year of waiting for a 9 point season ></document>
		<document> Check out this listing I just added to my #HASHTAG# closet: 🐞Steve Madden High Heels Black Leather Upper Shoes 🐞. #URL# #HASHTAG# #USER# ></document>
		<document> Ukraine: Why the Pentagon and the CIA Hate Julian Assange.
#URL# ></document>
		<document> all my irls are dating ummm im loser.. ></document>
		<document> #USER# #USER# The Winners ARE BUYING #HASHTAG# and #HASHTAG# They are ONLY GOING HIGHER Great Opportunity to get in DOGECOIN NOW !get @ least 500K #HASHTAG# !! Or
whatever You can afford and Become
 a Multi millionaire🐳 #URL# ></document>
		<document> Friendly reminder that two Republican House Members spoke at a white nationalist conference... and #USER# refused to condemn them. 
#URL# ></document>
		<document> #USER# I think charity shops is the way I'll go. I need them gone fast, so can't be bothered to wait for friends to sort through them! :) ></document>
		<document> #USER# There's totally nothing relating to you and Rema's calm down ></document>
		<document> #USER# #USER# #USER# wait wtf I thought Patrick said this??? ></document>
		<document> .#USER# stands in solidarity with the people of Ukraine and is supporting the #USER# Ukraine Humanitarian Appeal. They're matching customer and member donations to the appeal up to £100k. You can donate in store, by text or online: #URL# #URL# ></document>
		<document> #USER# Michael Taggart
Point Guard
5’11
UOregon (Transfer)
Harrisburg Area Community College (Current)
Business Administration (Major)
Phi Theta Kappa (Member)
3.0 GPA 

#URL# ></document>
		<document> #USER# #USER# I'm perfectly calm and manage to get my point of view without desperately resorting to GIFs. ></document>
		<document> #USER# #USER# #USER# #USER# #USER# Right I’m still using the screen that came with my phone. No crack or scratches. iPhone screens are just as durable as android. ></document>
		<document> spirit is so real. after my brother passed all i’ve been doing is studying the after life &amp; how i can connect with my divine team because they’re here &amp; they do listen 💙 ></document>
		<document> Filthy on a Monday is throwing me off 😂😂 but a great way to start the week #URL# ></document>
		<document> The Freedom Kitchen Summit isn’t just a load of nutritionists coming together to tell you to eat your greens🥒

The problems we face with food insecurity and the health of our future generation are much greater than that.

Join us here &gt;&gt;&gt; #URL# #URL# ></document>
		<document> The insurance billionaire person is finding out about cell phone loss due to loaning them out instead of selling them #USER# #USER# #USER# Is that why that last tweet billionaire is here too ></document>
		<document> So apparently n ew studies have shown Venus was Earth like in almost every aspect for 2-3 billion years. My favorite theory is that venus was the origin of intelligent life but they fucked the planet up, so they fled to space, seeded Earth for human life ></document>
		<document> #USER# I don’t know that Harris  would want it  they know she’s a loser ></document>
		<document> #USER# #USER# People are supporting the neo-nazi, ultra-nationalist Ukranian army in this crisis, I cannot believe it.  The same ones who for 8 years have been bombarding the people of Donbass in Eastern Ukraine. #URL# ></document>
		<document> Feedback Essentials for Positive Outcomes:
✔️ Give feedback centered on behavior, not the person 
✔️ Stay calm &amp; control your emotions - you own your response 
✔️ Be wary of how much feedback you give to others 
✔️ Follow up - set a date to check back in ahead of time ></document>
		<document> Guard is in play for the Buccaneers first-round pick 
#URL# ></document>
		<document> #USER# so fuckin sorry to hear violet ): hope things r calm for you while yr resting ></document>
		<document> Yeah Brittany Griener should be in jail. Fair is fair. We arrest &amp; deport people in this country for violating our own drug laws in the United States. Why do entitled people with no respect for other countries laws, continue to engage in bad behavior aboard &amp; get bailed out? ></document>
		<document> #USER# Yes, I am speaking in general terms. The whole concept of punishing a British club for an owner’s country of origin is a witch hunt. And if such reactionary measures are applied, there is no meaning left for Democracy ></document>
		<document> #USER# #USER# OK calm down bro, if my daddy said it then it must be true. You good? ></document>
		<document> #USER# I’m not sitting here talking bullshit everybody can see he forces shots too much this game he actually took his time and had patience and found his rhythm and his shot so don’t think this is a regular basis he’s going to continue this it was one great game calm down. ></document>
		<document> Going into my insurance's Nurse Chat On Demand just to have some human conversation ></document>
		<document> Check out this listing I just added to my #HASHTAG# closet: Surf board shorts size L. #URL# #HASHTAG# #USER# ></document>
		<document> #USER# #USER# Ukraine should learn to treat their own people better..have heard stories or persecution of their own people..so hopefully the country as a whole changes for the better. ></document>
		<document> #USER# Lol but i just wanted to spread the word that i saved 15% on my car insurance while i give u semi bad news ></document>
		<document> remain calm, we are going 2 deploy papa joe to Saudi Arabia 😎 #URL# ></document>
		<document> #USER# #USER# #USER# #USER# #USER# #USER# #USER# #USER# #USER# You want “senseless and barbaric?” This is senseless and barbaric, you fuckers. Shut your bloody gobs and hide your heads in shame you murderous bastards. #URL# ></document>
		<document> #USER# yeah I don’t think VF Corporation knows anything about skate or street culture. Still waiting to see what Tremaine Emory does for the brand ></document>
		<document> #USER# Put a dick on your ass crack with the tip entering your butthole (: ></document>
		<document> Billionaire-Backed Group Enlists Trump-Supporting Citizens to Hunt for Voter Fraud Using Discredited Techniques #HASHTAG# #USER# #URL#  #URL# ></document>
		<document> #USER# #USER# #USER# Guy, she wan use u do life insurance. ></document>
		<document> Check out this listing I just added to my #HASHTAG# closet: 🦄 American Eagle - Soft &amp; Sexy Rib - Juniors XS 🦄. #URL# #HASHTAG# #USER# ></document>
		<document> #USER# You can't take the conservative out of Texas and you can't insert morality and decency into Texas. The only saving grace is Texas can't stop people who expect and demand better from leaving. Someone please stay behind to make sure Abbott stays leashed to his dog house. ></document>
		<document> #USER# #USER# Put same question for Palestinian and Kashmiris.
Their lives are equally important as Ukrainians...
Why the world feels pain only when a jew dies? ></document>
		<document> #USER# #USER# #USER# #USER# #USER# #USER# #USER# #USER# #USER# #USER# #USER# #USER# #USER# #USER# #USER# #USER# #USER# #USER# #USER# #USER# #USER# #USER# #USER# #USER# #USER# #USER# #USER# #USER# #USER# #USER# #USER# #USER# #USER# #USER# #USER# #USER# #USER# #USER# #USER# #USER# #USER# #USER# #USER# #USER# #USER# #USER# #USER# #USER# #USER# keep going #USER# we got little left x ></document>
		<document> #USER# I could get a facial from you and then clean up my face by rubbing all that thick cum off towards my mouth and swallowing the whole thing. Now I'm hungry for cum. 🤤 ></document>
		<document> #HASHTAG# #HASHTAG# #USER# #USER# i made this royale high face! I really hope itgets added cus i really need it for my outfit! #URL# #URL# ></document>
		<document> #USER# For me , the desirable outcome is that whoever is firing missiles at residential areas and university campuses should be the one to kiss the dust. Whether in Ukraine, Libya, Iraq or Syria. ></document>
		<document> mr wheatskins wtf that some analog horror looking shit ></document>
		<document> #USER# Please read this, and you understand the chaos.    Hidden History of the Incredibly Evil Khazarian Mafia ></document>
		<document> #USER# #USER# #USER# Are you for real??? It's help that is required not some condescending idiot jumping in on a figure of speech &amp; hope . . Either help out or butt out &amp; stay out . . Hope you feel good inside you jumped up smart ass 🤨😒😐 Just so you know 👍 ></document>
		<document> #USER# #USER# Yeah that High Republic outfit was based on the concept art but the Temple Guard outfit is meant to be TCW era temple guard - backstory was I was a temple guard from a forgotten outer rim Jedi temple, found HR era robes in the archives there to use for the trip. ></document>
		<document> .#USER#: “Florida will define ‘healthy’ as ‘able to play golf’ and ‘straight.’ Our great Governor DeSantis will provide mobile health evaluation sites sponsored by Pastor Greg Locke and Callaway.” #URL# ></document>
		<document> You don't understand what a major victory I had this weekend. I got my husband to clean out his desk/briefcase and give me anything that needed to be shredded. There's a checkbook in this pile with his college address on it. This man is 35. ></document>
		<document> Man I’m making my dance playlist bro they should’ve never told me I look like A goddess on stage !!! Gased me so good told me I was the feature performer of the night and I close the show every Saturday 🥰🥰 ></document>
		<document> #USER# Or enabling sexual predators, or assisting in a violent attempt to disrupt the peaceful transition of power, or yelling out during a SOTU address. Clean up your own side of the street.  Bumping elbows is the least of your problems. 

#URL# ></document>
		<document> #USER# #USER# #USER# #USER# Perfectly calm sweetcheeks. You’re the one that said fuck off.
Calm your tits.. ></document>
		<document> #USER# #USER# A lot of butches who have been abused by the GC cult would disagree. 

Maybe if you all werent massively obsessed with appearance and reinforcing Western Patriarchy colonizer ideals, people might take you more seriously. ></document>
		<document> The collective stupidity of this country will never cease to amaze me.  Just because you didn’t know about San Marino until today doesn’t mean that every mafia around the world didn’t either ffs ></document>
		<document> Check out this listing I just added to my #HASHTAG# closet: NWT! Free People Lace Inset Tunic Slip Dress. #URL# #HASHTAG# #USER# ></document>
		<document> LOVELY CONTENT🔥
Promote it on our IG 5Million+ networks
Direct Message Us❤️
#URL# #URL# ></document>
		<document> Loser boy speaks again! Biden lit the fuse to war and made sure it didn't go out.

#URL# #URL# ></document>
		<document> #USER# The Lucky Buddha Club NFT Collection Is Here

✨ Daily ETH Prizes
✨ Access to high end experiences such as private jets and luxury hotels
✨ $10K in ETH to 10 Ultra rare Buddhas each

Join The Discord: #URL#

#HASHTAG# #HASHTAG# #HASHTAG# ></document>
		<document> #USER# FWIW it still catches me off guard. Then getting anxious and letting my shoulders tense up makes the pressure/pain/shortness of breath feeling worse. It's a perpetual motion machine of nonsense and ~I hate it~ :V ></document>
		<document> This is the world Maggots, Trump #USER# #USER# have helped to create and advocate for America! Deplorable is the wrong word. PURE EVIL is what they all are! #URL# ></document>
		<document> #USER# #USER# #USER# #USER# #USER# Without right sector, Ukraine would be partners with Russia right now. They were instrumental in the maidan revolution. Normies won't fight so it's up to groups like azov and Svoboda. The west can bomb them after they are done fighting Russia if they get out of hand. ></document>
		<document> i really dont want to feel this pain again ></document>
		<document> cant take this anymore bro HAHAHA ></document>
		<document> #USER# #USER# i didn’t get a choice bro it’s calm tho i WILL be back in london by the end of next year idc ></document>
		<document> #USER# #USER# Guaranteed follow up, cooldown accel, null guard, +10 hp after combat, canto 2 ></document>
		<document> The real war is between the billionaire class and the rest of the world.  That is why this is a Divide and Conquer operation.  Get people distracted with ridiculous fake news, and fight each other.  When people feel scared and isolated, they won't rise up on the streets. ></document>
		<document> When Obama/Biden put in a puppet regime, the mafia took over and put in Zelensky. Guess who is blackmailing the current admin? The same thugs who put Zelensky in his position. Written 3 years ago. The stench of Hillary Clinton couldn't be stronger. #URL# ></document>
		<document> #USER# #USER# #USER# You are just naming the most hyper capitalist cities in the country lol. Literally every red state has a city that is turning into that and it’s always the place where all the jobs are and limited housing. This issue will keep getting worse in Miami, Nashville, Austin, etc ></document>
		<document> They don't call it anti-communism anymore, but it's effectively the same thing: if you're not subservient to Amerikay's Corporate Interests then no amount of 'democracy' can save ya. ></document>
		<document> #USER# They have to, Azov has huge popularity throughout the Russian belt of the country. Only reason why they were incorporated into the guard in the first place. The nazi leader photo everyone up in arms about? Made a Ukranian hero by the previous president who ran away to Russia. ></document>
		<document> #USER# #USER# #USER# We were discussing a Bible story. That doesn’t mean the god in that book is real. I base my morality off social norms and expectations just like most people. But I’d be lying if I said I didn’t have a conscience that works in that area too. Maybe a god gave it to me IDK ></document>
		<document> #USER# END GAME: Ukraine gets overrun by the Russian Army in a massive humanitarian disaster. The CIA and Pentagon are thrilled to turn Ukraine, which is of no vital strategic interest, into a failed state, quagmire &amp; proxy war to potentially foment revolt against Putin. Which fails. ></document>
		<document> #USER# #USER# #USER# MJ beats him in blocks

MJ was a guard, and LBJ a forward…for their position MJ much better ></document>
		<document> Hot take but if you know, you know: Kyrie is the most naturally talented player of all time. He’s been playing the exact same since high school, maybe before, and plays at a superstar level. Nobody can guard and nobody will ever be able to guard him. #URL# ></document>
		<document> Thrilled to see my profile on the Women's National Book Association. #USER# 
Thankful to Lucinda J Clark and NC Weil for introducing me to such a diverse organization.
#URL#

#USER#  #USER#  #USER#  #USER# 
#USER# #URL# ></document>
		<document> #USER# Please it’s a joke oo. Those who want to use this to laugh at my dear Oheneba 😂😂 ></document>
		<document> #USER# “That’s new.”
She mused quietly, slowly dropping her guard once more. There was a hesitant pause,
“Any other questions?” ></document>
		<document> Our diverse team is proud to serve U.S. Government agencies nationwide. Are you our next Records Examiner / Analyst Supporting the FBI? Apply now or search openings across the U.S. #URL# #HASHTAG# #HASHTAG#, MO ></document>
		<document> #USER# I just love seeing individuals bashing Pure Bloods for not getting the jabs, but then saying they stand for Ukraine. "Ukrainians deserve their freedom!!" Why do those who do not want the vaxx deserve freedom? BTW, the population of Ukraine is 67% unvaxxed. The irony !!!! ></document>
		<document> #USER# Prior to vaccines being widely available, mask mandates and social distancing were important. Now we are 80-90% vaccinated/immune so we don't need mandates. People know how to keep themselves safe. Mandates affect harm mental health. ></document>
		<document> Humanities Homework Help SOC 500 Grand Canyon University Social Norms and Social Standards Discussion

  #URL# ></document>
		<document> #USER# Happy Birthday mate, hope you're getting a bit spoilt and the team give you a belated pressie tomorrow ></document>
		<document> #HASHTAG# - #HASHTAG#, served twice as PM of #HASHTAG# &amp; killed in her struggle for #HASHTAG#. 15 yrs on, her son #USER# &amp; daughters still wait for justice #HASHTAG# #HASHTAG# #URL# ></document>
		<document> Check out this listing I just added to my #HASHTAG# closet: CHAMPION | Heritage T-shirt | NWT. #URL# #HASHTAG# #USER# ></document>
		<document> #USER# I don't know about "jerk" so much as "entitled antisocial weirdo." But I did like it! 

Also liked that a couple of his key insights came from other characters knowing something he didn't because, well, he's billionaire Bruce Wayne and has never had patch his own carpet before. ></document>
		<document> Hold onto your wallets, gas prices are heading to an all-time record high. Here are a few ways to protect yourself #URL# ></document>
		<document> Officer and asked him to do it from the office itself he said we don't do it. 
Either you get it done from outside or you yourself do it. 
Have spoken to my dealer he asked to come &amp; meet tomorrow will se wht he says.but the question is will dis babus n function will neva change. ></document>
		<document> Where is Lil Uzi bro ? I need new vibes ></document>
		<document> GEvening (CET) A bit of a chaotic WIP in the works. A soothing hand to calm a maddened mind #HASHTAG# #URL# ></document>
		<document> 🚨They are single minded in their attempt to deliver this gene therapy to everyone! Guard yourself and your loved ones🚨 #URL# ></document>
		<document> Holtmann said point guard Meechie Johnson should be fine after a couple days rest after getting hurt yesterday. ></document>
		<document> The family had sought shelter inside a home that was razed by a powerful tornado. Four family members died. 💔 #URL# ></document>
		<document> #USER# #USER# Yes bec I’m always the key witness ></document>
		<document> #USER# Calm down Christine!* She is carrying her to the booth and setting her down. The demoness is going to get them both tequila shots. If she sleeps, she’ll be fine.* ></document>
		<document> #USER# Soon mate, going to release a thread of projects that actually have use cases ></document>
		<document> It’s no longer the GOP. It’s not even the GQP. It’s the White Nationalist Party of Trump/Russia. #URL# ></document>
		<document> #USER# #USER# #USER# neither of which are the same as the crap out of Alberta. two apples and an orange. ></document>
		<document> I’ll never forget when I had to curse this guy out in front of a big group of ppl years back at ihop . I really don’t remember what I said but I know the waitress at had to calm me down 🤦🏾‍♀️😂 ></document>
		<document> Israeli occupation forces executed a Palestinian youth in cold blood in the old City of occupied Jerusalem, for allegedly carrying out a stabbing attack against an Israeli occupation soldier. ></document>
		<document> #USER# OMG! Check this NFT giveaways mate #USER# The real goat ></document>
		<document> #USER# I had an okay day, nothing special happened boo 😔 what about you? how’s your day so far?? 👁👁 ></document>
		<document> #USER# im in the back of this car no taxi sadly i beg a man pls try mad me😩 ></document>
		<document> Can some PLS go roller skating with me like wtf ></document>
		<document> She might be the person who gives my 85yo mom COVID but I'm glad she's happy that her SUV doors are clean and shiny ></document>
		<document> I'd like to retire and cruise the USA on a Harley Fat Boy!  But, my mind ain't to sharp anymore.  I need to change lanes, best use my signal, did I leave that bag of taters on the kitchen counter? CRASH!  People with wondering minds should not be riding a motorcycle.
Stinks! #URL# ></document>
		<document> #USER# I do think most of us know who to buy, its just a matter of priority and budget. And the journey to having conviction in the product - you arent gonna deposit 100% of your total budget on Day One. To me, thats actually what dictates / limits most ppls strategy. ></document>
		<document> Girl go get some mf money because taking care of you is you and your daddy’s job im supposed to love you and take of our kids……..PERIOD‼️ ></document>
		<document> #USER# #USER# #USER# #USER# Terrific pic Punit. What a moment bro. ></document>
		<document> /r/ethereum: ethereum''s ''billionaire'' addresses have accumulated 2.2% more of the supply over the past 6 months #URL# ></document>
		<document> #USER# - Spread Love (clean) - Playing on #URL# 103.1FM in MIAMI now ></document>
		<document> The calm before the storm. 🤐

Just keep an eye out. Dropping something soon. 🤘😈

BTW appreciate the love our last project have gotten so far. 🖤 #URL# ></document>
		<document> The Kirby and the forgotten land demo had me smiling and giggling like a lunatic. 
It's so much fun! 
I might actually buy it, now. 
Make more demos, Nintendo! ></document>
	
</author><document> I'm raising money to Help bring a wife home to her husband.. Click to donate #URL# </document>
<document> Oh no doubt, do you think teenagers on stan Twitter are gone for days?????? Wait till you see middle-aged men fight over who's loyal to billionaire companies skskskskskskkss #URL# </document>
<document> #USER# #USER# I mean, it's a bit on brand seeing your Twitter account..... ></document>
<document> #USER# Well, if the swab is very rough clean it. Lockdown is a doomsday lockout, shit lasts a long time. >></document>
<document> Check out this list I just added to my #HASHTAG# closet: Mahalo for conscientious shopping in small businesses 🙏. #URL# #HASHTAG# #USER# ></document>
<document> #USER# This war is the forging of an independent Ukraine for the next 200 years or more if they win. To consolidate the fact that they need NATO membership. The longer this goes on, the worse it will be for Russia. So the nationalist Zalensky will accept 100,000 more civilian deaths to secure Ukraine forever. >></document>
<document> #USER# ALL I COULD DO IS LAUGH Embarrassed HE GIVEN SO MANY DETAILS WHY </document>
<document> #USER# #USER# OUR SOLACE V CHRISTMAS TREE

#HASHTAG# Listen to #HASHTAG#
by #HASHTAG# is my favorite trending song. #USER# </document>
<document> Check out this list I just added to my #HASHTAG# closet: 🌺Matching Vintage Pearl Necklace &amp; Bracelet. #URL# #HASHTAG# #USER# ></document>
<document> #USER# #USER# Because Dike to West Brom was a permanent move that cost £7m, which we wouldn't pay because it's not in our budget and we don't spend what we can't afford 👍🏻 > </document >
<document> “Be careful of yourselves and of all the flock,
among whom the Holy Spirit has made you bishops,
to shepherd the church of God
which he purchased with his own blood."

Acts 20:28 </document>
<document> #USER# #USER# #USER# #USER# 😂😂😂
It was just wonderful, I thought Boris was amazing as well as the other two leaders.
 It was a civilized, calm and very interesting briefing 👍
Not like usual
#HASHTAG# And their gotcha moments.
#HASHTAG# 💙🇬🇧💙 </document>
<document> #USER# If the cookie needs a break, then this old timer can definitely help! How about a massage? To help soothe those parts of her body that need to be calm and semen-ahem relaxed. >></document>
<document> #USER# Your destination in life is not determined by hope or desire. It is brought about by action in a focused direction and purpose. >></document>
<document> #USER# #USER# #USER# #USER# Private Oil/Gas Entities (OPEC) set prices based on the current psychological environment. They know that people THINK that inflation is inflation; war affects prices.

Those private entities take advantage of people they DON'T KNOW maximizing PROFIT at all times. >></document>
<document> I had to unblock Lauren Hough to figure out what was going on, and now that I've done that... #URL# </document>
<document> #USER# #USER# #USER# There is, but often it's drowned out of hot shit takes bad from the far left and even worse crap from the right. They are branded as far left from right and right from left.

I personally think it is questionable to *unfairly* criticize Taiwan. >></document>
<document> #USER# Or "to the people who call this company a scam!" let's calm down nobody says it. we can lower our weapons.🤦🏼‍♂️ </document>
<document> #USER# #USER# Dude stopped with you bs no one is listening... liberal anything i disagree with is fascist, white nationalist and racist.... people are sick of it and lo see for what it is </document>
<document> It's time for a little devil to cry 5 #USER# #URL# </document>
<document> #HASHTAG# • [up] please help me rt

「 wts lfb ph 」

🏷 enhypen jake heeseung photocard pc charybdis d:d dimension dillema b:c border carnival up lenticular pst powerstation ld lucky draw pusa #URL# ></document>
<document> I wore a real bra for ONE day and immediately remembered why I don't anymore 😭 don't worry if I put ice under my breasts, I'm just trying to calm the swelling 😭😭 ></document >
<document> The Igbo are the enemy and they want to take your oil, Nnamdi Kanu will come soon to clean up the environment #URL# </document>
<document> #USER# Dear Sir/Madam,
         Mere brother in law ne suicide kia but police wale post mortem report nhi de Rahe 1 week se uppar ho gya .plz help mummi ki age 62 hai uppar se heart disease plz help it's a humble request my num +91 88823 29039 </document>
<document> #USER# I have been watching and observing and I know you are not but I have been disowned by family and friends for over 40 years so you would be a distant memory! You have too much brains to be a trumpeter! Nice try huh! Hahaha! Bring on my brother from another mother! >></document>
<document> "Senseless and barbarous..." Wait till you see what Russia is doing with #HASHTAG# right now #USER#! #HASHTAG#️ 🇺🇦 #URL# ></document>
<document>Live 2d Outfit - Book Fair Practice #URL# </document>
<document> OH MY GOD CALM EVERYONE AND CALL AN AMBULANCE FOR ME BECAUSE I'M DIE #URL# ></document>
<document> Another project I'm looking forward to👀 I mean who doesn't like cats😺 and crack💊 😶‍🌫️😶‍🌫️😶‍🌫️ WHITELIST GIVEAWAY🎁 5x OG Spots (WL) for #USER# To participate: 1⃣ Follow #USER# and #USER# 2⃣ Like and RT winners will be announced within 24 hours #URL# </document>
<document> BROKEN BY MY GRAMMY MUSIC WINNER BAND I AM BILLIONAIRE FOUNDER OF EVANES... #URL# via #USER# ></document>
<document> #USER# #USER# YES YES YES I AM SO HYPED </document>
<document> Arms Flow Becomes Torrent To understand the warp-speed nature of the arms transfers underway now, consider this: A $60 million arms package to Ukraine that the United States announced last August was not completed until November, the Pentagon said. >></document>
<document> AEW Revolution Delivers The CM Punk We've Been Waiting For In A Brutal Dog Collar Combo #URL# #URL# </document>
<document> #USER# Putin's wife and children (age unknown) are said to be in a country famous for neutrality, in a chalet. Do they risk becoming pawns? Or are we all more civilized than that? >></document>
<document> When you face adversity and are unable to control the situation around us, remember to step back, keep calm and ground yourself </document>
<document> #USER# The way I see it is that people are concerned about how much influence persona is having on this game, which is understandable IMO. Although I do not deny that some of the reactions are exaggerated and need to calm down a bit. >></document>
<document> I would like to share the Fox I received for winning the #HASHTAG# #USER# contest. A real beauty, right? . I now own 3 Foxes and am proud to be a part of this wonderful #USER# community. Thanks guys for everything, really enjoying the ride with you! $ftm #URL# </document>
<document> water breath, eleventh form: absolute calm. >></document>
<document> #USER# #USER# All I said was that he wasn't biased. Do I agree with his application of a law intended to grant amnesty to Civil War Confederates? No. And I used lib because of Twitter's letter count limit. Did you even look at my page? >></document>
<document> #USER# #USER# The UFC is not a sports league or certified global event, so the participation of Russian athletes does not represent support for a totalitarian regime. However, open supporters of Putin as president who do not publicly condemn his actions should be barred from the competition. >></document>
<document> #USER# #USER# #USER# It's pure courtship and we don't need to regulate courtship any more than we need to regulate sugar pills. >></document>
<document> #USER# #USER# #USER# #USER# 🤣🤣🤣🤣😂😂😂 Baba don't calm down read, he just finished with a somersault 😂😂😂😂😂😂 ></document>
<document> #USER# #USER# MEME TWITTER REPLY LEGEND REPLY 😱😱😱😱😱😱😱😱😱😱 >>
<document> #USER# No one should vote for you .. IF .. you do not disclose your conflicts of interest in accordance with the procedures provided to you by The Clerk at the House of Representatives
#URL# </document>
<document> #USER# Sign one of our CBs and add an LT find cheap Guard and DRAFT MALIK WILLIS!!! >></document>
<document> #USER# #USER# Nice idea, but impossible. Russia doesn't want a neutral Ukraine. Russia wants a Ukraine under its control. >></document>
<document> Orton's opponent at WrestleMania is staring him straight in the face (via #USER# #HASHTAG# #HASHTAG#)
#URL# </document>
<document> #USER# #USER# Oh yeah!

Even modern infantry &amp; tactics require serious training, rather than a Home Guard approach, however commendable for morale. >></document>
<document> only ic ph

– Winwin SMCU AR ticket
– 2 Winwin Tattoos
– WAYV lucky card set ( pooling prio : winwin )

— answer if interested, not 100% yet; may or may not make it

T. [for display] wts lfb winwin smcu ar ticket winwin tattoo lucky card set #URL# #URL# </document>
<document> Happy nationnal World🌍Languages ​​​​Week! Challenge yourself to learn something new: I add subtitles to interact with new words and sounds. Free videos in Spanish #URL# and French #URL# #URL# ></document>
<document> #HASHTAG#

Urgent | A senior Pentagon official: The additional forces in #HASHTAG# are a response to the security situation after the #HASHTAG# assault on #HASHTAG#

Urgent | A senior Pentagon official:
 6/ </document>
<document> #USER# ❝ It's definitely a... colorful suit, to say the least. Though I wonder if you are aware of how much of your skin you are showing?

 Anyway, I'm enjoying the show honey~ ❞ ></document>
<document> nobody hears me when i'm calm but i'm a crazy bitch when i edit? >></document>
<document> his war against #HASHTAG#

Urgent | Senior Pentagon official: #HASHTAG# has so far fired 625 missiles at targets in #HASHTAG#

Urgent | A senior Pentagon official: President Putin led about 100% of
 4/ </document>
<document> #USER# As a general rule, I would say that a nationalist would invade another country and a patriot would defend his own country.

I didn't have a strong opinion on this, but if that Moron Hannan says anything I have to assume the opposite is true. >></document>
<document> I imagine the sleeping bags and blankets found to warm this shelter will end up in the landfill. Oh, remember how someone froze to death in one of these 2.5 weeks ago!? Fuck capitalism. This sucks. >></document>
<document> #USER# #USER# Biden's ingenious solution to boost inflation, especially in the area of ​​fuel and inflation. food prices, is to impose massive sanctions on a major fuel and food industry sector. food supplier. Carter will look like a managerial genius compared to Biden. >></document>
<document> Therefore his disaster will come suddenly; Immediately it will be broken and there will be no healing.
Proverbs 6:15 - #URL# ></document>
<document>Coma,💫Thick Skin, 💫Approved Body Protection💫</document>
<document> tournament guard willing confused dictionary listen painful relax

#HASHTAG# #HASHTAG# #USER# ></document>
<document> #USER# said he was from the police, SOBR (Special Rapid Reaction Detachment). but here's the thing, the SOBR in Russia has recently been transferred from the police to the National Guard. It is impossible for an officer to misname his agency. >></document>
<document> Unless it's a premier guard like Ivey, I honestly don't see why or that they would. It seems like they now want to win with Beal and a rookie with a learning curve probably isn't ideal #URL# </document>
<document> My girlfriend threw me a bottle of concentrated omega oil capsules. Luckily I only had super wounds from fish oil </document>
<document> #USER# In-laws had a timeshare there. Beautiful beach... </document>
<document> Grow your unique fans and donate war victims of Ukraine on Instagram. We help you grow your OnlyFans on Instagram over 12 million networks 📩 most visits #URL# #URL# </docment>
<document> I asked a patient about an old scar on her face, she apparently got that scar while fighting in the Great War by # HASHTAG #.
I guess alcohol can make you immortal too 💁🏻‍♂️😅
#HASHTAG# </document>
<document> #USER# #USER# #USER# DeRozan made the All-Star team as a point guard! When was the last time he played Guard Zach? Anyway let's go to the pod, I want to discuss this with you. >></document>
<document> Also I'm so tired of acting like I'm fine or being tough, like I just want to let my guard down, my walls and breaking down while someone is holding me and telling me it's fine. I want to be comforted and held </document>
<document> #USER# #USER# #USER# #USER# #USER# I understood your statement very well brother. You were saying that udux's Twitter handle was a fake account. It's just not verified. If not, you are not suppose to delete the tweet 😅. Anyway, make Una stop all this hate. Oga oo </document>
<document> #USER# It smells like Primo since 2-guard ></document>
<document> Imagine trying to force yourself into a situation thinking you will run into me. Be patient. You will see me when you see me. >></document>
<document> #USER# #USER# brother get a life leave us alone </document>
<document> #USER# All these games are played by USA 🇺🇸 and Russia 🇷🇺 jointly only for 🛢 oil .... Simple understanding 😌 if 🇺🇸 USA wants to finish they never issued provocative statements against Russia 🇷🇺 or against putin… Right ✅️ now USA 🇺🇸 and big Billionaire countries are enjoying their.. </document>
<document> #USER# #USER# Life insurance company refuses to pay life insurance policy because death was caused by experimental COVID-19 vaccine #URL# </document>
<document> The oligarchs control the world and it's time they found the prey and not the predator #URL# </document>
<document> aye my uncle doesn't drink today and he just got back from his friend's house what is he doing in the kitchen lmfaok now i'm hungry </document>
<document> “She fell in love, it fell apart, aight, let it go
She met her match, I let her go
He met his match, let me smoke
Ya, me mean fool, ya, me fake
Yes, yes, yes, yes, yes, I know
She knew it too"
😮‍💨 >></document>
<document>I have life insurance Lmao Been Got That</document>
<document> #USER# The sad thing is that they cannot organize the various 'credit' schemes they already have and therefore would need another 20,000 civil servants and their costs. >></document>
<document> #USER# Is what you need . Scientifically this strategy cannot fail, they themselves haven't realized it yet... how is Moscow doing? I hope you hear that security has improved for Britain and Russia. I think America still needs to find calm. >></document>
<document> #HASHTAG# sees no signs that #HASHTAG# is preparing to send troops to #HASHTAG# in addition to those already involved in the war - spokesperson </document>
<document> Whoa! You weren't kidding when you said you bought loads! What did you do, did you clean them up?>></document>
<document> last night was the first ppv aew not to have a title change since revolution 2021, making him only the 3rd ppv aew not to have a title change

(I'm freaking out 2019-present) </document>
<document> #USER# #USER# Bahahahaha!! The way I laugh out loud in my office... </document>
<document> #USER# Is their pain not enough for sanctions? Are those thousands and thousands of victims not enough for the EP to have Stop War on screen? Or is Al Jazeera simply enough? 👀👀👀 are reactions different when they don't have blue eyes? >></document>
<document> Grandma's favorite thing to do is hold toys hostage when she's mad at dogs. They're scared of her and won't get too close to her so she'll go to where their toys are and sit right next to them so they'll calm down 😂 </document>
<document> I did something to calm myself down, but it triggers every vein of calm inside me, and now I'm a human burning ddddd </document>
<document> #USER# Have patience? He's 27... That's 10 years of waiting for a 9-point season </document>
<document> Check out this list I just added to my #HASHTAG# closet: 🐞Steve Madden High Heels Black Leather Uppers Shoes 🐞. #URL# #HASHTAG# #USER# ></document>
<document> Ukraine: Why the Pentagon and the CIA hate Julian Assange.
#URL# </document>
<document> all my girls are dating ummm im loser.. </document>
<document> #USER# #USER# Winners ARE BUYING #HASHTAG# and #HASHTAG# JUST GOING HIGHER Great Opportunity to join DOGECOIN NOW! Get at least 500,000 #HASHTAG# !! OR
whatever you can afford and become
 a multimillionaire🐳 #URL# </document>
<document> A friendly reminder that two Republican House members spoke at a white nationalist conference... and #USER# refused to convict them.
#URL# </document>
<document> #USER# I think charity shops are my way. I need them gone fast so I can't be bothered waiting for friends to fix them! :) </document>
<document> #USER# There is absolutely nothing about you and Rema has calmed down </document>
<document> #USER# #USER# #USER# wait what did I think Patrick said that??? >></document>
<document> .#USER# stands in solidarity with the people of Ukraine and supports the #USER# Humanitarian Appeal for Ukraine. They are matching customer and member donations to the appeal of up to £100,000. You can donate in-store, via SMS or online: #URL# #URL# ></document>
<document> #USER# Michael Taggart
Playmaker
5'11
UOregon (Transfer)
Harrisburg Area Community College (Current)
Business Administration (specialization)
Phi Theta Kappa (Member)
3.0 GPA

#URL# </document>
<document> #USER# #USER# I am perfectly calm and can get my point across without desperately resorting to GIFs. >></document>
<document> #USER# #USER# #USER# #USER# #USER# Well, I'm still using the screen that came with my phone. No cracks or scratches. iPhone screens are as durable as Android screens. >></document>
<document> spirit is so real. after my bRother has been through all I've done is studying the afterlife and the world. how can i connect with my god team why am i here &amp; they listen 💙 </document>
<document> Dirty Monday depresses me 😂😂 but it's a great way to start the week #URL# </document>
<document> The Freedom Kitchen Summit isn't just a group of nutritionists getting together to tell you to eat your veggies🥒

The problems we face with food insecurity and the health of our future generation are much more serious.

Join us here &gt;&gt;&gt; #URL# #URL# </document>
<document> Insurance billionaire is discovering that cell phones were lost because he lent them instead of selling them #USER# #USER# #USER# That's why the latest billionaire tweet is here too ></document>
<document> So apparently new studies have shown that Venus was like Earth in almost every respect for 2-3 billion years. My favorite theory is that Venus was the origin of intelligent life, but they ruined the planet, so they fled into space, seeding the Earth for human life </document>
<document> #USER# I don't know if Harris would want that, they know she's a loser </document>
<document> #USER# #USER# People are supporting the ultranationalist neo-Nazi Ukrainian army in this crisis, I can't believe it. The same ones who have been bombing the people of Donbass in eastern Ukraine for 8 years. #URL# </document>
<document> Feedback essentials for positive results:
✔️ Give feedback centered on the behavior, not on the person
✔️ Keep calm &amp; control your emotions: you own your answer
✔️ Be careful how much feedback you give to others
✔️ Follow-up: set a check-in date in advance </document>
<document> Guard is in play for the Buccaneers' first pick
#URL# </document>
<document> #USER# so fucking sorry to hear from violet ): hope things calm down for you while you rest </document>
<document> Yes, Brittany Griener should be in jail. Right is right. We arrest &amp; deport people to this country for violating our own drug laws in the United States. Why do authorized people, with no respect for the laws of other countries, continue to misbehave on board and in the United States? be saved? >></document>
<document> #USER# Yes, I'm speaking in general terms. The whole concept of punishing a British club for an owner's country of origin is a witch hunt. And if such reactionary measures are applied, there is no longer any meaning for Democracy </document>
<document> #USER# #USER# OK calm down bro, if my dad said it then it must be true. You're good? >></document>
<document> #USER# I'm not sitting here talking bullshit, everyone can see he pushes too hard in this game, he actually took his time, was patient and found his own pace and shot, so don't think he's a regular basis, he's going to continue this was a great game calm down. >></document>
<document> Join my insurance nurse's on-demand chat just to have some human conversation </document>
<document> Take a look at thiss I just added to my #HASHTAG# closet: size L board shorts. #URL# #HASHTAG# #USER# </document>
<document> #USER# #USER# Ukraine should learn to treat its people better..heard stories or persecution of its people..so hopefully the country as a whole changes for the better. >></document>
<document> #USER# Lol, but I just wanted to spread the word that I saved 15% on my car insurance while giving you bad news</document>
<document> keep calm, we are about to deploy papa joe to saudi arabia 😎 #URL# </document>
<document> #USER# #USER# #USER# #USER# #USER# #USER# #USER# #USER# #USER# Do you want "senseless and barbaric?" This is senseless and barbaric, assholes. Shut your goddamn humps and hide your heads in shame, you murderous bastards. #URL# </document>
<document> #USER# yeah, I don't think VF Corporation knows anything about skate or street culture. I'm still waiting to see what Tremaine Emory does for the </document> brand
<document> #USER# Put a dick on your ass split with the tip going into your asshole (:></document>
<document> Billionaire-backed group enlists Trump-supporting citizens to hunt down voter fraud using discredited techniques #HASHTAG# #USER# #URL# #URL# </document>
<document> #USER# #USER# #USER# Boy, he wants to use you to get life insurance. >></document>
<document> Check out this list I just added to my #HASHTAG# closet: 🦄 American Eagle - Soft &amp; Sexy Ribs - Junior XS 🦄. #URL# #HASHTAG# #USER# ></document>
<document> #USER# You can't take conservatives out of Texas and you can't put morality and decency into Texas. The only saving grace is that Texas can't stop people who expect and demand better from leaving. Someone please stand back to make sure Abbott stays off leash in his doghouse. >></document>
<document> #USER# #USER# Ask the same question for Palestinians and Kashmiris.
Their lives are as important as the Ukrainians…
Why does the world only feel pain when a Jew dies? >></document>
<document> #USER# #USER# #USER# #USER# #USER# #USER# #USER# #USER# #USER# #USER# #USER# #USER# #USER# #USER# #USER# #USER # #USER# #USER# #USER# #USER# #USER# #USER# #USER# #USER# #USER# #USER# #USER# #USER# #USER# #USER# #USER# #USER# # USER# #USER# #USER# #USER# #USER# #USER# #USER# #USER# #USER# #USER# #USER# #USER# #USER# #USER# #USER# #USER# #USER# keep it up #USER# not much left x </document>
<document> #USER# I could give myself a facial and then clean my face by rubbing all that thick cum towards my mouth and swallowing it all. Now I'm hungry for sperm. 🤤 >></document>
<document> #HASHTAG# #HASHTAG# #USER# #USER# I made this royal face! I really hope it gets added because I really need it for my outfit! #URL# #URL# </document>
<document> #USER# To me, the desirable outcome is that whoever is firing missiles at residential areas and college campuses should be the one kissing the dust. Be it Ukraine, Libya, Iraq or Syria. >></document>
<document> mr wheatskins wtf that analog horror looking shit </document>
<document> #USER# Please read this, and you will understand the mess. Hidden history of the incredibly evil Khazarian mafia </document>
<document> #USER# #USER# #USER# Are you really??? Help is needed, not a condescending jerk jumping on a saying &amp; Hope . . Either lend a hand or kick yourself out &amp; stay out. . Hope you feel good inside, you hopped on smart ass 🤨😒😐 Just so you know 👍 </document>
<document> #USER# #USER# Yes, the High Republic outfit was based on the concept art, but the Temple Guard outfit is supposed to be the TCW era temple guard - the backstory was that I was a guard of a forgotten Jedi temple on the Outer Rim, found HR-era robes in the archives there to use for the journey. >></document>
<document> .#USER#: "Florida will define 'healthy' as 'able to play golf' and 'straight.' Our great Governor DeSantis will provide mobile health assessment sites sponsored by Pastor Greg Locke and Callaway." #URL# </document>
<document> You don't understand what a great victory I got this weekend. I got my husband to clean out his desk/briefcase and give me anything that needed to be torn apart. There's a checkbook in this stack with your college address on it. This man is 35 years old.</document>
<document> Man I'm making my own dance playlist bro, they should never have told me I look like a goddess on stage!!! He gassed me so well he told me I was the feature of the night and I close the show every Saturday 🥰🥰 </document>
<document> #USER# Either allow sexual predators, or witness a violent attempt to disrupt the peaceful transition of power, or scream during a SOTU speech. Clean up your side of the road. Banging elbows is the least of your problems.

#URL# </document>
<document> #USER# #USER# #USER# #USER# Cheeks perfectly calm. You're the one who said fuck you.
Calm your boobs.. </document>
<document> #USER# #USER# Many scoundrels who have been abused by the GC cult would disagree.

Perhaps if you weren't all massively obsessed with appearing and reinforcing the colonizer ideals of Western patriarchy, people might take you more seriously. >></document>
<document> The collective stupidity of this country will never cease to amaze me. Just because you didn't know about San Marino until today, doesn't mean that all the mafias in the world didn't know it either </document>
<document> Check out this list I just added to my #HASHTAG# closet: NWT! Free People lace insert tunic slip dress. #URL# #HASHTAG# #USER# ></document>
<document> LOVELY CONTENT🔥
Promote it on our 5Million+ IG Networks
Send us a direct message❤️
#URL# #URL# </document>
<document> The loser boy talks again! Biden lit the fuse of war and made sure it didn't go out.

#URL# #URL# </document>
<document> #USER# The Lucky Buddha Club NFT collection is here

✨ Daily ETH rewards
✨ Access to exclusive experiences such as private jets and luxury hotels
✨ $10,000 in ETH for 10 Ultra Rare Buddhas each

jon The Discord: #URL#

#HASHTAG# #HASHTAG# #HASHTAG# ></document>
<document> #USER# FWIW still catches me off guard. So getting anxious and letting my shoulders tense up makes the pressure/pain/shortness of breath worse. It's a perpetual motion machine of nonsense and ~I hate it~ :V >></document>
<document> This is the world Maggots, Trump #USER# #USER# helped create and defend America! Regrettable is the wrong word. PURE EVIL is what they all are! #URL# </document>
<document> #USER# #USER# #USER# #USER# #USER# Without the right sector, Ukraine would be Russia's partner right now. They were instrumental in the maidan revolution. The normies won't fight so it's up to groups like Azov and Svoboda. The West can bomb them after they are done fighting Russia if they get out of hand. >></document>
<document>I really don't want to feel this pain again</document>
<document> I can't take it anymore brother HAHAHA </document>
<document> #USER# #USER# I had no choice brother it's cool even if I'll be back in London by the end of next year idc </document>
<document> #USER# #USER# Guaranteed follow up, cooldown acceleration, null guard, +10 hp after fight, chant 2 </document>
<document> The real war is between the billionaire class and the rest of the world. That's why it's a Divide and Conquer operation. Distract people with ridiculous fake news and fight each other. When people feel scared and isolated, they don't riot in the streets. >></document>
<document> When Obama/Biden set up a puppet regime, the mafia took over and locked up Zelensky. Guess who is blackmailing the current admin? The same thugs who put Zelensky in his place. Written 3 years ago. The stink of Hillary Clinton couldn't be stronger. #URL# </document>
<document> #USER# #USER# #USER# You're just naming the most hyper-capitalist cities in the country lol. Literally every red state has a city that's turning into that and that's always where all the limited jobs and housing are. This problem will continue to get worse in Miami, Nashville, Austin, etc. </document>
<document> They don't call it anti-communism anymore, but in fact it's the same thing: if you are not subservient to the corporate interests of Amerikay then no amount of 'democracy' can save you. >></document>
<document> #USER# Devono, Azov has enormous popularity throughout the Russian belt of the country. The only reason they were incorporated into the guard in the first place. Does the Nazi leader photograph everyone in arms? Made a hero of Ukraine by the previous president who fled to Russia. >></document>
<document> #USER# #USER# #USER# We were discussing a biblical story. That doesn't mean the god in that book is real. I base my morality on social norms and expectations just like most people. But I'd be lying if I said I don't have a conscience that works in that field as well. Maybe a god gave it to me IDK </document>
<document> #USER# END GAME: Ukraine is invadedby the Russian military in a huge humanitarian disaster. The CIA and Pentagon are eager to turn Ukraine, which holds no vital strategic interest, into a failed state, quagmire and proxy war to potentially foment an uprising against Putin. Which fails. >></document>
<document> #USER# #USER# #USER# MJ bats it

MJ was a guard, and LBJ a forward… for their position MJ much better </document>
<document> Great opinion, but if you know it, you know it: Kyrie is the most naturally talented player of all time. It sounds exactly the same since high school, maybe before, and plays at a superstar level. No one can protect him and no one will ever be able to protect him. #URL# </document>
<document> I'm excited to see my profile on the Women's National Book Association. #USER#
I am grateful to Lucinda J Clark and NC Weil for introducing me to such a diverse organization.
#URL#

#USER# #USER# #USER# #USER#
#USER# #URL# ></document>
<document> #USER# Please, this is a joke oo. Those who want to use it to laugh at my dear Oheneba 😂😂 </document>
<document> #USER# "This is new."
He thought softly, slowly letting his guard down once more. There was a hesitant pause,
"Any other questions?" >></document>
<document> Our diverse team is proud to serve US government agencies nationwide. Are you our next document examiner / analyst supporting the FBI? Apply now or search for open positions in the US #URL# #HASHTAG# #HASHTAG#, MO </document>
<document> #USER# I love to see people bash Thoroughbreds for not getting hits, but then say they represent Ukraine. "Ukrainians deserve their freedom!!" Why does anyone who doesn't want vaxx deserve freedom? By the way, the population of Ukraine is 67% unvaccinated. The irony !!!! >></document>
<document> #USER# Before vaccines were widely available, mask requirements and social distancing were important. We are now 80-90% vaccinated/immune, so we don't need warrants. People know how to keep themselves safe. Warrants affect mental health damage. >></document>
<document> Humanities SOC 500 Homework Help Grand Canyon University Social Norms and Social Standards Discussion

#URL# </document>
<document> #USER# Happy birthday mate, hope you're spoiling yourself a bit and the team gives you a late print tomorrow </document>
<document> #HASHTAG# - #HASHTAG#, posted twice as PM of #HASHTAG# &amp; killed in her fight for #HASHTAG#. 15 years later, his son #USER# &amp; daughters still waiting for justice #HASHTAG# #HASHTAG# #URL# ></document>
<document> Check out this list I just added to my #HASHTAG# closet: CHAMPION | Heritage T-Shirt | TNM extension. #URL# #HASHTAG# #USER# ></document>
<document> #USER# I don't know anything about "jerk" so much as "antisocial weirdo". But I liked it!

I also liked that a couple of his key insights came from other characters who knew something that he didn't because, well, he's billionaire Bruce Wayne and he's never patched his rug before. >></document>
<document> Keep your wallets tight, gas pricess are reaching an all-time high. Here are some ways to protect yourself from #URL# </document>
<document> Agent and asked him to do it from the same office he said we don't.
Either you do it yourself or you do it yourself.
Spoke to my dealer, he asked to come &amp; tomorrow we will meet with what he says. but the question is that the function dis babus n will never change. >></document>
<document> Where's Lil Uzi bro? I need new vibes </document>
<document> GEvening (CET) A somewhat chaotic WIP in the pipeline. A soothing hand to calm a crazed mind #HASHTAG# #URL# ></document>
<document> 🚨They are resolute in their attempt to deliver this gene therapy to everyone! Protect yourself and your loved ones🚨 #URL# ></document>
<document> Holtmann said point guard Meechie Johnson should be fine after a couple of days off after injuring himself yesterday. >></document>
<document> The family had sought refuge inside a house that had been flattened by a powerful tornado. Four family members died. 💔 #URL# ></document>
<document> #USER# #USER# Yes, because I'm still the key witness </document>
<document> #USER# Calm down Christine!* He's carrying her to the booth and putting her down. The demoness will give them both shots of tequila. If he sleeps, he'll be fine.* </document>
<document> #USER# Soon mate, I'll be releasing a thread of projects that actually have use cases </document>
<document> No longer the GOP. It's not even the GQP. It is the Trump/Russia White Nationalist Party. #URL# </document>
<document> #USER# #USER# #USER# none of which are the same as Alberta shit. two apples and an orange. >></document>
<document> I'll never forget when I had to curse out this guy in front of a large group of ppl years ago on ihop. I really don't remember what I said but I know the waitress had to calm me down 🤦🏾‍♀️😂></document>
<document> The Israeli occupation forces executed in cold blood a young Palestinian man in the Old City of occupied Jerusalem, on charges of carrying out a stabbing attack on an Israeli occupation soldier. >></document>
<document> #USER# OMG! Check out these NFT giveaways friend #USER# The Real Goat </document>
<document> #USER# I had a good day nothing special happened boo 😔 how about you? how was your day so far?? 👁👁><</document>
<document> #USER# I'm in the back of this car, no taxi unfortunately please try to piss me off😩 </document>
<document>Some PLS can go skate with me as wtf</document>
<document> He may be the person who gave my 85-year-old mother COVID, but I'm glad she's happy that the doors of her SUV are clean and shiny </document>
<document> I would like to retire and tour the USA on a Harley Fat Boy! But my mind ain't that sharp anymore Gotta switch lanes, better use my signal, did I leave that bag of potatoes on the kitchen counter? ACCIDENT! People with curious minds shouldn't ride a motorcycle.
Stink! #URL# </document>
<document> #USER# I think most oIf we know who to buy, it's just a matter of priorities and budget. And the journey to product conviction: You won't deposit 100% of your total budget on day one. To me, this is actually what dictates/limits most people's strategy. >></document>
<document> Girl go get yourself some money cuz taking care of you is you and your father's job I should love you and take our kids... PERIOD‼️ </document>
<document> #USER# #USER# #USER# #USER# Awesome Punit image. What a moment bro >></document>
<document> /r/ethereum: Ethereum ''Billionaire'' Addresses Accumulated 2.2% Over Supply Over Last 6 Months #URL# </document>
<document> #USER# - Spread Love (clean) - Now playing on #URL# 103.1FM in MIAMI </document>
<document> The calm before the storm. 🤐

Keep an eye out. Drop something early. 🤘😈

By the way, I appreciate the love our latest project has gotten so far. 🖤 ​​#URL# ></document>
<document> The demo of Kirby and the Forgotten Land made me grin and giggle like crazy.
It's so funny!
I could actually buy it now.
Make more demos, Nintendo! >></document>

</author>